ISO-10303-21;
HEADER;
FILE_DESCRIPTION (( 'STEP AP214' ),
    '1' );
FILE_NAME ('ten6win_single_3d_drawing-repositioned.STEP',
    '2025-03-21T13:38:59',
    ( '' ),
    ( '' ),
    'SwSTEP 2.0',
    'SolidWorks 2021',
    '' );
FILE_SCHEMA (( 'AUTOMOTIVE_DESIGN' ));
ENDSEC;

DATA;
#1 = CARTESIAN_POINT ( 'NONE',  ( 14.14227679647702907, 0.000000000000000000, 5.912186538095762778 ) ) ;
#2 = ORIENTED_EDGE ( 'NONE', *, *, #3757, .F. ) ;
#3 = FACE_OUTER_BOUND ( 'NONE', #4405, .T. ) ;
#4 =( BOUNDED_CURVE ( )  B_SPLINE_CURVE ( 3, ( #1388, #4277, #6588, #3720 ),
 .UNSPECIFIED., .F., .T. ) 
 B_SPLINE_CURVE_WITH_KNOTS ( ( 4, 4 ),
 ( 5.890549311388480369, 6.675821302970690319 ),
 .UNSPECIFIED. ) 
 CURVE ( )  GEOMETRIC_REPRESENTATION_ITEM ( )  RATIONAL_B_SPLINE_CURVE ( ( 1.000000000000000000, 0.9492691150696610514, 0.9492691150696610514, 1.000000000000000000 ) ) 
 REPRESENTATION_ITEM ( '' )  );
#5 = EDGE_CURVE ( 'NONE', #6605, #5732, #4939, .T. ) ;
#6 = CARTESIAN_POINT ( 'NONE',  ( 14.70473373134464801, 0.02000000000000000042, -6.258836804440402801 ) ) ;
#7 = DIRECTION ( 'NONE',  ( 0.000000000000000000, -1.000000000000000000, -0.000000000000000000 ) ) ;
#8 = ORIENTED_EDGE ( 'NONE', *, *, #3563, .F. ) ;
#9 = CARTESIAN_POINT ( 'NONE',  ( 14.70503731651937329, 0.02000000000000000042, -6.241409062433993071 ) ) ;
#10 = ORIENTED_EDGE ( 'NONE', *, *, #7363, .T. ) ;
#11 = VERTEX_POINT ( 'NONE', #6671 ) ;
#12 = CIRCLE ( 'NONE', #3169, 0.2499999999999993616 ) ;
#13 = CARTESIAN_POINT ( 'NONE',  ( 13.30188436979905120, 1.355252715606880080E-17, -5.238209884575102393 ) ) ;
#14 = CARTESIAN_POINT ( 'NONE',  ( -13.93244449121065642, 2.032879073410320197E-17, -6.294942356579828591 ) ) ;
#15 = CARTESIAN_POINT ( 'NONE',  ( 14.70450687090339237, 0.000000000000000000, -6.206026499817313358 ) ) ;
#16 = CARTESIAN_POINT ( 'NONE',  ( 14.47548180060279677, 0.000000000000000000, 5.911689605240808554 ) ) ;
#17 = ORIENTED_EDGE ( 'NONE', *, *, #6630, .F. ) ;
#18 = CARTESIAN_POINT ( 'NONE',  ( 14.21096951755808213, 0.000000000000000000, -5.753282585105782942 ) ) ;
#19 = EDGE_CURVE ( 'NONE', #1938, #4822, #6634, .T. ) ;
#20 = CARTESIAN_POINT ( 'NONE',  ( 14.65574400173664138, 0.02000000000000000042, 6.393604059221968505 ) ) ;
#21 = ADVANCED_FACE ( 'NONE', ( #3273 ), #4975, .T. ) ;
#22 = CARTESIAN_POINT ( 'NONE',  ( -14.19670259411360291, 6.776263578034400401E-18, -6.607281828116928324 ) ) ;
#23 = SURFACE_SIDE_STYLE ('',( #7388 ) ) ;
#24 = CARTESIAN_POINT ( 'NONE',  ( 14.50889433844907828, 0.02000000000000000042, -5.878755026029711672 ) ) ;
#25 = CARTESIAN_POINT ( 'NONE',  ( 14.15880809672986906, 0.000000000000000000, 5.930685174950558469 ) ) ;
#26 = EDGE_CURVE ( 'NONE', #1341, #2556, #4689, .T. ) ;
#27 = EDGE_LOOP ( 'NONE', ( #1515, #6047, #7073, #3353 ) ) ;
#28 = CARTESIAN_POINT ( 'NONE',  ( 13.93580627236038616, 0.02000000000000000042, -5.392296513787680823 ) ) ;
#29 = AXIS2_PLACEMENT_3D ( 'NONE', #2462, #3682, #2961 ) ;
#30 = CARTESIAN_POINT ( 'NONE',  ( -13.83068507748875220, 0.02000000000000000042, -6.154851603172788010 ) ) ;
#31 = CIRCLE ( 'NONE', #637, 0.2499999999999993616 ) ;
#32 = VECTOR ( 'NONE', #3419, 1000.000000000000000 ) ;
#33 = CARTESIAN_POINT ( 'NONE',  ( 3.779999999999946514, 0.02000000000000000042, 7.359999999999923936 ) ) ;
#34 = CARTESIAN_POINT ( 'NONE',  ( 14.18470262191710241, 0.02000000000000000042, -6.015638840377001806 ) ) ;
#35 = SURFACE_SIDE_STYLE ('',( #603 ) ) ;
#36 = CARTESIAN_POINT ( 'NONE',  ( 14.61622632465297222, 0.000000000000000000, 6.575513996429742214 ) ) ;
#37 = EDGE_CURVE ( 'NONE', #5957, #4443, #4547, .T. ) ;
#38 = LINE ( 'NONE', #7082, #76 ) ;
#39 =( GEOMETRIC_REPRESENTATION_CONTEXT ( 3 ) GLOBAL_UNCERTAINTY_ASSIGNED_CONTEXT ( ( #5148 ) ) GLOBAL_UNIT_ASSIGNED_CONTEXT ( ( #6242, #5671, #4612 ) ) REPRESENTATION_CONTEXT ( 'NONE', 'WORKASPACE' ) );
#40 = SURFACE_SIDE_STYLE ('',( #2265 ) ) ;
#41 = VERTEX_POINT ( 'NONE', #4063 ) ;
#42 = DIRECTION ( 'NONE',  ( 0.000000000000000000, 0.000000000000000000, -1.000000000000000000 ) ) ;
#43 = CARTESIAN_POINT ( 'NONE',  ( -14.05145483092755576, 1.355252715606880080E-17, -6.041524358320597088 ) ) ;
#44 = B_SPLINE_SURFACE_WITH_KNOTS ( 'NONE', 3, 1, ( 
 ( #5025, #5552 ),
 ( #7336, #6577 ),
 ( #4914, #1374 ),
 ( #4300, #6045 ),
 ( #5479, #6648 ),
 ( #7382, #5132 ),
 ( #5623, #6234 ),
 ( #2241, #7488 ),
 ( #2866, #6275 ),
 ( #2172, #4449 ),
 ( #3364, #5778 ) ),
 .UNSPECIFIED., .F., .F., .F.,
 ( 4, 1, 1, 1, 1, 1, 1, 1, 4 ),
 ( 2, 2 ),
 ( 0.000000000000000000, 0.09669301318225040354, 0.1929420357854829959, 0.2949267169060294513, 0.4099877910103180145, 0.5377559460081979825, 0.6757195198396210856, 0.8295651592730750590, 1.000000000000000000 ),
 ( 0.000000000000000000, 1.000000000000000000 ),
 .UNSPECIFIED. ) ;
#45 = EDGE_CURVE ( 'NONE', #806, #3788, #2378, .T. ) ;
#46 =( NAMED_UNIT ( * ) PLANE_ANGLE_UNIT ( ) SI_UNIT ( $, .RADIAN. ) );
#47 = EDGE_CURVE ( 'NONE', #5245, #673, #570, .T. ) ;
#48 = CARTESIAN_POINT ( 'NONE',  ( 14.04890014275442134, 0.02000000000000000042, -5.245493293220371278 ) ) ;
#49 = ORIENTED_EDGE ( 'NONE', *, *, #6438, .F. ) ;
#50 = CARTESIAN_POINT ( 'NONE',  ( 12.96811003370314985, 1.355252715606880080E-17, 6.451536456724448421 ) ) ;
#51 = ORIENTED_EDGE ( 'NONE', *, *, #4681, .F. ) ;
#52 = VERTEX_POINT ( 'NONE', #7477 ) ;
#53 = DIRECTION ( 'NONE',  ( -1.000000000000000000, 0.000000000000000000, 1.174997428309413820E-16 ) ) ;
#54 = ADVANCED_FACE ( 'NONE', ( #2345 ), #5200, .T. ) ;
#55 = CARTESIAN_POINT ( 'NONE',  ( 14.65864283645421295, 0.000000000000000000, -6.022549802279941744 ) ) ;
#56 = CARTESIAN_POINT ( 'NONE',  ( 11.40000000000000391, 1.000000000000000000, -7.610000000000022524 ) ) ;
#57 = CARTESIAN_POINT ( 'NONE',  ( -14.21328364004435585, 0.000000000000000000, 6.456860635724976483 ) ) ;
#58 = VERTEX_POINT ( 'NONE', #1728 ) ;
#59 = ADVANCED_FACE ( 'NONE', ( #5122 ), #4630, .T. ) ;
#60 = PRESENTATION_STYLE_ASSIGNMENT (( #1860 ) ) ;
#61 = CARTESIAN_POINT ( 'NONE',  ( 14.28539238854085802, 0.000000000000000000, -6.493758881270553118 ) ) ;
#62 = CARTESIAN_POINT ( 'NONE',  ( 14.11799391435234874, 1.355252715606880080E-17, 6.794354877316672869 ) ) ;
#63 = CARTESIAN_POINT ( 'NONE',  ( 14.27974159575182078, 0.02000000000000000042, -5.993647788383673181 ) ) ;
#64 = CARTESIAN_POINT ( 'NONE',  ( -14.07193448584535389, 1.355252715606880080E-17, -5.620565536754138058 ) ) ;
#65 = CARTESIAN_POINT ( 'NONE',  ( 14.33886233613724137, 0.000000000000000000, 5.753752179551862689 ) ) ;
#66 = ORIENTED_EDGE ( 'NONE', *, *, #270, .F. ) ;
#67 = CARTESIAN_POINT ( 'NONE',  ( 14.07708072524104992, 2.710505431213759852E-17, -5.225808491702651715 ) ) ;
#68 = EDGE_CURVE ( 'NONE', #993, #4234, #6931, .T. ) ;
#69 = UNCERTAINTY_MEASURE_WITH_UNIT (LENGTH_MEASURE( 1.000000000000000082E-05 ), #769, 'distance_accuracy_value', 'NONE');
#70 = CARTESIAN_POINT ( 'NONE',  ( 14.06493398524032656, 1.355252715606880080E-17, 5.823607728917568060 ) ) ;
#71 = EDGE_CURVE ( 'NONE', #6396, #7140, #6821, .T. ) ;
#72 =( NAMED_UNIT ( * ) PLANE_ANGLE_UNIT ( ) SI_UNIT ( $, .RADIAN. ) );
#73 = CARTESIAN_POINT ( 'NONE',  ( 14.10728746165082015, 0.02000000000000000042, 6.513098200657858605 ) ) ;
#74 = DIRECTION ( 'NONE',  ( 0.000000000000000000, 0.000000000000000000, -1.000000000000000000 ) ) ;
#75 = DIRECTION ( 'NONE',  ( 1.000000000000000000, 0.000000000000000000, -2.602246546525989853E-16 ) ) ;
#76 = VECTOR ( 'NONE', #75, 1000.000000000000000 ) ;
#77 = CARTESIAN_POINT ( 'NONE',  ( -8.920000000000005258, 1.000000000000000000, -7.360000000000159304 ) ) ;
#78 = VERTEX_POINT ( 'NONE', #3987 ) ;
#79 = DIRECTION ( 'NONE',  ( 0.000000000000000000, 0.000000000000000000, -1.000000000000000000 ) ) ;
#80 = CARTESIAN_POINT ( 'NONE',  ( -14.26501622306350470, 1.355252715606880080E-17, 6.694307957083776905 ) ) ;
#81 = VECTOR ( 'NONE', #858, 1000.000000000000000 ) ;
#82 = CARTESIAN_POINT ( 'NONE',  ( 15.60013702566405946, -0.01046825537320484126, 9.850137025664047030 ) ) ;
#83 = AXIS2_PLACEMENT_3D ( 'NONE', #6786, #4398, #5015 ) ;
#84 = ADVANCED_FACE ( 'NONE', ( #2928 ), #5764, .T. ) ;
#85 = DIRECTION ( 'NONE',  ( 0.000000000000000000, 0.000000000000000000, -1.000000000000000000 ) ) ;
#86 = CARTESIAN_POINT ( 'NONE',  ( -14.21176920900700757, 0.000000000000000000, -6.635958873280867643 ) ) ;
#87 = VERTEX_POINT ( 'NONE', #192 ) ;
#88 = COLOUR_RGB ( '',1.000000000000000000, 0.7725490196078431682, 0.000000000000000000 ) ;
#89 = CARTESIAN_POINT ( 'NONE',  ( 14.37650162566719736, 0.000000000000000000, -6.029577660570501152 ) ) ;
#90 = VERTEX_POINT ( 'NONE', #5875 ) ;
#91 = ORIENTED_EDGE ( 'NONE', *, *, #7375, .T. ) ;
#92 = LINE ( 'NONE', #6942, #2891 ) ;
#93 = CARTESIAN_POINT ( 'NONE',  ( -13.74182067338605506, 0.02000000000000000042, -5.936869812603148056 ) ) ;
#94 = AXIS2_PLACEMENT_3D ( 'NONE', #1708, #2246, #5294 ) ;
#95 = EDGE_CURVE ( 'NONE', #1927, #3668, #5915, .T. ) ;
#96 = EDGE_CURVE ( 'NONE', #1018, #993, #2503, .T. ) ;
#97 = EDGE_CURVE ( 'NONE', #4488, #1714, #3689, .T. ) ;
#98 = CARTESIAN_POINT ( 'NONE',  ( 14.28226537715502609, 0.02000000000000000042, -5.172909271895553829 ) ) ;
#99 = SURFACE_SIDE_STYLE ('',( #624 ) ) ;
#100 = LINE ( 'NONE', #4724, #3622 ) ;
#101 = CARTESIAN_POINT ( 'NONE',  ( -15.42714915879745341, 10.20000000000000107, 8.662039166448142424 ) ) ;
#102 = ORIENTED_EDGE ( 'NONE', *, *, #2413, .F. ) ;
#103 = ORIENTED_EDGE ( 'NONE', *, *, #5884, .F. ) ;
#104 = CARTESIAN_POINT ( 'NONE',  ( 14.29008290561960415, 0.02000000000000000042, -6.733913355702372705 ) ) ;
#105 = AXIS2_PLACEMENT_3D ( 'NONE', #5019, #5617, #7327 ) ;
#106 = VECTOR ( 'NONE', #4757, 1000.000000000000000 ) ;
#107 = CARTESIAN_POINT ( 'NONE',  ( -14.00000000000005507, 0.02000000000000000042, 7.609999999999802256 ) ) ;
#108 = SURFACE_STYLE_FILL_AREA ( #4123 ) ;
#109 = AXIS2_PLACEMENT_3D ( 'NONE', #6104, #4943, #1509 ) ;
#110 = CARTESIAN_POINT ( 'NONE',  ( 11.40000000000000391, 0.000000000000000000, -7.360000000000021636 ) ) ;
#111 = CARTESIAN_POINT ( 'NONE',  ( 14.29046970503539171, 0.000000000000000000, 5.698661616942497510 ) ) ;
#112 = VERTEX_POINT ( 'NONE', #2967 ) ;
#113 = CARTESIAN_POINT ( 'NONE',  ( 14.24431727681534632, 2.710505431213759852E-17, -5.173843182759430448 ) ) ;
#114 = CARTESIAN_POINT ( 'NONE',  ( 13.47524340778721985, 0.02000000000000000042, 6.808124569814728133 ) ) ;
#115 = CARTESIAN_POINT ( 'NONE',  ( 14.42325345679751614, 0.000000000000000000, -5.610676455717642064 ) ) ;
#116 = CIRCLE ( 'NONE', #2779, 0.2499999999999993616 ) ;
#117 = CARTESIAN_POINT ( 'NONE',  ( 14.42485709634891933, 0.02000000000000000042, -5.570039717896082543 ) ) ;
#118 = DIRECTION ( 'NONE',  ( 0.000000000000000000, -1.000000000000000000, -0.000000000000000000 ) ) ;
#119 = CARTESIAN_POINT ( 'NONE',  ( 14.41520415699427815, 0.02000000000000000042, 6.348600167547967743 ) ) ;
#120 = FILL_AREA_STYLE_COLOUR ( '', #4427 ) ;
#121 = CIRCLE ( 'NONE', #5906, 0.2499999999999993616 ) ;
#122 = CARTESIAN_POINT ( 'NONE',  ( 14.40059281002435299, 1.355252715606880080E-17, -6.058136302922202177 ) ) ;
#123 = ORIENTED_EDGE ( 'NONE', *, *, #2169, .T. ) ;
#124 = DIRECTION ( 'NONE',  ( 0.000000000000000000, -1.000000000000000000, -0.000000000000000000 ) ) ;
#125 = CARTESIAN_POINT ( 'NONE',  ( -11.46000000000005592, -4.100000000000000533, 7.609999999999820908 ) ) ;
#126 = CARTESIAN_POINT ( 'NONE',  ( 14.70413923532182032, 0.02000000000000000042, -6.292964700570403025 ) ) ;
#127 = CARTESIAN_POINT ( 'NONE',  ( -14.09329922471650498, 0.000000000000000000, -6.478397827339078319 ) ) ;
#128 = ORIENTED_EDGE ( 'NONE', *, *, #6540, .F. ) ;
#129 = CARTESIAN_POINT ( 'NONE',  ( 14.43472045104788748, 0.000000000000000000, -6.135584057066612473 ) ) ;
#130 = EDGE_LOOP ( 'NONE', ( #6071, #6205, #1899, #5091 ) ) ;
#131 = B_SPLINE_CURVE_WITH_KNOTS ( 'NONE', 3,
 ( #7423, #5633, #6322, #1117, #2218, #3372, #1712, #443, #2763, #6841, #5068, #4232, #1339, #1789, #4731, #4195, #2488, #5859, #3520 ),
 .UNSPECIFIED., .F., .F.,
 ( 4, 1, 1, 1, 1, 1, 1, 1, 1, 1, 1, 1, 1, 1, 1, 1, 4 ),
 ( 0.000000000000000000, 0.07100693462297520686, 0.1389634504224013800, 0.2040172446691760066, 0.2672358126575070103, 0.3297592516517954819, 0.3922333557121824854, 0.4551522122437309803, 0.5196097778754109608, 0.5840611037659669824, 0.6459596159144179728, 0.7064627874602600333, 0.7653467385920149635, 0.8238034009888789422, 0.8823311130496610533, 0.9409137721218200356, 1.000000000000000000 ),
 .UNSPECIFIED. ) ;
#132 = EDGE_LOOP ( 'NONE', ( #568, #3807, #1542, #5175 ) ) ;
#133 = CARTESIAN_POINT ( 'NONE',  ( 14.28226537715502609, 0.02000000000000000042, -5.172909271895553829 ) ) ;
#134 = LINE ( 'NONE', #2359, #463 ) ;
#135 = FACE_OUTER_BOUND ( 'NONE', #1223, .T. ) ;
#136 = CARTESIAN_POINT ( 'NONE',  ( 14.42506150193593584, 3.388131789017200124E-17, 5.850838708025182022 ) ) ;
#137 = CARTESIAN_POINT ( 'NONE',  ( -13.86361159322360592, 0.02000000000000000042, 6.978629557162696173 ) ) ;
#138 = AXIS2_PLACEMENT_3D ( 'NONE', #6749, #2743, #1471 ) ;
#139 = VERTEX_POINT ( 'NONE', #5991 ) ;
#140 = EDGE_LOOP ( 'NONE', ( #2718, #5247, #3972, #3914 ) ) ;
#141 = CARTESIAN_POINT ( 'NONE',  ( 14.35987492883880101, 0.02000000000000000042, 6.176468269876868256 ) ) ;
#142 = SURFACE_STYLE_USAGE ( .BOTH. , #5897 ) ;
#143 = LINE ( 'NONE', #6505, #6503 ) ;
#144 = CARTESIAN_POINT ( 'NONE',  ( 13.88450952887732903, 0.02000000000000000042, -6.313643025446691759 ) ) ;
#145 = CARTESIAN_POINT ( 'NONE',  ( 14.22596687055511566, 0.000000000000000000, 5.622752314492868386 ) ) ;
#146 = EDGE_CURVE ( 'NONE', #2726, #6697, #5501, .T. ) ;
#147 = EDGE_LOOP ( 'NONE', ( #2401, #6360 ) ) ;
#148 = CARTESIAN_POINT ( 'NONE',  ( 14.10731484358652565, 2.710505431213759852E-17, -5.209659932551181427 ) ) ;
#149 = UNCERTAINTY_MEASURE_WITH_UNIT (LENGTH_MEASURE( 1.000000000000000082E-05 ), #1411, 'distance_accuracy_value', 'NONE');
#150 = CARTESIAN_POINT ( 'NONE',  ( 13.88450952887732903, 0.02000000000000000042, -6.313643025446691759 ) ) ;
#151 = CARTESIAN_POINT ( 'NONE',  ( 14.15880809672986906, 0.02000000000000000042, 5.930685174950558469 ) ) ;
#152 = DIRECTION ( 'NONE',  ( -1.174997428309413820E-16, 0.000000000000000000, -1.000000000000000000 ) ) ;
#153 = DIRECTION ( 'NONE',  ( -1.174997428309413820E-16, 0.000000000000000000, -1.000000000000000000 ) ) ;
#154 = FILL_AREA_STYLE_COLOUR ( '', #4694 ) ;
#155 = EDGE_CURVE ( 'NONE', #5526, #3837, #684, .T. ) ;
#156 = CARTESIAN_POINT ( 'NONE',  ( 14.28726859537235683, 1.355252715606880080E-17, -5.993437059537591871 ) ) ;
#157 = ORIENTED_EDGE ( 'NONE', *, *, #6709, .F. ) ;
#158 = CARTESIAN_POINT ( 'NONE',  ( 14.29451960500849772, 1.355252715606880080E-17, 6.807344024360987511 ) ) ;
#159 = COLOUR_RGB ( '',0.2509803921568627416, 0.2509803921568627416, 0.2509803921568627416 ) ;
#160 = LINE ( 'NONE', #1806, #2672 ) ;
#161 = FILL_AREA_STYLE ('',( #4141 ) ) ;
#162 = VECTOR ( 'NONE', #2058, 1000.000000000000000 ) ;
#163 = CARTESIAN_POINT ( 'NONE',  ( 14.58273890673392259, 0.02000000000000000042, -6.594646945297191643 ) ) ;
#164 = ORIENTED_EDGE ( 'NONE', *, *, #1743, .T. ) ;
#165 = PLANE ( 'NONE',  #6682 ) ;
#166 = ORIENTED_EDGE ( 'NONE', *, *, #4073, .F. ) ;
#167 = ADVANCED_FACE ( 'NONE', ( #1391 ), #2540, .T. ) ;
#168 = VERTEX_POINT ( 'NONE', #6520 ) ;
#169 = FILL_AREA_STYLE ('',( #2652 ) ) ;
#170 = EDGE_CURVE ( 'NONE', #779, #3704, #2598, .T. ) ;
#171 = CARTESIAN_POINT ( 'NONE',  ( 14.57377322695514543, 0.000000000000000000, -5.916996375736200520 ) ) ;
#172 = CARTESIAN_POINT ( 'NONE',  ( 14.49694448426696702, 0.000000000000000000, 5.939908185044093791 ) ) ;
#173 = CARTESIAN_POINT ( 'NONE',  ( 14.49694448426696702, 0.02000000000000000042, 5.939908185044093791 ) ) ;
#174 = CARTESIAN_POINT ( 'NONE',  ( -14.51663634152754767, 0.000000000000000000, 10.11915009609935012 ) ) ;
#175 = ORIENTED_EDGE ( 'NONE', *, *, #321, .T. ) ;
#176 = ORIENTED_EDGE ( 'NONE', *, *, #4986, .F. ) ;
#177 = CARTESIAN_POINT ( 'NONE',  ( 14.10465113043982832, 0.000000000000000000, -5.613192475020550631 ) ) ;
#178 = SURFACE_STYLE_USAGE ( .BOTH. , #7144 ) ;
#179 = CARTESIAN_POINT ( 'NONE',  ( -13.99347545716965335, 0.02000000000000000042, -5.689311653898338150 ) ) ;
#180 = CARTESIAN_POINT ( 'NONE',  ( -13.99956835436645441, 0.02000000000000000042, -5.385917482223007369 ) ) ;
#181 = EDGE_CURVE ( 'NONE', #5404, #6901, #4662, .T. ) ;
#182 = EDGE_LOOP ( 'NONE', ( #5638, #984, #4517, #4798 ) ) ;
#183 = CYLINDRICAL_SURFACE ( 'NONE', #6839, 0.2500000000000002220 ) ;
#184 = CARTESIAN_POINT ( 'NONE',  ( -14.42397203356450319, 0.000000000000000000, 6.338217625344515938 ) ) ;
#185 = CARTESIAN_POINT ( 'NONE',  ( 14.28586104859958716, 1.355252715606880080E-17, -5.413487218564932313 ) ) ;
#186 = CARTESIAN_POINT ( 'NONE',  ( 14.17176971121236129, 0.02000000000000000042, 5.945141396910243792 ) ) ;
#187 = CARTESIAN_POINT ( 'NONE',  ( 14.35987492883880101, 0.02000000000000000042, 6.176468269876868256 ) ) ;
#188 = DIRECTION ( 'NONE',  ( 0.000000000000000000, -1.000000000000000000, -0.000000000000000000 ) ) ;
#189 = PLANE ( 'NONE',  #4266 ) ;
#190 = ORIENTED_EDGE ( 'NONE', *, *, #3347, .F. ) ;
#191 = AXIS2_PLACEMENT_3D ( 'NONE', #3709, #3175, #7298 ) ;
#192 = CARTESIAN_POINT ( 'NONE',  ( 3.780000000000003801, 0.000000000000000000, -7.360000000000079368 ) ) ;
#193 = CARTESIAN_POINT ( 'NONE',  ( -14.07194581090585395, 0.02000000000000000042, 6.945409281000851642 ) ) ;
#194 =( NAMED_UNIT ( * ) SI_UNIT ( $, .STERADIAN. ) SOLID_ANGLE_UNIT ( ) );
#195 = CIRCLE ( 'NONE', #1149, 0.2499999999999993616 ) ;
#196 = CARTESIAN_POINT ( 'NONE',  ( 14.61150846832511796, 1.355252715606880080E-17, -6.558998405341221805 ) ) ;
#197 = B_SPLINE_CURVE_WITH_KNOTS ( 'NONE', 3,
 ( #2637, #821, #3679, #7224, #3146, #2564, #1416, #3816, #1949, #7148, #4958 ),
 .UNSPECIFIED., .F., .F.,
 ( 4, 1, 1, 1, 1, 1, 1, 1, 4 ),
 ( 0.000000000000000000, 0.1694130195362760216, 0.3212542881746919821, 0.4568984035673729904, 0.5822213420228359304, 0.6966028020772530027, 0.8008034728957540427, 0.9002131751567279405, 1.000000000000000000 ),
 .UNSPECIFIED. ) ;
#198 = CARTESIAN_POINT ( 'NONE',  ( 14.29626214590372690, 0.000000000000000000, -6.492915423375080763 ) ) ;
#199 = ORIENTED_EDGE ( 'NONE', *, *, #97, .T. ) ;
#200 = CARTESIAN_POINT ( 'NONE',  ( 14.29791250031709815, 0.000000000000000000, -5.994217405668261556 ) ) ;
#201 = EDGE_LOOP ( 'NONE', ( #4599, #3950, #3170, #4442 ) ) ;
#202 = ORIENTED_EDGE ( 'NONE', *, *, #3722, .F. ) ;
#203 = VECTOR ( 'NONE', #6117, 1000.000000000000000 ) ;
#204 = FACE_OUTER_BOUND ( 'NONE', #1617, .T. ) ;
#205 = CARTESIAN_POINT ( 'NONE',  ( -14.07070983246310369, 6.776263578034400401E-18, -6.452039605160979185 ) ) ;
#206 = CARTESIAN_POINT ( 'NONE',  ( 14.27538595210620009, 0.02000000000000000042, -5.413063746327371639 ) ) ;
#207 = CARTESIAN_POINT ( 'NONE',  ( 12.91488296744631192, 0.02000000000000000042, 6.427879985297678012 ) ) ;
#208 = CARTESIAN_POINT ( 'NONE',  ( -14.33563360799105624, 0.000000000000000000, 6.377798384243321905 ) ) ;
#209 = ORIENTED_EDGE ( 'NONE', *, *, #4857, .T. ) ;
#210 = VERTEX_POINT ( 'NONE', #2432 ) ;
#211 = FACE_OUTER_BOUND ( 'NONE', #2373, .T. ) ;
#212 = COLOUR_RGB ( '',1.000000000000000000, 0.7725490196078431682, 0.000000000000000000 ) ;
#213 = B_SPLINE_CURVE_WITH_KNOTS ( 'NONE', 3,
 ( #5581, #282, #6039, #1368, #3703, #3168, #3808, #5473, #1512, #4947, #4404, #4868, #1977, #354, #5506, #391, #2553, #315, #5442 ),
 .UNSPECIFIED., .F., .F.,
 ( 4, 1, 1, 1, 1, 1, 1, 1, 1, 1, 1, 1, 1, 1, 1, 1, 4 ),
 ( 0.000000000000000000, 0.06151849915412029718, 0.1215987722068885973, 0.1798087130824874980, 0.2371923071147044870, 0.2949824495816659731, 0.3527381467175869645, 0.4118659044293799809, 0.4721445847257069728, 0.5334648702190160074, 0.5954005772925800022, 0.6578857308576989693, 0.7217293153825030672, 0.7874218303459800117, 0.8552810743914549541, 0.9258812380565799582, 1.000000000000000000 ),
 .UNSPECIFIED. ) ;
#214 = CARTESIAN_POINT ( 'NONE',  ( 14.41217959236008639, 0.02000000000000000042, -5.648182018268481208 ) ) ;
#215 = DIRECTION ( 'NONE',  ( -0.01745195043442239816, -0.9998215707699757981, 0.007228834559800950341 ) ) ;
#216 = PLANE ( 'NONE',  #4927 ) ;
#217 = CARTESIAN_POINT ( 'NONE',  ( 14.30619017925580394, 0.000000000000000000, -5.414309055619340505 ) ) ;
#218 = ORIENTED_EDGE ( 'NONE', *, *, #1703, .T. ) ;
#219 = CARTESIAN_POINT ( 'NONE',  ( 14.15658520145643706, 0.02000000000000000042, -6.405187503340413535 ) ) ;
#220 = STYLED_ITEM ( 'NONE', ( #60 ), #3975 ) ;
#221 = CARTESIAN_POINT ( 'NONE',  ( 14.06493398524032656, 0.02000000000000000042, 5.823607728917568060 ) ) ;
#222 = CYLINDRICAL_SURFACE ( 'NONE', #5838, 0.2499999999999993616 ) ;
#223 = VECTOR ( 'NONE', #543, 1000.000000000000000 ) ;
#224 = CARTESIAN_POINT ( 'NONE',  ( 14.35618775286340210, 0.02000000000000000042, 6.170483820497318916 ) ) ;
#225 = CARTESIAN_POINT ( 'NONE',  ( -14.11377271093285302, 0.02000000000000000042, -6.501422667547597456 ) ) ;
#226 = CARTESIAN_POINT ( 'NONE',  ( 12.96391737688869306, 0.02000000000000000042, -5.813321203713732288 ) ) ;
#227 = EDGE_CURVE ( 'NONE', #5567, #11, #4747, .T. ) ;
#228 = DIRECTION ( 'NONE',  ( -1.000000000000000000, 0.000000000000000000, 1.174997428309413820E-16 ) ) ;
#229 = ORIENTED_EDGE ( 'NONE', *, *, #4345, .F. ) ;
#230 = VECTOR ( 'NONE', #2887, 1000.000000000000000 ) ;
#231 = CARTESIAN_POINT ( 'NONE',  ( -14.01732727700285253, 0.02000000000000000042, -6.392718402187909099 ) ) ;
#232 = SURFACE_STYLE_USAGE ( .BOTH. , #4245 ) ;
#233 = CARTESIAN_POINT ( 'NONE',  ( 13.89891722993113632, 0.02000000000000000042, -6.405430323673741988 ) ) ;
#234 = FACE_OUTER_BOUND ( 'NONE', #6064, .T. ) ;
#235 = ORIENTED_EDGE ( 'NONE', *, *, #2271, .F. ) ;
#236 = EDGE_LOOP ( 'NONE', ( #2125, #1852, #1867, #4524 ) ) ;
#237 = FILL_AREA_STYLE ('',( #272 ) ) ;
#238 = ADVANCED_FACE ( 'NONE', ( #3648 ), #4688, .T. ) ;
#239 = CARTESIAN_POINT ( 'NONE',  ( 13.89849362414001455, 0.02000000000000000042, 6.648270172908523179 ) ) ;
#240 = CARTESIAN_POINT ( 'NONE',  ( -13.96986770900135255, 0.02000000000000000042, -5.860415054652497346 ) ) ;
#241 = CARTESIAN_POINT ( 'NONE',  ( 13.47524340778721985, 0.02000000000000000042, 6.808124569814728133 ) ) ;
#242 = LINE ( 'NONE', #1976, #5065 ) ;
#243 = DIRECTION ( 'NONE',  ( 0.000000000000000000, -1.000000000000000000, 0.000000000000000000 ) ) ;
#244 = VERTEX_POINT ( 'NONE', #2732 ) ;
#245 = ORIENTED_EDGE ( 'NONE', *, *, #5754, .T. ) ;
#246 = DIRECTION ( 'NONE',  ( 0.000000000000000000, 0.000000000000000000, 1.000000000000000000 ) ) ;
#247 = DIRECTION ( 'NONE',  ( 0.000000000000000000, 0.000000000000000000, -1.000000000000000000 ) ) ;
#248 = FACE_OUTER_BOUND ( 'NONE', #6535, .T. ) ;
#249 = ORIENTED_EDGE ( 'NONE', *, *, #5687, .T. ) ;
#250 = CARTESIAN_POINT ( 'NONE',  ( 14.14104925511513500, 1.355252715606880080E-17, -6.366818266689962869 ) ) ;
#251 = B_SPLINE_CURVE_WITH_KNOTS ( 'NONE', 3,
 ( #2153, #6665, #5530, #3157, #4893, #4318, #5570, #6628, #377, #2692, #940 ),
 .UNSPECIFIED., .F., .F.,
 ( 4, 1, 1, 1, 1, 1, 1, 1, 4 ),
 ( 0.000000000000000000, 0.1832338588759575004, 0.3505427301142050034, 0.5011988372408090475, 0.6339500770024639742, 0.7500925720805979857, 0.8504341224739819793, 0.9336827195019079539, 1.000000000000000000 ),
 .UNSPECIFIED. ) ;
#252 = ADVANCED_FACE ( 'NONE', ( #4390 ), #4891, .F. ) ;
#253 = COLOUR_RGB ( '',0.2509803921568627416, 0.2509803921568627416, 0.2509803921568627416 ) ;
#254 = DIRECTION ( 'NONE',  ( -1.174997428309413820E-16, 0.000000000000000000, -1.000000000000000000 ) ) ;
#255 = DIRECTION ( 'NONE',  ( 0.000000000000000000, -1.000000000000000000, -0.000000000000000000 ) ) ;
#256 = EDGE_CURVE ( 'NONE', #7454, #6573, #4532, .T. ) ;
#257 = ADVANCED_FACE ( 'NONE', ( #1461 ), #830, .F. ) ;
#258 = CARTESIAN_POINT ( 'NONE',  ( -14.50634896147560404, 0.02000000000000000042, -5.563273113056558472 ) ) ;
#259 = CARTESIAN_POINT ( 'NONE',  ( 14.10648759738613833, 1.016439536705160099E-17, -5.597578098254281542 ) ) ;
#260 = CARTESIAN_POINT ( 'NONE',  ( -14.07077274939420697, 0.02000000000000000042, -6.066732517491698395 ) ) ;
#261 = EDGE_LOOP ( 'NONE', ( #6126, #1734 ) ) ;
#262 = CARTESIAN_POINT ( 'NONE',  ( 13.28412334279778406, 0.02000000000000000042, -5.593179602151232999 ) ) ;
#263 = CARTESIAN_POINT ( 'NONE',  ( 14.34225513069230118, 1.355252715606880080E-17, 6.539792446049772501 ) ) ;
#264 = CARTESIAN_POINT ( 'NONE',  ( -14.32659271729270500, 1.355252715606880080E-17, -5.811972119509098533 ) ) ;
#265 = CARTESIAN_POINT ( 'NONE',  ( 14.29897884829130028, 0.000000000000000000, -5.744038188408092438 ) ) ;
#266 = VECTOR ( 'NONE', #3836, 1000.000000000000000 ) ;
#267 = CARTESIAN_POINT ( 'NONE',  ( -14.36154778749480521, -0.006133709256785679735, 9.850061365880161901 ) ) ;
#268 = ORIENTED_EDGE ( 'NONE', *, *, #4252, .F. ) ;
#269 = MECHANICAL_DESIGN_GEOMETRIC_PRESENTATION_REPRESENTATION (  '', ( #4759 ), #2459 ) ;
#270 = EDGE_CURVE ( 'NONE', #2778, #4553, #2230, .T. ) ;
#271 = ORIENTED_EDGE ( 'NONE', *, *, #5646, .F. ) ;
#272 = FILL_AREA_STYLE_COLOUR ( '', #253 ) ;
#273 = LINE ( 'NONE', #4899, #2941 ) ;
#274 = VECTOR ( 'NONE', #4425, 1000.000000000000227 ) ;
#275 = EDGE_CURVE ( 'NONE', #2288, #7068, #2690, .T. ) ;
#276 = AXIS2_PLACEMENT_3D ( 'NONE', #2506, #3691, #800 ) ;
#277 = EDGE_CURVE ( 'NONE', #7483, #7475, #3156, .T. ) ;
#278 = CARTESIAN_POINT ( 'NONE',  ( -6.380000000000054072, 0.02000000000000000042, 7.609999999999855547 ) ) ;
#279 = CARTESIAN_POINT ( 'NONE',  ( 13.93999999999995332, 0.02000000000000000042, 7.859999999999998543 ) ) ;
#280 = EDGE_CURVE ( 'NONE', #586, #7247, #7314, .T. ) ;
#281 = CARTESIAN_POINT ( 'NONE',  ( -14.06461226294865519, 0.000000000000000000, 6.967516987607896617 ) ) ;
#282 = CARTESIAN_POINT ( 'NONE',  ( 14.27682768971582306, 0.000000000000000000, -6.733536561800843145 ) ) ;
#283 = VERTEX_POINT ( 'NONE', #2109 ) ;
#284 = ORIENTED_EDGE ( 'NONE', *, *, #4285, .T. ) ;
#285 = SURFACE_SIDE_STYLE ('',( #2045 ) ) ;
#286 = FACE_OUTER_BOUND ( 'NONE', #3462, .T. ) ;
#287 = CARTESIAN_POINT ( 'NONE',  ( 13.24937629946999706, 0.000000000000000000, -5.629641170194343402 ) ) ;
#288 =( NAMED_UNIT ( * ) SI_UNIT ( $, .STERADIAN. ) SOLID_ANGLE_UNIT ( ) );
#289 = CARTESIAN_POINT ( 'NONE',  ( 14.05561672099744719, 0.000000000000000000, 6.347828493820408369 ) ) ;
#290 = FACE_OUTER_BOUND ( 'NONE', #6633, .T. ) ;
#291 = ORIENTED_EDGE ( 'NONE', *, *, #2679, .F. ) ;
#292 = CARTESIAN_POINT ( 'NONE',  ( 14.42430657998244392, 0.02000000000000000042, -5.583989978246891361 ) ) ;
#293 = CARTESIAN_POINT ( 'NONE',  ( -12.84719961642490560, 0.02000000000000000042, -6.329552772194127819 ) ) ;
#294 = CARTESIAN_POINT ( 'NONE',  ( -1.300000000000054667, 0.000000000000000000, 7.609999999999890186 ) ) ;
#295 = CARTESIAN_POINT ( 'NONE',  ( -14.22496083302200631, 0.000000000000000000, -6.246374269331019136 ) ) ;
#296 = CARTESIAN_POINT ( 'NONE',  ( -14.13771721535730386, 1.355252715606880080E-17, -5.368934874466847695 ) ) ;
#297 = EDGE_CURVE ( 'NONE', #4296, #2778, #5528, .T. ) ;
#298 = CARTESIAN_POINT ( 'NONE',  ( 14.10996379674273093, 1.016439536705160099E-17, -5.568022060462500811 ) ) ;
#299 = CARTESIAN_POINT ( 'NONE',  ( 13.52427781722960098, 0.02000000000000000042, -6.713900482833050631 ) ) ;
#300 = EDGE_LOOP ( 'NONE', ( #319, #7184, #7048, #2790 ) ) ;
#301 = LINE ( 'NONE', #1460, #5182 ) ;
#302 = CARTESIAN_POINT ( 'NONE',  ( -14.42397203356450319, 0.000000000000000000, 6.598384972645651381 ) ) ;
#303 = CARTESIAN_POINT ( 'NONE',  ( 14.34225513069230118, 0.02000000000000000042, 6.539792446049772501 ) ) ;
#304 = CARTESIAN_POINT ( 'NONE',  ( -14.15273757028110779, 0.000000000000000000, -5.369231118210147535 ) ) ;
#305 = CARTESIAN_POINT ( 'NONE',  ( 14.22665301009143590, 0.000000000000000000, -5.753059357876932012 ) ) ;
#306 = MECHANICAL_DESIGN_GEOMETRIC_PRESENTATION_REPRESENTATION (  '', ( #5632 ), #4182 ) ;
#307 = CARTESIAN_POINT ( 'NONE',  ( -1.300000000000054667, 0.02000000000000000042, 7.609999999999890186 ) ) ;
#308 = VERTEX_POINT ( 'NONE', #302 ) ;
#309 = ORIENTED_EDGE ( 'NONE', *, *, #4417, .F. ) ;
#310 = LINE ( 'NONE', #5615, #490 ) ;
#311 = DIRECTION ( 'NONE',  ( 0.000000000000000000, 0.000000000000000000, -1.000000000000000000 ) ) ;
#312 = CARTESIAN_POINT ( 'NONE',  ( 14.10465113043982832, 0.02000000000000000042, -5.613192475020550631 ) ) ;
#313 = CARTESIAN_POINT ( 'NONE',  ( -14.00000000000005507, 0.02000000000000000042, 7.609999999999802256 ) ) ;
#314 = EDGE_LOOP ( 'NONE', ( #615, #2363, #7093, #3323 ) ) ;
#315 = CARTESIAN_POINT ( 'NONE',  ( 13.88622762831901625, 0.000000000000000000, -6.329525856246662308 ) ) ;
#316 = ORIENTED_EDGE ( 'NONE', *, *, #5953, .T. ) ;
#317 =( GEOMETRIC_REPRESENTATION_CONTEXT ( 3 ) GLOBAL_UNCERTAINTY_ASSIGNED_CONTEXT ( ( #6957 ) ) GLOBAL_UNIT_ASSIGNED_CONTEXT ( ( #1124, #454, #4505 ) ) REPRESENTATION_CONTEXT ( 'NONE', 'WORKASPACE' ) );
#318 = EDGE_CURVE ( 'NONE', #371, #3678, #905, .T. ) ;
#319 = ORIENTED_EDGE ( 'NONE', *, *, #3963, .F. ) ;
#320 = B_SPLINE_CURVE_WITH_KNOTS ( 'NONE', 3,
 ( #6789, #6221, #2038, #3200, #3318, #951, #6823 ),
 .UNSPECIFIED., .F., .F.,
 ( 4, 1, 1, 1, 4 ),
 ( 0.000000000000000000, 0.2650720260088935132, 0.5174264585638219671, 0.7613771326035549958, 1.000000000000000000 ),
 .UNSPECIFIED. ) ;
#321 = EDGE_CURVE ( 'NONE', #7234, #1018, #7001, .T. ) ;
#322 = CARTESIAN_POINT ( 'NONE',  ( 14.65600290707699216, 0.02000000000000000042, 6.379724009955882735 ) ) ;
#323 = ADVANCED_FACE ( 'NONE', ( #5608 ), #6972, .T. ) ;
#324 = CARTESIAN_POINT ( 'NONE',  ( 13.00883515088440312, 0.000000000000000000, -5.795106271511771823 ) ) ;
#325 = VECTOR ( 'NONE', #1827, 1000.000000000000000 ) ;
#326 = CARTESIAN_POINT ( 'NONE',  ( 13.12557136096646282, 0.02000000000000000042, 6.286355648377008443 ) ) ;
#327 =( NAMED_UNIT ( * ) SI_UNIT ( $, .STERADIAN. ) SOLID_ANGLE_UNIT ( ) );
#328 = CARTESIAN_POINT ( 'NONE',  ( -13.90828712914905196, 0.000000000000000000, -6.265369839040768163 ) ) ;
#329 = ORIENTED_EDGE ( 'NONE', *, *, #5769, .F. ) ;
#330 = STYLED_ITEM ( 'NONE', ( #6351 ), #1595 ) ;
#331 = CARTESIAN_POINT ( 'NONE',  ( 1.239999999999946034, 0.02000000000000000042, 7.609999999999910614 ) ) ;
#332 = CARTESIAN_POINT ( 'NONE',  ( 14.12466400330914595, 0.02000000000000000042, -6.273617279708052941 ) ) ;
#333 = FACE_OUTER_BOUND ( 'NONE', #2989, .T. ) ;
#334 = CARTESIAN_POINT ( 'NONE',  ( -14.48527530561185195, 1.355252715606880080E-17, -5.528789271373059755 ) ) ;
#335 = ORIENTED_EDGE ( 'NONE', *, *, #7168, .T. ) ;
#336 = CARTESIAN_POINT ( 'NONE',  ( 14.18579654604175211, 1.016439536705160099E-17, -5.440948359112802279 ) ) ;
#337 = VERTEX_POINT ( 'NONE', #4700 ) ;
#338 = DIRECTION ( 'NONE',  ( 1.000000000000000000, -2.312964634635744791E-14, 2.862297359113756059E-16 ) ) ;
#339 = CARTESIAN_POINT ( 'NONE',  ( 13.24937629946999706, 0.02000000000000000042, -5.629641170194343402 ) ) ;
#340 = AXIS2_PLACEMENT_3D ( 'NONE', #6979, #2444, #4180 ) ;
#341 = CARTESIAN_POINT ( 'NONE',  ( 1.239999999999946034, 0.000000000000000000, 7.359999999999904396 ) ) ;
#342 = DIRECTION ( 'NONE',  ( 0.000000000000000000, 0.000000000000000000, -1.000000000000000000 ) ) ;
#343 =( GEOMETRIC_REPRESENTATION_CONTEXT ( 3 ) GLOBAL_UNCERTAINTY_ASSIGNED_CONTEXT ( ( #2105 ) ) GLOBAL_UNIT_ASSIGNED_CONTEXT ( ( #2370, #4160, #7070 ) ) REPRESENTATION_CONTEXT ( 'NONE', 'WORKASPACE' ) );
#344 =( GEOMETRIC_REPRESENTATION_CONTEXT ( 3 ) GLOBAL_UNCERTAINTY_ASSIGNED_CONTEXT ( ( #2959 ) ) GLOBAL_UNIT_ASSIGNED_CONTEXT ( ( #6192, #6870, #5741 ) ) REPRESENTATION_CONTEXT ( 'NONE', 'WORKASPACE' ) );
#345 = CARTESIAN_POINT ( 'NONE',  ( -1.300000000000054667, 0.02000000000000000042, 7.859999999999891074 ) ) ;
#346 = CARTESIAN_POINT ( 'NONE',  ( -13.86361159322360592, 0.000000000000000000, 5.437638346225195818 ) ) ;
#347 = EDGE_LOOP ( 'NONE', ( #7037, #2936, #3434, #6413 ) ) ;
#348 = EDGE_LOOP ( 'NONE', ( #1283, #4862, #3033, #3155 ) ) ;
#349 = CARTESIAN_POINT ( 'NONE',  ( -6.380000000000054072, 0.000000000000000000, 7.609999999999855547 ) ) ;
#350 =( LENGTH_UNIT ( ) NAMED_UNIT ( * ) SI_UNIT ( .MILLI., .METRE. ) );
#351 = CIRCLE ( 'NONE', #4818, 0.2500000000000002220 ) ;
#352 = DIRECTION ( 'NONE',  ( 0.000000000000000000, -1.000000000000000000, -0.000000000000000000 ) ) ;
#353 = CARTESIAN_POINT ( 'NONE',  ( -8.920000000000005258, -4.100000000000000533, -7.610000000000159304 ) ) ;
#354 = CARTESIAN_POINT ( 'NONE',  ( 13.92572583648905926, 0.000000000000000000, -6.487680066422091940 ) ) ;
#355 = ORIENTED_EDGE ( 'NONE', *, *, #1912, .T. ) ;
#356 = EDGE_LOOP ( 'NONE', ( #6754, #1245, #2618, #5392 ) ) ;
#357 = PLANE ( 'NONE',  #5920 ) ;
#358 = DIRECTION ( 'NONE',  ( 0.000000000000000000, -1.000000000000000000, -0.000000000000000000 ) ) ;
#359 = SURFACE_SIDE_STYLE ('',( #6156 ) ) ;
#360 = DIRECTION ( 'NONE',  ( 1.000000000000000000, 0.000000000000000000, 0.000000000000000000 ) ) ;
#361 = DIRECTION ( 'NONE',  ( 1.000000000000000000, 0.000000000000000000, -1.174997428309413820E-16 ) ) ;
#362 = CARTESIAN_POINT ( 'NONE',  ( -14.01732727700285253, 0.000000000000000000, -6.392718402187909099 ) ) ;
#363 = ORIENTED_EDGE ( 'NONE', *, *, #2641, .T. ) ;
#364 = CARTESIAN_POINT ( 'NONE',  ( 14.44356033031949771, 0.02000000000000000042, -6.290635902144102509 ) ) ;
#365 = FACE_OUTER_BOUND ( 'NONE', #1583, .T. ) ;
#366 = DIRECTION ( 'NONE',  ( 0.000000000000000000, 0.000000000000000000, -1.000000000000000000 ) ) ;
#367 = FACE_OUTER_BOUND ( 'NONE', #468, .T. ) ;
#368 = EDGE_CURVE ( 'NONE', #3994, #308, #2533, .T. ) ;
#369 = CARTESIAN_POINT ( 'NONE',  ( -14.34038378846215345, 1.355252715606880080E-17, -5.408018824488989296 ) ) ;
#370 = CARTESIAN_POINT ( 'NONE',  ( 14.13996837858143962, 1.355252715606880080E-17, -6.706352999160872130 ) ) ;
#371 = VERTEX_POINT ( 'NONE', #4847 ) ;
#372 = CARTESIAN_POINT ( 'NONE',  ( 14.10648759738613833, 0.02000000000000000042, -5.597578098254281542 ) ) ;
#373 = CARTESIAN_POINT ( 'NONE',  ( 14.36644165274904417, 0.02000000000000000042, 5.784341042093668506 ) ) ;
#374 = ORIENTED_EDGE ( 'NONE', *, *, #1003, .T. ) ;
#375 = CARTESIAN_POINT ( 'NONE',  ( -14.31883494451155592, 0.02000000000000000042, -6.353451715364009544 ) ) ;
#376 = DIRECTION ( 'NONE',  ( 0.000000000000000000, 0.000000000000000000, -1.000000000000000000 ) ) ;
#377 = CARTESIAN_POINT ( 'NONE',  ( 14.34787203626267171, 0.02000000000000000042, 6.156987045354557431 ) ) ;
#378 = CARTESIAN_POINT ( 'NONE',  ( -14.46190050575855501, 0.000000000000000000, -5.497396217614259228 ) ) ;
#379 =( GEOMETRIC_REPRESENTATION_CONTEXT ( 3 ) GLOBAL_UNCERTAINTY_ASSIGNED_CONTEXT ( ( #5903 ) ) GLOBAL_UNIT_ASSIGNED_CONTEXT ( ( #1372, #5372, #7178 ) ) REPRESENTATION_CONTEXT ( 'NONE', 'WORKASPACE' ) );
#380 = EDGE_CURVE ( 'NONE', #5854, #5404, #5983, .T. ) ;
#381 = CARTESIAN_POINT ( 'NONE',  ( -14.11541350872925449, 1.355252715606880080E-17, 6.546137065693601542 ) ) ;
#382 = DIRECTION ( 'NONE',  ( 0.000000000000000000, 0.000000000000000000, -1.000000000000000000 ) ) ;
#383 = VERTEX_POINT ( 'NONE', #6511 ) ;
#384 = ORIENTED_EDGE ( 'NONE', *, *, #7440, .F. ) ;
#385 = DIRECTION ( 'NONE',  ( 0.000000000000000000, -1.000000000000000000, -0.000000000000000000 ) ) ;
#386 = CYLINDRICAL_SURFACE ( 'NONE', #4384, 0.2500000000000002220 ) ;
#387 = DIRECTION ( 'NONE',  ( 0.000000000000000000, -1.000000000000000000, -0.000000000000000000 ) ) ;
#388 = DIRECTION ( 'NONE',  ( 0.000000000000000000, 0.000000000000000000, -1.000000000000000000 ) ) ;
#389 =( NAMED_UNIT ( * ) SI_UNIT ( $, .STERADIAN. ) SOLID_ANGLE_UNIT ( ) );
#390 = EDGE_CURVE ( 'NONE', #1782, #3802, #640, .T. ) ;
#391 = CARTESIAN_POINT ( 'NONE',  ( 13.89891722993113632, 0.000000000000000000, -6.405430323673741988 ) ) ;
#392 = ORIENTED_EDGE ( 'NONE', *, *, #1597, .T. ) ;
#393 = VERTEX_POINT ( 'NONE', #4166 ) ;
#394 = CARTESIAN_POINT ( 'NONE',  ( 13.16695494066502725, 0.02000000000000000042, -5.418660554502062077 ) ) ;
#395 = CARTESIAN_POINT ( 'NONE',  ( 14.13321256358112699, 0.000000000000000000, 6.538323072105847622 ) ) ;
#396 = FACE_OUTER_BOUND ( 'NONE', #4081, .T. ) ;
#397 =( NAMED_UNIT ( * ) SI_UNIT ( $, .STERADIAN. ) SOLID_ANGLE_UNIT ( ) );
#398 = CARTESIAN_POINT ( 'NONE',  ( 13.81546224656563027, 0.02000000000000000042, 6.387854239559042746 ) ) ;
#399 = CARTESIAN_POINT ( 'NONE',  ( 14.55335836728943555, 0.02000000000000000042, -5.902069646000692060 ) ) ;
#400 = CARTESIAN_POINT ( 'NONE',  ( -13.93244449121065642, 0.000000000000000000, -6.294942356579828591 ) ) ;
#401 = COLOUR_RGB ( '',1.000000000000000000, 0.7725490196078431682, 0.000000000000000000 ) ;
#402 = ORIENTED_EDGE ( 'NONE', *, *, #6859, .T. ) ;
#403 = CARTESIAN_POINT ( 'NONE',  ( 13.21905946911159546, 1.355252715606880080E-17, 6.681314512126397709 ) ) ;
#404 = CARTESIAN_POINT ( 'NONE',  ( 14.63952162447317384, 0.02000000000000000042, -5.417793471124092264 ) ) ;
#405 = CARTESIAN_POINT ( 'NONE',  ( 14.26999621881904368, 0.02000000000000000042, 5.675636776733977484 ) ) ;
#406 = FILL_AREA_STYLE ('',( #2022 ) ) ;
#407 = ADVANCED_FACE ( 'NONE', ( #753 ), #6548, .T. ) ;
#408 = CARTESIAN_POINT ( 'NONE',  ( -14.18212486518920379, 1.355252715606880080E-17, -5.369810718512077585 ) ) ;
#409 = CARTESIAN_POINT ( 'NONE',  ( 14.58273890673392259, 0.02000000000000000042, -6.594646945297191643 ) ) ;
#410 = ORIENTED_EDGE ( 'NONE', *, *, #1377, .T. ) ;
#411 = FACE_OUTER_BOUND ( 'NONE', #300, .T. ) ;
#412 = ORIENTED_EDGE ( 'NONE', *, *, #2485, .F. ) ;
#413 = DIRECTION ( 'NONE',  ( 0.000000000000000000, -1.000000000000000000, -0.000000000000000000 ) ) ;
#414 = CARTESIAN_POINT ( 'NONE',  ( 13.79544937369631086, 0.02000000000000000042, 5.267133358877227778 ) ) ;
#415 = EDGE_CURVE ( 'NONE', #4577, #5394, #3080, .T. ) ;
#416 = DIRECTION ( 'NONE',  ( -0.01744974916067993861, 0.9996954598818875715, 0.01744974916067999759 ) ) ;
#417 = EDGE_CURVE ( 'NONE', #4836, #899, #7077, .T. ) ;
#418 = CARTESIAN_POINT ( 'NONE',  ( 8.859999999999956799, 0.02000000000000000042, 7.859999999999959464 ) ) ;
#419 = DIRECTION ( 'NONE',  ( 0.000000000000000000, 0.000000000000000000, -1.000000000000000000 ) ) ;
#420 = SURFACE_SIDE_STYLE ('',( #3314 ) ) ;
#421 = ORIENTED_EDGE ( 'NONE', *, *, #1158, .T. ) ;
#422 = VECTOR ( 'NONE', #7122, 1000.000000000000000 ) ;
#423 = ORIENTED_EDGE ( 'NONE', *, *, #2751, .F. ) ;
#424 = PLANE ( 'NONE',  #3052 ) ;
#425 = CARTESIAN_POINT ( 'NONE',  ( -14.00000000000000711, 0.02000000000000000042, -7.610000000000199272 ) ) ;
#426 = CARTESIAN_POINT ( 'NONE',  ( 11.39999999999995595, -4.100000000000000533, 7.359999999999978115 ) ) ;
#427 = FILL_AREA_STYLE ('',( #6182 ) ) ;
#428 = ORIENTED_EDGE ( 'NONE', *, *, #4305, .F. ) ;
#429 = CARTESIAN_POINT ( 'NONE',  ( -14.21901951138890396, 0.02000000000000000042, -6.649758738103208167 ) ) ;
#430 = AXIS2_PLACEMENT_3D ( 'NONE', #313, #6714, #4902 ) ;
#431 = CARTESIAN_POINT ( 'NONE',  ( 14.24073579503864018, 0.000000000000000000, 6.567970095382907658 ) ) ;
#432 = DIRECTION ( 'NONE',  ( -1.174997428309413820E-16, 0.000000000000000000, -1.000000000000000000 ) ) ;
#433 = DIRECTION ( 'NONE',  ( 0.000000000000000000, -1.000000000000000000, -0.000000000000000000 ) ) ;
#434 = CARTESIAN_POINT ( 'NONE',  ( 14.23103135947079778, 0.02000000000000000042, 6.807828326071427405 ) ) ;
#435 = VECTOR ( 'NONE', #4852, 1000.000000000000000 ) ;
#436 = ORIENTED_EDGE ( 'NONE', *, *, #7444, .T. ) ;
#437 = CARTESIAN_POINT ( 'NONE',  ( 14.56186138679349718, 0.02000000000000000042, -5.292064800712472206 ) ) ;
#438 = B_SPLINE_CURVE_WITH_KNOTS ( 'NONE', 3,
 ( #2498, #5986, #4851, #4169, #6515, #225, #7154, #6477, #4777, #1918, #793, #718, #3117 ),
 .UNSPECIFIED., .F., .F.,
 ( 4, 1, 1, 1, 1, 1, 1, 1, 1, 1, 4 ),
 ( 0.000000000000000000, 0.1297038254702795879, 0.2472825098896530016, 0.3534584971290394839, 0.4474279189341939800, 0.5292832013463630858, 0.5990344773959780378, 0.6574432517947099708, 0.7036342243043839373, 0.8573839243483369899, 1.000000000000000000 ),
 .UNSPECIFIED. ) ;
#439 = CIRCLE ( 'NONE', #5644, 0.2499999999999993616 ) ;
#440 = CARTESIAN_POINT ( 'NONE',  ( 13.82137424442077034, 1.355252715606880080E-17, 6.439464703425167968 ) ) ;
#441 = CARTESIAN_POINT ( 'NONE',  ( 14.32454544628300930, 0.02000000000000000042, -5.173936800613121889 ) ) ;
#442 = VECTOR ( 'NONE', #2036, 1000.000000000000000 ) ;
#443 = CARTESIAN_POINT ( 'NONE',  ( 14.50565129898724059, 0.000000000000000000, -5.239690351010622749 ) ) ;
#444 = CARTESIAN_POINT ( 'NONE',  ( 13.94356295647481758, 1.355252715606880080E-17, -6.525052200873911801 ) ) ;
#445 = ORIENTED_EDGE ( 'NONE', *, *, #3321, .F. ) ;
#446 = DIRECTION ( 'NONE',  ( 0.000000000000000000, 0.000000000000000000, -1.000000000000000000 ) ) ;
#447 = UNCERTAINTY_MEASURE_WITH_UNIT (LENGTH_MEASURE( 1.000000000000000082E-05 ), #6478, 'distance_accuracy_value', 'NONE');
#448 = CARTESIAN_POINT ( 'NONE',  ( -14.39670371511595448, 1.355252715606880080E-17, -6.451031872640108134 ) ) ;
#449 = ORIENTED_EDGE ( 'NONE', *, *, #4192, .T. ) ;
#450 = CARTESIAN_POINT ( 'NONE',  ( 14.49288845141182058, 1.355252715606880080E-17, -5.873696801134562051 ) ) ;
#451 = AXIS2_PLACEMENT_3D ( 'NONE', #6403, #4703, #74 ) ;
#452 =( NAMED_UNIT ( * ) PLANE_ANGLE_UNIT ( ) SI_UNIT ( $, .RADIAN. ) );
#453 = CARTESIAN_POINT ( 'NONE',  ( -14.18212486518920379, 0.000000000000000000, -5.369810718512077585 ) ) ;
#454 =( NAMED_UNIT ( * ) PLANE_ANGLE_UNIT ( ) SI_UNIT ( $, .RADIAN. ) );
#455 = FACE_OUTER_BOUND ( 'NONE', #5002, .T. ) ;
#456 = FACE_OUTER_BOUND ( 'NONE', #1843, .T. ) ;
#457 = VERTEX_POINT ( 'NONE', #3603 ) ;
#458 = VECTOR ( 'NONE', #5088, 1000.000000000000000 ) ;
#459 = FILL_AREA_STYLE ('',( #6373 ) ) ;
#460 = VECTOR ( 'NONE', #6186, 1000.000000000000000 ) ;
#461 = CARTESIAN_POINT ( 'NONE',  ( -14.15232374468080678, 0.000000000000000000, -6.164213456890317744 ) ) ;
#462 = CARTESIAN_POINT ( 'NONE',  ( -12.68709663347035210, 0.000000000000000000, -6.589720119495258821 ) ) ;
#463 = VECTOR ( 'NONE', #1819, 1000.000000000000000 ) ;
#464 = CARTESIAN_POINT ( 'NONE',  ( 13.47524340778721985, 0.000000000000000000, 6.808124569814728133 ) ) ;
#465 = CIRCLE ( 'NONE', #3742, 0.2999999999999999334 ) ;
#466 = LINE ( 'NONE', #5090, #3746 ) ;
#467 = ORIENTED_EDGE ( 'NONE', *, *, #1392, .F. ) ;
#468 = EDGE_LOOP ( 'NONE', ( #533, #841, #6613 ) ) ;
#469 = VERTEX_POINT ( 'NONE', #4236 ) ;
#470 = CARTESIAN_POINT ( 'NONE',  ( 13.01714444314553099, 0.02000000000000000042, -5.529497384985831765 ) ) ;
#471 = CARTESIAN_POINT ( 'NONE',  ( 14.06011582049270636, 0.000000000000000000, 6.397619851792248014 ) ) ;
#472 = VECTOR ( 'NONE', #2974, 1000.000000000000000 ) ;
#473 = CARTESIAN_POINT ( 'NONE',  ( -14.42397203356450319, 0.02000000000000000042, 6.338217625344515938 ) ) ;
#474 = EDGE_CURVE ( 'NONE', #2212, #1688, #4558, .T. ) ;
#475 = EDGE_LOOP ( 'NONE', ( #7281, #1979 ) ) ;
#476 = CARTESIAN_POINT ( 'NONE',  ( 14.28226537715502609, 0.02000000000000000042, -5.172909271895553829 ) ) ;
#477 = CARTESIAN_POINT ( 'NONE',  ( 1.240000000000003322, 0.000000000000000000, -7.610000000000079368 ) ) ;
#478 = DIRECTION ( 'NONE',  ( 0.000000000000000000, -1.000000000000000000, -0.000000000000000000 ) ) ;
#479 = DIRECTION ( 'NONE',  ( 0.9863939238321446368, 0.000000000000000000, 0.1643989873053513240 ) ) ;
#480 = ORIENTED_EDGE ( 'NONE', *, *, #3797, .F. ) ;
#481 = CARTESIAN_POINT ( 'NONE',  ( 14.22665301009143590, 0.02000000000000000042, -5.753059357876932012 ) ) ;
#482 = ADVANCED_FACE ( 'NONE', ( #4201 ), #6695, .F. ) ;
#483 = DIRECTION ( 'NONE',  ( 0.000000000000000000, 0.000000000000000000, -1.000000000000000000 ) ) ;
#484 = ORIENTED_EDGE ( 'NONE', *, *, #6666, .T. ) ;
#485 = DIRECTION ( 'NONE',  ( 1.000000000000000000, 0.000000000000000000, -1.174997428309413820E-16 ) ) ;
#486 = ADVANCED_FACE ( 'NONE', ( #1489 ), #7266, .F. ) ;
#487 = FACE_OUTER_BOUND ( 'NONE', #182, .T. ) ;
#488 = CARTESIAN_POINT ( 'NONE',  ( -14.50634896147560404, 0.02000000000000000042, -5.563273113056558472 ) ) ;
#489 = SURFACE_STYLE_USAGE ( .BOTH. , #35 ) ;
#490 = VECTOR ( 'NONE', #3878, 1000.000000000000000 ) ;
#491 = CARTESIAN_POINT ( 'NONE',  ( 3.780000000000003801, 0.02000000000000000042, -7.610000000000079368 ) ) ;
#492 = DIRECTION ( 'NONE',  ( -1.174997428309413820E-16, 0.000000000000000000, -1.000000000000000000 ) ) ;
#493 = ORIENTED_EDGE ( 'NONE', *, *, #6485, .T. ) ;
#494 =( LENGTH_UNIT ( ) NAMED_UNIT ( * ) SI_UNIT ( .MILLI., .METRE. ) );
#495 = DIRECTION ( 'NONE',  ( 0.000000000000000000, 0.000000000000000000, -1.000000000000000000 ) ) ;
#496 = SURFACE_STYLE_FILL_AREA ( #5835 ) ;
#497 = ADVANCED_FACE ( 'NONE', ( #3296 ), #7306, .T. ) ;
#498 = CARTESIAN_POINT ( 'NONE',  ( 13.32696339878366665, 0.02000000000000000042, -5.172909271895553829 ) ) ;
#499 = DIRECTION ( 'NONE',  ( 0.000000000000000000, -1.000000000000000000, -0.000000000000000000 ) ) ;
#500 = VERTEX_POINT ( 'NONE', #6086 ) ;
#501 = EDGE_CURVE ( 'NONE', #7475, #1173, #2075, .T. ) ;
#502 = CARTESIAN_POINT ( 'NONE',  ( -13.86361159322360592, 0.02000000000000000042, 5.437638346225195818 ) ) ;
#503 = ORIENTED_EDGE ( 'NONE', *, *, #4962, .F. ) ;
#504 = ORIENTED_EDGE ( 'NONE', *, *, #2629, .F. ) ;
#505 = CARTESIAN_POINT ( 'NONE',  ( 3.779999999999946514, 0.02000000000000000042, 7.609999999999923936 ) ) ;
#506 = CARTESIAN_POINT ( 'NONE',  ( 14.15880809672986906, 0.02000000000000000042, 5.930685174950558469 ) ) ;
#507 = ADVANCED_FACE ( 'NONE', ( #4960 ), #6158, .F. ) ;
#508 = DIRECTION ( 'NONE',  ( 1.000000000000000000, 0.000000000000000000, -1.174997428309413820E-16 ) ) ;
#509 = CARTESIAN_POINT ( 'NONE',  ( 14.51655404856545140, 0.000000000000000000, 5.966229648649113315 ) ) ;
#510 = CARTESIAN_POINT ( 'NONE',  ( 14.57464940826601385, 0.02000000000000000042, 6.059655536949843047 ) ) ;
#511 = ORIENTED_EDGE ( 'NONE', *, *, #3474, .F. ) ;
#512 = STYLED_ITEM ( 'NONE', ( #875 ), #3074 ) ;
#513 = CARTESIAN_POINT ( 'NONE',  ( 14.63952162447317384, 1.355252715606880080E-17, -5.417793471124092264 ) ) ;
#514 = AXIS2_PLACEMENT_3D ( 'NONE', #3749, #1525, #1989 ) ;
#515 = CARTESIAN_POINT ( 'NONE',  ( 14.64185414515653960, 0.02000000000000000042, 6.500509609482233664 ) ) ;
#516 = CARTESIAN_POINT ( 'NONE',  ( -13.74191478459535354, 1.355252715606880080E-17, -5.676549834799337724 ) ) ;
#517 = CARTESIAN_POINT ( 'NONE',  ( 14.44005403852747449, 0.02000000000000000042, -5.201803584140252568 ) ) ;
#518 = VECTOR ( 'NONE', #5532, 1000.000000000000000 ) ;
#519 = DIRECTION ( 'NONE',  ( 0.000000000000000000, -1.000000000000000000, -0.000000000000000000 ) ) ;
#520 = DIRECTION ( 'NONE',  ( 0.000000000000000000, 0.000000000000000000, -1.000000000000000000 ) ) ;
#521 = ORIENTED_EDGE ( 'NONE', *, *, #4264, .F. ) ;
#522 = CARTESIAN_POINT ( 'NONE',  ( 13.91970239576167678, 0.02000000000000000042, -5.432433253805941220 ) ) ;
#523 = UNCERTAINTY_MEASURE_WITH_UNIT (LENGTH_MEASURE( 1.000000000000000082E-05 ), #3778, 'distance_accuracy_value', 'NONE');
#524 = CARTESIAN_POINT ( 'NONE',  ( -14.58529173711985294, 1.355252715606880080E-17, -6.884302295697417584 ) ) ;
#525 = ORIENTED_EDGE ( 'NONE', *, *, #6159, .F. ) ;
#526 = B_SPLINE_SURFACE_WITH_KNOTS ( 'NONE', 3, 1, ( 
 ( #2712, #4106 ),
 ( #7335, #5060 ),
 ( #2129, #4448 ),
 ( #2171, #6759 ),
 ( #1551, #3888 ),
 ( #997, #5464 ),
 ( #7052, #2262 ),
 ( #2812, #564 ),
 ( #2340, #5685 ),
 ( #5229, #4664 ),
 ( #5721, #5193 ) ),
 .UNSPECIFIED., .F., .F., .F.,
 ( 4, 1, 1, 1, 1, 1, 1, 1, 4 ),
 ( 2, 2 ),
 ( 0.000000000000000000, 0.1291850431602390159, 0.2562041821241475281, 0.3820429862809624488, 0.5053841222052810611, 0.6299573653232359849, 0.7528488117954780234, 0.8762905154439999400, 1.000000000000000000 ),
 ( 0.000000000000000000, 1.000000000000000000 ),
 .UNSPECIFIED. ) ;
#527 = CARTESIAN_POINT ( 'NONE',  ( 13.94000000000000661, 0.02000000000000000042, -7.860000000000002096 ) ) ;
#528 = CARTESIAN_POINT ( 'NONE',  ( 13.32696339878366665, 0.02000000000000000042, -5.172909271895553829 ) ) ;
#529 = CARTESIAN_POINT ( 'NONE',  ( 14.46149703405366793, 0.000000000000000000, 6.758520432341232897 ) ) ;
#530 = B_SPLINE_CURVE_WITH_KNOTS ( 'NONE', 3,
 ( #104, #3629, #701, #6502, #743, #3034, #1784, #2990, #2412, #5334, #3477, #587, #6989, #4728, #3067, #5783, #4799, #6425, #1146 ),
 .UNSPECIFIED., .F., .F.,
 ( 4, 1, 1, 1, 1, 1, 1, 1, 1, 1, 1, 1, 1, 1, 1, 1, 4 ),
 ( 0.000000000000000000, 0.06151849915412029718, 0.1215987722068885973, 0.1798087130824874980, 0.2371923071147044870, 0.2949824495816659731, 0.3527381467175869645, 0.4118659044293799809, 0.4721445847257069728, 0.5334648702190160074, 0.5954005772925800022, 0.6578857308576989693, 0.7217293153825030672, 0.7874218303459800117, 0.8552810743914549541, 0.9258812380565799582, 1.000000000000000000 ),
 .UNSPECIFIED. ) ;
#531 = CARTESIAN_POINT ( 'NONE',  ( 13.88450952887732903, 0.000000000000000000, -6.313643025446691759 ) ) ;
#532 =( NAMED_UNIT ( * ) PLANE_ANGLE_UNIT ( ) SI_UNIT ( $, .RADIAN. ) );
#533 = ORIENTED_EDGE ( 'NONE', *, *, #1094, .T. ) ;
#534 = CARTESIAN_POINT ( 'NONE',  ( -14.02758117688850703, 0.02000000000000000042, -6.006575623784259577 ) ) ;
#535 = CARTESIAN_POINT ( 'NONE',  ( -14.21891993064495452, 0.02000000000000000042, -5.621356137470928438 ) ) ;
#536 =( NAMED_UNIT ( * ) PLANE_ANGLE_UNIT ( ) SI_UNIT ( $, .RADIAN. ) );
#537 = LINE ( 'NONE', #1172, #2024 ) ;
#538 = ORIENTED_EDGE ( 'NONE', *, *, #4986, .T. ) ;
#539 = CARTESIAN_POINT ( 'NONE',  ( 8.859999999999956799, 0.02000000000000000042, 7.359999999999963904 ) ) ;
#540 = CARTESIAN_POINT ( 'NONE',  ( 13.27792898934128552, 1.355252715606880080E-17, 6.808124569814728133 ) ) ;
#541 = EDGE_LOOP ( 'NONE', ( #329, #4557 ) ) ;
#542 = ORIENTED_EDGE ( 'NONE', *, *, #2641, .F. ) ;
#543 = DIRECTION ( 'NONE',  ( 0.000000000000000000, -1.000000000000000000, -0.000000000000000000 ) ) ;
#544 = VECTOR ( 'NONE', #6483, 1000.000000000000000 ) ;
#545 = CARTESIAN_POINT ( 'NONE',  ( 14.26394279577095858, 0.02000000000000000042, -5.994090097810672368 ) ) ;
#546 = CARTESIAN_POINT ( 'NONE',  ( 14.63021043258889620, 0.000000000000000000, 6.194850142964558160 ) ) ;
#547 = CARTESIAN_POINT ( 'NONE',  ( 14.63021043258889620, 3.388131789017200124E-17, 6.194850142964558160 ) ) ;
#548 = ADVANCED_FACE ( 'NONE', ( #3819 ), #2377, .T. ) ;
#549 = VERTEX_POINT ( 'NONE', #332 ) ;
#550 = CARTESIAN_POINT ( 'NONE',  ( -14.28992520622125539, 9.905235721931179071, 9.977103467344392129 ) ) ;
#551 = EDGE_CURVE ( 'NONE', #78, #2878, #4503, .T. ) ;
#552 = SURFACE_STYLE_USAGE ( .BOTH. , #5745 ) ;
#553 = CARTESIAN_POINT ( 'NONE',  ( -13.83083469003710597, 1.355252715606880080E-17, -5.498763802690008973 ) ) ;
#554 = VECTOR ( 'NONE', #3041, 1000.000000000000000 ) ;
#555 = SURFACE_STYLE_USAGE ( .BOTH. , #23 ) ;
#556 = CYLINDRICAL_SURFACE ( 'NONE', #1280, 0.2500000000000002220 ) ;
#557 = SURFACE_STYLE_FILL_AREA ( #2333 ) ;
#558 = EDGE_LOOP ( 'NONE', ( #3542, #1756 ) ) ;
#559 = DIRECTION ( 'NONE',  ( -1.174997428309413820E-16, 0.000000000000000000, -1.000000000000000000 ) ) ;
#560 = CARTESIAN_POINT ( 'NONE',  ( 12.96391737688869306, 0.02000000000000000042, -5.813321203713732288 ) ) ;
#561 = STYLED_ITEM ( 'NONE', ( #6294 ), #6020 ) ;
#562 = DIRECTION ( 'NONE',  ( 0.000000000000000000, -1.000000000000000000, -0.000000000000000000 ) ) ;
#563 = CARTESIAN_POINT ( 'NONE',  ( 13.30188436979905120, 0.02000000000000000042, -5.238209884575102393 ) ) ;
#564 = CARTESIAN_POINT ( 'NONE',  ( 13.00322139301979618, 1.355252715606880080E-17, 6.207293396895347648 ) ) ;
#565 = CYLINDRICAL_SURFACE ( 'NONE', #451, 0.2500000000000002220 ) ;
#566 = CARTESIAN_POINT ( 'NONE',  ( 13.32696339878366665, 0.000000000000000000, -5.172909271895553829 ) ) ;
#567 = CARTESIAN_POINT ( 'NONE',  ( -14.10376606765545660, 0.02000000000000000042, 6.558359226907016115 ) ) ;
#568 = ORIENTED_EDGE ( 'NONE', *, *, #2919, .F. ) ;
#569 = AXIS2_PLACEMENT_3D ( 'NONE', #6111, #2714, #360 ) ;
#570 = LINE ( 'NONE', #6408, #6258 ) ;
#571 = CARTESIAN_POINT ( 'NONE',  ( -14.09408233120895559, 0.02000000000000000042, -6.095478349973479482 ) ) ;
#572 = CYLINDRICAL_SURFACE ( 'NONE', #1787, 0.2500000000000002220 ) ;
#573 = DIRECTION ( 'NONE',  ( 0.000000000000000000, 0.000000000000000000, -1.000000000000000000 ) ) ;
#574 = EDGE_LOOP ( 'NONE', ( #5054, #1438, #6237, #618 ) ) ;
#575 = MECHANICAL_DESIGN_GEOMETRIC_PRESENTATION_REPRESENTATION (  '', ( #5078 ), #1665 ) ;
#576 = CARTESIAN_POINT ( 'NONE',  ( -14.00000000000000711, 0.02000000000000000042, -7.610000000000199272 ) ) ;
#577 = ORIENTED_EDGE ( 'NONE', *, *, #719, .T. ) ;
#578 = ADVANCED_FACE ( 'NONE', ( #6120 ), #3255, .T. ) ;
#579 = ORIENTED_EDGE ( 'NONE', *, *, #96, .T. ) ;
#580 = DIRECTION ( 'NONE',  ( 0.000000000000000000, -1.000000000000000000, -0.000000000000000000 ) ) ;
#581 = CARTESIAN_POINT ( 'NONE',  ( -13.88682444548490658, 0.02000000000000000042, -6.237151259237477596 ) ) ;
#582 = ADVANCED_FACE ( 'NONE', ( #4418 ), #3715, .T. ) ;
#583 = COLOUR_RGB ( '',0.2509803921568627416, 0.2509803921568627416, 0.2509803921568627416 ) ;
#584 = FACE_OUTER_BOUND ( 'NONE', #2966, .T. ) ;
#585 = CARTESIAN_POINT ( 'NONE',  ( 8.860000000000004761, 0.02000000000000000042, -7.610000000000041176 ) ) ;
#586 = VERTEX_POINT ( 'NONE', #6240 ) ;
#587 = CARTESIAN_POINT ( 'NONE',  ( 13.96423874525781805, 0.02000000000000000042, -6.560015095901742477 ) ) ;
#588 = VECTOR ( 'NONE', #3269, 1000.000000000000000 ) ;
#589 = CARTESIAN_POINT ( 'NONE',  ( 14.49504669284767999, 0.02000000000000000042, 6.735460157234472334 ) ) ;
#590 = EDGE_CURVE ( 'NONE', #5735, #3367, #2835, .T. ) ;
#591 = CARTESIAN_POINT ( 'NONE',  ( -13.73383025472605645, 1.355252715606880080E-17, -5.715768445738429016 ) ) ;
#592 = CARTESIAN_POINT ( 'NONE',  ( -11.46000000000000618, 1.000000000000000000, -7.610000000000177955 ) ) ;
#593 = CARTESIAN_POINT ( 'NONE',  ( 14.56363570735144641, 0.02000000000000000042, -5.808214850080160474 ) ) ;
#594 = COLOUR_RGB ( '',1.000000000000000000, 0.7725490196078431682, 0.000000000000000000 ) ;
#595 = CARTESIAN_POINT ( 'NONE',  ( -6.380000000000005222, 0.000000000000000000, -7.610000000000161080 ) ) ;
#596 = ORIENTED_EDGE ( 'NONE', *, *, #5846, .T. ) ;
#597 = DIRECTION ( 'NONE',  ( 0.000000000000000000, -1.000000000000000000, -0.000000000000000000 ) ) ;
#598 = UNCERTAINTY_MEASURE_WITH_UNIT (LENGTH_MEASURE( 1.000000000000000082E-05 ), #3882, 'distance_accuracy_value', 'NONE');
#599 = CARTESIAN_POINT ( 'NONE',  ( 6.320000000000002949, 0.000000000000000000, -7.610000000000060716 ) ) ;
#600 = ADVANCED_FACE ( 'NONE', ( #6838 ), #4622, .T. ) ;
#601 = SURFACE_STYLE_FILL_AREA ( #2810 ) ;
#602 = CARTESIAN_POINT ( 'NONE',  ( 12.98118799419520819, 0.02000000000000000042, -5.545478027298462287 ) ) ;
#603 = SURFACE_STYLE_FILL_AREA ( #1683 ) ;
#604 = FACE_OUTER_BOUND ( 'NONE', #2450, .T. ) ;
#605 = CARTESIAN_POINT ( 'NONE',  ( 14.33148861859284828, 0.000000000000000000, -6.732673253684843040 ) ) ;
#606 = EDGE_CURVE ( 'NONE', #2858, #3864, #6197, .T. ) ;
#607 = CARTESIAN_POINT ( 'NONE',  ( 14.15880809672986906, 0.000000000000000000, 5.930685174950558469 ) ) ;
#608 = ORIENTED_EDGE ( 'NONE', *, *, #2416, .T. ) ;
#609 = DIRECTION ( 'NONE',  ( 0.000000000000000000, -1.000000000000000000, 0.000000000000000000 ) ) ;
#610 = CARTESIAN_POINT ( 'NONE',  ( 14.66449804212675012, 0.000000000000000000, -5.572581287802430339 ) ) ;
#611 = ADVANCED_FACE ( 'NONE', ( #7346 ), #1004, .T. ) ;
#612 = CARTESIAN_POINT ( 'NONE',  ( 14.18470262191710241, 0.02000000000000000042, -6.015638840377001806 ) ) ;
#613 = CARTESIAN_POINT ( 'NONE',  ( 14.66501157078073803, 0.02000000000000000042, -5.556593568937011618 ) ) ;
#614 = CARTESIAN_POINT ( 'NONE',  ( 13.97457722882667497, 0.02000000000000000042, -5.322801644473612370 ) ) ;
#615 = ORIENTED_EDGE ( 'NONE', *, *, #68, .F. ) ;
#616 = DIRECTION ( 'NONE',  ( 0.000000000000000000, -1.000000000000000000, -0.000000000000000000 ) ) ;
#617 = ORIENTED_EDGE ( 'NONE', *, *, #7325, .T. ) ;
#618 = ORIENTED_EDGE ( 'NONE', *, *, #4649, .T. ) ;
#619 =( GEOMETRIC_REPRESENTATION_CONTEXT ( 3 ) GLOBAL_UNCERTAINTY_ASSIGNED_CONTEXT ( ( #6362 ) ) GLOBAL_UNIT_ASSIGNED_CONTEXT ( ( #2583, #6457, #4863 ) ) REPRESENTATION_CONTEXT ( 'NONE', 'WORKASPACE' ) );
#620 = LINE ( 'NONE', #1138, #2398 ) ;
#621 = CARTESIAN_POINT ( 'NONE',  ( -14.00707988579850394, 2.032879073410320197E-17, -6.381281501425148051 ) ) ;
#622 = ADVANCED_FACE ( 'NONE', ( #5104 ), #3476, .T. ) ;
#623 = CARTESIAN_POINT ( 'NONE',  ( 13.27792898934128552, 0.000000000000000000, 6.808124569814728133 ) ) ;
#624 = SURFACE_STYLE_FILL_AREA ( #6460 ) ;
#625 = VERTEX_POINT ( 'NONE', #1440 ) ;
#626 = SURFACE_STYLE_FILL_AREA ( #5815 ) ;
#627 = PLANE ( 'NONE',  #1765 ) ;
#628 = CARTESIAN_POINT ( 'NONE',  ( 14.15861717919390372, 1.355252715606880080E-17, 6.802598878574403152 ) ) ;
#629 = LINE ( 'NONE', #5374, #2623 ) ;
#630 = CARTESIAN_POINT ( 'NONE',  ( -14.04151379905960262, 0.02000000000000000042, -5.637266998231808657 ) ) ;
#631 = CARTESIAN_POINT ( 'NONE',  ( 14.31299618035768972, 0.000000000000000000, 6.110326926789883650 ) ) ;
#632 = COLOUR_RGB ( '',0.2509803921568627416, 0.2509803921568627416, 0.2509803921568627416 ) ;
#633 = VERTEX_POINT ( 'NONE', #4864 ) ;
#634 = CARTESIAN_POINT ( 'NONE',  ( 14.13895249898269313, 0.02000000000000000042, -5.196042004833483219 ) ) ;
#635 = COLOUR_RGB ( '',1.000000000000000000, 0.7725490196078431682, 0.000000000000000000 ) ;
#636 = DIRECTION ( 'NONE',  ( 0.000000000000000000, -1.000000000000000000, -0.000000000000000000 ) ) ;
#637 = AXIS2_PLACEMENT_3D ( 'NONE', #4170, #6480, #1763 ) ;
#638 = VECTOR ( 'NONE', #6214, 1000.000000000000114 ) ;
#639 = EDGE_CURVE ( 'NONE', #3688, #1119, #273, .T. ) ;
#640 = LINE ( 'NONE', #5826, #1861 ) ;
#641 = CARTESIAN_POINT ( 'NONE',  ( 13.23508893335540115, 0.000000000000000000, 5.267133358877227778 ) ) ;
#642 = CARTESIAN_POINT ( 'NONE',  ( 14.35618775286340210, 1.355252715606880080E-17, 6.170483820497318916 ) ) ;
#643 = DIRECTION ( 'NONE',  ( 0.000000000000000000, 0.000000000000000000, -1.000000000000000000 ) ) ;
#644 = VECTOR ( 'NONE', #4047, 1000.000000000000000 ) ;
#645 = DIRECTION ( 'NONE',  ( 0.000000000000000000, 0.000000000000000000, -1.000000000000000000 ) ) ;
#646 = EDGE_LOOP ( 'NONE', ( #1649, #7139, #617, #820 ) ) ;
#647 = CARTESIAN_POINT ( 'NONE',  ( 14.49504669284767999, 1.355252715606880080E-17, 6.735460157234472334 ) ) ;
#648 = ADVANCED_FACE ( 'NONE', ( #2517 ), #2312, .T. ) ;
#649 = CARTESIAN_POINT ( 'NONE',  ( -13.96856477275760611, 0.000000000000000000, -5.828459276733608085 ) ) ;
#650 = CARTESIAN_POINT ( 'NONE',  ( -14.31312070209260590, 1.355252715606880080E-17, -5.734213565625140063 ) ) ;
#651 = B_SPLINE_SURFACE_WITH_KNOTS ( 'NONE', 3, 1, ( 
 ( #1102, #4454 ),
 ( #4994, #6766 ),
 ( #3995, #50 ),
 ( #2354, #5592 ),
 ( #1736, #5167 ),
 ( #3292, #6346 ),
 ( #1660, #2280 ),
 ( #6380, #6976 ),
 ( #5806, #4674 ),
 ( #5030, #403 ),
 ( #1774, #7481 ),
 ( #4071, #5734 ),
 ( #6725, #3502 ),
 ( #2096, #6307 ),
 ( #2676, #540 ) ),
 .UNSPECIFIED., .F., .F., .F.,
 ( 4, 1, 1, 1, 1, 1, 1, 1, 1, 1, 1, 1, 4 ),
 ( 2, 2 ),
 ( 0.000000000000000000, 0.1046725881823599991, 0.2179224116127565225, 0.3405185375579560247, 0.4735651107347260136, 0.5421968301606600038, 0.6097031823113809867, 0.6755753979924270514, 0.7416019791549910423, 0.8061045072963650693, 0.8709579598542419587, 0.9351362548769790450, 1.000000000000000000 ),
 ( 0.000000000000000000, 1.000000000000000000 ),
 .UNSPECIFIED. ) ;
#652 = CARTESIAN_POINT ( 'NONE',  ( 14.68870544269261735, 0.02000000000000000042, -6.390685487485401772 ) ) ;
#653 = B_SPLINE_CURVE_WITH_KNOTS ( 'NONE', 3,
 ( #1877, #2499, #5870, #5348, #4704, #4813, #2964, #1800, #7007, #5231, #5268, #6554, #4743, #6441, #6516, #1237, #605, #3046, #4136 ),
 .UNSPECIFIED., .F., .F.,
 ( 4, 1, 1, 1, 1, 1, 1, 1, 1, 1, 1, 1, 1, 1, 1, 1, 4 ),
 ( 0.000000000000000000, 0.07293111332186130724, 0.1428174378056301930, 0.2104347745976195005, 0.2764413666885395249, 0.3414389221553659759, 0.4052669598182480071, 0.4693035474503979843, 0.5335776493204330562, 0.5968602406575200803, 0.6572157576442390070, 0.7158163588670169997, 0.7724516706876730643, 0.8290213632245189146, 0.8848334484977630199, 0.9418742489274799512, 1.000000000000000000 ),
 .UNSPECIFIED. ) ;
#654 = ORIENTED_EDGE ( 'NONE', *, *, #3532, .F. ) ;
#655 = CYLINDRICAL_SURFACE ( 'NONE', #5476, 0.2999999999999996003 ) ;
#656 = ORIENTED_EDGE ( 'NONE', *, *, #6176, .T. ) ;
#657 = EDGE_LOOP ( 'NONE', ( #525, #2899, #5821, #4842 ) ) ;
#658 = CARTESIAN_POINT ( 'NONE',  ( 14.42485709634891933, 0.02000000000000000042, -5.570039717896082543 ) ) ;
#659 = CARTESIAN_POINT ( 'NONE',  ( -13.72802878425380513, 2.032879073410320197E-17, -5.813089863277109082 ) ) ;
#660 = B_SPLINE_CURVE_WITH_KNOTS ( 'NONE', 3,
 ( #4142, #3538, #2932, #5878, #4175, #5919, #688 ),
 .UNSPECIFIED., .F., .F.,
 ( 4, 1, 1, 1, 4 ),
 ( 0.000000000000000000, 0.2650720260088935132, 0.5174264585638279623, 0.7613771326035569942, 1.000000000000000000 ),
 .UNSPECIFIED. ) ;
#661 = CARTESIAN_POINT ( 'NONE',  ( 13.47524340778721985, 0.000000000000000000, 5.267133358877227778 ) ) ;
#662 = DIRECTION ( 'NONE',  ( 0.000000000000000000, -1.000000000000000000, -0.000000000000000000 ) ) ;
#663 = CARTESIAN_POINT ( 'NONE',  ( 14.47548180060279677, 3.388131789017200124E-17, 5.911689605240808554 ) ) ;
#664 = DIRECTION ( 'NONE',  ( -1.174997428309413820E-16, 0.000000000000000000, -1.000000000000000000 ) ) ;
#665 = ORIENTED_EDGE ( 'NONE', *, *, #4755, .F. ) ;
#666 = ORIENTED_EDGE ( 'NONE', *, *, #7375, .F. ) ;
#667 = CARTESIAN_POINT ( 'NONE',  ( 13.23508893335540293, 0.000000000000000000, 6.387854239559042746 ) ) ;
#668 = DIRECTION ( 'NONE',  ( 0.9863939238321446368, 0.000000000000000000, 0.1643989873053513240 ) ) ;
#669 = FACE_OUTER_BOUND ( 'NONE', #3534, .T. ) ;
#670 = CARTESIAN_POINT ( 'NONE',  ( 14.44486996921823696, 0.02000000000000000042, -6.235155039662332754 ) ) ;
#671 = VECTOR ( 'NONE', #2519, 1000.000000000000000 ) ;
#672 = CARTESIAN_POINT ( 'NONE',  ( 14.23763584218953504, 0.000000000000000000, 5.637812562844873199 ) ) ;
#673 = VERTEX_POINT ( 'NONE', #3697 ) ;
#674 = CARTESIAN_POINT ( 'NONE',  ( -11.46000000000000618, 1.000000000000000000, -7.860000000000179732 ) ) ;
#675 = VECTOR ( 'NONE', #597, 1000.000000000000000 ) ;
#676 = CARTESIAN_POINT ( 'NONE',  ( 14.39448642271454304, 0.000000000000000000, -5.681313981440982097 ) ) ;
#677 = CARTESIAN_POINT ( 'NONE',  ( 14.41581754757175382, 0.02000000000000000042, -5.504716682281962647 ) ) ;
#678 = CARTESIAN_POINT ( 'NONE',  ( -8.920000000000054996, 1.000000000000000000, 7.859999999999841336 ) ) ;
#679 = CARTESIAN_POINT ( 'NONE',  ( 14.22596687055511566, 0.02000000000000000042, 5.622752314492868386 ) ) ;
#680 = DIRECTION ( 'NONE',  ( 0.000000000000000000, 0.000000000000000000, -1.000000000000000000 ) ) ;
#681 = AXIS2_PLACEMENT_3D ( 'NONE', #4133, #153, #2535 ) ;
#682 = CARTESIAN_POINT ( 'NONE',  ( -6.380000000000054072, 0.000000000000000000, 7.359999999999855547 ) ) ;
#683 = VERTEX_POINT ( 'NONE', #6034 ) ;
#684 = LINE ( 'NONE', #7049, #7451 ) ;
#685 = CARTESIAN_POINT ( 'NONE',  ( -13.98123764760225463, 0.000000000000000000, -5.907919451787338794 ) ) ;
#686 = VECTOR ( 'NONE', #5976, 1000.000000000000000 ) ;
#687 = CARTESIAN_POINT ( 'NONE',  ( 8.859999999999956799, 0.02000000000000000042, 7.609999999999958575 ) ) ;
#688 = CARTESIAN_POINT ( 'NONE',  ( -13.96792049710670724, 0.02000000000000000042, -5.812657790116267265 ) ) ;
#689 = FACE_OUTER_BOUND ( 'NONE', #5159, .T. ) ;
#690 = VERTEX_POINT ( 'NONE', #2950 ) ;
#691 = CARTESIAN_POINT ( 'NONE',  ( -14.13771721535730386, 0.000000000000000000, -5.368934874466847695 ) ) ;
#692 = EDGE_LOOP ( 'NONE', ( #5222, #164, #5990, #4518 ) ) ;
#693 = ORIENTED_EDGE ( 'NONE', *, *, #1639, .F. ) ;
#694 = CARTESIAN_POINT ( 'NONE',  ( 14.12466400330914595, 0.02000000000000000042, -6.273617279708052941 ) ) ;
#695 = CARTESIAN_POINT ( 'NONE',  ( 14.61129981615528628, 0.000000000000000000, -5.953024784819400672 ) ) ;
#696 = DIRECTION ( 'NONE',  ( 0.000000000000000000, 0.000000000000000000, -1.000000000000000000 ) ) ;
#697 = FACE_OUTER_BOUND ( 'NONE', #4257, .T. ) ;
#698 = DIRECTION ( 'NONE',  ( 1.000000000000000000, 0.000000000000000000, -1.174997428309413820E-16 ) ) ;
#699 = ORIENTED_EDGE ( 'NONE', *, *, #5326, .T. ) ;
#700 = ORIENTED_EDGE ( 'NONE', *, *, #2112, .F. ) ;
#701 = CARTESIAN_POINT ( 'NONE',  ( 14.25062714839248912, 0.02000000000000000042, -6.732791782971203176 ) ) ;
#702 = VECTOR ( 'NONE', #2275, 1000.000000000000000 ) ;
#703 = STYLED_ITEM ( 'NONE', ( #1084 ), #4420 ) ;
#704 = PRESENTATION_STYLE_ASSIGNMENT (( #142 ) ) ;
#705 = EDGE_CURVE ( 'NONE', #865, #2669, #5818, .T. ) ;
#706 = VECTOR ( 'NONE', #1441, 1000.000000000000000 ) ;
#707 = LINE ( 'NONE', #785, #4556 ) ;
#708 = VECTOR ( 'NONE', #1659, 1000.000000000000000 ) ;
#709 = DIRECTION ( 'NONE',  ( 0.000000000000000000, -1.000000000000000000, -0.000000000000000000 ) ) ;
#710 = ORIENTED_EDGE ( 'NONE', *, *, #705, .T. ) ;
#711 = CIRCLE ( 'NONE', #5550, 0.2499999999999993616 ) ;
#712 = CARTESIAN_POINT ( 'NONE',  ( 14.28226537715502609, 0.02000000000000000042, -5.172909271895553829 ) ) ;
#713 = FILL_AREA_STYLE ('',( #3524 ) ) ;
#714 = CARTESIAN_POINT ( 'NONE',  ( 12.91488296744631192, 0.02000000000000000042, 6.427879985297678012 ) ) ;
#715 = ADVANCED_FACE ( 'NONE', ( #5616 ), #4400, .T. ) ;
#716 = CARTESIAN_POINT ( 'NONE',  ( 14.33518815391791712, 1.355252715606880080E-17, -5.422326324151442556 ) ) ;
#717 = CARTESIAN_POINT ( 'NONE',  ( 14.28968659854293932, 1.355252715606880080E-17, 6.081581094308099011 ) ) ;
#718 = CARTESIAN_POINT ( 'NONE',  ( -14.21176920900700757, 0.02000000000000000042, -6.635958873280867643 ) ) ;
#719 = EDGE_CURVE ( 'NONE', #58, #1323, #4978, .T. ) ;
#720 = CARTESIAN_POINT ( 'NONE',  ( 14.24624670637184565, 9.900000000000000355, -9.677149158797481832 ) ) ;
#721 = MECHANICAL_DESIGN_GEOMETRIC_PRESENTATION_REPRESENTATION (  '', ( #2018 ), #1297 ) ;
#722 = DIRECTION ( 'NONE',  ( 0.000000000000000000, -1.000000000000000000, -0.000000000000000000 ) ) ;
#723 = ORIENTED_EDGE ( 'NONE', *, *, #4328, .T. ) ;
#724 = CARTESIAN_POINT ( 'NONE',  ( 14.24605171439455376, 1.355252715606880080E-17, 6.808124569814728133 ) ) ;
#725 = EDGE_CURVE ( 'NONE', #3668, #4435, #2119, .T. ) ;
#726 = CARTESIAN_POINT ( 'NONE',  ( -13.08735409085670476, 0.02000000000000000042, -6.589720119495258821 ) ) ;
#727 = FILL_AREA_STYLE ('',( #4858 ) ) ;
#728 = CARTESIAN_POINT ( 'NONE',  ( -14.04490659361465532, 0.000000000000000000, -6.423307264729717581 ) ) ;
#729 = EDGE_LOOP ( 'NONE', ( #1177, #1764, #392, #6708 ) ) ;
#730 =( NAMED_UNIT ( * ) PLANE_ANGLE_UNIT ( ) SI_UNIT ( $, .RADIAN. ) );
#731 = CARTESIAN_POINT ( 'NONE',  ( -13.05608397699840673, 0.02000000000000000042, -5.368934874466847695 ) ) ;
#732 = VERTEX_POINT ( 'NONE', #3917 ) ;
#733 = ORIENTED_EDGE ( 'NONE', *, *, #19, .T. ) ;
#734 = CARTESIAN_POINT ( 'NONE',  ( -12.68709663347035210, 0.02000000000000000042, -6.329552772194127819 ) ) ;
#735 = SURFACE_SIDE_STYLE ('',( #3132 ) ) ;
#736 = ADVANCED_FACE ( 'NONE', ( #7405 ), #6102, .T. ) ;
#737 = CARTESIAN_POINT ( 'NONE',  ( 14.42485709634891933, 0.000000000000000000, -5.570039717896082543 ) ) ;
#738 = CYLINDRICAL_SURFACE ( 'NONE', #5874, 0.2499999999999993616 ) ;
#739 = DIRECTION ( 'NONE',  ( 1.156482317317871607E-14, 0.000000000000000000, -1.000000000000000000 ) ) ;
#740 = PRESENTATION_LAYER_ASSIGNMENT (  '', '', ( #3652 ) ) ;
#741 = VERTEX_POINT ( 'NONE', #4513 ) ;
#742 = ORIENTED_EDGE ( 'NONE', *, *, #2843, .T. ) ;
#743 = CARTESIAN_POINT ( 'NONE',  ( 14.17531980631084032, 0.02000000000000000042, -6.718618150315252890 ) ) ;
#744 = DIRECTION ( 'NONE',  ( 0.000000000000000000, -1.000000000000000000, -0.000000000000000000 ) ) ;
#745 = VECTOR ( 'NONE', #1587, 1000.000000000000000 ) ;
#746 = CARTESIAN_POINT ( 'NONE',  ( 14.18470262191710241, 1.355252715606880080E-17, -6.015638840377001806 ) ) ;
#747 = CARTESIAN_POINT ( 'NONE',  ( -13.96847388521205247, 1.355252715606880080E-17, -5.796869690324738755 ) ) ;
#748 = CARTESIAN_POINT ( 'NONE',  ( 14.28586104859958716, 0.000000000000000000, -5.413487218564932313 ) ) ;
#749 = ORIENTED_EDGE ( 'NONE', *, *, #877, .T. ) ;
#750 = DIRECTION ( 'NONE',  ( 0.000000000000000000, -1.000000000000000000, -0.000000000000000000 ) ) ;
#751 = UNCERTAINTY_MEASURE_WITH_UNIT (LENGTH_MEASURE( 1.000000000000000082E-05 ), #4428, 'distance_accuracy_value', 'NONE');
#752 = DIRECTION ( 'NONE',  ( 0.000000000000000000, -1.000000000000000000, -0.000000000000000000 ) ) ;
#753 = FACE_OUTER_BOUND ( 'NONE', #6904, .T. ) ;
#754 = SURFACE_SIDE_STYLE ('',( #1269 ) ) ;
#755 = CIRCLE ( 'NONE', #5362, 0.2999999999999999334 ) ;
#756 = FACE_OUTER_BOUND ( 'NONE', #1246, .T. ) ;
#757 = CARTESIAN_POINT ( 'NONE',  ( 14.41520415699427815, 1.355252715606880080E-17, 6.348600167547967743 ) ) ;
#758 = FACE_OUTER_BOUND ( 'NONE', #3885, .T. ) ;
#759 = DIRECTION ( 'NONE',  ( -0.01744974916068275927, 0.9996954598818874604, -0.01744974916068270376 ) ) ;
#760 = ORIENTED_EDGE ( 'NONE', *, *, #4192, .F. ) ;
#761 = CARTESIAN_POINT ( 'NONE',  ( 14.52621315999520313, 0.02000000000000000042, 6.709324084604742389 ) ) ;
#762 = VECTOR ( 'NONE', #5149, 1000.000000000000000 ) ;
#763 =( GEOMETRIC_REPRESENTATION_CONTEXT ( 3 ) GLOBAL_UNCERTAINTY_ASSIGNED_CONTEXT ( ( #976 ) ) GLOBAL_UNIT_ASSIGNED_CONTEXT ( ( #3641, #72, #4132 ) ) REPRESENTATION_CONTEXT ( 'NONE', 'WORKASPACE' ) );
#764 = CARTESIAN_POINT ( 'NONE',  ( -14.11979553189925696, 1.355252715606880080E-17, 6.851819499474366637 ) ) ;
#765 = AXIS2_PLACEMENT_3D ( 'NONE', #5561, #255, #6619 ) ;
#766 = CARTESIAN_POINT ( 'NONE',  ( 14.65759070153543320, 0.02000000000000000042, -6.479391573248062031 ) ) ;
#767 = CARTESIAN_POINT ( 'NONE',  ( -14.13123560024510361, 0.000000000000000000, -6.521790048795217842 ) ) ;
#768 = VERTEX_POINT ( 'NONE', #6673 ) ;
#769 =( LENGTH_UNIT ( ) NAMED_UNIT ( * ) SI_UNIT ( .MILLI., .METRE. ) );
#770 = CARTESIAN_POINT ( 'NONE',  ( 14.52719772859253133, 0.02000000000000000042, -5.842034644576262536 ) ) ;
#771 = EDGE_LOOP ( 'NONE', ( #2355, #309, #1001, #3810 ) ) ;
#772 = ORIENTED_EDGE ( 'NONE', *, *, #1639, .T. ) ;
#773 = CARTESIAN_POINT ( 'NONE',  ( 14.23103135947079778, 1.355252715606880080E-17, 6.807828326071427405 ) ) ;
#774 = CARTESIAN_POINT ( 'NONE',  ( 14.70175439026110986, 0.000000000000000000, -6.171635551478511061 ) ) ;
#775 = CARTESIAN_POINT ( 'NONE',  ( 11.40000000000000391, 1.000000000000000000, -7.860000000000023412 ) ) ;
#776 = DIRECTION ( 'NONE',  ( 1.000000000000000000, 0.000000000000000000, -1.174997428309413820E-16 ) ) ;
#777 = LINE ( 'NONE', #4762, #6279 ) ;
#778 = ORIENTED_EDGE ( 'NONE', *, *, #6331, .T. ) ;
#779 = VERTEX_POINT ( 'NONE', #913 ) ;
#780 = PRESENTATION_STYLE_ASSIGNMENT (( #2011 ) ) ;
#781 = CARTESIAN_POINT ( 'NONE',  ( -12.84719961642490560, 0.02000000000000000042, -6.589720119495258821 ) ) ;
#782 = CARTESIAN_POINT ( 'NONE',  ( 14.42325345679751614, 0.02000000000000000042, -5.610676455717642064 ) ) ;
#783 = EDGE_CURVE ( 'NONE', #2441, #5763, #320, .T. ) ;
#784 = FACE_OUTER_BOUND ( 'NONE', #5029, .T. ) ;
#785 = CARTESIAN_POINT ( 'NONE',  ( 14.44486996921823696, 0.02000000000000000042, -6.235155039662332754 ) ) ;
#786 = CARTESIAN_POINT ( 'NONE',  ( 14.35695286619928446, 0.000000000000000000, 5.773816807880593593 ) ) ;
#787 = EDGE_LOOP ( 'NONE', ( #723, #4163, #1581, #6298 ) ) ;
#788 = CARTESIAN_POINT ( 'NONE',  ( 14.44441878428886028, 0.02000000000000000042, -6.254268803803521237 ) ) ;
#789 = CARTESIAN_POINT ( 'NONE',  ( -13.93244449121065642, 0.02000000000000000042, -6.294942356579828591 ) ) ;
#790 = CARTESIAN_POINT ( 'NONE',  ( 14.14227679647702907, 0.02000000000000000042, 5.912186538095762778 ) ) ;
#791 = SURFACE_STYLE_USAGE ( .BOTH. , #754 ) ;
#792 = CARTESIAN_POINT ( 'NONE',  ( 14.34787203626267171, 0.02000000000000000042, 6.156987045354557431 ) ) ;
#793 = CARTESIAN_POINT ( 'NONE',  ( -14.19670259411360291, 0.02000000000000000042, -6.607281828116928324 ) ) ;
#794 = DIRECTION ( 'NONE',  ( 0.000000000000000000, 0.000000000000000000, -1.000000000000000000 ) ) ;
#795 = CARTESIAN_POINT ( 'NONE',  ( 14.31905718976202380, 0.02000000000000000042, -5.995767605212331652 ) ) ;
#796 = VERTEX_POINT ( 'NONE', #6750 ) ;
#797 = EDGE_CURVE ( 'NONE', #3712, #5063, #880, .T. ) ;
#798 = DIRECTION ( 'NONE',  ( 0.000000000000000000, 0.000000000000000000, -1.000000000000000000 ) ) ;
#799 = CARTESIAN_POINT ( 'NONE',  ( -14.01533662107370404, 0.000000000000000000, -5.985261744803919370 ) ) ;
#800 = DIRECTION ( 'NONE',  ( 1.000000000000000000, 0.000000000000000000, -1.174997428309413820E-16 ) ) ;
#801 = CIRCLE ( 'NONE', #3714, 0.2499999999999993616 ) ;
#802 = CARTESIAN_POINT ( 'NONE',  ( 13.88622762831901625, 1.355252715606880080E-17, -6.329525856246662308 ) ) ;
#803 = CARTESIAN_POINT ( 'NONE',  ( 14.36644165274904417, 0.02000000000000000042, 5.784341042093668506 ) ) ;
#804 = CARTESIAN_POINT ( 'NONE',  ( 14.10465113043982832, 0.02000000000000000042, -5.613192475020550631 ) ) ;
#805 = EDGE_LOOP ( 'NONE', ( #3618, #3824, #887, #5443 ) ) ;
#806 = VERTEX_POINT ( 'NONE', #1575 ) ;
#807 = B_SPLINE_CURVE_WITH_KNOTS ( 'NONE', 3,
 ( #1729, #610, #5160, #5802, #2929, #7478, #2270, #2969, #5352, #2542, #1884 ),
 .UNSPECIFIED., .F., .F.,
 ( 4, 1, 1, 1, 1, 1, 1, 1, 4 ),
 ( 0.000000000000000000, 0.1264126829649633854, 0.2480645286968735097, 0.3677857399335054955, 0.4869373622728259687, 0.6077221292347519954, 0.7316345723975909987, 0.8624064927808079428, 1.000000000000000000 ),
 .UNSPECIFIED. ) ;
#808 = COLOUR_RGB ( '',0.2509803921568627416, 0.2509803921568627416, 0.2509803921568627416 ) ;
#809 = CARTESIAN_POINT ( 'NONE',  ( 13.92186842399330793, 1.355252715606880080E-17, 6.679663226667317488 ) ) ;
#810 = CARTESIAN_POINT ( 'NONE',  ( 14.13868691047797554, 0.02000000000000000042, -5.491998082166742456 ) ) ;
#811 = CARTESIAN_POINT ( 'NONE',  ( 14.45132443854122606, 3.388131789017200124E-17, 5.882117087701748126 ) ) ;
#812 = ADVANCED_FACE ( 'NONE', ( #1021 ), #386, .F. ) ;
#813 = ORIENTED_EDGE ( 'NONE', *, *, #5595, .T. ) ;
#814 = ORIENTED_EDGE ( 'NONE', *, *, #6538, .T. ) ;
#815 = ADVANCED_FACE ( 'NONE', ( #5087 ), #3948, .T. ) ;
#816 = EDGE_CURVE ( 'NONE', #3904, #6716, #6262, .T. ) ;
#817 = DIRECTION ( 'NONE',  ( 0.000000000000000000, -1.000000000000000000, -0.000000000000000000 ) ) ;
#818 = CARTESIAN_POINT ( 'NONE',  ( 13.85925506437961197, 0.02000000000000000042, 6.575631448484447361 ) ) ;
#819 = CARTESIAN_POINT ( 'NONE',  ( -13.78721934255205461, 0.000000000000000000, -6.072207755093288917 ) ) ;
#820 = ORIENTED_EDGE ( 'NONE', *, *, #4615, .T. ) ;
#821 = CARTESIAN_POINT ( 'NONE',  ( 14.12642803978068251, 0.000000000000000000, -6.290466860212521993 ) ) ;
#822 = CARTESIAN_POINT ( 'NONE',  ( -13.95870742781595197, 0.02000000000000000042, -6.326220736256399135 ) ) ;
#823 = VECTOR ( 'NONE', #3905, 1000.000000000000000 ) ;
#824 = DIRECTION ( 'NONE',  ( 0.1643989873053585127, -0.000000000000000000, 0.9863939238321435266 ) ) ;
#825 = VECTOR ( 'NONE', #5850, 1000.000000000000000 ) ;
#826 = CARTESIAN_POINT ( 'NONE',  ( 12.98118799419520819, 0.000000000000000000, -5.545478027298462287 ) ) ;
#827 = CARTESIAN_POINT ( 'NONE',  ( 13.13506312473099058, 0.02000000000000000042, -5.723376334671621990 ) ) ;
#828 = CARTESIAN_POINT ( 'NONE',  ( -14.09408233120895559, 0.02000000000000000042, -6.095478349973479482 ) ) ;
#829 = ORIENTED_EDGE ( 'NONE', *, *, #2452, .T. ) ;
#830 = CYLINDRICAL_SURFACE ( 'NONE', #1256, 0.2499999999999993616 ) ;
#831 = EDGE_CURVE ( 'NONE', #5841, #2212, #1654, .T. ) ;
#832 = EDGE_CURVE ( 'NONE', #5395, #5567, #4027, .T. ) ;
#833 = PLANE ( 'NONE',  #2940 ) ;
#834 = DIRECTION ( 'NONE',  ( 1.000000000000000000, 0.000000000000000000, -1.174997428309413820E-16 ) ) ;
#835 = CARTESIAN_POINT ( 'NONE',  ( 14.55194448733590029, 1.355252715606880080E-17, -6.627389630529432196 ) ) ;
#836 = ADVANCED_FACE ( 'NONE', ( #2393 ), #1131, .T. ) ;
#837 = AXIS2_PLACEMENT_3D ( 'NONE', #4335, #1980, #3739 ) ;
#838 = CARTESIAN_POINT ( 'NONE',  ( -14.29343835224410242, 0.02000000000000000042, 6.401691734243430965 ) ) ;
#839 =( NAMED_UNIT ( * ) PLANE_ANGLE_UNIT ( ) SI_UNIT ( $, .RADIAN. ) );
#840 = EDGE_LOOP ( 'NONE', ( #4099, #7204, #2473, #4707 ) ) ;
#841 = ORIENTED_EDGE ( 'NONE', *, *, #26, .T. ) ;
#842 = ADVANCED_FACE ( 'NONE', ( #2816 ), #1159, .T. ) ;
#843 = DIRECTION ( 'NONE',  ( 1.174997428309413820E-16, 0.000000000000000000, 1.000000000000000000 ) ) ;
#844 = CARTESIAN_POINT ( 'NONE',  ( 13.25284996035667007, 0.000000000000000000, 6.742823957135173352 ) ) ;
#845 = CYLINDRICAL_SURFACE ( 'NONE', #4908, 0.2499999999999993616 ) ;
#846 = LINE ( 'NONE', #2041, #1064 ) ;
#847 = ORIENTED_EDGE ( 'NONE', *, *, #2720, .T. ) ;
#848 = EDGE_LOOP ( 'NONE', ( #428, #3032, #7019, #6955 ) ) ;
#849 =( NAMED_UNIT ( * ) SI_UNIT ( $, .STERADIAN. ) SOLID_ANGLE_UNIT ( ) );
#850 = CARTESIAN_POINT ( 'NONE',  ( -11.46000000000005592, -4.100000000000000533, 7.609999999999820908 ) ) ;
#851 = ADVANCED_FACE ( 'NONE', ( #3011 ), #1925, .T. ) ;
#852 = DIRECTION ( 'NONE',  ( 1.000000000000000000, 0.000000000000000000, -1.174997428309413820E-16 ) ) ;
#853 = SPHERICAL_SURFACE ( 'NONE', #569, 0.2999999999999999889 ) ;
#854 = AXIS2_PLACEMENT_3D ( 'NONE', #6672, #4668, #495 ) ;
#855 = CARTESIAN_POINT ( 'NONE',  ( -14.48578643762690277, 0.000000000000000000, 10.15000000000000036 ) ) ;
#856 = CARTESIAN_POINT ( 'NONE',  ( -13.80911952148585442, 0.000000000000000000, -6.117403907331738999 ) ) ;
#857 = VERTEX_POINT ( 'NONE', #7198 ) ;
#858 = DIRECTION ( 'NONE',  ( 0.000000000000000000, -1.000000000000000000, -0.000000000000000000 ) ) ;
#859 = EDGE_CURVE ( 'NONE', #2237, #1335, #7126, .T. ) ;
#860 = PLANE ( 'NONE',  #7128 ) ;
#861 = DIRECTION ( 'NONE',  ( 0.000000000000000000, 1.000000000000000000, 0.000000000000000000 ) ) ;
#862 = CARTESIAN_POINT ( 'NONE',  ( -14.46190050575855501, 0.02000000000000000042, -5.497396217614259228 ) ) ;
#863 = CARTESIAN_POINT ( 'NONE',  ( 13.05225580246217909, 0.02000000000000000042, -5.773740444814933426 ) ) ;
#864 = CARTESIAN_POINT ( 'NONE',  ( 14.64194825636581498, 0.02000000000000000042, 6.240189631678428661 ) ) ;
#865 = VERTEX_POINT ( 'NONE', #4174 ) ;
#866 = LINE ( 'NONE', #2028, #1652 ) ;
#867 = CARTESIAN_POINT ( 'NONE',  ( 14.61622632465297222, 0.02000000000000000042, 6.575513996429742214 ) ) ;
#868 = ADVANCED_FACE ( 'NONE', ( #3725 ), #4282, .T. ) ;
#869 = CARTESIAN_POINT ( 'NONE',  ( 13.79544937369631086, 0.02000000000000000042, 5.267133358877227778 ) ) ;
#870 = DIRECTION ( 'NONE',  ( 0.000000000000000000, 1.000000000000000000, 0.000000000000000000 ) ) ;
#871 = ADVANCED_FACE ( 'NONE', ( #6593 ), #3124, .T. ) ;
#872 = SURFACE_STYLE_FILL_AREA ( #2579 ) ;
#873 = CIRCLE ( 'NONE', #5113, 0.2500000000000002220 ) ;
#874 = EDGE_CURVE ( 'NONE', #7140, #2987, #927, .T. ) ;
#875 = PRESENTATION_STYLE_ASSIGNMENT (( #7243 ) ) ;
#876 = ORIENTED_EDGE ( 'NONE', *, *, #6933, .F. ) ;
#877 = EDGE_CURVE ( 'NONE', #11, #5901, #1568, .T. ) ;
#878 = ORIENTED_EDGE ( 'NONE', *, *, #7187, .F. ) ;
#879 = CARTESIAN_POINT ( 'NONE',  ( -12.84719961642490560, 0.02000000000000000042, -6.589720119495258821 ) ) ;
#880 = LINE ( 'NONE', #3233, #2821 ) ;
#881 = VECTOR ( 'NONE', #5571, 1000.000000000000000 ) ;
#882 = CARTESIAN_POINT ( 'NONE',  ( 13.21905946911159546, 0.000000000000000000, 6.681314512126397709 ) ) ;
#883 = FACE_BOUND ( 'NONE', #5498, .T. ) ;
#884 = CARTESIAN_POINT ( 'NONE',  ( -15.90000000000000391, 0.000000000000000000, -10.14999999999999858 ) ) ;
#885 = ORIENTED_EDGE ( 'NONE', *, *, #2764, .T. ) ;
#886 = ORIENTED_EDGE ( 'NONE', *, *, #6419, .T. ) ;
#887 = ORIENTED_EDGE ( 'NONE', *, *, #5046, .T. ) ;
#888 = FILL_AREA_STYLE_COLOUR ( '', #975 ) ;
#889 = FILL_AREA_STYLE_COLOUR ( '', #7241 ) ;
#890 = SURFACE_STYLE_USAGE ( .BOTH. , #1983 ) ;
#891 = CARTESIAN_POINT ( 'NONE',  ( -14.00707988579850394, 0.000000000000000000, -6.381281501425148051 ) ) ;
#892 = ORIENTED_EDGE ( 'NONE', *, *, #3510, .T. ) ;
#893 = CARTESIAN_POINT ( 'NONE',  ( 14.24605171439455376, 0.02000000000000000042, 6.808124569814728133 ) ) ;
#894 = CARTESIAN_POINT ( 'NONE',  ( 14.12977314443986820, 0.02000000000000000042, -6.322418359606251315 ) ) ;
#895 = B_SPLINE_CURVE_WITH_KNOTS ( 'NONE', 3,
 ( #431, #6074, #3812, #2047, #395, #5661, #959, #3284, #471, #7379, #2792 ),
 .UNSPECIFIED., .F., .F.,
 ( 4, 1, 1, 1, 1, 1, 1, 1, 4 ),
 ( 0.000000000000000000, 0.1249901170823661950, 0.2395654643902155045, 0.3480573452428470382, 0.4559505208701870038, 0.5713566491068770015, 0.6977519226627759696, 0.8396543720940530253, 1.000000000000000000 ),
 .UNSPECIFIED. ) ;
#896 = CARTESIAN_POINT ( 'NONE',  ( 14.16474941836294832, 1.355252715606880080E-17, 5.527300706178363221 ) ) ;
#897 = CARTESIAN_POINT ( 'NONE',  ( 13.52427781722960098, 0.000000000000000000, -6.713900482833050631 ) ) ;
#898 = CARTESIAN_POINT ( 'NONE',  ( -14.22515175055795567, 1.355252715606880080E-17, -5.374460565707169124 ) ) ;
#899 = VERTEX_POINT ( 'NONE', #7240 ) ;
#900 = CARTESIAN_POINT ( 'NONE',  ( 14.24387751639817346, 0.02000000000000000042, -5.414774330569292360 ) ) ;
#901 = CARTESIAN_POINT ( 'NONE',  ( 14.44486996921823696, 0.02000000000000000042, -6.235155039662332754 ) ) ;
#902 = EDGE_LOOP ( 'NONE', ( #2334, #190, #4376, #5883 ) ) ;
#903 = CARTESIAN_POINT ( 'NONE',  ( -14.48239612030165446, 0.02000000000000000042, -6.576635567025149065 ) ) ;
#904 = CARTESIAN_POINT ( 'NONE',  ( 6.320000000000002949, 1.000000000000000000, -7.360000000000059828 ) ) ;
#905 = CIRCLE ( 'NONE', #3698, 0.2500000000000002220 ) ;
#906 = CARTESIAN_POINT ( 'NONE',  ( 14.24073579503864018, 0.02000000000000000042, 6.567970095382907658 ) ) ;
#907 = CARTESIAN_POINT ( 'NONE',  ( -14.40578009931240722, 0.000000000000000000, -5.446321826537946720 ) ) ;
#908 = DIRECTION ( 'NONE',  ( 0.000000000000000000, -1.000000000000000000, -0.000000000000000000 ) ) ;
#909 = ORIENTED_EDGE ( 'NONE', *, *, #725, .T. ) ;
#910 = CARTESIAN_POINT ( 'NONE',  ( -12.84719961642490560, 0.02000000000000000042, -6.329552772194127819 ) ) ;
#911 = LINE ( 'NONE', #4325, #6053 ) ;
#912 = CIRCLE ( 'NONE', #3941, 0.2500000000000002220 ) ;
#913 = CARTESIAN_POINT ( 'NONE',  ( -8.920000000000054996, 0.000000000000000000, 7.359999999999840448 ) ) ;
#914 = CARTESIAN_POINT ( 'NONE',  ( -13.99863242632505411, 0.02000000000000000042, -5.955338359113000024 ) ) ;
#915 =( NAMED_UNIT ( * ) PLANE_ANGLE_UNIT ( ) SI_UNIT ( $, .RADIAN. ) );
#916 = ORIENTED_EDGE ( 'NONE', *, *, #1053, .T. ) ;
#917 = CIRCLE ( 'NONE', #5524, 0.2500000000000002220 ) ;
#918 = ORIENTED_EDGE ( 'NONE', *, *, #7197, .T. ) ;
#919 = EDGE_CURVE ( 'NONE', #3065, #4616, #2613, .T. ) ;
#920 = CARTESIAN_POINT ( 'NONE',  ( -13.08735409085670476, 0.02000000000000000042, -6.909926085404358709 ) ) ;
#921 = LINE ( 'NONE', #3672, #1758 ) ;
#922 = FACE_OUTER_BOUND ( 'NONE', #3876, .T. ) ;
#923 = CARTESIAN_POINT ( 'NONE',  ( -14.42397203356450319, 0.02000000000000000042, 6.598384972645651381 ) ) ;
#924 = ORIENTED_EDGE ( 'NONE', *, *, #3272, .T. ) ;
#925 = CARTESIAN_POINT ( 'NONE',  ( 14.66501157078073803, 0.02000000000000000042, -5.556593568937011618 ) ) ;
#926 = CARTESIAN_POINT ( 'NONE',  ( -14.15655439666855564, 0.000000000000000000, -5.609680203271387278 ) ) ;
#927 = B_SPLINE_CURVE_WITH_KNOTS ( 'NONE', 3,
 ( #4894, #6447, #3348, #2069, #2656, #4935, #1433, #3227, #378, #1998, #907, #5610, #5643, #4471, #942, #3268, #453, #304, #3833 ),
 .UNSPECIFIED., .F., .F.,
 ( 4, 1, 1, 1, 1, 1, 1, 1, 1, 1, 1, 1, 1, 1, 1, 1, 4 ),
 ( 0.000000000000000000, 0.07856962044363090258, 0.1524157624279564860, 0.2221662873459989973, 0.2878931881657485481, 0.3501160166683509600, 0.4098419974164504986, 0.4674363432541009944, 0.5238385366738970150, 0.5795328812304100241, 0.6350938630033680088, 0.6915074927775949343, 0.7489429418877879829, 0.8077984992902640382, 0.8692755760138980436, 0.9331844849411520260, 1.000000000000000000 ),
 .UNSPECIFIED. ) ;
#928 = ADVANCED_FACE ( 'NONE', ( #3909 ), #6782, .F. ) ;
#929 = DIRECTION ( 'NONE',  ( 0.000000000000000000, 0.000000000000000000, -1.000000000000000000 ) ) ;
#930 = CARTESIAN_POINT ( 'NONE',  ( 13.23508893335540115, 0.02000000000000000042, 5.267133358877227778 ) ) ;
#931 = CARTESIAN_POINT ( 'NONE',  ( -14.56629571858855066, 1.355252715606880080E-17, -5.771649918295017834 ) ) ;
#932 = EDGE_LOOP ( 'NONE', ( #7310, #3985, #4388, #5490 ) ) ;
#933 = LINE ( 'NONE', #4424, #2118 ) ;
#934 = CARTESIAN_POINT ( 'NONE',  ( 14.55308385226313383, 0.02000000000000000042, 6.022207841108783377 ) ) ;
#935 = ORIENTED_EDGE ( 'NONE', *, *, #4758, .T. ) ;
#936 = CARTESIAN_POINT ( 'NONE',  ( -14.22496083302200631, 0.02000000000000000042, -6.246374269331019136 ) ) ;
#937 = DIRECTION ( 'NONE',  ( 0.000000000000000000, 0.000000000000000000, -1.000000000000000000 ) ) ;
#938 = CIRCLE ( 'NONE', #5662, 0.2500000000000002220 ) ;
#939 = B_SPLINE_SURFACE_WITH_KNOTS ( 'NONE', 3, 1, ( 
 ( #6468, #4161 ),
 ( #3558, #747 ),
 ( #3071, #3596 ),
 ( #5375, #7108 ),
 ( #179, #4086 ),
 ( #5819, #5899 ),
 ( #630, #2953 ),
 ( #5260, #64 ),
 ( #4263, #7259 ),
 ( #4338, #4412 ),
 ( #1412, #5553 ) ),
 .UNSPECIFIED., .F., .F., .F.,
 ( 4, 1, 1, 1, 1, 1, 1, 1, 4 ),
 ( 2, 2 ),
 ( 0.000000000000000000, 0.1557263484003199860, 0.2947999542160744668, 0.4192464906763305188, 0.5369722552902830293, 0.6500409756076660495, 0.7614872025353299767, 0.8771118895206310162, 1.000000000000000000 ),
 ( 0.000000000000000000, 1.000000000000000000 ),
 .UNSPECIFIED. ) ;
#940 = CARTESIAN_POINT ( 'NONE',  ( 14.35987492883880101, 0.02000000000000000042, 6.176468269876868256 ) ) ;
#941 = EDGE_CURVE ( 'NONE', #2356, #457, #7316, .T. ) ;
#942 = CARTESIAN_POINT ( 'NONE',  ( -14.26577501539955684, 0.000000000000000000, -5.382704566964908288 ) ) ;
#943 = AXIS2_PLACEMENT_3D ( 'NONE', #5254, #2362, #1252 ) ;
#944 = CARTESIAN_POINT ( 'NONE',  ( -14.10376606765545660, 0.02000000000000000042, 6.558359226907016115 ) ) ;
#945 = EDGE_CURVE ( 'NONE', #7482, #2220, #6742, .T. ) ;
#946 = DIRECTION ( 'NONE',  ( -0.007228834559800666713, -0.9998215707699757981, 0.01745195043442249877 ) ) ;
#947 = ORIENTED_EDGE ( 'NONE', *, *, #4348, .F. ) ;
#948 =( GEOMETRIC_REPRESENTATION_CONTEXT ( 3 ) GLOBAL_UNCERTAINTY_ASSIGNED_CONTEXT ( ( #4537 ) ) GLOBAL_UNIT_ASSIGNED_CONTEXT ( ( #2070, #2544, #6669 ) ) REPRESENTATION_CONTEXT ( 'NONE', 'WORKASPACE' ) );
#949 = ORIENTED_EDGE ( 'NONE', *, *, #2456, .F. ) ;
#950 = FACE_OUTER_BOUND ( 'NONE', #6033, .T. ) ;
#951 = CARTESIAN_POINT ( 'NONE',  ( 14.41520415699427815, 0.000000000000000000, 6.348600167547967743 ) ) ;
#952 = AXIS2_PLACEMENT_3D ( 'NONE', #4660, #4129, #1266 ) ;
#953 = CARTESIAN_POINT ( 'NONE',  ( 13.26690919010498249, 0.000000000000000000, 6.774904293652883602 ) ) ;
#954 = PLANE ( 'NONE',  #1390 ) ;
#955 = ORIENTED_EDGE ( 'NONE', *, *, #501, .F. ) ;
#956 = ORIENTED_EDGE ( 'NONE', *, *, #7344, .T. ) ;
#957 = CARTESIAN_POINT ( 'NONE',  ( 13.22583559028689493, 0.02000000000000000042, -5.357316332562480632 ) ) ;
#958 = ADVANCED_FACE ( 'NONE', ( #7279 ), #1013, .T. ) ;
#959 = CARTESIAN_POINT ( 'NONE',  ( 14.08601007051059462, 0.000000000000000000, 6.481583966341813330 ) ) ;
#960 = DIRECTION ( 'NONE',  ( -1.000000000000000000, 0.000000000000000000, -4.615341528007810958E-17 ) ) ;
#961 = CARTESIAN_POINT ( 'NONE',  ( 12.91488296744631192, 0.02000000000000000042, 6.167712637996543457 ) ) ;
#962 = DIRECTION ( 'NONE',  ( 1.000000000000000000, 0.000000000000000000, -1.174997428309413820E-16 ) ) ;
#963 = CARTESIAN_POINT ( 'NONE',  ( 14.69028692416644866, 0.02000000000000000042, -6.107454873812082852 ) ) ;
#964 = FILL_AREA_STYLE_COLOUR ( '', #6643 ) ;
#965 = VERTEX_POINT ( 'NONE', #4431 ) ;
#966 = DIRECTION ( 'NONE',  ( 0.000000000000000000, -1.000000000000000000, -0.000000000000000000 ) ) ;
#967 = DIRECTION ( 'NONE',  ( 0.000000000000000000, -1.000000000000000000, -0.000000000000000000 ) ) ;
#968 = CARTESIAN_POINT ( 'NONE',  ( 14.05561672099744719, 0.02000000000000000042, 6.347828493820408369 ) ) ;
#969 = DIRECTION ( 'NONE',  ( -1.174997428309413820E-16, 0.000000000000000000, -1.000000000000000000 ) ) ;
#970 = CARTESIAN_POINT ( 'NONE',  ( 1.239999999999946034, 0.02000000000000000042, 7.359999999999904396 ) ) ;
#971 = CARTESIAN_POINT ( 'NONE',  ( -14.26577501539955684, 1.355252715606880080E-17, -5.382704566964908288 ) ) ;
#972 = CARTESIAN_POINT ( 'NONE',  ( 13.88622762831901625, 0.02000000000000000042, -6.329525856246662308 ) ) ;
#973 = EDGE_LOOP ( 'NONE', ( #1929, #3376, #4796, #2202 ) ) ;
#974 = CARTESIAN_POINT ( 'NONE',  ( 14.29897884829130028, 1.355252715606880080E-17, -5.744038188408092438 ) ) ;
#975 = COLOUR_RGB ( '',1.000000000000000000, 0.7725490196078431682, 0.000000000000000000 ) ;
#976 = UNCERTAINTY_MEASURE_WITH_UNIT (LENGTH_MEASURE( 1.000000000000000082E-05 ), #3641, 'distance_accuracy_value', 'NONE');
#977 = DIRECTION ( 'NONE',  ( -1.000000000000000000, 0.000000000000000000, 1.174997428309413820E-16 ) ) ;
#978 = EDGE_LOOP ( 'NONE', ( #2514, #3304, #6580, #4333 ) ) ;
#979 = CARTESIAN_POINT ( 'NONE',  ( -14.00000000000005507, 0.02000000000000000042, 7.609999999999802256 ) ) ;
#980 = CARTESIAN_POINT ( 'NONE',  ( 12.97890077921887197, 0.02000000000000000042, -5.807245175600122877 ) ) ;
#981 = CARTESIAN_POINT ( 'NONE',  ( 14.24073579503864018, 1.355252715606880080E-17, 6.567970095382907658 ) ) ;
#982 = CARTESIAN_POINT ( 'NONE',  ( 14.40528181714196876, 0.02000000000000000042, 6.451836093611673206 ) ) ;
#983 = DIRECTION ( 'NONE',  ( 0.01745195043442244326, 0.9998215707699756871, -0.007228834559800949473 ) ) ;
#984 = ORIENTED_EDGE ( 'NONE', *, *, #4909, .T. ) ;
#985 = EDGE_LOOP ( 'NONE', ( #4360, #2573 ) ) ;
#986 = DIRECTION ( 'NONE',  ( 1.174997428309413820E-16, 0.000000000000000000, 1.000000000000000000 ) ) ;
#987 = DIRECTION ( 'NONE',  ( -0.01745195043442244326, -0.9998215707699756871, 0.007228834559800949473 ) ) ;
#988 = VECTOR ( 'NONE', #6815, 1000.000000000000000 ) ;
#989 = DIRECTION ( 'NONE',  ( 0.000000000000000000, -1.000000000000000000, -0.000000000000000000 ) ) ;
#990 = DIRECTION ( 'NONE',  ( -0.01745240643728355329, -0.9998476951563912696, 2.050653268161883277E-18 ) ) ;
#991 = AXIS2_PLACEMENT_3D ( 'NONE', #82, #3991, #6860 ) ;
#992 = ORIENTED_EDGE ( 'NONE', *, *, #639, .F. ) ;
#993 = VERTEX_POINT ( 'NONE', #1537 ) ;
#994 = CARTESIAN_POINT ( 'NONE',  ( 13.30188436979905120, 0.02000000000000000042, -5.238209884575102393 ) ) ;
#995 = VECTOR ( 'NONE', #3351, 1000.000000000000000 ) ;
#996 = CARTESIAN_POINT ( 'NONE',  ( 13.27792898934128552, 0.02000000000000000042, 6.808124569814728133 ) ) ;
#997 = CARTESIAN_POINT ( 'NONE',  ( 13.08602871528860767, 0.02000000000000000042, 6.257657507038658196 ) ) ;
#998 = SURFACE_STYLE_USAGE ( .BOTH. , #6832 ) ;
#999 = CARTESIAN_POINT ( 'NONE',  ( 14.65600290707699216, 0.000000000000000000, 6.379724009955882735 ) ) ;
#1000 = CARTESIAN_POINT ( 'NONE',  ( 14.67109916382976387, 0.02000000000000000042, -6.049341471387021940 ) ) ;
#1001 = ORIENTED_EDGE ( 'NONE', *, *, #1060, .T. ) ;
#1002 = PLANE ( 'NONE',  #4117 ) ;
#1003 = EDGE_CURVE ( 'NONE', #6246, #5934, #6097, .T. ) ;
#1004 = PLANE ( 'NONE',  #3545 ) ;
#1005 = CARTESIAN_POINT ( 'NONE',  ( 14.61129981615528628, 0.02000000000000000042, -5.953024784819400672 ) ) ;
#1006 = B_SPLINE_CURVE_WITH_KNOTS ( 'NONE', 3,
 ( #4784, #3127, #728, #1848, #127, #6450, #767, #1771, #5431, #5355, #1282, #86, #3654 ),
 .UNSPECIFIED., .F., .F.,
 ( 4, 1, 1, 1, 1, 1, 1, 1, 1, 1, 4 ),
 ( 0.000000000000000000, 0.1297038254702795879, 0.2472825098896530016, 0.3534584971290394839, 0.4474279189341939800, 0.5292832013463630858, 0.5990344773959780378, 0.6574432517947099708, 0.7036342243043839373, 0.8573839243483369899, 1.000000000000000000 ),
 .UNSPECIFIED. ) ;
#1007 = CARTESIAN_POINT ( 'NONE',  ( 14.27682768971582306, 0.02000000000000000042, -6.733536561800843145 ) ) ;
#1008 = ORIENTED_EDGE ( 'NONE', *, *, #3563, .T. ) ;
#1009 = CARTESIAN_POINT ( 'NONE',  ( 13.88767177857200608, 0.02000000000000000042, -5.556245136978732901 ) ) ;
#1010 = CARTESIAN_POINT ( 'NONE',  ( -14.39670371511595448, 0.02000000000000000042, -6.451031872640108134 ) ) ;
#1011 = ORIENTED_EDGE ( 'NONE', *, *, #3555, .T. ) ;
#1012 = CARTESIAN_POINT ( 'NONE',  ( -13.08735409085670476, 0.02000000000000000042, -5.812032387839098035 ) ) ;
#1013 = PLANE ( 'NONE',  #6081 ) ;
#1014 = LINE ( 'NONE', #5083, #2988 ) ;
#1015 = EDGE_CURVE ( 'NONE', #5735, #586, #1586, .T. ) ;
#1016 = ORIENTED_EDGE ( 'NONE', *, *, #5669, .F. ) ;
#1017 = AXIS2_PLACEMENT_3D ( 'NONE', #3944, #609, #1128 ) ;
#1018 = VERTEX_POINT ( 'NONE', #3873 ) ;
#1019 = CARTESIAN_POINT ( 'NONE',  ( -13.08735409085670476, 0.02000000000000000042, -6.589720119495258821 ) ) ;
#1020 = ADVANCED_FACE ( 'NONE', ( #4393 ), #4971, .T. ) ;
#1021 = FACE_OUTER_BOUND ( 'NONE', #3424, .T. ) ;
#1022 = DIRECTION ( 'NONE',  ( 1.174997428309413820E-16, 0.000000000000000000, 1.000000000000000000 ) ) ;
#1023 = CARTESIAN_POINT ( 'NONE',  ( 14.26943299741427928, 0.02000000000000000042, -5.173225079504950585 ) ) ;
#1024 = ORIENTED_EDGE ( 'NONE', *, *, #6757, .F. ) ;
#1025 = ORIENTED_EDGE ( 'NONE', *, *, #4064, .T. ) ;
#1026 = ORIENTED_EDGE ( 'NONE', *, *, #3544, .T. ) ;
#1027 = DIRECTION ( 'NONE',  ( 1.000000000000000000, 0.000000000000000000, -1.174997428309413820E-16 ) ) ;
#1028 = EDGE_CURVE ( 'NONE', #732, #633, #1545, .T. ) ;
#1029 = DIRECTION ( 'NONE',  ( 0.000000000000000000, -1.000000000000000000, -0.000000000000000000 ) ) ;
#1030 = CARTESIAN_POINT ( 'NONE',  ( 13.27792898934128552, 0.02000000000000000042, 6.808124569814728133 ) ) ;
#1031 = CARTESIAN_POINT ( 'NONE',  ( 14.69657087634224801, 1.355252715606880080E-17, -6.138908721416531655 ) ) ;
#1032 = VECTOR ( 'NONE', #2605, 1000.000000000000000 ) ;
#1033 = ORIENTED_EDGE ( 'NONE', *, *, #4872, .T. ) ;
#1034 = EDGE_CURVE ( 'NONE', #5049, #4035, #7081, .T. ) ;
#1036 = EDGE_CURVE ( 'NONE', #5814, #3396, #7434, .T. ) ;
#1035 = CARTESIAN_POINT ( 'NONE',  ( 14.29656347973638297, 0.02000000000000000042, -5.173256757396690553 ) ) ;
#1037 = CIRCLE ( 'NONE', #2748, 0.2499999999999993616 ) ;
#1038 = CARTESIAN_POINT ( 'NONE',  ( -14.13771721535730386, 0.02000000000000000042, -5.368934874466847695 ) ) ;
#1039 = CARTESIAN_POINT ( 'NONE',  ( 14.29656347973638297, 0.02000000000000000042, -5.173256757396690553 ) ) ;
#1040 = CARTESIAN_POINT ( 'NONE',  ( 14.70485754881575247, 0.02000000000000000042, -6.229417933017191267 ) ) ;
#1041 = VECTOR ( 'NONE', #5411, 1000.000000000000000 ) ;
#1042 = DIRECTION ( 'NONE',  ( 0.000000000000000000, -1.000000000000000000, -0.000000000000000000 ) ) ;
#1043 = ORIENTED_EDGE ( 'NONE', *, *, #4059, .T. ) ;
#1044 = FACE_OUTER_BOUND ( 'NONE', #4179, .T. ) ;
#1045 = CARTESIAN_POINT ( 'NONE',  ( -14.32815220875445306, 0.02000000000000000042, -5.829230950461168348 ) ) ;
#1046 = ORIENTED_EDGE ( 'NONE', *, *, #2508, .F. ) ;
#1047 = AXIS2_PLACEMENT_3D ( 'NONE', #2948, #6992, #1786 ) ;
#1048 = DIRECTION ( 'NONE',  ( 0.000000000000000000, -1.000000000000000000, -0.000000000000000000 ) ) ;
#1049 = EDGE_CURVE ( 'NONE', #2116, #1493, #2328, .T. ) ;
#1050 = CARTESIAN_POINT ( 'NONE',  ( -14.26577501539955684, 0.02000000000000000042, -5.382704566964908288 ) ) ;
#1051 = CARTESIAN_POINT ( 'NONE',  ( 14.27538595210620009, 0.000000000000000000, -5.413063746327371639 ) ) ;
#1052 = CARTESIAN_POINT ( 'NONE',  ( -14.37905425956880379, 1.355252715606880080E-17, 6.356432557546476403 ) ) ;
#1053 = EDGE_CURVE ( 'NONE', #4598, #2798, #4504, .T. ) ;
#1054 =( NAMED_UNIT ( * ) SI_UNIT ( $, .STERADIAN. ) SOLID_ANGLE_UNIT ( ) );
#1055 = ORIENTED_EDGE ( 'NONE', *, *, #3544, .F. ) ;
#1056 = EDGE_CURVE ( 'NONE', #1207, #5394, #2845, .T. ) ;
#1057 = CIRCLE ( 'NONE', #2395, 0.2500000000000002220 ) ;
#1058 = FILL_AREA_STYLE_COLOUR ( '', #6831 ) ;
#1059 = VECTOR ( 'NONE', #53, 1000.000000000000000 ) ;
#1060 = EDGE_CURVE ( 'NONE', #2344, #3212, #7361, .T. ) ;
#1061 = CARTESIAN_POINT ( 'NONE',  ( 14.13895249898269313, 0.000000000000000000, -5.196042004833483219 ) ) ;
#1062 = VECTOR ( 'NONE', #2174, 1000.000000000000000 ) ;
#1063 = CARTESIAN_POINT ( 'NONE',  ( 14.24624670637184565, 0.000000000000000000, 3.136679103919437939 ) ) ;
#1064 = VECTOR ( 'NONE', #6141, 1000.000000000000000 ) ;
#1065 = FACE_OUTER_BOUND ( 'NONE', #132, .T. ) ;
#1066 = ORIENTED_EDGE ( 'NONE', *, *, #6757, .T. ) ;
#1067 = VERTEX_POINT ( 'NONE', #3451 ) ;
#1068 = ORIENTED_EDGE ( 'NONE', *, *, #2456, .T. ) ;
#1069 = CARTESIAN_POINT ( 'NONE',  ( 12.98118799419520819, 0.02000000000000000042, -5.545478027298462287 ) ) ;
#1070 = CARTESIAN_POINT ( 'NONE',  ( -13.72855044570395400, 2.032879073410320197E-17, -5.844367184287169614 ) ) ;
#1071 = STYLED_ITEM ( 'NONE', ( #2000 ), #4999 ) ;
#1072 = CARTESIAN_POINT ( 'NONE',  ( 13.92186842399330793, 0.02000000000000000042, 6.679663226667317488 ) ) ;
#1073 = ORIENTED_EDGE ( 'NONE', *, *, #1403, .F. ) ;
#1074 = CARTESIAN_POINT ( 'NONE',  ( 14.56186138679349718, 1.355252715606880080E-17, -5.292064800712472206 ) ) ;
#1075 = EDGE_CURVE ( 'NONE', #4144, #3755, #3488, .T. ) ;
#1076 = CARTESIAN_POINT ( 'NONE',  ( -13.88872223690420604, 0.02000000000000000042, -5.441599287047107936 ) ) ;
#1077 = CARTESIAN_POINT ( 'NONE',  ( 14.28226537715502609, 0.02000000000000000042, -5.172909271895553829 ) ) ;
#1078 = CARTESIAN_POINT ( 'NONE',  ( 14.62075104423736427, 0.02000000000000000042, -5.734256216330761546 ) ) ;
#1079 = CARTESIAN_POINT ( 'NONE',  ( -1.300000000000054667, 0.02000000000000000042, 7.609999999999890186 ) ) ;
#1080 = ORIENTED_EDGE ( 'NONE', *, *, #6327, .T. ) ;
#1081 = CARTESIAN_POINT ( 'NONE',  ( -14.10376606765545660, 0.02000000000000000042, 5.437638346225195818 ) ) ;
#1082 = DIRECTION ( 'NONE',  ( 0.000000000000000000, -1.000000000000000000, -0.000000000000000000 ) ) ;
#1083 = ORIENTED_EDGE ( 'NONE', *, *, #4128, .T. ) ;
#1084 = PRESENTATION_STYLE_ASSIGNMENT (( #7503 ) ) ;
#1085 = DIRECTION ( 'NONE',  ( -1.000000000000000000, 0.000000000000000000, 1.174997428309413820E-16 ) ) ;
#1086 = CARTESIAN_POINT ( 'NONE',  ( 13.06974686342859471, 0.02000000000000000042, -5.497411580771241368 ) ) ;
#1087 = CARTESIAN_POINT ( 'NONE',  ( -14.04151379905960262, 0.02000000000000000042, -5.637266998231808657 ) ) ;
#1088 = CARTESIAN_POINT ( 'NONE',  ( -14.14303313471325474, 0.02000000000000000042, -5.609089348898669058 ) ) ;
#1089 = CARTESIAN_POINT ( 'NONE',  ( -14.22093446978820452, 0.02000000000000000042, 6.732878274556191478 ) ) ;
#1090 = CARTESIAN_POINT ( 'NONE',  ( 14.06493398524032656, 0.000000000000000000, 5.823607728917568060 ) ) ;
#1091 = ORIENTED_EDGE ( 'NONE', *, *, #3239, .F. ) ;
#1092 = DIRECTION ( 'NONE',  ( 1.000000000000000000, 0.000000000000000000, 0.000000000000000000 ) ) ;
#1093 = DIRECTION ( 'NONE',  ( 0.000000000000000000, 0.000000000000000000, -1.000000000000000000 ) ) ;
#1094 = EDGE_CURVE ( 'NONE', #6716, #1341, #5724, .T. ) ;
#1095 = EDGE_CURVE ( 'NONE', #6697, #2726, #6683, .T. ) ;
#1096 = FACE_BOUND ( 'NONE', #6464, .T. ) ;
#1097 = B_SPLINE_CURVE_WITH_KNOTS ( 'NONE', 3,
 ( #3661, #4968, #4467, #7235, #2731, #4389, #7276, #6663, #5491, #3264, #3868 ),
 .UNSPECIFIED., .F., .F.,
 ( 4, 1, 1, 1, 1, 1, 1, 1, 4 ),
 ( 0.000000000000000000, 0.1557263484003219844, 0.2947999542160764652, 0.4192464906763340160, 0.5369722552902820301, 0.6500409756076690471, 0.7614872025353339735, 0.8771118895206300170, 1.000000000000000000 ),
 .UNSPECIFIED. ) ;
#1098 = DIRECTION ( 'NONE',  ( 0.000000000000000000, -1.000000000000000000, -0.000000000000000000 ) ) ;
#1099 = ORIENTED_EDGE ( 'NONE', *, *, #256, .T. ) ;
#1100 = EDGE_CURVE ( 'NONE', #1927, #2148, #4056, .T. ) ;
#1101 = B_SPLINE_CURVE_WITH_KNOTS ( 'NONE', 3,
 ( #5339, #786, #65, #6430, #111, #3559, #4196, #672, #145, #2454, #6507, #3107, #5376 ),
 .UNSPECIFIED., .F., .F.,
 ( 4, 1, 1, 1, 1, 1, 1, 1, 1, 1, 4 ),
 ( 0.000000000000000000, 0.1297038254702762017, 0.2472825098896470064, 0.3534584971290394839, 0.4474279189341949792, 0.5292832013463610874, 0.5990344773959770386, 0.6574432517947049748, 0.7036342243043829381, 0.8573839243483369899, 1.000000000000000000 ),
 .UNSPECIFIED. ) ;
#1102 = CARTESIAN_POINT ( 'NONE',  ( 12.91488296744631192, 0.02000000000000000042, 6.427879985297678012 ) ) ;
#1103 = ORIENTED_EDGE ( 'NONE', *, *, #5305, .F. ) ;
#1104 = ORIENTED_EDGE ( 'NONE', *, *, #7331, .F. ) ;
#1105 = DIRECTION ( 'NONE',  ( -0.000000000000000000, 0.000000000000000000, 1.000000000000000000 ) ) ;
#1106 = DIRECTION ( 'NONE',  ( 0.000000000000000000, 0.000000000000000000, -1.000000000000000000 ) ) ;
#1107 = CARTESIAN_POINT ( 'NONE',  ( 14.28726859537235683, 0.02000000000000000042, -5.993437059537591871 ) ) ;
#1108 = CARTESIAN_POINT ( 'NONE',  ( 14.65574014549807913, 0.000000000000000000, 6.363969581004468523 ) ) ;
#1109 = CARTESIAN_POINT ( 'NONE',  ( 14.65574014549807913, 3.388131789017200124E-17, 6.363969581004468523 ) ) ;
#1110 = ORIENTED_EDGE ( 'NONE', *, *, #1195, .T. ) ;
#1111 = CARTESIAN_POINT ( 'NONE',  ( 14.28226537715502609, 1.355252715606880080E-17, -5.172909271895553829 ) ) ;
#1112 = AXIS2_PLACEMENT_3D ( 'NONE', #7151, #5560, #2680 ) ;
#1113 = SURFACE_STYLE_FILL_AREA ( #6319 ) ;
#1114 = CARTESIAN_POINT ( 'NONE',  ( 13.81546224656563027, 1.355252715606880080E-17, 6.387854239559042746 ) ) ;
#1115 = CARTESIAN_POINT ( 'NONE',  ( 14.28726859537235683, 0.000000000000000000, -5.993437059537591871 ) ) ;
#1116 = VECTOR ( 'NONE', #3480, 1000.000000000000000 ) ;
#1117 = CARTESIAN_POINT ( 'NONE',  ( 14.36532172267629548, 0.000000000000000000, -5.179623351476021931 ) ) ;
#1118 = CARTESIAN_POINT ( 'NONE',  ( 14.23144518507108280, 0.000000000000000000, 6.012845987391262526 ) ) ;
#1119 = VERTEX_POINT ( 'NONE', #2922 ) ;
#1120 = DIRECTION ( 'NONE',  ( 0.000000000000000000, 0.000000000000000000, -1.000000000000000000 ) ) ;
#1121 = UNCERTAINTY_MEASURE_WITH_UNIT (LENGTH_MEASURE( 1.000000000000000082E-05 ), #4712, 'distance_accuracy_value', 'NONE');
#1122 = CARTESIAN_POINT ( 'NONE',  ( -14.32365310925915480, 0.02000000000000000042, -5.779439592489328703 ) ) ;
#1123 = CARTESIAN_POINT ( 'NONE',  ( -14.13771721535730386, 0.02000000000000000042, -5.368934874466847695 ) ) ;
#1124 =( LENGTH_UNIT ( ) NAMED_UNIT ( * ) SI_UNIT ( .MILLI., .METRE. ) );
#1125 = LINE ( 'NONE', #2303, #1301 ) ;
#1126 = CARTESIAN_POINT ( 'NONE',  ( -14.42397203356450319, 0.02000000000000000042, 6.598384972645651381 ) ) ;
#1127 = VERTEX_POINT ( 'NONE', #5720 ) ;
#1128 = DIRECTION ( 'NONE',  ( 1.000000000000000000, 0.000000000000000000, -1.174997428309413820E-16 ) ) ;
#1129 = EDGE_CURVE ( 'NONE', #5961, #1456, #1161, .T. ) ;
#1130 = CARTESIAN_POINT ( 'NONE',  ( 13.91970239576167678, 0.000000000000000000, -5.432433253805941220 ) ) ;
#1131 = PLANE ( 'NONE',  #7053 ) ;
#1132 = CARTESIAN_POINT ( 'NONE',  ( 14.41088559597720753, 0.02000000000000000042, -6.714856523472812810 ) ) ;
#1133 = CARTESIAN_POINT ( 'NONE',  ( 13.84752055066211085, 0.02000000000000000042, 5.492428435206497817 ) ) ;
#1134 = ORIENTED_EDGE ( 'NONE', *, *, #3027, .T. ) ;
#1135 = CARTESIAN_POINT ( 'NONE',  ( 14.05561672099744719, 0.02000000000000000042, 6.347828493820408369 ) ) ;
#1136 = ORIENTED_EDGE ( 'NONE', *, *, #1911, .F. ) ;
#1137 = ORIENTED_EDGE ( 'NONE', *, *, #3887, .T. ) ;
#1138 = CARTESIAN_POINT ( 'NONE',  ( -8.920000000000005258, 1.000000000000000000, -7.860000000000158416 ) ) ;
#1139 = DIRECTION ( 'NONE',  ( 0.000000000000000000, -1.000000000000000000, 0.000000000000000000 ) ) ;
#1140 =( LENGTH_UNIT ( ) NAMED_UNIT ( * ) SI_UNIT ( .MILLI., .METRE. ) );
#1141 = CARTESIAN_POINT ( 'NONE',  ( 15.60004569145308650, 0.000000000000000000, 10.14999999999998970 ) ) ;
#1142 = CARTESIAN_POINT ( 'NONE',  ( 14.59654958719982254, 3.388131789017200124E-17, 6.104851689188293129 ) ) ;
#1143 = ORIENTED_EDGE ( 'NONE', *, *, #6988, .F. ) ;
#1144 = CIRCLE ( 'NONE', #4302, 0.2499999999999993616 ) ;
#1145 = ADVANCED_FACE ( 'NONE', ( #1345 ), #222, .F. ) ;
#1146 = CARTESIAN_POINT ( 'NONE',  ( 13.88450952887732903, 0.02000000000000000042, -6.313643025446691759 ) ) ;
#1147 = SURFACE_SIDE_STYLE ('',( #2834 ) ) ;
#1148 = CARTESIAN_POINT ( 'NONE',  ( -13.99956835436645441, 0.02000000000000000042, -5.385917482223007369 ) ) ;
#1149 = AXIS2_PLACEMENT_3D ( 'NONE', #5751, #2768, #1120 ) ;
#1150 = CARTESIAN_POINT ( 'NONE',  ( 14.26394279577095858, 0.000000000000000000, -5.994090097810672368 ) ) ;
#1151 = ADVANCED_FACE ( 'NONE', ( #1384 ), #6377, .T. ) ;
#1152 = FACE_OUTER_BOUND ( 'NONE', #348, .T. ) ;
#1153 = CARTESIAN_POINT ( 'NONE',  ( 14.33231409882431073, 0.000000000000000000, 6.135535085960972523 ) ) ;
#1154 = EDGE_LOOP ( 'NONE', ( #693, #1546, #892, #885 ) ) ;
#1155 = DIRECTION ( 'NONE',  ( 0.000000000000000000, 0.000000000000000000, -1.000000000000000000 ) ) ;
#1156 = CARTESIAN_POINT ( 'NONE',  ( -6.380000000000005222, 0.02000000000000000042, -7.610000000000161080 ) ) ;
#1157 = AXIS2_PLACEMENT_3D ( 'NONE', #6044, #817, #247 ) ;
#1158 = EDGE_CURVE ( 'NONE', #1970, #3800, #1797, .T. ) ;
#1159 = B_SPLINE_SURFACE_WITH_KNOTS ( 'NONE', 3, 1, ( 
 ( #6376, #7442 ),
 ( #2855, #1730 ),
 ( #3458, #5728 ),
 ( #535, #5768 ),
 ( #2893, #6971 ),
 ( #5239, #2311 ),
 ( #4105, #6410 ),
 ( #3536, #650 ),
 ( #2970, #7051 ),
 ( #3651, #264 ),
 ( #6558, #6522 ) ),
 .UNSPECIFIED., .F., .F., .F.,
 ( 4, 1, 1, 1, 1, 1, 1, 1, 4 ),
 ( 2, 2 ),
 ( 0.000000000000000000, 0.1249901170823685959, 0.2395654643902100089, 0.3480573452428460390, 0.4559505208701860046, 0.5713566491068720055, 0.6977519226627729720, 0.8396543720940500277, 1.000000000000000000 ),
 ( 0.000000000000000000, 1.000000000000000000 ),
 .UNSPECIFIED. ) ;
#1160 = FILL_AREA_STYLE_COLOUR ( '', #7418 ) ;
#1161 = LINE ( 'NONE', #34, #1354 ) ;
#1162 = CARTESIAN_POINT ( 'NONE',  ( -15.90000000000000391, 0.000000000000000000, -10.14999999999999858 ) ) ;
#1163 =( LENGTH_UNIT ( ) NAMED_UNIT ( * ) SI_UNIT ( .MILLI., .METRE. ) );
#1164 = CARTESIAN_POINT ( 'NONE',  ( -14.16205382016630487, 0.02000000000000000042, 6.794222496495766705 ) ) ;
#1165 = DIRECTION ( 'NONE',  ( 0.7071067811865431318, 0.000000000000000000, 0.7071067811865519026 ) ) ;
#1166 = VERTEX_POINT ( 'NONE', #4701 ) ;
#1167 = PRESENTATION_STYLE_ASSIGNMENT (( #1208 ) ) ;
#1168 = EDGE_CURVE ( 'NONE', #168, #6354, #5242, .T. ) ;
#1169 = DIRECTION ( 'NONE',  ( 0.000000000000000000, -1.000000000000000000, 0.000000000000000000 ) ) ;
#1170 = LINE ( 'NONE', #6188, #2500 ) ;
#1171 = CARTESIAN_POINT ( 'NONE',  ( 14.33148861859284828, 0.02000000000000000042, -6.732673253684843040 ) ) ;
#1172 = CARTESIAN_POINT ( 'NONE',  ( 8.860000000000004761, 0.02000000000000000042, -7.860000000000040288 ) ) ;
#1173 = VERTEX_POINT ( 'NONE', #1953 ) ;
#1174 = VECTOR ( 'NONE', #752, 1000.000000000000000 ) ;
#1175 = CARTESIAN_POINT ( 'NONE',  ( 13.93999999999995332, 0.02000000000000000042, 7.859999999999998543 ) ) ;
#1176 = ORIENTED_EDGE ( 'NONE', *, *, #4299, .T. ) ;
#1177 = ORIENTED_EDGE ( 'NONE', *, *, #1382, .F. ) ;
#1178 = DIRECTION ( 'NONE',  ( -0.9838699100999073188, -0.000000000000000000, 0.1788854381999841481 ) ) ;
#1179 = CARTESIAN_POINT ( 'NONE',  ( -13.73390791582985493, 2.032879073410320197E-17, -5.890943029240327533 ) ) ;
#1180 = VECTOR ( 'NONE', #580, 1000.000000000000000 ) ;
#1181 = CARTESIAN_POINT ( 'NONE',  ( -13.08735409085670476, 0.000000000000000000, -6.589720119495258821 ) ) ;
#1182 = CARTESIAN_POINT ( 'NONE',  ( -13.73383025472605645, 0.000000000000000000, -5.715768445738429016 ) ) ;
#1183 = CARTESIAN_POINT ( 'NONE',  ( 14.51655404856545140, 0.02000000000000000042, 5.966229648649113315 ) ) ;
#1184 = PLANE ( 'NONE',  #5547 ) ;
#1185 = ORIENTED_EDGE ( 'NONE', *, *, #47, .T. ) ;
#1186 = B_SPLINE_SURFACE_WITH_KNOTS ( 'NONE', 3, 1, ( 
 ( #2844, #5151 ),
 ( #5640, #450 ),
 ( #4499, #7338 ),
 ( #2093, #5589 ),
 ( #399, #5625 ),
 ( #3248, #1520 ),
 ( #6079, #3892 ),
 ( #5513, #3210 ),
 ( #1589, #1484 ),
 ( #2716, #6152 ),
 ( #4956, #7260 ),
 ( #1000, #5554 ),
 ( #5027, #6689 ),
 ( #963, #6236 ),
 ( #3329, #1031 ),
 ( #3289, #3813 ),
 ( #2051, #2132 ),
 ( #4375, #4451 ),
 ( #3366, #2594 ) ),
 .UNSPECIFIED., .F., .F., .F.,
 ( 4, 1, 1, 1, 1, 1, 1, 1, 1, 1, 1, 1, 1, 1, 1, 1, 4 ),
 ( 2, 2 ),
 ( 0.000000000000000000, 0.05431740662048090140, 0.1087735445081727953, 0.1627065403409184985, 0.2169481258062404827, 0.2725468972334399997, 0.3294664887030789857, 0.3876572954864395126, 0.4489891645232459982, 0.5113927686948369633, 0.5755309395850859433, 0.6403534689042090777, 0.7073271568575419943, 0.7764247460166470161, 0.8482480941897779791, 0.9222075566611099839, 1.000000000000000000 ),
 ( 0.000000000000000000, 1.000000000000000000 ),
 .UNSPECIFIED. ) ;
#1187 = ADVANCED_FACE ( 'NONE', ( #6584 ), #3565, .T. ) ;
#1188 = CARTESIAN_POINT ( 'NONE',  ( 1.240000000000003322, 0.02000000000000000042, -7.860000000000078479 ) ) ;
#1189 = LINE ( 'NONE', #5816, #7229 ) ;
#1190 = CARTESIAN_POINT ( 'NONE',  ( 14.24605171439455376, 1.355252715606880080E-17, 6.808124569814728133 ) ) ;
#1191 = FACE_OUTER_BOUND ( 'NONE', #729, .T. ) ;
#1192 = CARTESIAN_POINT ( 'NONE',  ( -14.32815220875445306, 0.000000000000000000, -5.829230950461168348 ) ) ;
#1193 = VECTOR ( 'NONE', #6195, 1000.000000000000000 ) ;
#1194 =( NAMED_UNIT ( * ) PLANE_ANGLE_UNIT ( ) SI_UNIT ( $, .RADIAN. ) );
#1195 = EDGE_CURVE ( 'NONE', #1443, #6903, #2426, .T. ) ;
#1196 = ORIENTED_EDGE ( 'NONE', *, *, #5548, .F. ) ;
#1197 =( LENGTH_UNIT ( ) NAMED_UNIT ( * ) SI_UNIT ( .MILLI., .METRE. ) );
#1198 = EDGE_CURVE ( 'NONE', #393, #7094, #7078, .T. ) ;
#1199 = UNCERTAINTY_MEASURE_WITH_UNIT (LENGTH_MEASURE( 1.000000000000000082E-05 ), #6715, 'distance_accuracy_value', 'NONE');
#1200 = CARTESIAN_POINT ( 'NONE',  ( -14.22496083302200631, 1.355252715606880080E-17, -6.246374269331019136 ) ) ;
#1201 = CARTESIAN_POINT ( 'NONE',  ( 13.82283645370883995, 1.355252715606880080E-17, 5.419048918980007734 ) ) ;
#1202 = CARTESIAN_POINT ( 'NONE',  ( 13.31594359954736539, 0.02000000000000000042, -5.206129548057402801 ) ) ;
#1203 = CARTESIAN_POINT ( 'NONE',  ( -13.99347545716965335, 0.02000000000000000042, -5.689311653898338150 ) ) ;
#1204 = DIRECTION ( 'NONE',  ( 0.000000000000000000, -1.000000000000000000, -0.000000000000000000 ) ) ;
#1205 = CARTESIAN_POINT ( 'NONE',  ( 13.24937629946999706, 0.02000000000000000042, -5.629641170194343402 ) ) ;
#1206 = DIRECTION ( 'NONE',  ( 0.000000000000000000, -1.000000000000000000, -0.000000000000000000 ) ) ;
#1207 = VERTEX_POINT ( 'NONE', #2681 ) ;
#1208 = SURFACE_STYLE_USAGE ( .BOTH. , #3456 ) ;
#1209 = CARTESIAN_POINT ( 'NONE',  ( -14.07077274939420697, 0.02000000000000000042, -6.066732517491698395 ) ) ;
#1210 = DIRECTION ( 'NONE',  ( 0.000000000000000000, 0.000000000000000000, -1.000000000000000000 ) ) ;
#1211 = SURFACE_STYLE_USAGE ( .BOTH. , #2509 ) ;
#1212 = ORIENTED_EDGE ( 'NONE', *, *, #6159, .T. ) ;
#1213 = CARTESIAN_POINT ( 'NONE',  ( 1.240000000000003322, 0.02000000000000000042, -7.360000000000079368 ) ) ;
#1214 = ORIENTED_EDGE ( 'NONE', *, *, #1100, .T. ) ;
#1215 = ORIENTED_EDGE ( 'NONE', *, *, #3115, .F. ) ;
#1216 = STYLED_ITEM ( 'NONE', ( #5549 ), #2259 ) ;
#1217 = CARTESIAN_POINT ( 'NONE',  ( 13.31594359954736539, 1.355252715606880080E-17, -5.206129548057402801 ) ) ;
#1218 = CARTESIAN_POINT ( 'NONE',  ( -13.72776602267490453, 2.032879073410320197E-17, -5.797335434325698422 ) ) ;
#1219 = CARTESIAN_POINT ( 'NONE',  ( 13.83170398051869654, 0.000000000000000000, 6.488380233490777194 ) ) ;
#1220 = CARTESIAN_POINT ( 'NONE',  ( -14.13771721535730386, 0.000000000000000000, -5.368934874466847695 ) ) ;
#1221 = CARTESIAN_POINT ( 'NONE',  ( 14.64194825636581498, 0.02000000000000000042, 6.240189631678428661 ) ) ;
#1222 = ORIENTED_EDGE ( 'NONE', *, *, #3438, .T. ) ;
#1223 = EDGE_LOOP ( 'NONE', ( #3867, #2739, #3934, #2144 ) ) ;
#1224 = CARTESIAN_POINT ( 'NONE',  ( 13.12557136096646282, 0.000000000000000000, 6.286355648377008443 ) ) ;
#1225 =( NAMED_UNIT ( * ) SI_UNIT ( $, .STERADIAN. ) SOLID_ANGLE_UNIT ( ) );
#1226 = DIRECTION ( 'NONE',  ( 0.000000000000000000, 0.000000000000000000, -1.000000000000000000 ) ) ;
#1227 = LINE ( 'NONE', #4803, #3459 ) ;
#1228 = DIRECTION ( 'NONE',  ( 0.000000000000000000, -1.000000000000000000, -0.000000000000000000 ) ) ;
#1229 = CIRCLE ( 'NONE', #2568, 0.2500000000000002220 ) ;
#1230 = ORIENTED_EDGE ( 'NONE', *, *, #5754, .F. ) ;
#1231 = LINE ( 'NONE', #2458, #675 ) ;
#1232 = CARTESIAN_POINT ( 'NONE',  ( -12.68709663347035210, 0.000000000000000000, -6.589720119495258821 ) ) ;
#1233 = CIRCLE ( 'NONE', #6329, 0.2500000000000002220 ) ;
#1234 = DIRECTION ( 'NONE',  ( -1.000000000000000000, -4.510771245186509822E-35, 2.602246546525989853E-16 ) ) ;
#1235 = CARTESIAN_POINT ( 'NONE',  ( 14.05717621245918103, 0.02000000000000000042, 6.365087324772478183 ) ) ;
#1236 = CARTESIAN_POINT ( 'NONE',  ( 14.38513650342679995, 0.02000000000000000042, 6.221721085168573140 ) ) ;
#1237 = CARTESIAN_POINT ( 'NONE',  ( 14.37190035238320895, 0.000000000000000000, -6.725965170920131797 ) ) ;
#1238 = CARTESIAN_POINT ( 'NONE',  ( 14.31905718976202380, 1.355252715606880080E-17, -5.995767605212331652 ) ) ;
#1239 = ORIENTED_EDGE ( 'NONE', *, *, #4744, .F. ) ;
#1240 = CARTESIAN_POINT ( 'NONE',  ( 11.39999999999995595, -4.100000000000000533, 7.609999999999978115 ) ) ;
#1241 = PLANE ( 'NONE',  #1447 ) ;
#1242 = LINE ( 'NONE', #5318, #1431 ) ;
#1243 = ORIENTED_EDGE ( 'NONE', *, *, #5373, .F. ) ;
#1244 = CARTESIAN_POINT ( 'NONE',  ( 14.59528887919516649, 0.02000000000000000042, -5.772733585768750508 ) ) ;
#1245 = ORIENTED_EDGE ( 'NONE', *, *, #4866, .T. ) ;
#1246 = EDGE_LOOP ( 'NONE', ( #3705, #3729, #5680, #2122 ) ) ;
#1247 = CARTESIAN_POINT ( 'NONE',  ( 3.780000000000003801, 0.000000000000000000, -7.860000000000078479 ) ) ;
#1248 = B_SPLINE_CURVE_WITH_KNOTS ( 'NONE', 3,
 ( #6898, #1689, #2346, #6261, #1130, #3457, #2781, #2854, #3426, #5691, #1610, #3989, #5766, #1061, #1653, #6374, #3389, #5238, #2892 ),
 .UNSPECIFIED., .F., .F.,
 ( 4, 1, 1, 1, 1, 1, 1, 1, 1, 1, 1, 1, 1, 1, 1, 1, 4 ),
 ( 0.000000000000000000, 0.08274303077418609931, 0.1607648147147685003, 0.2339735719340269859, 0.3032020836224720295, 0.3684134087851734796, 0.4302918982837585227, 0.4892254981802089953, 0.5462801477675790496, 0.6017754552499439136, 0.6565375029511900662, 0.7112445041841400917, 0.7662490148335420193, 0.8218776296407480642, 0.8792723176394590112, 0.9383165830672379748, 1.000000000000000000 ),
 .UNSPECIFIED. ) ;
#1249 = EDGE_CURVE ( 'NONE', #3162, #5901, #6729, .T. ) ;
#1250 = CARTESIAN_POINT ( 'NONE',  ( 14.49288845141182058, 0.000000000000000000, -5.873696801134562051 ) ) ;
#1251 = DIRECTION ( 'NONE',  ( 0.000000000000000000, 0.000000000000000000, -1.000000000000000000 ) ) ;
#1252 = DIRECTION ( 'NONE',  ( 1.000000000000000000, 0.000000000000000000, -1.174997428309413820E-16 ) ) ;
#1253 = VERTEX_POINT ( 'NONE', #3784 ) ;
#1254 = ORIENTED_EDGE ( 'NONE', *, *, #2629, .T. ) ;
#1255 = CARTESIAN_POINT ( 'NONE',  ( 8.860000000000004761, 0.02000000000000000042, -7.610000000000041176 ) ) ;
#1256 = AXIS2_PLACEMENT_3D ( 'NONE', #4468, #1498, #3793 ) ;
#1257 = CYLINDRICAL_SURFACE ( 'NONE', #1047, 0.2499999999999993616 ) ;
#1258 = EDGE_CURVE ( 'NONE', #3800, #4187, #4834, .T. ) ;
#1259 = DIRECTION ( 'NONE',  ( 0.000000000000000000, -1.000000000000000000, -0.000000000000000000 ) ) ;
#1260 = AXIS2_PLACEMENT_3D ( 'NONE', #1905, #2371, #4693 ) ;
#1261 = CARTESIAN_POINT ( 'NONE',  ( 14.42444271225915919, 0.000000000000000000, -5.558423434741592395 ) ) ;
#1262 = EDGE_CURVE ( 'NONE', #3678, #2726, #6160, .T. ) ;
#1263 = ORIENTED_EDGE ( 'NONE', *, *, #5460, .F. ) ;
#1264 = CARTESIAN_POINT ( 'NONE',  ( 14.20745863101018536, 0.02000000000000000042, -5.178237126875272267 ) ) ;
#1265 = UNCERTAINTY_MEASURE_WITH_UNIT (LENGTH_MEASURE( 1.000000000000000082E-05 ), #4347, 'distance_accuracy_value', 'NONE');
#1266 = DIRECTION ( 'NONE',  ( -1.000000000000000000, 9.375683148932891639E-15, 1.174997428309413820E-16 ) ) ;
#1267 = PRESENTATION_LAYER_ASSIGNMENT (  '', '', ( #1871 ) ) ;
#1268 = CARTESIAN_POINT ( 'NONE',  ( 13.95394338841870230, 0.02000000000000000042, 5.681674210550237802 ) ) ;
#1269 = SURFACE_STYLE_FILL_AREA ( #4202 ) ;
#1270 = CARTESIAN_POINT ( 'NONE',  ( 14.22721453308334638, 0.02000000000000000042, 6.567379241010187663 ) ) ;
#1271 = CARTESIAN_POINT ( 'NONE',  ( 14.18706633563827069, 0.02000000000000000042, 5.569777616164652834 ) ) ;
#1272 = CIRCLE ( 'NONE', #6494, 0.2499999999999993616 ) ;
#1273 = CARTESIAN_POINT ( 'NONE',  ( 14.43472045104788748, 0.02000000000000000042, -6.135584057066612473 ) ) ;
#1274 = ORIENTED_EDGE ( 'NONE', *, *, #2192, .T. ) ;
#1275 = ADVANCED_FACE ( 'NONE', ( #367 ), #3150, .T. ) ;
#1276 = DIRECTION ( 'NONE',  ( 0.000000000000000000, 0.000000000000000000, -1.000000000000000000 ) ) ;
#1277 = B_SPLINE_CURVE_WITH_KNOTS ( 'NONE', 3,
 ( #1220, #2360, #6945, #2908, #4683, #5328, #1781, #5366, #3587, #3062, #3512, #5812, #7064, #2984, #4793, #1182, #4152, #4079, #5253 ),
 .UNSPECIFIED., .F., .F.,
 ( 4, 1, 1, 1, 1, 1, 1, 1, 1, 1, 1, 1, 1, 1, 1, 1, 4 ),
 ( 0.000000000000000000, 0.07411266103589320142, 0.1436507190320178151, 0.2100516928803494998, 0.2733649034018855173, 0.3349952740509130056, 0.3954468596327564978, 0.4559474902146560260, 0.5173725358256879847, 0.5790599188556789789, 0.6394314938813010496, 0.6987549640328700740, 0.7576826860457249735, 0.8173053891001090809, 0.8771506171663199236, 0.9376149219385300215, 1.000000000000000000 ),
 .UNSPECIFIED. ) ;
#1278 = ADVANCED_FACE ( 'NONE', ( #6087 ), #3181, .F. ) ;
#1279 = LINE ( 'NONE', #231, #1333 ) ;
#1280 = AXIS2_PLACEMENT_3D ( 'NONE', #6283, #4048, #2182 ) ;
#1281 = CARTESIAN_POINT ( 'NONE',  ( 14.44832369723021870, 0.02000000000000000042, -6.699548632554831684 ) ) ;
#1282 = CARTESIAN_POINT ( 'NONE',  ( -14.19670259411360291, 0.000000000000000000, -6.607281828116928324 ) ) ;
#1283 = ORIENTED_EDGE ( 'NONE', *, *, #318, .F. ) ;
#1284 = PRESENTATION_LAYER_ASSIGNMENT (  '', '', ( #330 ) ) ;
#1285 = LINE ( 'NONE', #4860, #7163 ) ;
#1286 = EDGE_LOOP ( 'NONE', ( #7393, #4494, #1823, #5168 ) ) ;
#1287 = EDGE_CURVE ( 'NONE', #3494, #1468, #1490, .T. ) ;
#1288 = ORIENTED_EDGE ( 'NONE', *, *, #7325, .F. ) ;
#1289 = CARTESIAN_POINT ( 'NONE',  ( 14.42444271225915919, 0.02000000000000000042, -5.558423434741592395 ) ) ;
#1290 = CARTESIAN_POINT ( 'NONE',  ( 6.319999999999954099, 0.02000000000000000042, 7.609999999999944365 ) ) ;
#1291 = DIRECTION ( 'NONE',  ( 0.000000000000000000, -1.000000000000000000, -0.000000000000000000 ) ) ;
#1292 = CARTESIAN_POINT ( 'NONE',  ( 14.39660116183937077, 0.02000000000000000042, 5.818001444594337990 ) ) ;
#1293 = CARTESIAN_POINT ( 'NONE',  ( 14.29897884829130028, 0.02000000000000000042, -5.744038188408092438 ) ) ;
#1294 = EDGE_LOOP ( 'NONE', ( #4727, #2502, #2648, #1196 ) ) ;
#1295 = VERTEX_POINT ( 'NONE', #897 ) ;
#1296 = DIRECTION ( 'NONE',  ( 0.000000000000000000, 0.000000000000000000, -1.000000000000000000 ) ) ;
#1297 =( GEOMETRIC_REPRESENTATION_CONTEXT ( 3 ) GLOBAL_UNCERTAINTY_ASSIGNED_CONTEXT ( ( #1121 ) ) GLOBAL_UNIT_ASSIGNED_CONTEXT ( ( #4712, #46, #3013 ) ) REPRESENTATION_CONTEXT ( 'NONE', 'WORKASPACE' ) );
#1298 = AXIS2_PLACEMENT_3D ( 'NONE', #6571, #5441, #1251 ) ;
#1299 =( NAMED_UNIT ( * ) SI_UNIT ( $, .STERADIAN. ) SOLID_ANGLE_UNIT ( ) );
#1300 = DIRECTION ( 'NONE',  ( 0.000000000000000000, 0.000000000000000000, -1.000000000000000000 ) ) ;
#1301 = VECTOR ( 'NONE', #6894, 1000.000000000000000 ) ;
#1302 = PLANE ( 'NONE',  #5890 ) ;
#1303 = MECHANICAL_DESIGN_GEOMETRIC_PRESENTATION_REPRESENTATION (  '', ( #6995 ), #344 ) ;
#1304 = CARTESIAN_POINT ( 'NONE',  ( -14.04293339422130416, 0.02000000000000000042, -5.376397262815318712 ) ) ;
#1305 = VERTEX_POINT ( 'NONE', #4310 ) ;
#1306 = VECTOR ( 'NONE', #499, 1000.000000000000000 ) ;
#1307 = DIRECTION ( 'NONE',  ( 0.000000000000000000, -1.000000000000000000, -0.000000000000000000 ) ) ;
#1308 = DIRECTION ( 'NONE',  ( 0.000000000000000000, 0.000000000000000000, -1.000000000000000000 ) ) ;
#1309 = CARTESIAN_POINT ( 'NONE',  ( 13.92536787106570628, 1.355252715606880080E-17, 5.639787394267767873 ) ) ;
#1310 = CIRCLE ( 'NONE', #6524, 0.2499999999999993616 ) ;
#1311 = CARTESIAN_POINT ( 'NONE',  ( -8.920000000000054996, -4.100000000000000533, 7.609999999999836007 ) ) ;
#1312 = CARTESIAN_POINT ( 'NONE',  ( 13.94000000000000661, 0.02000000000000000042, -7.360000000000001208 ) ) ;
#1313 = CARTESIAN_POINT ( 'NONE',  ( 14.26999621881904368, 0.02000000000000000042, 5.675636776733977484 ) ) ;
#1314 = DIRECTION ( 'NONE',  ( 0.000000000000000000, -1.000000000000000000, -0.000000000000000000 ) ) ;
#1315 = DIRECTION ( 'NONE',  ( 0.000000000000000000, -1.000000000000000000, -0.000000000000000000 ) ) ;
#1316 = EDGE_LOOP ( 'NONE', ( #3765, #2229, #3330, #5248 ) ) ;
#1317 = DIRECTION ( 'NONE',  ( 0.000000000000000000, -1.000000000000000000, -0.000000000000000000 ) ) ;
#1318 = DIRECTION ( 'NONE',  ( 0.000000000000000000, -1.000000000000000000, -0.000000000000000000 ) ) ;
#1319 = CARTESIAN_POINT ( 'NONE',  ( 14.25062714839248912, 0.02000000000000000042, -6.732791782971203176 ) ) ;
#1320 = CYLINDRICAL_SURFACE ( 'NONE', #2530, 0.2999999999999996003 ) ;
#1321 = ORIENTED_EDGE ( 'NONE', *, *, #4323, .T. ) ;
#1322 = CARTESIAN_POINT ( 'NONE',  ( 14.24073579503864018, 0.000000000000000000, 6.567970095382907658 ) ) ;
#1323 = VERTEX_POINT ( 'NONE', #3750 ) ;
#1324 = ORIENTED_EDGE ( 'NONE', *, *, #146, .F. ) ;
#1325 = FACE_OUTER_BOUND ( 'NONE', #6278, .T. ) ;
#1326 = ADVANCED_FACE ( 'NONE', ( #333 ), #2645, .T. ) ;
#1327 = CARTESIAN_POINT ( 'NONE',  ( -14.19670259411360291, 0.02000000000000000042, -6.607281828116928324 ) ) ;
#1328 = EDGE_CURVE ( 'NONE', #4822, #6268, #6914, .T. ) ;
#1329 = CARTESIAN_POINT ( 'NONE',  ( 14.04338514128971482, 0.000000000000000000, 6.769040619792587421 ) ) ;
#1330 = CARTESIAN_POINT ( 'NONE',  ( 1.239999999999946034, 0.000000000000000000, 7.859999999999910614 ) ) ;
#1331 = CARTESIAN_POINT ( 'NONE',  ( 3.779999999999946514, 0.000000000000000000, 7.359999999999923936 ) ) ;
#1332 = CARTESIAN_POINT ( 'NONE',  ( -13.37910425315475571, 0.02000000000000000042, -6.329552772194127819 ) ) ;
#1333 = VECTOR ( 'NONE', #7160, 1000.000000000000000 ) ;
#1334 = VERTEX_POINT ( 'NONE', #2249 ) ;
#1335 = VERTEX_POINT ( 'NONE', #3446 ) ;
#1336 = VECTOR ( 'NONE', #4446, 1000.000000000000000 ) ;
#1337 = CARTESIAN_POINT ( 'NONE',  ( 12.97890077921887197, 0.000000000000000000, -5.807245175600122877 ) ) ;
#1338 = CARTESIAN_POINT ( 'NONE',  ( -14.00000000000000711, 0.02000000000000000042, -7.360000000000199272 ) ) ;
#1339 = CARTESIAN_POINT ( 'NONE',  ( 14.62504708865772862, 0.000000000000000000, -5.384993846471292755 ) ) ;
#1340 = CARTESIAN_POINT ( 'NONE',  ( -14.12122185995335322, 0.02000000000000000042, -5.369200521981218444 ) ) ;
#1341 = VERTEX_POINT ( 'NONE', #5710 ) ;
#1342 =( NAMED_UNIT ( * ) PLANE_ANGLE_UNIT ( ) SI_UNIT ( $, .RADIAN. ) );
#1343 = CARTESIAN_POINT ( 'NONE',  ( -13.76873675425060561, 0.02000000000000000042, -6.027192135298738762 ) ) ;
#1344 = DIRECTION ( 'NONE',  ( 0.000000000000000000, -1.000000000000000000, -0.000000000000000000 ) ) ;
#1345 = FACE_OUTER_BOUND ( 'NONE', #236, .T. ) ;
#1346 = CIRCLE ( 'NONE', #4260, 0.2499999999999993616 ) ;
#1347 = CARTESIAN_POINT ( 'NONE',  ( 14.19656643685713249, 0.02000000000000000042, 5.972797440089012255 ) ) ;
#1348 = CARTESIAN_POINT ( 'NONE',  ( 14.23763584218953504, 0.02000000000000000042, 5.637812562844873199 ) ) ;
#1349 = PRESENTATION_LAYER_ASSIGNMENT (  '', '', ( #6685 ) ) ;
#1350 = LINE ( 'NONE', #4241, #6807 ) ;
#1351 = ORIENTED_EDGE ( 'NONE', *, *, #1056, .F. ) ;
#1352 = DIRECTION ( 'NONE',  ( 0.000000000000000000, -1.000000000000000000, -0.000000000000000000 ) ) ;
#1353 = AXIS2_PLACEMENT_3D ( 'NONE', #5084, #6819, #5688 ) ;
#1354 = VECTOR ( 'NONE', #2496, 1000.000000000000227 ) ;
#1355 = CARTESIAN_POINT ( 'NONE',  ( -14.06092601166955802, 0.02000000000000000042, 6.978629557162696173 ) ) ;
#1356 = EDGE_CURVE ( 'NONE', #2661, #210, #6211, .T. ) ;
#1357 = PRESENTATION_LAYER_ASSIGNMENT (  '', '', ( #6336 ) ) ;
#1358 = CARTESIAN_POINT ( 'NONE',  ( 14.67520857271508561, 0.02000000000000000042, -6.436258399384683138 ) ) ;
#1359 = DIRECTION ( 'NONE',  ( 0.000000000000000000, -1.000000000000000000, 0.000000000000000000 ) ) ;
#1360 = EDGE_CURVE ( 'NONE', #1695, #6911, #1739, .T. ) ;
#1361 = CARTESIAN_POINT ( 'NONE',  ( 14.49923332873823334, 1.355252715606880080E-17, -5.861295625986701729 ) ) ;
#1362 = ORIENTED_EDGE ( 'NONE', *, *, #7123, .T. ) ;
#1363 = EDGE_LOOP ( 'NONE', ( #6978, #6142, #1881, #1379 ) ) ;
#1364 = CARTESIAN_POINT ( 'NONE',  ( -14.04490659361465532, 0.02000000000000000042, -6.423307264729717581 ) ) ;
#1365 = CARTESIAN_POINT ( 'NONE',  ( 14.18579654604175211, 0.02000000000000000042, -5.440948359112802279 ) ) ;
#1366 = FACE_OUTER_BOUND ( 'NONE', #5021, .T. ) ;
#1367 = DIRECTION ( 'NONE',  ( 0.000000000000000000, -1.000000000000000000, -0.000000000000000000 ) ) ;
#1368 = CARTESIAN_POINT ( 'NONE',  ( 14.21218818323171718, 0.000000000000000000, -6.727381584164942474 ) ) ;
#1369 = EDGE_CURVE ( 'NONE', #1443, #4754, #5105, .T. ) ;
#1370 = EDGE_LOOP ( 'NONE', ( #1624, #6100, #4785, #5321 ) ) ;
#1371 = ORIENTED_EDGE ( 'NONE', *, *, #7197, .F. ) ;
#1372 =( LENGTH_UNIT ( ) NAMED_UNIT ( * ) SI_UNIT ( .MILLI., .METRE. ) );
#1373 = DIRECTION ( 'NONE',  ( 0.000000000000000000, -1.000000000000000000, -0.000000000000000000 ) ) ;
#1374 = CARTESIAN_POINT ( 'NONE',  ( 14.31795174937210824, 1.355252715606880080E-17, -6.491232380535731927 ) ) ;
#1375 = CARTESIAN_POINT ( 'NONE',  ( -14.00000000000005507, 0.000000000000000000, 7.609999999999802256 ) ) ;
#1376 = CARTESIAN_POINT ( 'NONE',  ( 14.27538595210620009, 0.000000000000000000, -5.413063746327371639 ) ) ;
#1377 = EDGE_CURVE ( 'NONE', #6259, #5957, #1710, .T. ) ;
#1378 = EDGE_CURVE ( 'NONE', #3212, #2987, #3333, .T. ) ;
#1379 = ORIENTED_EDGE ( 'NONE', *, *, #1403, .T. ) ;
#1380 = DIRECTION ( 'NONE',  ( 1.000000000000000000, 0.000000000000000000, -1.174997428309413820E-16 ) ) ;
#1381 = CARTESIAN_POINT ( 'NONE',  ( 14.27539355318209857, 1.355252715606880080E-17, -6.493131107329651819 ) ) ;
#1382 = EDGE_CURVE ( 'NONE', #3505, #6372, #3125, .T. ) ;
#1383 = CARTESIAN_POINT ( 'NONE',  ( 14.33886233613724137, 1.355252715606880080E-17, 5.753752179551862689 ) ) ;
#1384 = FACE_OUTER_BOUND ( 'NONE', #1363, .T. ) ;
#1385 = CARTESIAN_POINT ( 'NONE',  ( 14.17176971121236129, 1.355252715606880080E-17, 5.945141396910243792 ) ) ;
#1386 = CARTESIAN_POINT ( 'NONE',  ( 14.65600290707699216, 0.000000000000000000, 6.379724009955882735 ) ) ;
#1387 = CARTESIAN_POINT ( 'NONE',  ( 14.12195276856628645, 0.02000000000000000042, -5.527046393894671894 ) ) ;
#1388 = CARTESIAN_POINT ( 'NONE',  ( -15.81214541707270271, 0.000000000000000000, 8.823641020554189751 ) ) ;
#1389 = ORIENTED_EDGE ( 'NONE', *, *, #3287, .F. ) ;
#1390 = AXIS2_PLACEMENT_3D ( 'NONE', #1063, #4477, #3357 ) ;
#1391 = FACE_OUTER_BOUND ( 'NONE', #840, .T. ) ;
#1392 = EDGE_CURVE ( 'NONE', #4509, #5854, #2461, .T. ) ;
#1393 = CARTESIAN_POINT ( 'NONE',  ( -14.08600504065415748, 0.02000000000000000042, 6.913328944483145833 ) ) ;
#1394 = SURFACE_STYLE_FILL_AREA ( #727 ) ;
#1395 = CARTESIAN_POINT ( 'NONE',  ( 14.70503731651937329, 1.355252715606880080E-17, -6.241409062433993071 ) ) ;
#1396 = CARTESIAN_POINT ( 'NONE',  ( -14.17526287637725524, 1.355252715606880080E-17, 6.488058543138246037 ) ) ;
#1397 = CARTESIAN_POINT ( 'NONE',  ( 14.66449804212675012, 1.355252715606880080E-17, -5.572581287802430339 ) ) ;
#1398 = ORIENTED_EDGE ( 'NONE', *, *, #5692, .F. ) ;
#1399 = ADVANCED_FACE ( 'NONE', ( #669 ), #5337, .T. ) ;
#1400 = ORIENTED_EDGE ( 'NONE', *, *, #6876, .T. ) ;
#1401 = STYLED_ITEM ( 'NONE', ( #7179 ), #5857 ) ;
#1402 = DIRECTION ( 'NONE',  ( 0.000000000000000000, -1.000000000000000000, -0.000000000000000000 ) ) ;
#1403 = EDGE_CURVE ( 'NONE', #2476, #7223, #143, .T. ) ;
#1404 = CARTESIAN_POINT ( 'NONE',  ( 15.77576593954804096, 0.000000000000000000, -10.15000000000000924 ) ) ;
#1405 = CARTESIAN_POINT ( 'NONE',  ( -12.84719961642490560, 0.02000000000000000042, -6.909926085404358709 ) ) ;
#1406 = ORIENTED_EDGE ( 'NONE', *, *, #4972, .F. ) ;
#1407 = ORIENTED_EDGE ( 'NONE', *, *, #7295, .F. ) ;
#1408 = AXIS2_PLACEMENT_3D ( 'NONE', #3421, #1204, #5578 ) ;
#1409 = PLANE ( 'NONE',  #1452 ) ;
#1410 = CARTESIAN_POINT ( 'NONE',  ( 13.13506312473099058, 0.000000000000000000, -5.723376334671621990 ) ) ;
#1411 =( LENGTH_UNIT ( ) NAMED_UNIT ( * ) SI_UNIT ( .MILLI., .METRE. ) );
#1412 = CARTESIAN_POINT ( 'NONE',  ( -14.14303313471325474, 0.02000000000000000042, -5.609089348898669058 ) ) ;
#1413 = FACE_OUTER_BOUND ( 'NONE', #6814, .T. ) ;
#1414 = EDGE_CURVE ( 'NONE', #683, #7365, #4579, .T. ) ;
#1415 = ORIENTED_EDGE ( 'NONE', *, *, #719, .F. ) ;
#1416 = CARTESIAN_POINT ( 'NONE',  ( 14.20077547890414671, 0.000000000000000000, -6.461972702760921727 ) ) ;
#1417 = AXIS2_PLACEMENT_3D ( 'NONE', #6245, #4049, #5712 ) ;
#1418 = CARTESIAN_POINT ( 'NONE',  ( 13.93999999999995332, 0.02000000000000000042, 7.609999999999993214 ) ) ;
#1419 = CIRCLE ( 'NONE', #340, 0.2500000000000002220 ) ;
#1420 = VECTOR ( 'NONE', #6982, 1000.000000000000000 ) ;
#1421 = CARTESIAN_POINT ( 'NONE',  ( -1.300000000000054667, 0.02000000000000000042, 7.609999999999890186 ) ) ;
#1422 = CARTESIAN_POINT ( 'NONE',  ( -14.58831955605555564, 0.000000000000000000, -6.909926085404358709 ) ) ;
#1423 = ADVANCED_FACE ( 'NONE', ( #1191 ), #5225, .T. ) ;
#1424 = VECTOR ( 'NONE', #1856, 1000.000000000000000 ) ;
#1425 = CARTESIAN_POINT ( 'NONE',  ( -14.55206494923315574, 0.02000000000000000042, -5.688679210790797747 ) ) ;
#1426 = EDGE_CURVE ( 'NONE', #3396, #1522, #629, .T. ) ;
#1427 = CARTESIAN_POINT ( 'NONE',  ( 13.09445105820910449, 0.02000000000000000042, -5.749847094814822590 ) ) ;
#1428 = DIRECTION ( 'NONE',  ( 0.000000000000000000, -1.000000000000000000, -0.000000000000000000 ) ) ;
#1429 = ORIENTED_EDGE ( 'NONE', *, *, #3012, .T. ) ;
#1430 = CARTESIAN_POINT ( 'NONE',  ( 14.64993867502581004, 1.355252715606880080E-17, 6.461290998543143260 ) ) ;
#1431 = VECTOR ( 'NONE', #5921, 1000.000000000000000 ) ;
#1432 = DIRECTION ( 'NONE',  ( 0.000000000000000000, -1.000000000000000000, -0.000000000000000000 ) ) ;
#1433 = CARTESIAN_POINT ( 'NONE',  ( -14.50634896147560404, 0.000000000000000000, -5.563273113056558472 ) ) ;
#1434 = AXIS2_PLACEMENT_3D ( 'NONE', #5555, #3779, #6080 ) ;
#1435 = CARTESIAN_POINT ( 'NONE',  ( -14.11541350872925449, 0.02000000000000000042, 6.546137065693601542 ) ) ;
#1436 = CARTESIAN_POINT ( 'NONE',  ( 14.16474941836294832, 0.02000000000000000042, 5.527300706178363221 ) ) ;
#1437 = ORIENTED_EDGE ( 'NONE', *, *, #1817, .T. ) ;
#1438 = ORIENTED_EDGE ( 'NONE', *, *, #2032, .F. ) ;
#1439 = CARTESIAN_POINT ( 'NONE',  ( -14.02758117688850703, 0.000000000000000000, -6.006575623784259577 ) ) ;
#1440 = CARTESIAN_POINT ( 'NONE',  ( 11.40000000000000391, -4.100000000000000533, -7.360000000000021636 ) ) ;
#1441 = DIRECTION ( 'NONE',  ( 0.000000000000000000, -1.000000000000000000, -0.000000000000000000 ) ) ;
#1442 = SURFACE_STYLE_USAGE ( .BOTH. , #3236 ) ;
#1443 = VERTEX_POINT ( 'NONE', #5975 ) ;
#1444 = VERTEX_POINT ( 'NONE', #1904 ) ;
#1445 = FILL_AREA_STYLE_COLOUR ( '', #2309 ) ;
#1446 = CARTESIAN_POINT ( 'NONE',  ( 14.39448642271454304, 1.355252715606880080E-17, -5.681313981440982097 ) ) ;
#1447 = AXIS2_PLACEMENT_3D ( 'NONE', #3575, #2434, #1845 ) ;
#1448 = CARTESIAN_POINT ( 'NONE',  ( -6.380000000000005222, 0.02000000000000000042, -7.610000000000161080 ) ) ;
#1449 = EDGE_LOOP ( 'NONE', ( #1859, #5535, #5613, #3583 ) ) ;
#1450 = CARTESIAN_POINT ( 'NONE',  ( 14.42065043018600612, 0.02000000000000000042, -6.386917684473462309 ) ) ;
#1451 = CARTESIAN_POINT ( 'NONE',  ( 14.12977314443986820, 1.355252715606880080E-17, -6.322418359606251315 ) ) ;
#1452 = AXIS2_PLACEMENT_3D ( 'NONE', #4800, #4298, #1903 ) ;
#1453 = CARTESIAN_POINT ( 'NONE',  ( 14.20829252105329665, 0.02000000000000000042, 5.600749222434883379 ) ) ;
#1454 =( NAMED_UNIT ( * ) SI_UNIT ( $, .STERADIAN. ) SOLID_ANGLE_UNIT ( ) );
#1455 = CARTESIAN_POINT ( 'NONE',  ( -14.34038378846215345, 0.02000000000000000042, -5.408018824488989296 ) ) ;
#1456 = VERTEX_POINT ( 'NONE', #6428 ) ;
#1457 = CARTESIAN_POINT ( 'NONE',  ( 13.05225580246217909, 1.355252715606880080E-17, -5.773740444814933426 ) ) ;
#1458 = CARTESIAN_POINT ( 'NONE',  ( 14.42506150193593584, 0.02000000000000000042, 5.850838708025182022 ) ) ;
#1459 = VERTEX_POINT ( 'NONE', #4231 ) ;
#1460 = CARTESIAN_POINT ( 'NONE',  ( -12.84719961642490560, 0.02000000000000000042, -5.368934874466847695 ) ) ;
#1461 = FACE_OUTER_BOUND ( 'NONE', #4288, .T. ) ;
#1462 = CARTESIAN_POINT ( 'NONE',  ( 14.12466400330914595, 0.02000000000000000042, -6.273617279708052941 ) ) ;
#1463 = DIRECTION ( 'NONE',  ( 0.000000000000000000, -1.000000000000000000, 0.000000000000000000 ) ) ;
#1464 = SURFACE_STYLE_USAGE ( .BOTH. , #3874 ) ;
#1465 = VECTOR ( 'NONE', #7280, 1000.000000000000000 ) ;
#1466 = EDGE_CURVE ( 'NONE', #139, #1532, #6541, .T. ) ;
#1467 = MECHANICAL_DESIGN_GEOMETRIC_PRESENTATION_REPRESENTATION (  '', ( #3191 ), #3313 ) ;
#1468 = VERTEX_POINT ( 'NONE', #3673 ) ;
#1469 = VECTOR ( 'NONE', #6934, 1000.000000000000000 ) ;
#1470 = EDGE_LOOP ( 'NONE', ( #7410, #6309, #3539, #2937 ) ) ;
#1471 = DIRECTION ( 'NONE',  ( 0.000000000000000000, 0.000000000000000000, -1.000000000000000000 ) ) ;
#1472 = DIRECTION ( 'NONE',  ( 1.000000000000000000, 0.000000000000000000, -1.174997428309413820E-16 ) ) ;
#1473 = VECTOR ( 'NONE', #6816, 1000.000000000000000 ) ;
#1474 = CARTESIAN_POINT ( 'NONE',  ( 13.15230267861637969, 0.000000000000000000, 6.596689365182813347 ) ) ;
#1475 = LINE ( 'NONE', #241, #671 ) ;
#1476 = CARTESIAN_POINT ( 'NONE',  ( -14.10376606765545660, 0.000000000000000000, 6.558359226907016115 ) ) ;
#1477 = ORIENTED_EDGE ( 'NONE', *, *, #4085, .T. ) ;
#1478 = ADVANCED_FACE ( 'NONE', ( #784 ), #3105, .T. ) ;
#1479 = ORIENTED_EDGE ( 'NONE', *, *, #1839, .F. ) ;
#1480 = FILL_AREA_STYLE ('',( #2557 ) ) ;
#1481 = SURFACE_STYLE_USAGE ( .BOTH. , #4953 ) ;
#1482 = CARTESIAN_POINT ( 'NONE',  ( 13.09445105820910449, 0.000000000000000000, -5.749847094814822590 ) ) ;
#1483 = PLANE ( 'NONE',  #6482 ) ;
#1484 = CARTESIAN_POINT ( 'NONE',  ( 14.62840458952196521, 1.355252715606880080E-17, -5.974204713675140610 ) ) ;
#1485 = VERTEX_POINT ( 'NONE', #6150 ) ;
#1486 = LINE ( 'NONE', #925, #81 ) ;
#1487 = DIRECTION ( 'NONE',  ( 0.000000000000000000, -1.000000000000000000, -0.000000000000000000 ) ) ;
#1488 = EDGE_CURVE ( 'NONE', #7094, #52, #6983, .T. ) ;
#1489 = FACE_OUTER_BOUND ( 'NONE', #356, .T. ) ;
#1490 = LINE ( 'NONE', #4885, #4644 ) ;
#1491 = ADVANCED_FACE ( 'NONE', ( #6720 ), #853, .T. ) ;
#1492 = CARTESIAN_POINT ( 'NONE',  ( 3.779999999999946514, 0.02000000000000000042, 7.609999999999923936 ) ) ;
#1493 = VERTEX_POINT ( 'NONE', #3246 ) ;
#1494 = CARTESIAN_POINT ( 'NONE',  ( 13.00883515088440312, 1.355252715606880080E-17, -5.795106271511771823 ) ) ;
#1495 = CARTESIAN_POINT ( 'NONE',  ( 14.39660116183937077, 0.02000000000000000042, 5.818001444594337990 ) ) ;
#1496 = ORIENTED_EDGE ( 'NONE', *, *, #4511, .T. ) ;
#1497 = CARTESIAN_POINT ( 'NONE',  ( -14.58831955605555564, 0.02000000000000000042, -6.909926085404358709 ) ) ;
#1498 = DIRECTION ( 'NONE',  ( 0.000000000000000000, -1.000000000000000000, -0.000000000000000000 ) ) ;
#1499 = CARTESIAN_POINT ( 'NONE',  ( 14.39029347258223268, 1.355252715606880080E-17, 6.487747790383238566 ) ) ;
#1500 = CARTESIAN_POINT ( 'NONE',  ( 14.39029347258223268, 0.02000000000000000042, 6.487747790383238566 ) ) ;
#1501 = CARTESIAN_POINT ( 'NONE',  ( 12.96391737688869306, 0.02000000000000000042, -5.553153856412601286 ) ) ;
#1502 =( GEOMETRIC_REPRESENTATION_CONTEXT ( 3 ) GLOBAL_UNCERTAINTY_ASSIGNED_CONTEXT ( ( #2880 ) ) GLOBAL_UNIT_ASSIGNED_CONTEXT ( ( #7443, #536, #2200 ) ) REPRESENTATION_CONTEXT ( 'NONE', 'WORKASPACE' ) );
#1503 = ADVANCED_FACE ( 'NONE', ( #1982 ), #44, .T. ) ;
#1504 = CARTESIAN_POINT ( 'NONE',  ( 13.93999999999995332, 0.02000000000000000042, 7.609999999999993214 ) ) ;
#1505 = ORIENTED_EDGE ( 'NONE', *, *, #1932, .F. ) ;
#1506 = DIRECTION ( 'NONE',  ( 0.000000000000000000, -1.000000000000000000, -0.000000000000000000 ) ) ;
#1507 = CARTESIAN_POINT ( 'NONE',  ( 14.27538595210620009, 0.02000000000000000042, -5.413063746327371639 ) ) ;
#1508 = VECTOR ( 'NONE', #5263, 1000.000000000000000 ) ;
#1509 = DIRECTION ( 'NONE',  ( 0.000000000000000000, 0.000000000000000000, -1.000000000000000000 ) ) ;
#1510 = DIRECTION ( 'NONE',  ( 0.000000000000000000, 0.000000000000000000, -1.000000000000000000 ) ) ;
#1511 = DIRECTION ( 'NONE',  ( -1.000000000000000000, 0.000000000000000000, 1.174997428309413820E-16 ) ) ;
#1512 = CARTESIAN_POINT ( 'NONE',  ( 14.04336819841913631, 0.000000000000000000, -6.647969585080263144 ) ) ;
#1513 = ORIENTED_EDGE ( 'NONE', *, *, #5138, .F. ) ;
#1514 =( GEOMETRIC_REPRESENTATION_CONTEXT ( 3 ) GLOBAL_UNCERTAINTY_ASSIGNED_CONTEXT ( ( #5823 ) ) GLOBAL_UNIT_ASSIGNED_CONTEXT ( ( #2559, #4262, #3208 ) ) REPRESENTATION_CONTEXT ( 'NONE', 'WORKASPACE' ) );
#1515 = ORIENTED_EDGE ( 'NONE', *, *, #2181, .F. ) ;
#1516 = CARTESIAN_POINT ( 'NONE',  ( -14.01513962322180440, 0.000000000000000000, -5.660154357259279401 ) ) ;
#1517 = DIRECTION ( 'NONE',  ( -1.174997428309413820E-16, 0.000000000000000000, -1.000000000000000000 ) ) ;
#1518 = DIRECTION ( 'NONE',  ( 0.007228834559805267200, 0.9998215707699757981, -0.01745195043441394658 ) ) ;
#1519 = FILL_AREA_STYLE ('',( #6721 ) ) ;
#1520 = CARTESIAN_POINT ( 'NONE',  ( 14.57377322695514543, 1.355252715606880080E-17, -5.916996375736200520 ) ) ;
#1521 = SURFACE_STYLE_FILL_AREA ( #2133 ) ;
#1522 = VERTEX_POINT ( 'NONE', #5703 ) ;
#1523 = PRESENTATION_LAYER_ASSIGNMENT (  '', '', ( #3961 ) ) ;
#1524 = DIRECTION ( 'NONE',  ( 1.000000000000000000, 0.000000000000000000, -1.174997428309413820E-16 ) ) ;
#1525 = DIRECTION ( 'NONE',  ( 0.000000000000000000, -1.000000000000000000, -0.000000000000000000 ) ) ;
#1526 = CARTESIAN_POINT ( 'NONE',  ( -14.48239612030165446, 0.000000000000000000, -6.576635567025149065 ) ) ;
#1527 = DIRECTION ( 'NONE',  ( 0.000000000000000000, -1.000000000000000000, 0.000000000000000000 ) ) ;
#1528 = CARTESIAN_POINT ( 'NONE',  ( 14.70413923532182032, 1.355252715606880080E-17, -6.292964700570403025 ) ) ;
#1529 = ORIENTED_EDGE ( 'NONE', *, *, #725, .F. ) ;
#1530 = LINE ( 'NONE', #6774, #3112 ) ;
#1531 = DIRECTION ( 'NONE',  ( 0.000000000000000000, 1.000000000000000000, 0.000000000000000000 ) ) ;
#1532 = VERTEX_POINT ( 'NONE', #3470 ) ;
#1533 = CARTESIAN_POINT ( 'NONE',  ( -14.39670371511595448, 0.02000000000000000042, -6.451031872640108134 ) ) ;
#1534 = CARTESIAN_POINT ( 'NONE',  ( 13.13506312473099058, 0.02000000000000000042, -5.723376334671621990 ) ) ;
#1535 = VECTOR ( 'NONE', #1027, 1000.000000000000000 ) ;
#1536 = CARTESIAN_POINT ( 'NONE',  ( 14.28539238854085802, 0.02000000000000000042, -6.493758881270553118 ) ) ;
#1537 = CARTESIAN_POINT ( 'NONE',  ( 12.96391737688869306, 0.000000000000000000, -5.813321203713732288 ) ) ;
#1538 = FACE_OUTER_BOUND ( 'NONE', #6040, .T. ) ;
#1539 = LINE ( 'NONE', #2697, #266 ) ;
#1540 = VERTEX_POINT ( 'NONE', #1700 ) ;
#1541 = AXIS2_PLACEMENT_3D ( 'NONE', #6928, #3940, #1725 ) ;
#1542 = ORIENTED_EDGE ( 'NONE', *, *, #3517, .T. ) ;
#1543 = CARTESIAN_POINT ( 'NONE',  ( -14.22496083302200631, 0.000000000000000000, -6.246374269331019136 ) ) ;
#1544 = CARTESIAN_POINT ( 'NONE',  ( 14.41520415699427815, 0.02000000000000000042, 6.348600167547967743 ) ) ;
#1545 = B_SPLINE_CURVE_WITH_KNOTS ( 'NONE', 3,
 ( #6170, #3193, #6704, #982, #1500, #6130, #3309, #2734, #5044, #2154, #5116 ),
 .UNSPECIFIED., .F., .F.,
 ( 4, 1, 1, 1, 1, 1, 1, 1, 4 ),
 ( 0.000000000000000000, 0.1557263484003219844, 0.2947999542160764652, 0.4192464906763340160, 0.5369722552902820301, 0.6500409756076690471, 0.7614872025353339735, 0.8771118895206300170, 1.000000000000000000 ),
 .UNSPECIFIED. ) ;
#1546 = ORIENTED_EDGE ( 'NONE', *, *, #6399, .F. ) ;
#1547 = EDGE_CURVE ( 'NONE', #6903, #2282, #3439, .T. ) ;
#1548 = ORIENTED_EDGE ( 'NONE', *, *, #4085, .F. ) ;
#1549 = CARTESIAN_POINT ( 'NONE',  ( 13.26809387855397837, 1.355252715606880080E-17, -5.299719329583881589 ) ) ;
#1550 = FACE_OUTER_BOUND ( 'NONE', #7490, .T. ) ;
#1551 = CARTESIAN_POINT ( 'NONE',  ( 13.12557136096646282, 0.02000000000000000042, 6.286355648377008443 ) ) ;
#1552 = DIRECTION ( 'NONE',  ( 0.000000000000000000, -1.000000000000000000, -0.000000000000000000 ) ) ;
#1553 = CARTESIAN_POINT ( 'NONE',  ( 13.27424273806219368, 0.02000000000000000042, 6.797012000259923248 ) ) ;
#1554 = FILL_AREA_STYLE_COLOUR ( '', #4942 ) ;
#1555 = ORIENTED_EDGE ( 'NONE', *, *, #2949, .T. ) ;
#1556 = DIRECTION ( 'NONE',  ( 0.000000000000000000, -1.000000000000000000, -0.000000000000000000 ) ) ;
#1557 = DIRECTION ( 'NONE',  ( 1.000000000000000000, 0.000000000000000000, -1.174997428309413820E-16 ) ) ;
#1558 = EDGE_CURVE ( 'NONE', #1323, #2356, #2130, .T. ) ;
#1559 = CARTESIAN_POINT ( 'NONE',  ( 14.66501157078073803, 0.02000000000000000042, -5.556593568937011618 ) ) ;
#1560 = CARTESIAN_POINT ( 'NONE',  ( 14.29008290561960415, 0.02000000000000000042, -6.733913355702372705 ) ) ;
#1561 = ORIENTED_EDGE ( 'NONE', *, *, #3574, .F. ) ;
#1562 = CARTESIAN_POINT ( 'NONE',  ( 11.39999999999995595, -4.100000000000000533, 7.859999999999978115 ) ) ;
#1563 = AXIS2_PLACEMENT_3D ( 'NONE', #349, #3916, #2037 ) ;
#1564 = CARTESIAN_POINT ( 'NONE',  ( -14.45840105868620284, 1.355252715606880080E-17, -6.537272050013808844 ) ) ;
#1565 = ORIENTED_EDGE ( 'NONE', *, *, #3287, .T. ) ;
#1566 = LINE ( 'NONE', #6701, #823 ) ;
#1567 = CARTESIAN_POINT ( 'NONE',  ( 13.23508893335540115, 0.02000000000000000042, 5.267133358877227778 ) ) ;
#1568 = LINE ( 'NONE', #2773, #881 ) ;
#1569 = LINE ( 'NONE', #6215, #2494 ) ;
#1570 = LINE ( 'NONE', #1436, #2066 ) ;
#1571 = ORIENTED_EDGE ( 'NONE', *, *, #3574, .T. ) ;
#1572 = ORIENTED_EDGE ( 'NONE', *, *, #3517, .F. ) ;
#1573 = ADVANCED_FACE ( 'NONE', ( #584 ), #6797, .T. ) ;
#1574 = DIRECTION ( 'NONE',  ( 0.000000000000000000, -1.000000000000000000, -0.000000000000000000 ) ) ;
#1575 = CARTESIAN_POINT ( 'NONE',  ( 13.93999999999995332, 0.000000000000000000, 7.359999999999993214 ) ) ;
#1576 = PRESENTATION_LAYER_ASSIGNMENT (  '', '', ( #512 ) ) ;
#1577 = EDGE_CURVE ( 'NONE', #6246, #1849, #4809, .T. ) ;
#1578 = FACE_BOUND ( 'NONE', #3854, .T. ) ;
#1579 = EDGE_CURVE ( 'NONE', #5526, #6670, #5172, .T. ) ;
#1580 = CARTESIAN_POINT ( 'NONE',  ( 14.17242655263740758, 0.02000000000000000042, -5.185773451552162072 ) ) ;
#1581 = ORIENTED_EDGE ( 'NONE', *, *, #5336, .F. ) ;
#1582 = ORIENTED_EDGE ( 'NONE', *, *, #2612, .T. ) ;
#1583 = EDGE_LOOP ( 'NONE', ( #271, #5635, #6345, #6644 ) ) ;
#1584 = CARTESIAN_POINT ( 'NONE',  ( -1.300000000000006040, 0.02000000000000000042, -7.360000000000099796 ) ) ;
#1585 = AXIS2_PLACEMENT_3D ( 'NONE', #3303, #2687, #3154 ) ;
#1586 = CIRCLE ( 'NONE', #4157, 0.2500000000000002220 ) ;
#1587 = DIRECTION ( 'NONE',  ( 0.000000000000000000, -1.000000000000000000, -0.000000000000000000 ) ) ;
#1588 = CARTESIAN_POINT ( 'NONE',  ( 14.65600290707699216, 0.000000000000000000, 5.267133358877227778 ) ) ;
#1589 = CARTESIAN_POINT ( 'NONE',  ( 14.62840458952196521, 0.02000000000000000042, -5.974204713675140610 ) ) ;
#1590 = ORIENTED_EDGE ( 'NONE', *, *, #2737, .T. ) ;
#1591 = CARTESIAN_POINT ( 'NONE',  ( 14.40372016235109243, 1.355252715606880080E-17, -5.189104687471322030 ) ) ;
#1592 = EDGE_CURVE ( 'NONE', #3494, #1295, #2907, .T. ) ;
#1593 = CARTESIAN_POINT ( 'NONE',  ( -13.92227189569820567, 1.355252715606880080E-17, -5.418539011940338490 ) ) ;
#1594 = CARTESIAN_POINT ( 'NONE',  ( 14.23934310160619177, 0.000000000000000000, -5.999115598631101776 ) ) ;
#1595 = ADVANCED_FACE ( 'NONE', ( #6189 ), #3924, .T. ) ;
#1596 = CARTESIAN_POINT ( 'NONE',  ( 14.66449804212675012, 0.02000000000000000042, -5.572581287802430339 ) ) ;
#1597 = EDGE_CURVE ( 'NONE', #5146, #5961, #2755, .T. ) ;
#1598 = CARTESIAN_POINT ( 'NONE',  ( 14.48448213910024940, 1.355252715606880080E-17, -6.679954163845392756 ) ) ;
#1599 = ORIENTED_EDGE ( 'NONE', *, *, #1378, .F. ) ;
#1600 = CARTESIAN_POINT ( 'NONE',  ( 14.21096951755808213, 1.355252715606880080E-17, -5.753282585105782942 ) ) ;
#1601 = CARTESIAN_POINT ( 'NONE',  ( -14.32659271729270500, 0.02000000000000000042, -5.811972119509098533 ) ) ;
#1602 = VERTEX_POINT ( 'NONE', #3623 ) ;
#1603 = B_SPLINE_CURVE_WITH_KNOTS ( 'NONE', 3,
 ( #3088, #799, #3724, #685, #6521, #649, #2392 ),
 .UNSPECIFIED., .F., .F.,
 ( 4, 1, 1, 1, 4 ),
 ( 0.000000000000000000, 0.2650720260088935132, 0.5174264585638279623, 0.7613771326035569942, 1.000000000000000000 ),
 .UNSPECIFIED. ) ;
#1604 = DIRECTION ( 'NONE',  ( 1.174997428309413820E-16, -0.000000000000000000, 1.000000000000000000 ) ) ;
#1605 = CARTESIAN_POINT ( 'NONE',  ( -14.48527530561185195, 0.02000000000000000042, -5.528789271373059755 ) ) ;
#1606 = LINE ( 'NONE', #7362, #6758 ) ;
#1607 = PRESENTATION_STYLE_ASSIGNMENT (( #6217 ) ) ;
#1608 = ORIENTED_EDGE ( 'NONE', *, *, #3848, .T. ) ;
#1609 = VECTOR ( 'NONE', #5272, 1000.000000000000000 ) ;
#1610 = CARTESIAN_POINT ( 'NONE',  ( 14.04890014275442134, 0.000000000000000000, -5.245493293220371278 ) ) ;
#1611 = FILL_AREA_STYLE_COLOUR ( '', #635 ) ;
#1612 = PRESENTATION_STYLE_ASSIGNMENT (( #4440 ) ) ;
#1613 = CARTESIAN_POINT ( 'NONE',  ( 14.70503731651937329, 0.02000000000000000042, -6.241409062433993071 ) ) ;
#1614 = EDGE_LOOP ( 'NONE', ( #6764, #3764 ) ) ;
#1615 = EDGE_CURVE ( 'NONE', #5814, #1679, #134, .T. ) ;
#1616 = CARTESIAN_POINT ( 'NONE',  ( -12.68709663347035210, 0.02000000000000000042, -6.589720119495258821 ) ) ;
#1617 = EDGE_LOOP ( 'NONE', ( #410, #6099, #5232, #1776, #3395 ) ) ;
#1618 = ORIENTED_EDGE ( 'NONE', *, *, #2955, .F. ) ;
#1619 = LINE ( 'NONE', #2167, #6753 ) ;
#1620 = AXIS2_PLACEMENT_3D ( 'NONE', #7038, #750, #2422 ) ;
#1621 =( LENGTH_UNIT ( ) NAMED_UNIT ( * ) SI_UNIT ( .MILLI., .METRE. ) );
#1622 = CARTESIAN_POINT ( 'NONE',  ( 14.64986101392202755, 0.000000000000000000, 6.286116415041247407 ) ) ;
#1623 = AXIS2_PLACEMENT_3D ( 'NONE', #1492, #1527, #2059 ) ;
#1624 = ORIENTED_EDGE ( 'NONE', *, *, #7363, .F. ) ;
#1625 = LINE ( 'NONE', #3331, #4590 ) ;
#1626 = B_SPLINE_CURVE_WITH_KNOTS ( 'NONE', 3,
 ( #398, #2561, #6010, #7145, #1946, #818, #5448, #2829, #1072, #7453, #5624, #2173, #2287, #2131, #3891, #5174, #3365, #434, #4450 ),
 .UNSPECIFIED., .F., .F.,
 ( 4, 1, 1, 1, 1, 1, 1, 1, 1, 1, 1, 1, 1, 1, 1, 1, 4 ),
 ( 0.000000000000000000, 0.07856962044363040298, 0.1524157624279554868, 0.2221662873459989973, 0.2878931881657480485, 0.3501160166683494612, 0.4098419974164504986, 0.4674363432541009944, 0.5238385366738970150, 0.5795328812304130217, 0.6350938630033680088, 0.6915074927775959335, 0.7489429418877879829, 0.8077984992902620398, 0.8692755760138990428, 0.9331844849411530252, 1.000000000000000000 ),
 .UNSPECIFIED. ) ;
#1627 = VECTOR ( 'NONE', #479, 1000.000000000000114 ) ;
#1628 = CARTESIAN_POINT ( 'NONE',  ( -6.380000000000054072, 0.02000000000000000042, 7.359999999999855547 ) ) ;
#1629 = CARTESIAN_POINT ( 'NONE',  ( 11.39999999999995595, 0.000000000000000000, 7.609999999999978115 ) ) ;
#1630 = AXIS2_PLACEMENT_3D ( 'NONE', #4591, #2268, #42 ) ;
#1631 = CARTESIAN_POINT ( 'NONE',  ( 14.48489571495687400, 0.02000000000000000042, -5.871170914351612424 ) ) ;
#1632 = AXIS2_PLACEMENT_3D ( 'NONE', #7172, #5470, #2341 ) ;
#1633 = FILL_AREA_STYLE_COLOUR ( '', #5324 ) ;
#1634 = VERTEX_POINT ( 'NONE', #2478 ) ;
#1635 = PLANE ( 'NONE',  #6241 ) ;
#1636 = UNCERTAINTY_MEASURE_WITH_UNIT (LENGTH_MEASURE( 1.000000000000000082E-05 ), #494, 'distance_accuracy_value', 'NONE');
#1637 = DIRECTION ( 'NONE',  ( 0.000000000000000000, -1.000000000000000000, -0.000000000000000000 ) ) ;
#1638 = VERTEX_POINT ( 'NONE', #2446 ) ;
#1639 = EDGE_CURVE ( 'NONE', #6692, #4144, #6944, .T. ) ;
#1640 = DIRECTION ( 'NONE',  ( 0.000000000000000000, -1.000000000000000000, -0.000000000000000000 ) ) ;
#1641 = ADVANCED_FACE ( 'NONE', ( #4682 ), #2405, .F. ) ;
#1642 = CARTESIAN_POINT ( 'NONE',  ( 6.320000000000002949, -4.100000000000000533, -7.360000000000059828 ) ) ;
#1643 = EDGE_CURVE ( 'NONE', #1522, #5862, #2657, .T. ) ;
#1644 = DIRECTION ( 'NONE',  ( 0.000000000000000000, -1.000000000000000000, -0.000000000000000000 ) ) ;
#1645 = CARTESIAN_POINT ( 'NONE',  ( -13.96847388521205247, 0.02000000000000000042, -5.796869690324738755 ) ) ;
#1646 = CARTESIAN_POINT ( 'NONE',  ( 14.55293423971478362, 0.000000000000000000, 6.678295641591573073 ) ) ;
#1647 = LINE ( 'NONE', #2227, #3978 ) ;
#1648 = LINE ( 'NONE', #5197, #5964 ) ;
#1649 = ORIENTED_EDGE ( 'NONE', *, *, #47, .F. ) ;
#1650 = PRESENTATION_LAYER_ASSIGNMENT (  '', '', ( #2018 ) ) ;
#1651 = DIRECTION ( 'NONE',  ( -0.9863939238321433045, -0.000000000000000000, 0.1643989873053596507 ) ) ;
#1652 = VECTOR ( 'NONE', #4355, 1000.000000000000000 ) ;
#1653 = CARTESIAN_POINT ( 'NONE',  ( 14.17242655263740758, 0.000000000000000000, -5.185773451552162072 ) ) ;
#1654 = LINE ( 'NONE', #5124, #1469 ) ;
#1655 = PRESENTATION_LAYER_ASSIGNMENT (  '', '', ( #7105 ) ) ;
#1656 = B_SPLINE_SURFACE_WITH_KNOTS ( 'NONE', 3, 1, ( 
 ( #3441, #1702 ),
 ( #6985, #1109 ),
 ( #5706, #4648 ),
 ( #6353, #5740 ),
 ( #1221, #2796 ),
 ( #3472, #547 ),
 ( #2868, #5101 ),
 ( #7416, #1142 ),
 ( #510, #2830 ),
 ( #2909, #2324 ),
 ( #5780, #1746 ),
 ( #1183, #3513 ),
 ( #173, #1821 ),
 ( #2985, #663 ),
 ( #5401, #811 ),
 ( #4256, #136 ),
 ( #1292, #2552 ),
 ( #4867, #3588 ),
 ( #3030, #3063 ) ),
 .UNSPECIFIED., .F., .F., .F.,
 ( 4, 1, 1, 1, 1, 1, 1, 1, 1, 1, 1, 1, 1, 1, 1, 1, 4 ),
 ( 2, 2 ),
 ( 0.000000000000000000, 0.06953552338552959622, 0.1380491094433502208, 0.2067556592868234899, 0.2751841688940784847, 0.3446084122002534555, 0.4162313271679284887, 0.4899227518536919956, 0.5661907044333730488, 0.6069271943486329590, 0.6516091837135820075, 0.6996604758182439765, 0.7518555105046909048, 0.8081376385094900527, 0.8682453807129189016, 0.9321950013282009895, 1.000000000000000000 ),
 ( 0.000000000000000000, 1.000000000000000000 ),
 .UNSPECIFIED. ) ;
#1657 = CARTESIAN_POINT ( 'NONE',  ( 13.90137280945023157, 0.02000000000000000042, 5.600423877256427652 ) ) ;
#1658 = EDGE_LOOP ( 'NONE', ( #103, #5627, #4816, #4825 ) ) ;
#1659 = DIRECTION ( 'NONE',  ( 0.000000000000000000, -1.000000000000000000, -0.000000000000000000 ) ) ;
#1660 = CARTESIAN_POINT ( 'NONE',  ( 13.15230267861637969, 0.02000000000000000042, 6.596689365182813347 ) ) ;
#1661 = VERTEX_POINT ( 'NONE', #3098 ) ;
#1662 = EDGE_LOOP ( 'NONE', ( #1288, #5742, #5556, #7409, #3131, #5313, #3058 ) ) ;
#1663 = DIRECTION ( 'NONE',  ( 0.000000000000000000, -1.000000000000000000, -0.000000000000000000 ) ) ;
#1664 = CARTESIAN_POINT ( 'NONE',  ( -13.75355849716300227, 2.032879073410320197E-17, -5.982209301317019445 ) ) ;
#1665 =( GEOMETRIC_REPRESENTATION_CONTEXT ( 3 ) GLOBAL_UNCERTAINTY_ASSIGNED_CONTEXT ( ( #7040 ) ) GLOBAL_UNIT_ASSIGNED_CONTEXT ( ( #7141, #4259, #3706 ) ) REPRESENTATION_CONTEXT ( 'NONE', 'WORKASPACE' ) );
#1666 = SURFACE_STYLE_FILL_AREA ( #4522 ) ;
#1667 = CARTESIAN_POINT ( 'NONE',  ( 12.91488296744631192, 0.02000000000000000042, 6.427879985297678012 ) ) ;
#1668 = AXIS2_PLACEMENT_3D ( 'NONE', #595, #1042, #5221 ) ;
#1669 = ORIENTED_EDGE ( 'NONE', *, *, #1814, .T. ) ;
#1670 = DIRECTION ( 'NONE',  ( 0.000000000000000000, -1.000000000000000000, 0.000000000000000000 ) ) ;
#1671 = CYLINDRICAL_SURFACE ( 'NONE', #3413, 0.2999999999999999334 ) ;
#1672 = CARTESIAN_POINT ( 'NONE',  ( -13.78562563042530265, 0.02000000000000000042, -5.566127426224418251 ) ) ;
#1673 = DIRECTION ( 'NONE',  ( 0.000000000000000000, -1.000000000000000000, -0.000000000000000000 ) ) ;
#1674 = CARTESIAN_POINT ( 'NONE',  ( 14.53155915649915286, 0.02000000000000000042, -5.889635906193612769 ) ) ;
#1675 = CARTESIAN_POINT ( 'NONE',  ( 14.19656643685713249, 0.000000000000000000, 5.972797440089012255 ) ) ;
#1676 = ORIENTED_EDGE ( 'NONE', *, *, #4636, .F. ) ;
#1677 = CARTESIAN_POINT ( 'NONE',  ( -15.89999999999999858, 0.000000000000000000, -10.02576593954804629 ) ) ;
#1678 = CARTESIAN_POINT ( 'NONE',  ( -14.50921919898560475, 1.355252715606880080E-17, -6.624879981160907150 ) ) ;
#1679 = VERTEX_POINT ( 'NONE', #4792 ) ;
#1680 = CARTESIAN_POINT ( 'NONE',  ( -13.37910425315475571, 0.000000000000000000, -6.329552772194127819 ) ) ;
#1681 = DIRECTION ( 'NONE',  ( 0.000000000000000000, -1.000000000000000000, -0.000000000000000000 ) ) ;
#1682 = CARTESIAN_POINT ( 'NONE',  ( 13.22583559028689493, 0.02000000000000000042, -5.357316332562480632 ) ) ;
#1683 = FILL_AREA_STYLE ('',( #5796 ) ) ;
#1684 = DIRECTION ( 'NONE',  ( 0.000000000000000000, 1.000000000000000000, 0.000000000000000000 ) ) ;
#1685 = AXIS2_PLACEMENT_3D ( 'NONE', #2199, #6822, #1093 ) ;
#1686 = CARTESIAN_POINT ( 'NONE',  ( -14.08600504065415748, 0.02000000000000000042, 6.913328944483145833 ) ) ;
#1687 = DIRECTION ( 'NONE',  ( 0.7071067811865551223, 1.839952100020034885E-14, 0.7071067811865399122 ) ) ;
#1688 = VERTEX_POINT ( 'NONE', #737 ) ;
#1689 = CARTESIAN_POINT ( 'NONE',  ( 13.88767177857200608, 0.000000000000000000, -5.556245136978732901 ) ) ;
#1690 = EDGE_CURVE ( 'NONE', #4985, #1173, #3061, .T. ) ;
#1691 = SURFACE_SIDE_STYLE ('',( #5243 ) ) ;
#1692 = CARTESIAN_POINT ( 'NONE',  ( 13.98706521463594044, 0.02000000000000000042, 5.726027571641468583 ) ) ;
#1693 = ORIENTED_EDGE ( 'NONE', *, *, #5373, .T. ) ;
#1694 = DIRECTION ( 'NONE',  ( 0.000000000000000000, 0.000000000000000000, -1.000000000000000000 ) ) ;
#1695 = VERTEX_POINT ( 'NONE', #98 ) ;
#1696 = ORIENTED_EDGE ( 'NONE', *, *, #4511, .F. ) ;
#1697 = CARTESIAN_POINT ( 'NONE',  ( 14.06011582049270636, 0.02000000000000000042, 6.397619851792248014 ) ) ;
#1698 = CARTESIAN_POINT ( 'NONE',  ( -13.80911952148585442, 2.032879073410320197E-17, -6.117403907331738999 ) ) ;
#1699 = STYLED_ITEM ( 'NONE', ( #1607 ), #3197 ) ;
#1700 = CARTESIAN_POINT ( 'NONE',  ( -13.08735409085670476, 0.000000000000000000, -6.329552772194127819 ) ) ;
#1701 = CARTESIAN_POINT ( 'NONE',  ( 13.19873365696637357, 0.02000000000000000042, 6.652265571212817363 ) ) ;
#1702 = CARTESIAN_POINT ( 'NONE',  ( 14.65600290707699216, 3.388131789017200124E-17, 6.379724009955882735 ) ) ;
#1703 = EDGE_CURVE ( 'NONE', #1334, #6947, #5273, .T. ) ;
#1704 = ORIENTED_EDGE ( 'NONE', *, *, #3115, .T. ) ;
#1705 = AXIS2_PLACEMENT_3D ( 'NONE', #6929, #7400, #1726 ) ;
#1706 = VECTOR ( 'NONE', #4542, 1000.000000000000000 ) ;
#1707 = CARTESIAN_POINT ( 'NONE',  ( 14.65086532624831861, 1.355252715606880080E-17, -5.451387495179391252 ) ) ;
#1708 = CARTESIAN_POINT ( 'NONE',  ( 6.320000000000002949, 1.000000000000000000, -7.610000000000060716 ) ) ;
#1709 = CARTESIAN_POINT ( 'NONE',  ( 13.85925506437961197, 0.02000000000000000042, 6.575631448484447361 ) ) ;
#1710 = LINE ( 'NONE', #2875, #5370 ) ;
#1711 = PRESENTATION_LAYER_ASSIGNMENT (  '', '', ( #4037 ) ) ;
#1712 = CARTESIAN_POINT ( 'NONE',  ( 14.47400369951328436, 0.000000000000000000, -5.218866997389072004 ) ) ;
#1713 = CARTESIAN_POINT ( 'NONE',  ( 14.15880809672986906, 0.000000000000000000, 5.930685174950558469 ) ) ;
#1714 = VERTEX_POINT ( 'NONE', #1181 ) ;
#1715 = CYLINDRICAL_SURFACE ( 'NONE', #5410, 0.2500000000000002220 ) ;
#1716 = EDGE_CURVE ( 'NONE', #1166, #1119, #5811, .T. ) ;
#1717 = UNCERTAINTY_MEASURE_WITH_UNIT (LENGTH_MEASURE( 1.000000000000000082E-05 ), #5389, 'distance_accuracy_value', 'NONE');
#1718 = CARTESIAN_POINT ( 'NONE',  ( -14.58831955605555564, 1.355252715606880080E-17, -6.909926085404358709 ) ) ;
#1719 = LINE ( 'NONE', #7394, #4823 ) ;
#1720 = B_SPLINE_SURFACE_WITH_KNOTS ( 'NONE', 3, 1, ( 
 ( #2142, #1395 ),
 ( #6772, #5601 ),
 ( #7161, #1528 ),
 ( #2765, #6559 ),
 ( #2543, #3653 ),
 ( #1358, #5955 ),
 ( #766, #3089 ),
 ( #7309, #4859 ),
 ( #2102, #196 ),
 ( #409, #2725 ),
 ( #3726, #835 ),
 ( #2507, #4821 ),
 ( #3863, #1598 ),
 ( #2252, #6954 ),
 ( #3521, #7498 ),
 ( #2804, #5107 ),
 ( #4533, #4572 ),
 ( #4493, #3374 ),
 ( #7424, #6394 ) ),
 .UNSPECIFIED., .F., .F., .F.,
 ( 4, 1, 1, 1, 1, 1, 1, 1, 1, 1, 1, 1, 1, 1, 1, 1, 4 ),
 ( 2, 2 ),
 ( 0.000000000000000000, 0.07293111332186130724, 0.1428174378056301930, 0.2104347745976195005, 0.2764413666885395249, 0.3414389221553659759, 0.4052669598182480071, 0.4693035474503979843, 0.5335776493204330562, 0.5968602406575200803, 0.6572157576442390070, 0.7158163588670169997, 0.7724516706876730643, 0.8290213632245189146, 0.8848334484977630199, 0.9418742489274799512, 1.000000000000000000 ),
 ( 0.000000000000000000, 1.000000000000000000 ),
 .UNSPECIFIED. ) ;
#1721 = DIRECTION ( 'NONE',  ( 0.000000000000000000, 0.000000000000000000, -1.000000000000000000 ) ) ;
#1722 = CARTESIAN_POINT ( 'NONE',  ( -14.18212486518920379, 0.02000000000000000042, -5.369810718512077585 ) ) ;
#1723 = CARTESIAN_POINT ( 'NONE',  ( 14.10996379674273093, 0.000000000000000000, -5.568022060462500811 ) ) ;
#1724 = LINE ( 'NONE', #2383, #7358 ) ;
#1725 = DIRECTION ( 'NONE',  ( -1.174997428309413820E-16, 0.000000000000000000, -1.000000000000000000 ) ) ;
#1726 = DIRECTION ( 'NONE',  ( 1.000000000000000000, 0.000000000000000000, -1.174997428309413820E-16 ) ) ;
#1727 = ORIENTED_EDGE ( 'NONE', *, *, #2197, .T. ) ;
#1728 = CARTESIAN_POINT ( 'NONE',  ( -15.63924888441710337, 9.905235721931189730, 8.752024931840962196 ) ) ;
#1729 = CARTESIAN_POINT ( 'NONE',  ( 14.66501157078073803, 0.000000000000000000, -5.556593568937011618 ) ) ;
#1730 = CARTESIAN_POINT ( 'NONE',  ( -14.15655439666855564, 1.355252715606880080E-17, -5.609680203271387278 ) ) ;
#1731 = ADVANCED_FACE ( 'NONE', ( #6601 ), #2703, .T. ) ;
#1732 = CARTESIAN_POINT ( 'NONE',  ( 14.65759070153543320, 0.02000000000000000042, -6.479391573248062031 ) ) ;
#1733 = CARTESIAN_POINT ( 'NONE',  ( 13.90561298209320462, 0.02000000000000000042, -5.476106995637401553 ) ) ;
#1734 = ORIENTED_EDGE ( 'NONE', *, *, #7200, .F. ) ;
#1735 = AXIS2_PLACEMENT_3D ( 'NONE', #6625, #6702, #376 ) ;
#1736 = CARTESIAN_POINT ( 'NONE',  ( 13.07383877794733174, 0.02000000000000000042, 6.523802969735803536 ) ) ;
#1737 = VERTEX_POINT ( 'NONE', #1974 ) ;
#1738 = ORIENTED_EDGE ( 'NONE', *, *, #1034, .T. ) ;
#1739 = B_SPLINE_CURVE_WITH_KNOTS ( 'NONE', 3,
 ( #1077, #1039, #441, #5747, #3407, #517, #2914, #3371, #6880, #2836, #3965, #2180, #4007, #6321, #5219, #5178, #5787, #1753, #7495 ),
 .UNSPECIFIED., .F., .F.,
 ( 4, 1, 1, 1, 1, 1, 1, 1, 1, 1, 1, 1, 1, 1, 1, 1, 4 ),
 ( 0.000000000000000000, 0.07100693462297520686, 0.1389634504224013800, 0.2040172446691760066, 0.2672358126575070103, 0.3297592516517954819, 0.3922333557121824854, 0.4551522122437309803, 0.5196097778754109608, 0.5840611037659669824, 0.6459596159144179728, 0.7064627874602600333, 0.7653467385920149635, 0.8238034009888789422, 0.8823311130496610533, 0.9409137721218200356, 1.000000000000000000 ),
 .UNSPECIFIED. ) ;
#1740 = CARTESIAN_POINT ( 'NONE',  ( 13.32327714750457659, 1.355252715606880080E-17, -5.184021841450362267 ) ) ;
#1741 = CARTESIAN_POINT ( 'NONE',  ( -13.95870742781595197, 2.032879073410320197E-17, -6.326220736256399135 ) ) ;
#1742 = ADVANCED_FACE ( 'NONE', ( #4401 ), #4364, .F. ) ;
#1743 = EDGE_CURVE ( 'NONE', #3926, #5925, #2624, .T. ) ;
#1744 = CARTESIAN_POINT ( 'NONE',  ( 13.89849362414001455, 0.000000000000000000, 6.648270172908523179 ) ) ;
#1745 = SURFACE_STYLE_USAGE ( .BOTH. , #99 ) ;
#1746 = CARTESIAN_POINT ( 'NONE',  ( 14.53376071129271985, 3.388131789017200124E-17, 5.991096880555577542 ) ) ;
#1747 = ORIENTED_EDGE ( 'NONE', *, *, #4828, .T. ) ;
#1748 = STYLED_ITEM ( 'NONE', ( #1612 ), #6770 ) ;
#1749 = CARTESIAN_POINT ( 'NONE',  ( 13.20034189002761771, 0.000000000000000000, 6.351392671515937671 ) ) ;
#1750 =( NAMED_UNIT ( * ) PLANE_ANGLE_UNIT ( ) SI_UNIT ( $, .RADIAN. ) );
#1751 = CARTESIAN_POINT ( 'NONE',  ( -14.21176920900700757, 6.776263578034400401E-18, -6.635958873280867643 ) ) ;
#1752 = VECTOR ( 'NONE', #2254, 1000.000000000000000 ) ;
#1753 = CARTESIAN_POINT ( 'NONE',  ( 14.66474298671369425, 0.02000000000000000042, -5.544691896416042098 ) ) ;
#1754 = FACE_OUTER_BOUND ( 'NONE', #5924, .T. ) ;
#1755 = SURFACE_SIDE_STYLE ('',( #557 ) ) ;
#1756 = ORIENTED_EDGE ( 'NONE', *, *, #1579, .T. ) ;
#1757 = CARTESIAN_POINT ( 'NONE',  ( -13.86721488118640266, 0.02000000000000000042, -6.210829795632458072 ) ) ;
#1758 = VECTOR ( 'NONE', #1373, 1000.000000000000000 ) ;
#1759 = CARTESIAN_POINT ( 'NONE',  ( 11.39999999999995595, 1.000000000000000000, 7.859999999999978115 ) ) ;
#1760 = DIRECTION ( 'NONE',  ( 1.174997428309413820E-16, 0.000000000000000000, 1.000000000000000000 ) ) ;
#1761 = CARTESIAN_POINT ( 'NONE',  ( 13.52427781722960098, 0.02000000000000000042, -6.713900482833050631 ) ) ;
#1762 = CARTESIAN_POINT ( 'NONE',  ( -11.46000000000005592, -4.100000000000000533, 7.359999999999820908 ) ) ;
#1763 = DIRECTION ( 'NONE',  ( 0.000000000000000000, 0.000000000000000000, -1.000000000000000000 ) ) ;
#1764 = ORIENTED_EDGE ( 'NONE', *, *, #3872, .F. ) ;
#1765 = AXIS2_PLACEMENT_3D ( 'NONE', #107, #4691, #2991 ) ;
#1766 = DIRECTION ( 'NONE',  ( -0.7071067811865410224, 0.000000000000000000, 0.7071067811865540120 ) ) ;
#1767 = CARTESIAN_POINT ( 'NONE',  ( -14.02758117688850703, 1.355252715606880080E-17, -6.006575623784259577 ) ) ;
#1768 = DIRECTION ( 'NONE',  ( 0.9998476951563912696, 0.01745240643728355329, 7.395570986446985676E-32 ) ) ;
#1769 = CARTESIAN_POINT ( 'NONE',  ( -3.840000000000053593, 0.02000000000000000042, 7.359999999999869758 ) ) ;
#1770 = CARTESIAN_POINT ( 'NONE',  ( 13.94000000000000661, 0.02000000000000000042, -7.610000000000001208 ) ) ;
#1771 = CARTESIAN_POINT ( 'NONE',  ( -14.14613308756230481, 0.000000000000000000, -6.539246881436707959 ) ) ;
#1772 = ORIENTED_EDGE ( 'NONE', *, *, #5408, .T. ) ;
#1773 = COLOUR_RGB ( '',0.5019607843137254832, 0.5019607843137254832, 0.5019607843137254832 ) ;
#1774 = CARTESIAN_POINT ( 'NONE',  ( 13.23700583162897360, 0.02000000000000000042, 6.711695049985517691 ) ) ;
#1775 = ORIENTED_EDGE ( 'NONE', *, *, #6530, .T. ) ;
#1776 = ORIENTED_EDGE ( 'NONE', *, *, #5959, .T. ) ;
#1777 = LINE ( 'NONE', #4115, #7116 ) ;
#1778 = CARTESIAN_POINT ( 'NONE',  ( -1.300000000000006040, 0.000000000000000000, -7.610000000000099796 ) ) ;
#1779 = VECTOR ( 'NONE', #776, 1000.000000000000000 ) ;
#1780 = CARTESIAN_POINT ( 'NONE',  ( 13.87741996827627489, 0.000000000000000000, 6.613786331225022685 ) ) ;
#1781 = CARTESIAN_POINT ( 'NONE',  ( -13.92227189569820567, 0.000000000000000000, -5.418539011940338490 ) ) ;
#1782 = VERTEX_POINT ( 'NONE', #6713 ) ;
#1783 = B_SPLINE_SURFACE_WITH_KNOTS ( 'NONE', 3, 1, ( 
 ( #2342, #4665 ),
 ( #6963, #6404 ),
 ( #1205, #3531 ),
 ( #5829, #6052 ),
 ( #4276, #7232 ),
 ( #827, #7311 ),
 ( #1427, #3221 ),
 ( #863, #1457 ),
 ( #3789, #1494 ),
 ( #4312, #3753 ),
 ( #226, #2649 ) ),
 .UNSPECIFIED., .F., .F., .F.,
 ( 4, 1, 1, 1, 1, 1, 1, 1, 4 ),
 ( 2, 2 ),
 ( 0.000000000000000000, 0.1291850431602390159, 0.2562041821241475281, 0.3820429862809604504, 0.5053841222052810611, 0.6299573653232349857, 0.7528488117954780234, 0.8762905154439999400, 1.000000000000000000 ),
 ( 0.000000000000000000, 1.000000000000000000 ),
 .UNSPECIFIED. ) ;
#1784 = CARTESIAN_POINT ( 'NONE',  ( 14.10620832200879704, 0.02000000000000000042, -6.690421299135781652 ) ) ;
#1785 = PRESENTATION_LAYER_ASSIGNMENT (  '', '', ( #5916 ) ) ;
#1786 = DIRECTION ( 'NONE',  ( 0.000000000000000000, 0.000000000000000000, -1.000000000000000000 ) ) ;
#1787 = AXIS2_PLACEMENT_3D ( 'NONE', #1809, #7054, #85 ) ;
#1788 = CARTESIAN_POINT ( 'NONE',  ( 14.21250262432702982, 0.02000000000000000042, -6.005723200925941363 ) ) ;
#1789 = CARTESIAN_POINT ( 'NONE',  ( 14.63952162447317384, 0.000000000000000000, -5.417793471124092264 ) ) ;
#1790 = AXIS2_PLACEMENT_3D ( 'NONE', #6801, #3896, #967 ) ;
#1791 = CARTESIAN_POINT ( 'NONE',  ( 15.89391011117183261, 0.3488894973018299983, -9.843955802624902773 ) ) ;
#1792 = ORIENTED_EDGE ( 'NONE', *, *, #4866, .F. ) ;
#1793 = CARTESIAN_POINT ( 'NONE',  ( 13.91970239576167678, 2.710505431213759852E-17, -5.432433253805941220 ) ) ;
#1794 = FACE_OUTER_BOUND ( 'NONE', #6023, .T. ) ;
#1795 = EDGE_CURVE ( 'NONE', #5505, #4519, #4950, .T. ) ;
#1796 = CARTESIAN_POINT ( 'NONE',  ( 13.87454973076627063, 1.355252715606880080E-17, 5.552179463120667791 ) ) ;
#1797 = LINE ( 'NONE', #6549, #3677 ) ;
#1798 = LINE ( 'NONE', #5307, #5767 ) ;
#1799 = SURFACE_STYLE_USAGE ( .BOTH. , #4020 ) ;
#1800 = CARTESIAN_POINT ( 'NONE',  ( 14.63660113202530688, 0.000000000000000000, -6.520466270162281752 ) ) ;
#1801 = EDGE_CURVE ( 'NONE', #1067, #4156, #7250, .T. ) ;
#1802 = CARTESIAN_POINT ( 'NONE',  ( 14.65521848404794802, 0.02000000000000000042, 6.332692259994407991 ) ) ;
#1803 = ORIENTED_EDGE ( 'NONE', *, *, #551, .F. ) ;
#1804 = B_SPLINE_CURVE_WITH_KNOTS ( 'NONE', 3,
 ( #1051, #4019, #3939, #5117, #4096, #2846, #5154, #2302, #1723, #7471, #5759 ),
 .UNSPECIFIED., .F., .F.,
 ( 4, 1, 1, 1, 1, 1, 1, 1, 4 ),
 ( 0.000000000000000000, 0.1091472446530391965, 0.2152589674700639832, 0.3246390711331714751, 0.4396674703298379949, 0.5616255148480180370, 0.6934057302043250548, 0.8380270563770000347, 1.000000000000000000 ),
 .UNSPECIFIED. ) ;
#1805 = CARTESIAN_POINT ( 'NONE',  ( 14.55293423971478362, 0.02000000000000000042, 6.678295641591573073 ) ) ;
#1806 = CARTESIAN_POINT ( 'NONE',  ( -14.00000000000000711, 0.02000000000000000042, -7.860000000000200160 ) ) ;
#1807 = AXIS2_PLACEMENT_3D ( 'NONE', #2445, #3803, #3232 ) ;
#1808 = B_SPLINE_CURVE_WITH_KNOTS ( 'NONE', 3,
 ( #6265, #2933, #7445, #4552, #1133, #5770, #1657, #4595, #5656, #1692, #4638, #7479, #6861, #6304, #3461 ),
 .UNSPECIFIED., .F., .F.,
 ( 4, 1, 1, 1, 1, 1, 1, 1, 1, 1, 1, 1, 4 ),
 ( 0.000000000000000000, 0.1002236266426694000, 0.2001749505460100054, 0.2998639334848805515, 0.4008683731365180192, 0.4545499337922380145, 0.5143828091139079906, 0.5800153043773640382, 0.6515740227081510128, 0.7295439188579119216, 0.8133326772065809784, 0.9035606845620299810, 1.000000000000000000 ),
 .UNSPECIFIED. ) ;
#1809 = CARTESIAN_POINT ( 'NONE',  ( -11.46000000000005592, 1.000000000000000000, 7.609999999999820908 ) ) ;
#1810 = CARTESIAN_POINT ( 'NONE',  ( 14.44441878428886028, 0.000000000000000000, -6.254268803803521237 ) ) ;
#1811 = ORIENTED_EDGE ( 'NONE', *, *, #7123, .F. ) ;
#1812 = CARTESIAN_POINT ( 'NONE',  ( 14.64069851282362222, 0.02000000000000000042, -5.693258046181741250 ) ) ;
#1813 = ORIENTED_EDGE ( 'NONE', *, *, #5080, .F. ) ;
#1814 = EDGE_CURVE ( 'NONE', #5394, #1166, #3884, .T. ) ;
#1815 = ORIENTED_EDGE ( 'NONE', *, *, #4680, .F. ) ;
#1816 = CARTESIAN_POINT ( 'NONE',  ( 14.33518815391791712, 0.02000000000000000042, -5.422326324151442556 ) ) ;
#1817 = EDGE_CURVE ( 'NONE', #2476, #3065, #1876, .T. ) ;
#1818 = B_SPLINE_CURVE_WITH_KNOTS ( 'NONE', 3,
 ( #658, #1289, #3506, #3620, #2402, #5926, #7020, #1816, #6349, #3466, #5775 ),
 .UNSPECIFIED., .F., .F.,
 ( 4, 1, 1, 1, 1, 1, 1, 1, 4 ),
 ( 0.000000000000000000, 0.1424784121209466126, 0.2732037946192419908, 0.3945864827622340143, 0.5147545331308849281, 0.6339295835855970340, 0.7507431227064520485, 0.8715641172540000703, 1.000000000000000000 ),
 .UNSPECIFIED. ) ;
#1819 = DIRECTION ( 'NONE',  ( 0.000000000000000000, -1.000000000000000000, -0.000000000000000000 ) ) ;
#1820 = LINE ( 'NONE', #3624, #6238 ) ;
#1821 = CARTESIAN_POINT ( 'NONE',  ( 14.49694448426696702, 3.388131789017200124E-17, 5.939908185044093791 ) ) ;
#1822 = CARTESIAN_POINT ( 'NONE',  ( 14.25661313213208814, 0.02000000000000000042, -5.752632927666632590 ) ) ;
#1823 = ORIENTED_EDGE ( 'NONE', *, *, #390, .T. ) ;
#1824 = ORIENTED_EDGE ( 'NONE', *, *, #5876, .F. ) ;
#1825 = LINE ( 'NONE', #2451, #2906 ) ;
#1826 = FACE_OUTER_BOUND ( 'NONE', #5618, .T. ) ;
#1827 = DIRECTION ( 'NONE',  ( 0.000000000000000000, -1.000000000000000000, -0.000000000000000000 ) ) ;
#1828 = EDGE_CURVE ( 'NONE', #337, #1634, #7021, .T. ) ;
#1829 = CARTESIAN_POINT ( 'NONE',  ( -13.75313296404620367, 0.02000000000000000042, -5.638448450440277426 ) ) ;
#1830 = VECTOR ( 'NONE', #3617, 1000.000000000000000 ) ;
#1831 = EDGE_LOOP ( 'NONE', ( #7322, #3343, #2410, #1555 ) ) ;
#1832 = DIRECTION ( 'NONE',  ( 0.000000000000000000, -1.000000000000000000, -0.000000000000000000 ) ) ;
#1833 = AXIS2_PLACEMENT_3D ( 'NONE', #1421, #3180, #929 ) ;
#1834 = EDGE_CURVE ( 'NONE', #5933, #112, #7225, .T. ) ;
#1835 = CARTESIAN_POINT ( 'NONE',  ( -8.920000000000005258, 0.000000000000000000, -7.610000000000159304 ) ) ;
#1836 = CARTESIAN_POINT ( 'NONE',  ( 14.42485709634891933, 0.000000000000000000, -5.570039717896082543 ) ) ;
#1837 = CARTESIAN_POINT ( 'NONE',  ( 14.42485709634891933, 1.355252715606880080E-17, -5.570039717896082543 ) ) ;
#1838 = CARTESIAN_POINT ( 'NONE',  ( 14.05561672099744719, 1.355252715606880080E-17, 6.347828493820408369 ) ) ;
#1839 = EDGE_CURVE ( 'NONE', #4289, #1927, #1125, .T. ) ;
#1840 = CARTESIAN_POINT ( 'NONE',  ( 14.65574400173664138, 0.000000000000000000, 6.393604059221968505 ) ) ;
#1841 = DIRECTION ( 'NONE',  ( -1.000000000000000000, 0.000000000000000000, 1.174997428309413820E-16 ) ) ;
#1842 = FACE_OUTER_BOUND ( 'NONE', #6108, .T. ) ;
#1843 = EDGE_LOOP ( 'NONE', ( #1389, #5356, #1176, #7377 ) ) ;
#1844 = DIRECTION ( 'NONE',  ( 0.1643989873053596507, -0.000000000000000000, 0.9863939238321434155 ) ) ;
#1845 = DIRECTION ( 'NONE',  ( 1.000000000000000000, 0.000000000000000000, -1.174997428309413820E-16 ) ) ;
#1846 = DIRECTION ( 'NONE',  ( -0.000000000000000000, 0.000000000000000000, 1.000000000000000000 ) ) ;
#1847 = CARTESIAN_POINT ( 'NONE',  ( 14.63660113202530688, 0.02000000000000000042, -6.520466270162281752 ) ) ;
#1848 = CARTESIAN_POINT ( 'NONE',  ( -14.07070983246310369, 0.000000000000000000, -6.452039605160979185 ) ) ;
#1849 = VERTEX_POINT ( 'NONE', #4626 ) ;
#1850 = CARTESIAN_POINT ( 'NONE',  ( 11.39999999999995595, -4.100000000000000533, 7.609999999999978115 ) ) ;
#1851 = ORIENTED_EDGE ( 'NONE', *, *, #7216, .F. ) ;
#1852 = ORIENTED_EDGE ( 'NONE', *, *, #3242, .T. ) ;
#1853 = CARTESIAN_POINT ( 'NONE',  ( 13.23508893335540115, 0.000000000000000000, 5.267133358877227778 ) ) ;
#1854 = CARTESIAN_POINT ( 'NONE',  ( 13.97798883043946638, 0.000000000000000000, 6.730737617743632661 ) ) ;
#1855 = CARTESIAN_POINT ( 'NONE',  ( 6.319999999999954099, 0.02000000000000000042, 7.359999999999943476 ) ) ;
#1856 = DIRECTION ( 'NONE',  ( 1.000000000000000000, 0.000000000000000000, -1.174997428309413820E-16 ) ) ;
#1857 = DIRECTION ( 'NONE',  ( 0.000000000000000000, -1.000000000000000000, -0.000000000000000000 ) ) ;
#1858 = ORIENTED_EDGE ( 'NONE', *, *, #1466, .T. ) ;
#1859 = ORIENTED_EDGE ( 'NONE', *, *, #1690, .F. ) ;
#1860 = SURFACE_STYLE_USAGE ( .BOTH. , #2947 ) ;
#1861 = VECTOR ( 'NONE', #1234, 1000.000000000000000 ) ;
#1862 = SPHERICAL_SURFACE ( 'NONE', #5582, 0.2999999999999999889 ) ;
#1863 = CARTESIAN_POINT ( 'NONE',  ( -15.60006136588015302, -0.006133709256785759532, 8.611547787494819417 ) ) ;
#1864 = DIRECTION ( 'NONE',  ( 1.000000000000000000, 0.000000000000000000, -1.174997428309413820E-16 ) ) ;
#1865 = PRESENTATION_LAYER_ASSIGNMENT (  '', '', ( #1748 ) ) ;
#1866 = CARTESIAN_POINT ( 'NONE',  ( -13.74191478459535354, 0.02000000000000000042, -5.676549834799337724 ) ) ;
#1867 = ORIENTED_EDGE ( 'NONE', *, *, #5136, .T. ) ;
#1868 = CARTESIAN_POINT ( 'NONE',  ( 14.04890014275442134, 0.02000000000000000042, -5.245493293220371278 ) ) ;
#1869 = CYLINDRICAL_SURFACE ( 'NONE', #7113, 0.2500000000000002220 ) ;
#1870 = B_SPLINE_CURVE_WITH_KNOTS ( 'NONE', 3,
 ( #3639, #5942, #4235, #3078, #2493, #6546, #1343, #3680, #5981, #30, #6958, #1757, #4091, #7226, #789, #822, #6582, #2599, #3253 ),
 .UNSPECIFIED., .F., .F.,
 ( 4, 1, 1, 1, 1, 1, 1, 1, 1, 1, 1, 1, 1, 1, 1, 1, 4 ),
 ( 0.000000000000000000, 0.06953552338552969336, 0.1380491094433504151, 0.2067556592868239895, 0.2751841688940784847, 0.3446084122002539551, 0.4162313271679294879, 0.4899227518536929948, 0.5661907044333730488, 0.6069271943486349574, 0.6516091837135840059, 0.6996604758182459749, 0.7518555105046909048, 0.8081376385094920511, 0.8682453807129199008, 0.9321950013282039871, 1.000000000000000000 ),
 .UNSPECIFIED. ) ;
#1871 = STYLED_ITEM ( 'NONE', ( #2918 ), #5642 ) ;
#1872 = DIRECTION ( 'NONE',  ( -1.174997428309413820E-16, 0.000000000000000000, -1.000000000000000000 ) ) ;
#1873 = CARTESIAN_POINT ( 'NONE',  ( 14.41581754757175382, 1.355252715606880080E-17, -5.504716682281962647 ) ) ;
#1874 = CARTESIAN_POINT ( 'NONE',  ( 14.08601007051059462, 0.02000000000000000042, 6.481583966341813330 ) ) ;
#1875 = CARTESIAN_POINT ( 'NONE',  ( -14.58831955605555564, 0.02000000000000000042, -6.909926085404358709 ) ) ;
#1876 = B_SPLINE_CURVE_WITH_KNOTS ( 'NONE', 3,
 ( #206, #4254, #6570, #2550, #1365, #3201, #810, #3134, #5439, #5502, #312 ),
 .UNSPECIFIED., .F., .F.,
 ( 4, 1, 1, 1, 1, 1, 1, 1, 4 ),
 ( 0.000000000000000000, 0.1091472446530391965, 0.2152589674700639832, 0.3246390711331714751, 0.4396674703298379949, 0.5616255148480180370, 0.6934057302043250548, 0.8380270563770000347, 1.000000000000000000 ),
 .UNSPECIFIED. ) ;
#1877 = CARTESIAN_POINT ( 'NONE',  ( 14.70503731651937329, 0.000000000000000000, -6.241409062433993071 ) ) ;
#1878 = AXIS2_PLACEMENT_3D ( 'NONE', #5772, #3540, #7342 ) ;
#1879 = ADVANCED_FACE ( 'NONE', ( #604 ), #2263, .T. ) ;
#1880 = CARTESIAN_POINT ( 'NONE',  ( 14.65600290707699216, 0.02000000000000000042, 5.527300706178363221 ) ) ;
#1881 = ORIENTED_EDGE ( 'NONE', *, *, #4281, .T. ) ;
#1882 = CARTESIAN_POINT ( 'NONE',  ( -12.68709663347035210, 0.02000000000000000042, -6.589720119495258821 ) ) ;
#1883 = ADVANCED_FACE ( 'NONE', ( #6852 ), #565, .T. ) ;
#1884 = CARTESIAN_POINT ( 'NONE',  ( 14.48489571495687400, 0.000000000000000000, -5.871170914351612424 ) ) ;
#1885 = FACE_OUTER_BOUND ( 'NONE', #5713, .T. ) ;
#1886 = CARTESIAN_POINT ( 'NONE',  ( 14.28539238854085802, 0.000000000000000000, -6.493758881270553118 ) ) ;
#1887 = ORIENTED_EDGE ( 'NONE', *, *, #1369, .T. ) ;
#1888 = AXIS2_PLACEMENT_3D ( 'NONE', #5173, #1029, #7452 ) ;
#1889 = FILL_AREA_STYLE_COLOUR ( '', #5188 ) ;
#1890 = CARTESIAN_POINT ( 'NONE',  ( 14.59528887919516649, 1.355252715606880080E-17, -5.772733585768750508 ) ) ;
#1891 = ORIENTED_EDGE ( 'NONE', *, *, #2746, .T. ) ;
#1892 = ORIENTED_EDGE ( 'NONE', *, *, #3644, .F. ) ;
#1893 = CARTESIAN_POINT ( 'NONE',  ( -14.27349001242275506, 0.02000000000000000042, -6.300678749490788100 ) ) ;
#1894 = CARTESIAN_POINT ( 'NONE',  ( 14.07945254045662864, 1.355252715606880080E-17, 6.783586089081108383 ) ) ;
#1895 = CARTESIAN_POINT ( 'NONE',  ( 14.67109916382976387, 0.000000000000000000, -6.049341471387021940 ) ) ;
#1896 =( NAMED_UNIT ( * ) SI_UNIT ( $, .STERADIAN. ) SOLID_ANGLE_UNIT ( ) );
#1897 = DIRECTION ( 'NONE',  ( 0.000000000000000000, 0.000000000000000000, -1.000000000000000000 ) ) ;
#1898 = CARTESIAN_POINT ( 'NONE',  ( -14.25282628572220389, 0.000000000000000000, 6.428162494386631565 ) ) ;
#1899 = ORIENTED_EDGE ( 'NONE', *, *, #3021, .F. ) ;
#1900 = EDGE_LOOP ( 'NONE', ( #5108, #504, #6563, #6470 ) ) ;
#1901 = VECTOR ( 'NONE', #7462, 1000.000000000000000 ) ;
#1902 = AXIS2_PLACEMENT_3D ( 'NONE', #505, #6829, #3436 ) ;
#1903 = DIRECTION ( 'NONE',  ( 0.000000000000000000, -1.000000000000000000, -0.000000000000000000 ) ) ;
#1904 = CARTESIAN_POINT ( 'NONE',  ( -8.920000000000005258, -4.100000000000000533, -7.360000000000159304 ) ) ;
#1905 = CARTESIAN_POINT ( 'NONE',  ( -3.840000000000053593, 0.000000000000000000, 7.609999999999875087 ) ) ;
#1906 = MECHANICAL_DESIGN_GEOMETRIC_PRESENTATION_REPRESENTATION (  '', ( #5914 ), #6519 ) ;
#1907 = CARTESIAN_POINT ( 'NONE',  ( -14.56830668318625577, 0.000000000000000000, -5.789205204722538411 ) ) ;
#1908 = ORIENTED_EDGE ( 'NONE', *, *, #6225, .T. ) ;
#1909 = VECTOR ( 'NONE', #4936, 1000.000000000000000 ) ;
#1910 = CARTESIAN_POINT ( 'NONE',  ( -13.72776602267490453, 0.02000000000000000042, -6.909926085404358709 ) ) ;
#1911 = EDGE_CURVE ( 'NONE', #2475, #4475, #6927, .T. ) ;
#1912 = EDGE_CURVE ( 'NONE', #112, #5933, #4087, .T. ) ;
#1913 = DIRECTION ( 'NONE',  ( 0.000000000000000000, -1.000000000000000000, -0.000000000000000000 ) ) ;
#1914 = VECTOR ( 'NONE', #4158, 1000.000000000000000 ) ;
#1915 = CARTESIAN_POINT ( 'NONE',  ( 14.40242044486816297, 0.02000000000000000042, -5.477258451876362066 ) ) ;
#1916 = EDGE_CURVE ( 'NONE', #7330, #6826, #1724, .T. ) ;
#1917 = CARTESIAN_POINT ( 'NONE',  ( 14.24073579503864018, 0.02000000000000000042, 6.567970095382907658 ) ) ;
#1918 = CARTESIAN_POINT ( 'NONE',  ( -14.17547640869855563, 0.02000000000000000042, -6.576310221846689785 ) ) ;
#1919 = CARTESIAN_POINT ( 'NONE',  ( -6.380000000000005222, 0.02000000000000000042, -7.610000000000161080 ) ) ;
#1920 = CARTESIAN_POINT ( 'NONE',  ( 14.37650162566719736, 1.355252715606880080E-17, -6.029577660570501152 ) ) ;
#1921 = VERTEX_POINT ( 'NONE', #7508 ) ;
#1922 = DIRECTION ( 'NONE',  ( 0.000000000000000000, -1.000000000000000000, -0.000000000000000000 ) ) ;
#1923 = CARTESIAN_POINT ( 'NONE',  ( -14.40670141625800227, 0.02000000000000000042, 6.606060801759786827 ) ) ;
#1924 = ADVANCED_FACE ( 'NONE', ( #4134 ), #3529, .F. ) ;
#1925 = SPHERICAL_SURFACE ( 'NONE', #2946, 0.2999999999999999889 ) ;
#1926 = CARTESIAN_POINT ( 'NONE',  ( 14.07407630506405560, 1.355252715606880080E-17, -6.670729338808952136 ) ) ;
#1927 = VERTEX_POINT ( 'NONE', #6295 ) ;
#1928 = CARTESIAN_POINT ( 'NONE',  ( 3.779999999999946514, 0.000000000000000000, 7.609999999999923936 ) ) ;
#1929 = ORIENTED_EDGE ( 'NONE', *, *, #3752, .F. ) ;
#1930 = ORIENTED_EDGE ( 'NONE', *, *, #7182, .T. ) ;
#1931 = CARTESIAN_POINT ( 'NONE',  ( -14.09329922471650498, 6.776263578034400401E-18, -6.478397827339078319 ) ) ;
#1932 = EDGE_CURVE ( 'NONE', #5862, #1335, #6228, .T. ) ;
#1933 = CARTESIAN_POINT ( 'NONE',  ( 13.02071245398621357, 0.000000000000000000, 6.483622260939042370 ) ) ;
#1934 = FACE_BOUND ( 'NONE', #3952, .T. ) ;
#1935 = CARTESIAN_POINT ( 'NONE',  ( 13.27792898934128552, 0.02000000000000000042, 6.808124569814728133 ) ) ;
#1936 = CARTESIAN_POINT ( 'NONE',  ( -1.300000000000006040, 0.02000000000000000042, -7.610000000000099796 ) ) ;
#1937 = CIRCLE ( 'NONE', #2049, 0.2500000000000002220 ) ;
#1938 = VERTEX_POINT ( 'NONE', #3685 ) ;
#1939 = ORIENTED_EDGE ( 'NONE', *, *, #4209, .F. ) ;
#1940 =( NAMED_UNIT ( * ) PLANE_ANGLE_UNIT ( ) SI_UNIT ( $, .RADIAN. ) );
#1941 = EDGE_CURVE ( 'NONE', #3901, #1127, #438, .T. ) ;
#1942 = CARTESIAN_POINT ( 'NONE',  ( -14.42397203356450319, 0.02000000000000000042, 6.338217625344515938 ) ) ;
#1943 = CARTESIAN_POINT ( 'NONE',  ( 14.42485709634891933, 0.02000000000000000042, -5.570039717896082543 ) ) ;
#1944 = EDGE_CURVE ( 'NONE', #4881, #6218, #4875, .T. ) ;
#1945 = FILL_AREA_STYLE_COLOUR ( '', #5666 ) ;
#1946 = CARTESIAN_POINT ( 'NONE',  ( 13.84393736701444411, 0.02000000000000000042, 6.533847583029323225 ) ) ;
#1947 = CARTESIAN_POINT ( 'NONE',  ( -13.88872223690420604, 0.02000000000000000042, -5.441599287047107936 ) ) ;
#1948 = ORIENTED_EDGE ( 'NONE', *, *, #2784, .T. ) ;
#1949 = CARTESIAN_POINT ( 'NONE',  ( 14.25543367088621061, 0.000000000000000000, -6.491877931982791949 ) ) ;
#1950 = CARTESIAN_POINT ( 'NONE',  ( 14.15658520145643706, 1.355252715606880080E-17, -6.405187503340413535 ) ) ;
#1951 = DIRECTION ( 'NONE',  ( 0.000000000000000000, -1.000000000000000000, -0.000000000000000000 ) ) ;
#1952 = PRODUCT_CONTEXT ( 'NONE', #4502, 'mechanical' ) ;
#1953 = CARTESIAN_POINT ( 'NONE',  ( -1.300000000000054667, 0.000000000000000000, 7.859999999999891074 ) ) ;
#1954 = AXIS2_PLACEMENT_3D ( 'NONE', #4146, #5320, #4287 ) ;
#1955 = CARTESIAN_POINT ( 'NONE',  ( 14.31299618035768972, 1.355252715606880080E-17, 6.110326926789883650 ) ) ;
#1956 = CARTESIAN_POINT ( 'NONE',  ( 14.33886233613724137, 0.02000000000000000042, 5.753752179551862689 ) ) ;
#1957 = EDGE_CURVE ( 'NONE', #965, #5474, #6385, .T. ) ;
#1958 = AXIS2_PLACEMENT_3D ( 'NONE', #6016, #254, #7188 ) ;
#1959 = DIRECTION ( 'NONE',  ( 1.000000000000000000, 0.000000000000000000, 6.053017054927287172E-16 ) ) ;
#1960 = DIRECTION ( 'NONE',  ( 1.000000000000000000, 0.000000000000000000, -1.174997428309413820E-16 ) ) ;
#1961 = ORIENTED_EDGE ( 'NONE', *, *, #2416, .F. ) ;
#1962 = CARTESIAN_POINT ( 'NONE',  ( 14.46149703405366793, 1.355252715606880080E-17, 6.758520432341232897 ) ) ;
#1963 = CIRCLE ( 'NONE', #3551, 0.2499999999999993616 ) ;
#1964 = AXIS2_PLACEMENT_3D ( 'NONE', #1311, #5984, #5419 ) ;
#1965 = CARTESIAN_POINT ( 'NONE',  ( -14.26501622306350470, 0.02000000000000000042, 6.694307957083776905 ) ) ;
#1966 = CARTESIAN_POINT ( 'NONE',  ( 13.92572583648905926, 1.355252715606880080E-17, -6.487680066422091940 ) ) ;
#1967 = CARTESIAN_POINT ( 'NONE',  ( -14.42397203356450319, 0.02000000000000000042, 6.598384972645651381 ) ) ;
#1968 = LINE ( 'NONE', #731, #3671 ) ;
#1969 = EDGE_LOOP ( 'NONE', ( #3730, #6032, #1026, #4696 ) ) ;
#1970 = VERTEX_POINT ( 'NONE', #1875 ) ;
#1971 = PLANE ( 'NONE',  #1807 ) ;
#1972 = CARTESIAN_POINT ( 'NONE',  ( -14.21176920900700757, 0.02000000000000000042, -6.635958873280867643 ) ) ;
#1973 = ADVANCED_FACE ( 'NONE', ( #3718 ), #4107, .T. ) ;
#1974 = CARTESIAN_POINT ( 'NONE',  ( 11.40000000000000391, -4.100000000000000533, -7.860000000000023412 ) ) ;
#1975 = FACE_BOUND ( 'NONE', #5050, .T. ) ;
#1976 = CARTESIAN_POINT ( 'NONE',  ( -13.60768878545895610, 0.02000000000000000042, -6.330490875609867452 ) ) ;
#1977 = CARTESIAN_POINT ( 'NONE',  ( 13.94356295647481758, 0.000000000000000000, -6.525052200873911801 ) ) ;
#1978 = ORIENTED_EDGE ( 'NONE', *, *, #3084, .T. ) ;
#1979 = ORIENTED_EDGE ( 'NONE', *, *, #6458, .F. ) ;
#1980 = DIRECTION ( 'NONE',  ( 0.000000000000000000, -1.000000000000000000, -0.000000000000000000 ) ) ;
#1981 = ADVANCED_FACE ( 'NONE', ( #5947 ), #7045, .T. ) ;
#1982 = FACE_OUTER_BOUND ( 'NONE', #6827, .T. ) ;
#1983 = SURFACE_SIDE_STYLE ('',( #6078 ) ) ;
#1984 = LINE ( 'NONE', #923, #5681 ) ;
#1985 = VERTEX_POINT ( 'NONE', #4567 ) ;
#1986 = CARTESIAN_POINT ( 'NONE',  ( 14.39448642271454304, 0.02000000000000000042, -5.681313981440982097 ) ) ;
#1987 = AXIS2_PLACEMENT_3D ( 'NONE', #5832, #4243, #1276 ) ;
#1988 = CARTESIAN_POINT ( 'NONE',  ( 14.12642803978068251, 1.355252715606880080E-17, -6.290466860212521993 ) ) ;
#1989 = DIRECTION ( 'NONE',  ( 0.000000000000000000, 0.000000000000000000, -1.000000000000000000 ) ) ;
#1990 = MECHANICAL_DESIGN_GEOMETRIC_PRESENTATION_REPRESENTATION (  '', ( #2113 ), #6364 ) ;
#1991 = CARTESIAN_POINT ( 'NONE',  ( 13.16695494066502725, 0.000000000000000000, -5.418660554502062077 ) ) ;
#1992 = CARTESIAN_POINT ( 'NONE',  ( 14.27538595210620009, 1.016439536705160099E-17, -5.413063746327371639 ) ) ;
#1993 = CARTESIAN_POINT ( 'NONE',  ( -13.08735409085670476, 0.02000000000000000042, -6.329552772194127819 ) ) ;
#1994 = VERTEX_POINT ( 'NONE', #61 ) ;
#1995 = VECTOR ( 'NONE', #4980, 1000.000000000000000 ) ;
#1996 = CARTESIAN_POINT ( 'NONE',  ( 14.65600290707699216, 1.355252715606880080E-17, 6.379724009955882735 ) ) ;
#1997 = DIRECTION ( 'NONE',  ( 0.000000000000000000, 0.000000000000000000, -1.000000000000000000 ) ) ;
#1998 = CARTESIAN_POINT ( 'NONE',  ( -14.43504489123765566, 0.000000000000000000, -5.470154635684437494 ) ) ;
#1999 = AXIS2_PLACEMENT_3D ( 'NONE', #3152, #1959, #4386 ) ;
#2000 = PRESENTATION_STYLE_ASSIGNMENT (( #1464 ) ) ;
#2001 = ORIENTED_EDGE ( 'NONE', *, *, #3203, .T. ) ;
#2002 = ORIENTED_EDGE ( 'NONE', *, *, #4615, .F. ) ;
#2003 = CARTESIAN_POINT ( 'NONE',  ( -14.03589689348920366, 0.000000000000000000, -6.020072398927027280 ) ) ;
#2004 = CARTESIAN_POINT ( 'NONE',  ( 14.07945254045662864, 0.02000000000000000042, 6.783586089081108383 ) ) ;
#2005 = AXIS2_PLACEMENT_3D ( 'NONE', #4039, #6868, #6760 ) ;
#2006 = CARTESIAN_POINT ( 'NONE',  ( -14.02389400091310634, 0.02000000000000000042, -6.000591174404708461 ) ) ;
#2007 = FILL_AREA_STYLE_COLOUR ( '', #2364 ) ;
#2008 = DIRECTION ( 'NONE',  ( 0.000000000000000000, -1.000000000000000000, -0.000000000000000000 ) ) ;
#2009 = ORIENTED_EDGE ( 'NONE', *, *, #2290, .T. ) ;
#2010 = ORIENTED_EDGE ( 'NONE', *, *, #2411, .F. ) ;
#2011 = SURFACE_STYLE_USAGE ( .BOTH. , #5407 ) ;
#2012 = AXIS2_PLACEMENT_3D ( 'NONE', #5384, #6586, #3045 ) ;
#2013 = CARTESIAN_POINT ( 'NONE',  ( 14.37678943942343679, 0.02000000000000000042, -5.698234298813691368 ) ) ;
#2014 = CARTESIAN_POINT ( 'NONE',  ( 13.23508893335540293, 0.02000000000000000042, 6.387854239559042746 ) ) ;
#2015 = CARTESIAN_POINT ( 'NONE',  ( 13.27792898934128552, 0.02000000000000000042, 6.808124569814728133 ) ) ;
#2016 = SURFACE_STYLE_USAGE ( .BOTH. , #4991 ) ;
#2017 = EDGE_LOOP ( 'NONE', ( #5291, #4546, #1738, #2086 ) ) ;
#2018 = STYLED_ITEM ( 'NONE', ( #3577 ), #6948 ) ;
#2019 = CARTESIAN_POINT ( 'NONE',  ( -14.27648146810105345, 0.000000000000000000, -5.663961243623727881 ) ) ;
#2020 = CIRCLE ( 'NONE', #4457, 0.2499999999999993616 ) ;
#2021 = CARTESIAN_POINT ( 'NONE',  ( 14.20829252105329665, 1.355252715606880080E-17, 5.600749222434883379 ) ) ;
#2022 = FILL_AREA_STYLE_COLOUR ( '', #3681 ) ;
#2023 = CARTESIAN_POINT ( 'NONE',  ( 13.24776806640875293, 0.000000000000000000, -5.328768270497461046 ) ) ;
#2024 = VECTOR ( 'NONE', #7, 1000.000000000000000 ) ;
#2025 = DIRECTION ( 'NONE',  ( 0.000000000000000000, 4.302350356375159135E-34, 1.000000000000000000 ) ) ;
#2026 = FACE_OUTER_BOUND ( 'NONE', #6940, .T. ) ;
#2027 = EDGE_LOOP ( 'NONE', ( #2001, #5475, #916, #4733, #3301, #5014, #6382 ) ) ;
#2028 = CARTESIAN_POINT ( 'NONE',  ( 13.79544937369631086, 0.02000000000000000042, 5.267133358877227778 ) ) ;
#2029 = DIRECTION ( 'NONE',  ( 0.000000000000000000, -1.000000000000000000, -0.000000000000000000 ) ) ;
#2030 = CARTESIAN_POINT ( 'NONE',  ( 14.41424744540326053, 0.02000000000000000042, 6.410077638335497596 ) ) ;
#2031 = DIRECTION ( 'NONE',  ( 0.000000000000000000, -1.000000000000000000, -0.000000000000000000 ) ) ;
#2032 = EDGE_CURVE ( 'NONE', #1468, #4598, #1189, .T. ) ;
#2033 = CARTESIAN_POINT ( 'NONE',  ( 14.21096951755808213, 0.000000000000000000, -5.753282585105782942 ) ) ;
#2034 =( NAMED_UNIT ( * ) SI_UNIT ( $, .STERADIAN. ) SOLID_ANGLE_UNIT ( ) );
#2035 = ORIENTED_EDGE ( 'NONE', *, *, #5743, .F. ) ;
#2036 = DIRECTION ( 'NONE',  ( 0.000000000000000000, -1.000000000000000000, -0.000000000000000000 ) ) ;
#2037 = DIRECTION ( 'NONE',  ( 0.000000000000000000, 0.000000000000000000, -1.000000000000000000 ) ) ;
#2038 = CARTESIAN_POINT ( 'NONE',  ( 14.38513650342679995, 0.000000000000000000, 6.221721085168573140 ) ) ;
#2039 = CARTESIAN_POINT ( 'NONE',  ( 13.11792053122264612, 0.000000000000000000, 6.562373287208223438 ) ) ;
#2040 = DIRECTION ( 'NONE',  ( 0.000000000000000000, -1.000000000000000000, -0.000000000000000000 ) ) ;
#2041 = CARTESIAN_POINT ( 'NONE',  ( -13.72776602267490453, 0.02000000000000000042, -5.797335434325698422 ) ) ;
#2042 = ADVANCED_FACE ( 'NONE', ( #1826 ), #627, .T. ) ;
#2043 = DIRECTION ( 'NONE',  ( -1.000000000000000000, 0.000000000000000000, 1.174997428309413820E-16 ) ) ;
#2044 = ORIENTED_EDGE ( 'NONE', *, *, #3239, .T. ) ;
#2045 = SURFACE_STYLE_FILL_AREA ( #1480 ) ;
#2046 = EDGE_CURVE ( 'NONE', #5649, #2237, #6679, .T. ) ;
#2047 = CARTESIAN_POINT ( 'NONE',  ( 14.16484899910689776, 0.000000000000000000, 6.555703306810642950 ) ) ;
#2048 = CARTESIAN_POINT ( 'NONE',  ( 12.95980074144202199, 0.02000000000000000042, 6.185927570198503034 ) ) ;
#2049 = AXIS2_PLACEMENT_3D ( 'NONE', #3999, #6980, #6312 ) ;
#2050 = CARTESIAN_POINT ( 'NONE',  ( 13.52427781722960098, 0.000000000000000000, -6.713900482833050631 ) ) ;
#2051 = CARTESIAN_POINT ( 'NONE',  ( 14.70450687090339237, 0.02000000000000000042, -6.206026499817313358 ) ) ;
#2052 = LINE ( 'NONE', #2562, #3014 ) ;
#2053 = EDGE_LOOP ( 'NONE', ( #2315, #1068, #1080, #66 ) ) ;
#2054 = CARTESIAN_POINT ( 'NONE',  ( -15.90009133421095555, -0.005232533442019759486, -9.850137025664059465 ) ) ;
#2055 = CARTESIAN_POINT ( 'NONE',  ( -14.18247026485935791, 0.000000000000000000, -5.610812679226228283 ) ) ;
#2056 = PRESENTATION_LAYER_ASSIGNMENT (  '', '', ( #4741 ) ) ;
#2057 = CARTESIAN_POINT ( 'NONE',  ( 14.23763584218953504, 0.02000000000000000042, 5.637812562844873199 ) ) ;
#2058 = DIRECTION ( 'NONE',  ( 1.174997428309413820E-16, 0.000000000000000000, 1.000000000000000000 ) ) ;
#2059 = DIRECTION ( 'NONE',  ( 1.000000000000000000, 0.000000000000000000, -1.174997428309413820E-16 ) ) ;
#2060 = ORIENTED_EDGE ( 'NONE', *, *, #1916, .T. ) ;
#2061 = CYLINDRICAL_SURFACE ( 'NONE', #2864, 0.2500000000000002220 ) ;
#2062 = CARTESIAN_POINT ( 'NONE',  ( -14.05145483092755576, 0.02000000000000000042, -6.041524358320597088 ) ) ;
#2063 = ORIENTED_EDGE ( 'NONE', *, *, #2508, .T. ) ;
#2064 = SURFACE_STYLE_FILL_AREA ( #169 ) ;
#2065 = CARTESIAN_POINT ( 'NONE',  ( 13.09445105820910449, 0.02000000000000000042, -5.749847094814822590 ) ) ;
#2066 = VECTOR ( 'NONE', #3160, 1000.000000000000000 ) ;
#2067 = CARTESIAN_POINT ( 'NONE',  ( -14.32815220875445306, 0.02000000000000000042, -5.829230950461168348 ) ) ;
#2068 = ADVANCED_FACE ( 'NONE', ( #6466 ), #1257, .F. ) ;
#2069 = CARTESIAN_POINT ( 'NONE',  ( -14.55206494923315574, 0.000000000000000000, -5.688679210790797747 ) ) ;
#2070 =( LENGTH_UNIT ( ) NAMED_UNIT ( * ) SI_UNIT ( .MILLI., .METRE. ) );
#2071 = AXIS2_PLACEMENT_3D ( 'NONE', #307, #5048, #6784 ) ;
#2072 = VECTOR ( 'NONE', #5011, 1000.000000000000114 ) ;
#2073 = DIRECTION ( 'NONE',  ( -1.000000000000000000, 0.000000000000000000, 2.891205793294679332E-14 ) ) ;
#2074 = ORIENTED_EDGE ( 'NONE', *, *, #3334, .T. ) ;
#2075 = CIRCLE ( 'NONE', #5594, 0.2500000000000002220 ) ;
#2076 = ORIENTED_EDGE ( 'NONE', *, *, #816, .T. ) ;
#2077 = DIRECTION ( 'NONE',  ( -1.174997428309413820E-16, 0.000000000000000000, -1.000000000000000000 ) ) ;
#2078 = SURFACE_STYLE_FILL_AREA ( #4941 ) ;
#2079 = VECTOR ( 'NONE', #152, 1000.000000000000000 ) ;
#2080 = B_SPLINE_SURFACE_WITH_KNOTS ( 'NONE', 3, 1, ( 
 ( #7349, #4349 ),
 ( #3299, #931 ),
 ( #5562, #5000 ),
 ( #1425, #5521 ),
 ( #5600, #6051 ),
 ( #3257, #3861 ),
 ( #258, #6122 ),
 ( #6657, #334 ),
 ( #862, #3184 ),
 ( #7190, #6161 ),
 ( #5034, #3823 ),
 ( #5487, #2140 ),
 ( #1455, #369 ),
 ( #6089, #2682 ),
 ( #7308, #971 ),
 ( #3786, #898 ),
 ( #4886, #408 ),
 ( #4963, #2724 ),
 ( #6771, #296 ) ),
 .UNSPECIFIED., .F., .F., .F.,
 ( 4, 1, 1, 1, 1, 1, 1, 1, 1, 1, 1, 1, 1, 1, 1, 1, 4 ),
 ( 2, 2 ),
 ( 0.000000000000000000, 0.07856962044363090258, 0.1524157624279564860, 0.2221662873459989973, 0.2878931881657485481, 0.3501160166683509600, 0.4098419974164504986, 0.4674363432541009944, 0.5238385366738970150, 0.5795328812304100241, 0.6350938630033680088, 0.6915074927775949343, 0.7489429418877879829, 0.8077984992902640382, 0.8692755760138980436, 0.9331844849411520260, 1.000000000000000000 ),
 ( 0.000000000000000000, 1.000000000000000000 ),
 .UNSPECIFIED. ) ;
#2081 = CARTESIAN_POINT ( 'NONE',  ( -13.96856477275760611, 1.355252715606880080E-17, -5.828459276733608085 ) ) ;
#2082 = DIRECTION ( 'NONE',  ( 0.000000000000000000, -1.000000000000000000, -0.000000000000000000 ) ) ;
#2083 = CARTESIAN_POINT ( 'NONE',  ( -14.22093446978820452, 0.000000000000000000, 6.732878274556191478 ) ) ;
#2084 = ORIENTED_EDGE ( 'NONE', *, *, #5460, .T. ) ;
#2085 = ORIENTED_EDGE ( 'NONE', *, *, #3895, .T. ) ;
#2086 = ORIENTED_EDGE ( 'NONE', *, *, #4252, .T. ) ;
#2087 = LINE ( 'NONE', #2750, #460 ) ;
#2088 = CARTESIAN_POINT ( 'NONE',  ( 13.23508893335540293, 0.02000000000000000042, 6.387854239559042746 ) ) ;
#2089 = B_SPLINE_CURVE_WITH_KNOTS ( 'NONE', 3,
 ( #4882, #4307, #1986, #3251, #2531, #292, #3177 ),
 .UNSPECIFIED., .F., .F.,
 ( 4, 1, 1, 1, 4 ),
 ( 0.000000000000000000, 0.2387690697432955089, 0.4777833542648540210, 0.7270131220759089574, 1.000000000000000000 ),
 .UNSPECIFIED. ) ;
#2090 = CARTESIAN_POINT ( 'NONE',  ( -3.840000000000004743, 0.000000000000000000, -7.360000000000121112 ) ) ;
#2091 = PRESENTATION_STYLE_ASSIGNMENT (( #5858 ) ) ;
#2092 = DIRECTION ( 'NONE',  ( -0.9863939238321435266, -0.000000000000000000, 0.1643989873053585127 ) ) ;
#2093 = CARTESIAN_POINT ( 'NONE',  ( 14.53155915649915286, 0.02000000000000000042, -5.889635906193612769 ) ) ;
#2094 = CARTESIAN_POINT ( 'NONE',  ( -6.380000000000054072, 0.000000000000000000, 7.859999999999849329 ) ) ;
#2095 = ORIENTED_EDGE ( 'NONE', *, *, #2152, .F. ) ;
#2096 = CARTESIAN_POINT ( 'NONE',  ( 13.27424273806219368, 0.02000000000000000042, 6.797012000259923248 ) ) ;
#2097 = DIRECTION ( 'NONE',  ( -1.174997428309413820E-16, 0.000000000000000000, -1.000000000000000000 ) ) ;
#2098 = B_SPLINE_CURVE_WITH_KNOTS ( 'NONE', 3,
 ( #2294, #3899, #24, #1674, #4008, #6809, #2876, #1005, #6202, #3929, #5748, #2332, #4655, #4613, #2803, #3335, #6244, #1040, #6915 ),
 .UNSPECIFIED., .F., .F.,
 ( 4, 1, 1, 1, 1, 1, 1, 1, 1, 1, 1, 1, 1, 1, 1, 1, 4 ),
 ( 0.000000000000000000, 0.05431740662048090140, 0.1087735445081727953, 0.1627065403409184985, 0.2169481258062404827, 0.2725468972334399997, 0.3294664887030789857, 0.3876572954864395126, 0.4489891645232459982, 0.5113927686948369633, 0.5755309395850859433, 0.6403534689042090777, 0.7073271568575419943, 0.7764247460166470161, 0.8482480941897779791, 0.9222075566611099839, 1.000000000000000000 ),
 .UNSPECIFIED. ) ;
#2099 = CARTESIAN_POINT ( 'NONE',  ( 14.33886233613724137, 0.02000000000000000042, 5.753752179551862689 ) ) ;
#2100 =( NAMED_UNIT ( * ) PLANE_ANGLE_UNIT ( ) SI_UNIT ( $, .RADIAN. ) );
#2101 = LINE ( 'NONE', #7231, #2869 ) ;
#2102 = CARTESIAN_POINT ( 'NONE',  ( 14.61150846832511796, 0.02000000000000000042, -6.558998405341221805 ) ) ;
#2103 = ORIENTED_EDGE ( 'NONE', *, *, #45, .T. ) ;
#2104 = CARTESIAN_POINT ( 'NONE',  ( 14.13868691047797554, 0.02000000000000000042, -5.491998082166742456 ) ) ;
#2105 = UNCERTAINTY_MEASURE_WITH_UNIT (LENGTH_MEASURE( 1.000000000000000082E-05 ), #2370, 'distance_accuracy_value', 'NONE');
#2106 = CARTESIAN_POINT ( 'NONE',  ( -13.08735409085670476, 0.02000000000000000042, -5.812032387839098035 ) ) ;
#2107 = ORIENTED_EDGE ( 'NONE', *, *, #2181, .T. ) ;
#2108 = DIRECTION ( 'NONE',  ( 1.000000000000000000, 0.000000000000000000, -1.174997428309413820E-16 ) ) ;
#2109 = CARTESIAN_POINT ( 'NONE',  ( 13.52427781722960098, 0.02000000000000000042, -5.172909271895553829 ) ) ;
#2110 = CARTESIAN_POINT ( 'NONE',  ( 14.22679218829629910, 0.02000000000000000042, -6.480522831572431919 ) ) ;
#2111 = DIRECTION ( 'NONE',  ( -1.000000000000000000, 0.000000000000000000, 1.174997428309413820E-16 ) ) ;
#2112 = EDGE_CURVE ( 'NONE', #5063, #1661, #3593, .T. ) ;
#2113 = STYLED_ITEM ( 'NONE', ( #2406 ), #6658 ) ;
#2114 = DIRECTION ( 'NONE',  ( 0.000000000000000000, 0.000000000000000000, -1.000000000000000000 ) ) ;
#2115 = EDGE_LOOP ( 'NONE', ( #6224, #1811, #5282, #5696 ) ) ;
#2116 = VERTEX_POINT ( 'NONE', #5139 ) ;
#2117 = CARTESIAN_POINT ( 'NONE',  ( -15.42714915879745341, 9.900000000000000355, 8.539925206221310461 ) ) ;
#2118 = VECTOR ( 'NONE', #2025, 1000.000000000000000 ) ;
#2119 = LINE ( 'NONE', #462, #6075 ) ;
#2120 = CARTESIAN_POINT ( 'NONE',  ( 14.38420057538538899, 0.000000000000000000, 6.791141962058567572 ) ) ;
#2121 = CARTESIAN_POINT ( 'NONE',  ( -14.08600504065415748, 0.000000000000000000, 6.913328944483145833 ) ) ;
#2122 = ORIENTED_EDGE ( 'NONE', *, *, #6645, .T. ) ;
#2123 = EDGE_LOOP ( 'NONE', ( #5885, #5005 ) ) ;
#2124 = VECTOR ( 'NONE', #3326, 1000.000000000000000 ) ;
#2125 = ORIENTED_EDGE ( 'NONE', *, *, #6655, .F. ) ;
#2126 = PLANE ( 'NONE',  #7238 ) ;
#2127 = ADVANCED_FACE ( 'NONE', ( #6878 ), #1671, .T. ) ;
#2128 = DIRECTION ( 'NONE',  ( 0.000000000000000000, 0.000000000000000000, -1.000000000000000000 ) ) ;
#2129 = CARTESIAN_POINT ( 'NONE',  ( 13.20034189002761771, 0.02000000000000000042, 6.351392671515937671 ) ) ;
#2130 = LINE ( 'NONE', #4485, #3002 ) ;
#2131 = CARTESIAN_POINT ( 'NONE',  ( 14.07945254045662864, 0.02000000000000000042, 6.783586089081108383 ) ) ;
#2132 = CARTESIAN_POINT ( 'NONE',  ( 14.70450687090339237, 1.355252715606880080E-17, -6.206026499817313358 ) ) ;
#2133 = FILL_AREA_STYLE ('',( #1554 ) ) ;
#2134 = ORIENTED_EDGE ( 'NONE', *, *, #3758, .F. ) ;
#2135 = LINE ( 'NONE', #2317, #3834 ) ;
#2136 = AXIS2_PLACEMENT_3D ( 'NONE', #4058, #387, #6368 ) ;
#2137 = CARTESIAN_POINT ( 'NONE',  ( 1.240000000000003322, 0.000000000000000000, -7.360000000000079368 ) ) ;
#2138 = CARTESIAN_POINT ( 'NONE',  ( -14.12122185995335322, 1.355252715606880080E-17, -5.369200521981218444 ) ) ;
#2139 = CARTESIAN_POINT ( 'NONE',  ( -14.57924432568585615, 0.000000000000000000, -6.833124334879109085 ) ) ;
#2140 = CARTESIAN_POINT ( 'NONE',  ( -14.37430364462420407, 1.355252715606880080E-17, -5.425461767888268838 ) ) ;
#2141 = ADVANCED_FACE ( 'NONE', ( #286 ), #1409, .T. ) ;
#2142 = CARTESIAN_POINT ( 'NONE',  ( 14.70503731651937329, 0.02000000000000000042, -6.241409062433993071 ) ) ;
#2143 = COLOUR_RGB ( '',1.000000000000000000, 0.7725490196078431682, 0.000000000000000000 ) ;
#2144 = ORIENTED_EDGE ( 'NONE', *, *, #5196, .F. ) ;
#2145 = CARTESIAN_POINT ( 'NONE',  ( -15.77576593954801609, 0.000000000000000000, -10.15000000000000924 ) ) ;
#2146 = EDGE_CURVE ( 'NONE', #383, #3994, #6009, .T. ) ;
#2147 = CARTESIAN_POINT ( 'NONE',  ( -14.48239612030165446, 0.02000000000000000042, -6.576635567025149065 ) ) ;
#2148 = VERTEX_POINT ( 'NONE', #781 ) ;
#2149 = PLANE ( 'NONE',  #5059 ) ;
#2150 = CARTESIAN_POINT ( 'NONE',  ( 13.94000000000000661, 0.02000000000000000042, -7.610000000000001208 ) ) ;
#2151 = ADVANCED_FACE ( 'NONE', ( #3103 ), #1862, .T. ) ;
#2152 = EDGE_CURVE ( 'NONE', #5279, #4918, #6060, .T. ) ;
#2153 = CARTESIAN_POINT ( 'NONE',  ( 14.15880809672986906, 0.02000000000000000042, 5.930685174950558469 ) ) ;
#2154 = CARTESIAN_POINT ( 'NONE',  ( 14.25320474560808925, 0.02000000000000000042, 6.567432010615037896 ) ) ;
#2155 = DIRECTION ( 'NONE',  ( 0.000000000000000000, -1.000000000000000000, -0.000000000000000000 ) ) ;
#2156 = DIRECTION ( 'NONE',  ( 2.902955767577753793E-14, 0.000000000000000000, 1.000000000000000000 ) ) ;
#2157 = ORIENTED_EDGE ( 'NONE', *, *, #5136, .F. ) ;
#2158 = AXIS2_PLACEMENT_3D ( 'NONE', #5731, #6378, #5204 ) ;
#2159 = CARTESIAN_POINT ( 'NONE',  ( -12.84719961642490560, 0.02000000000000000042, -6.909926085404358709 ) ) ;
#2160 = CARTESIAN_POINT ( 'NONE',  ( -12.84719961642490560, 0.02000000000000000042, -5.368934874466847695 ) ) ;
#2161 = FILL_AREA_STYLE ('',( #1611 ) ) ;
#2162 = FACE_BOUND ( 'NONE', #4351, .T. ) ;
#2163 = CARTESIAN_POINT ( 'NONE',  ( -14.40670141625800227, 0.000000000000000000, 6.606060801759786827 ) ) ;
#2164 = ORIENTED_EDGE ( 'NONE', *, *, #3853, .F. ) ;
#2165 = VERTEX_POINT ( 'NONE', #3173 ) ;
#2166 = ORIENTED_EDGE ( 'NONE', *, *, #6705, .F. ) ;
#2167 = CARTESIAN_POINT ( 'NONE',  ( -12.84719961642490560, 0.000000000000000000, -6.589720119495258821 ) ) ;
#2168 = ADVANCED_FACE ( 'NONE', ( #4910 ), #6646, .T. ) ;
#2169 = EDGE_CURVE ( 'NONE', #4453, #7365, #6830, .T. ) ;
#2170 = LINE ( 'NONE', #6796, #3766 ) ;
#2171 = CARTESIAN_POINT ( 'NONE',  ( 13.16359212463357586, 0.02000000000000000042, 6.317553555790273556 ) ) ;
#2172 = CARTESIAN_POINT ( 'NONE',  ( 14.44441878428886028, 0.02000000000000000042, -6.254268803803521237 ) ) ;
#2173 = CARTESIAN_POINT ( 'NONE',  ( 14.00946528512769262, 0.02000000000000000042, 6.751597676393307879 ) ) ;
#2174 = DIRECTION ( 'NONE',  ( 1.174997428309413820E-16, 0.000000000000000000, 1.000000000000000000 ) ) ;
#2175 = EDGE_CURVE ( 'NONE', #7483, #4985, #6668, .T. ) ;
#2176 = ORIENTED_EDGE ( 'NONE', *, *, #6933, .T. ) ;
#2177 = CARTESIAN_POINT ( 'NONE',  ( 14.40372016235109243, 0.02000000000000000042, -5.189104687471322030 ) ) ;
#2178 = CARTESIAN_POINT ( 'NONE',  ( -13.80651061734505625, 1.355252715606880080E-17, -5.531561012463518168 ) ) ;
#2179 = B_SPLINE_CURVE_WITH_KNOTS ( 'NONE', 3,
 ( #3362, #2863, #2206, #7378, #5022, #1516, #4520, #5056, #6794, #6865, #3998 ),
 .UNSPECIFIED., .F., .F.,
 ( 4, 1, 1, 1, 1, 1, 1, 1, 4 ),
 ( 0.000000000000000000, 0.1557263484003199860, 0.2947999542160744668, 0.4192464906763305188, 0.5369722552902830293, 0.6500409756076660495, 0.7614872025353299767, 0.8771118895206310162, 1.000000000000000000 ),
 .UNSPECIFIED. ) ;
#2180 = CARTESIAN_POINT ( 'NONE',  ( 14.60713549931014654, 0.02000000000000000042, -5.353142225409853516 ) ) ;
#2181 = EDGE_CURVE ( 'NONE', #2996, #1679, #895, .T. ) ;
#2182 = DIRECTION ( 'NONE',  ( 0.000000000000000000, 0.000000000000000000, -1.000000000000000000 ) ) ;
#2183 = LINE ( 'NONE', #5145, #1901 ) ;
#2184 = ORIENTED_EDGE ( 'NONE', *, *, #945, .T. ) ;
#2185 = CYLINDRICAL_SURFACE ( 'NONE', #6250, 0.2500000000000002220 ) ;
#2186 = VECTOR ( 'NONE', #4977, 1000.000000000000114 ) ;
#2187 = UNCERTAINTY_MEASURE_WITH_UNIT (LENGTH_MEASURE( 1.000000000000000082E-05 ), #4593, 'distance_accuracy_value', 'NONE');
#2188 = CARTESIAN_POINT ( 'NONE',  ( -14.57924432568585615, 1.355252715606880080E-17, -6.833124334879109085 ) ) ;
#2189 = ORIENTED_EDGE ( 'NONE', *, *, #6705, .T. ) ;
#2190 = DIRECTION ( 'NONE',  ( -2.499138105746256169E-16, -0.000000000000000000, 1.000000000000000000 ) ) ;
#2191 = FACE_OUTER_BOUND ( 'NONE', #201, .T. ) ;
#2192 = EDGE_CURVE ( 'NONE', #1485, #2165, #4983, .T. ) ;
#2193 = CARTESIAN_POINT ( 'NONE',  ( -15.42714915879745341, 9.900000000000000355, -9.677149158797478279 ) ) ;
#2194 = CARTESIAN_POINT ( 'NONE',  ( 14.28726859537235683, 0.02000000000000000042, -5.993437059537591871 ) ) ;
#2195 = CARTESIAN_POINT ( 'NONE',  ( 13.92536787106570628, 0.000000000000000000, 5.639787394267767873 ) ) ;
#2196 = ORIENTED_EDGE ( 'NONE', *, *, #7036, .T. ) ;
#2197 = EDGE_CURVE ( 'NONE', #4764, #6776, #2208, .T. ) ;
#2198 =( NAMED_UNIT ( * ) SI_UNIT ( $, .STERADIAN. ) SOLID_ANGLE_UNIT ( ) );
#2199 = CARTESIAN_POINT ( 'NONE',  ( -6.380000000000005222, 0.02000000000000000042, -7.610000000000161080 ) ) ;
#2200 =( NAMED_UNIT ( * ) SI_UNIT ( $, .STERADIAN. ) SOLID_ANGLE_UNIT ( ) );
#2201 = CARTESIAN_POINT ( 'NONE',  ( 3.779999999999946514, 0.02000000000000000042, 7.359999999999923936 ) ) ;
#2202 = ORIENTED_EDGE ( 'NONE', *, *, #2998, .T. ) ;
#2203 = VECTOR ( 'NONE', #987, 1000.000000000000114 ) ;
#2204 = ORIENTED_EDGE ( 'NONE', *, *, #7201, .T. ) ;
#2205 = ORIENTED_EDGE ( 'NONE', *, *, #6342, .T. ) ;
#2206 = CARTESIAN_POINT ( 'NONE',  ( -13.96952148434860241, 0.000000000000000000, -5.766981805946079120 ) ) ;
#2207 = ADVANCED_FACE ( 'NONE', ( #1550 ), #2670, .T. ) ;
#2208 = LINE ( 'NONE', #3923, #1336 ) ;
#2209 = FILL_AREA_STYLE_COLOUR ( '', #88 ) ;
#2210 = CARTESIAN_POINT ( 'NONE',  ( -12.84719961642490560, 0.02000000000000000042, -6.909926085404358709 ) ) ;
#2211 = ADVANCED_FACE ( 'NONE', ( #3325 ), #7294, .T. ) ;
#2212 = VERTEX_POINT ( 'NONE', #4987 ) ;
#2213 = EDGE_CURVE ( 'NONE', #7094, #3755, #5509, .T. ) ;
#2214 = CARTESIAN_POINT ( 'NONE',  ( -14.58831955605555564, 0.000000000000000000, -6.909926085404358709 ) ) ;
#2215 = EDGE_CURVE ( 'NONE', #244, #796, #2170, .T. ) ;
#2216 = CARTESIAN_POINT ( 'NONE',  ( -13.72802492801525531, 1.355252715606880080E-17, -5.783455385059608211 ) ) ;
#2217 = CARTESIAN_POINT ( 'NONE',  ( 14.21250262432702982, 0.000000000000000000, -6.005723200925941363 ) ) ;
#2218 = CARTESIAN_POINT ( 'NONE',  ( 14.40372016235109243, 0.000000000000000000, -5.189104687471322030 ) ) ;
#2219 = PRESENTATION_STYLE_ASSIGNMENT (( #4656 ) ) ;
#2220 = VERTEX_POINT ( 'NONE', #4409 ) ;
#2221 = CARTESIAN_POINT ( 'NONE',  ( 13.89381584268822323, 2.710505431213759852E-17, -5.523367484010882400 ) ) ;
#2222 = CARTESIAN_POINT ( 'NONE',  ( -14.18247026485935791, 0.02000000000000000042, -5.610812679226228283 ) ) ;
#2223 = ORIENTED_EDGE ( 'NONE', *, *, #1356, .T. ) ;
#2224 = SURFACE_SIDE_STYLE ('',( #3935 ) ) ;
#2225 = FACE_OUTER_BOUND ( 'NONE', #2979, .T. ) ;
#2226 = DIRECTION ( 'NONE',  ( 0.000000000000000000, 0.000000000000000000, -1.000000000000000000 ) ) ;
#2227 = CARTESIAN_POINT ( 'NONE',  ( 13.52427781722960098, 0.02000000000000000042, -5.172909271895553829 ) ) ;
#2228 = DIRECTION ( 'NONE',  ( -1.174997428309413820E-16, 0.000000000000000000, -1.000000000000000000 ) ) ;
#2229 = ORIENTED_EDGE ( 'NONE', *, *, #1158, .F. ) ;
#2230 = CIRCLE ( 'NONE', #1735, 0.2499999999999993616 ) ;
#2231 = CARTESIAN_POINT ( 'NONE',  ( -15.42714915879745341, 10.20000000000000107, -9.677149158797478279 ) ) ;
#2232 = AXIS2_PLACEMENT_3D ( 'NONE', #353, #5400, #1510 ) ;
#2233 = CARTESIAN_POINT ( 'NONE',  ( -3.840000000000004743, 0.02000000000000000042, -7.860000000000120224 ) ) ;
#2234 = ORIENTED_EDGE ( 'NONE', *, *, #2612, .F. ) ;
#2235 = FACE_OUTER_BOUND ( 'NONE', #5183, .T. ) ;
#2236 = EDGE_LOOP ( 'NONE', ( #5799, #2074, #1024, #760 ) ) ;
#2237 = VERTEX_POINT ( 'NONE', #322 ) ;
#2238 = FACE_OUTER_BOUND ( 'NONE', #2017, .T. ) ;
#2239 =( GEOMETRIC_REPRESENTATION_CONTEXT ( 3 ) GLOBAL_UNCERTAINTY_ASSIGNED_CONTEXT ( ( #4090 ) ) GLOBAL_UNIT_ASSIGNED_CONTEXT ( ( #1197, #1342, #6014 ) ) REPRESENTATION_CONTEXT ( 'NONE', 'WORKASPACE' ) );
#2240 = CARTESIAN_POINT ( 'NONE',  ( -13.86721488118640266, 0.02000000000000000042, -6.210829795632458072 ) ) ;
#2241 = CARTESIAN_POINT ( 'NONE',  ( 14.43479870733505166, 0.02000000000000000042, -6.341871534461972715 ) ) ;
#2242 = LINE ( 'NONE', #4487, #5276 ) ;
#2243 = AXIS2_PLACEMENT_3D ( 'NONE', #6609, #852, #3245 ) ;
#2244 = EDGE_LOOP ( 'NONE', ( #157, #6773, #128, #2607, #3230, #6266, #5406 ) ) ;
#2245 = CARTESIAN_POINT ( 'NONE',  ( 14.66420810761654181, 0.02000000000000000042, -5.520989984673130735 ) ) ;
#2246 = DIRECTION ( 'NONE',  ( 0.000000000000000000, -1.000000000000000000, -0.000000000000000000 ) ) ;
#2247 = CIRCLE ( 'NONE', #2620, 0.2499999999999993616 ) ;
#2248 = CARTESIAN_POINT ( 'NONE',  ( -14.08924932474335634, 1.355252715606880080E-17, -5.369715419920589206 ) ) ;
#2249 = CARTESIAN_POINT ( 'NONE',  ( 14.48489571495687400, 0.000000000000000000, -5.871170914351612424 ) ) ;
#2250 = LINE ( 'NONE', #5220, #1627 ) ;
#2251 = VECTOR ( 'NONE', #1552, 1000.000000000000000 ) ;
#2252 = CARTESIAN_POINT ( 'NONE',  ( 14.44832369723021870, 0.02000000000000000042, -6.699548632554831684 ) ) ;
#2253 = ORIENTED_EDGE ( 'NONE', *, *, #1287, .F. ) ;
#2254 = DIRECTION ( 'NONE',  ( 1.000000000000000000, 0.000000000000000000, -1.174997428309413820E-16 ) ) ;
#2255 = UNCERTAINTY_MEASURE_WITH_UNIT (LENGTH_MEASURE( 1.000000000000000082E-05 ), #4122, 'distance_accuracy_value', 'NONE');
#2256 = CARTESIAN_POINT ( 'NONE',  ( -14.27648146810105345, 0.02000000000000000042, -5.663961243623727881 ) ) ;
#2257 = ORIENTED_EDGE ( 'NONE', *, *, #3412, .F. ) ;
#2258 = CARTESIAN_POINT ( 'NONE',  ( 6.320000000000002949, -4.100000000000000533, -7.610000000000060716 ) ) ;
#2259 = ADVANCED_FACE ( 'NONE', ( #4521 ), #3243, .T. ) ;
#2260 = PRESENTATION_STYLE_ASSIGNMENT (( #6254 ) ) ;
#2261 = CARTESIAN_POINT ( 'NONE',  ( -14.53983156273745436, 0.02000000000000000042, -5.643211861252257933 ) ) ;
#2262 = CARTESIAN_POINT ( 'NONE',  ( 13.04541664876672513, 1.355252715606880080E-17, 6.231186746895458484 ) ) ;
#2263 = PLANE ( 'NONE',  #2511 ) ;
#2264 = DIRECTION ( 'NONE',  ( 1.000000000000000000, 0.000000000000000000, -1.174997428309413820E-16 ) ) ;
#2265 = SURFACE_STYLE_FILL_AREA ( #6855 ) ;
#2266 = ORIENTED_EDGE ( 'NONE', *, *, #4395, .F. ) ;
#2267 = VECTOR ( 'NONE', #4594, 1000.000000000000000 ) ;
#2268 = DIRECTION ( 'NONE',  ( 0.000000000000000000, -1.000000000000000000, -0.000000000000000000 ) ) ;
#2269 =( GEOMETRIC_REPRESENTATION_CONTEXT ( 3 ) GLOBAL_UNCERTAINTY_ASSIGNED_CONTEXT ( ( #3042 ) ) GLOBAL_UNIT_ASSIGNED_CONTEXT ( ( #4837, #1940, #6008 ) ) REPRESENTATION_CONTEXT ( 'NONE', 'WORKASPACE' ) );
#2270 = CARTESIAN_POINT ( 'NONE',  ( 14.59528887919516649, 0.000000000000000000, -5.772733585768750508 ) ) ;
#2271 = EDGE_CURVE ( 'NONE', #6670, #5526, #2925, .T. ) ;
#2272 = FILL_AREA_STYLE_COLOUR ( '', #7420 ) ;
#2273 = AXIS2_PLACEMENT_3D ( 'NONE', #1936, #243, #6604 ) ;
#2274 = B_SPLINE_SURFACE_WITH_KNOTS ( 'NONE', 3, 1, ( 
 ( #3129, #5960 ),
 ( #5996, #1397 ),
 ( #6490, #7017 ),
 ( #5923, #7092 ),
 ( #1812, #3728 ),
 ( #2977, #3056 ),
 ( #1244, #1890 ),
 ( #3657, #2545 ),
 ( #770, #3092 ),
 ( #4824, #1361 ),
 ( #5882, #7131 ) ),
 .UNSPECIFIED., .F., .F., .F.,
 ( 4, 1, 1, 1, 1, 1, 1, 1, 4 ),
 ( 2, 2 ),
 ( 0.000000000000000000, 0.1264126829649633854, 0.2480645286968735097, 0.3677857399335054955, 0.4869373622728259687, 0.6077221292347519954, 0.7316345723975909987, 0.8624064927808079428, 1.000000000000000000 ),
 ( 0.000000000000000000, 1.000000000000000000 ),
 .UNSPECIFIED. ) ;
#2275 = DIRECTION ( 'NONE',  ( -1.174997428309413820E-16, 0.000000000000000000, -1.000000000000000000 ) ) ;
#2276 = B_SPLINE_CURVE_WITH_KNOTS ( 'NONE', 3,
 ( #5403, #2408, #7025, #4795, #57, #1898, #3626, #208, #4186, #4154, #6986 ),
 .UNSPECIFIED., .F., .F.,
 ( 4, 1, 1, 1, 1, 1, 1, 1, 4 ),
 ( 0.000000000000000000, 0.1291850431602395988, 0.2562041821241460293, 0.3820429862809644472, 0.5053841222052810611, 0.6299573653232319881, 0.7528488117954820202, 0.8762905154439999400, 1.000000000000000000 ),
 .UNSPECIFIED. ) ;
#2277 = MECHANICAL_DESIGN_GEOMETRIC_PRESENTATION_REPRESENTATION (  '', ( #2414 ), #3387 ) ;
#2278 = CARTESIAN_POINT ( 'NONE',  ( -1.300000000000006040, 0.02000000000000000042, -7.360000000000099796 ) ) ;
#2279 = EDGE_LOOP ( 'NONE', ( #2522, #5872, #209, #3093 ) ) ;
#2280 = CARTESIAN_POINT ( 'NONE',  ( 13.15230267861637969, 1.355252715606880080E-17, 6.596689365182813347 ) ) ;
#2281 = VERTEX_POINT ( 'NONE', #2981 ) ;
#2282 = VERTEX_POINT ( 'NONE', #6384 ) ;
#2283 = DIRECTION ( 'NONE',  ( 0.01744974916068271070, -0.9996954598818874604, 0.01744974916068275234 ) ) ;
#2284 = CARTESIAN_POINT ( 'NONE',  ( 6.319999999999954099, 0.02000000000000000042, 7.609999999999944365 ) ) ;
#2285 = ADVANCED_FACE ( 'NONE', ( #7485 ), #6398, .T. ) ;
#2286 = CARTESIAN_POINT ( 'NONE',  ( 14.21250262432702982, 0.02000000000000000042, -6.005723200925941363 ) ) ;
#2287 = CARTESIAN_POINT ( 'NONE',  ( 14.04338514128971482, 0.02000000000000000042, 6.769040619792587421 ) ) ;
#2288 = VERTEX_POINT ( 'NONE', #506 ) ;
#2290 = EDGE_CURVE ( 'NONE', #5972, #244, #1937, .T. ) ;
#2289 = CYLINDRICAL_SURFACE ( 'NONE', #6747, 0.2499999999999993616 ) ;
#2291 = CARTESIAN_POINT ( 'NONE',  ( 14.63063596570568237, 0.02000000000000000042, 6.538610993841297514 ) ) ;
#2292 = CARTESIAN_POINT ( 'NONE',  ( 13.84393736701444411, 1.355252715606880080E-17, 6.533847583029323225 ) ) ;
#2293 = CARTESIAN_POINT ( 'NONE',  ( 14.27974159575182078, 0.000000000000000000, -5.993647788383673181 ) ) ;
#2294 = CARTESIAN_POINT ( 'NONE',  ( 14.48489571495687400, 0.02000000000000000042, -5.871170914351612424 ) ) ;
#2295 = FACE_OUTER_BOUND ( 'NONE', #7132, .T. ) ;
#2296 = ORIENTED_EDGE ( 'NONE', *, *, #6416, .T. ) ;
#2297 = LINE ( 'NONE', #2840, #1752 ) ;
#2298 = CARTESIAN_POINT ( 'NONE',  ( -14.56093247604305674, 0.02000000000000000042, -6.758010525301577864 ) ) ;
#2299 = FILL_AREA_STYLE_COLOUR ( '', #583 ) ;
#2300 = EDGE_CURVE ( 'NONE', #2878, #78, #12, .T. ) ;
#2301 = CARTESIAN_POINT ( 'NONE',  ( -14.40578009931240722, 0.02000000000000000042, -5.446321826537946720 ) ) ;
#2302 = CARTESIAN_POINT ( 'NONE',  ( 14.12195276856628645, 0.000000000000000000, -5.527046393894671894 ) ) ;
#2303 = CARTESIAN_POINT ( 'NONE',  ( -12.68709663347035210, 0.02000000000000000042, -6.329552772194127819 ) ) ;
#2304 = VECTOR ( 'NONE', #1432, 1000.000000000000000 ) ;
#2305 = CARTESIAN_POINT ( 'NONE',  ( 8.860000000000004761, 0.000000000000000000, -7.610000000000041176 ) ) ;
#2306 = CARTESIAN_POINT ( 'NONE',  ( -13.72776602267490453, 0.000000000000000000, -6.649758738103208167 ) ) ;
#2307 = ORIENTED_EDGE ( 'NONE', *, *, #5959, .F. ) ;
#2308 =( NAMED_UNIT ( * ) PLANE_ANGLE_UNIT ( ) SI_UNIT ( $, .RADIAN. ) );
#2309 = COLOUR_RGB ( '',0.2509803921568627416, 0.2509803921568627416, 0.2509803921568627416 ) ;
#2310 = CARTESIAN_POINT ( 'NONE',  ( -14.09408233120895559, 1.355252715606880080E-17, -6.095478349973479482 ) ) ;
#2311 = CARTESIAN_POINT ( 'NONE',  ( -14.27648146810105345, 1.355252715606880080E-17, -5.663961243623727881 ) ) ;
#2312 = B_SPLINE_SURFACE_WITH_KNOTS ( 'NONE', 3, 1, ( 
 ( #3768, #5469 ),
 ( #3096, #6951 ),
 ( #1364, #7207 ),
 ( #4084, #205 ),
 ( #5398, #1931 ),
 ( #6600, #6529 ),
 ( #3731, #7169 ),
 ( #4654, #6066 ),
 ( #5218, #2368 ),
 ( #3518, #4829 ),
 ( #1327, #22 ),
 ( #1972, #1751 ),
 ( #4253, #5437 ) ),
 .UNSPECIFIED., .F., .F., .F.,
 ( 4, 1, 1, 1, 1, 1, 1, 1, 1, 1, 4 ),
 ( 2, 2 ),
 ( 0.000000000000000000, 0.1297038254702795879, 0.2472825098896530016, 0.3534584971290394839, 0.4474279189341939800, 0.5292832013463630858, 0.5990344773959780378, 0.6574432517947099708, 0.7036342243043839373, 0.8573839243483369899, 1.000000000000000000 ),
 ( 0.000000000000000000, 1.000000000000000000 ),
 .UNSPECIFIED. ) ;
#2313 = CARTESIAN_POINT ( 'NONE',  ( 14.48448213910024940, 0.02000000000000000042, -6.679954163845392756 ) ) ;
#2314 = CARTESIAN_POINT ( 'NONE',  ( 13.88767177857200608, 0.02000000000000000042, -5.556245136978732901 ) ) ;
#2315 = ORIENTED_EDGE ( 'NONE', *, *, #297, .F. ) ;
#2316 =( NAMED_UNIT ( * ) SI_UNIT ( $, .STERADIAN. ) SOLID_ANGLE_UNIT ( ) );
#2317 = CARTESIAN_POINT ( 'NONE',  ( -1.300000000000006040, 0.02000000000000000042, -7.860000000000099796 ) ) ;
#2318 = ORIENTED_EDGE ( 'NONE', *, *, #3895, .F. ) ;
#2319 = ORIENTED_EDGE ( 'NONE', *, *, #3741, .F. ) ;
#2320 = CARTESIAN_POINT ( 'NONE',  ( 15.90000000000000391, 0.000000000000000000, 9.850045691453079399 ) ) ;
#2321 = CARTESIAN_POINT ( 'NONE',  ( -13.98716776791250460, 0.02000000000000000042, -6.359057999687237839 ) ) ;
#2322 = CARTESIAN_POINT ( 'NONE',  ( 14.55335836728943555, 0.000000000000000000, -5.902069646000692060 ) ) ;
#2323 = CARTESIAN_POINT ( 'NONE',  ( 14.36644165274904417, 0.000000000000000000, 5.784341042093668506 ) ) ;
#2324 = CARTESIAN_POINT ( 'NONE',  ( 14.55308385226313383, 3.388131789017200124E-17, 6.022207841108783377 ) ) ;
#2325 = CARTESIAN_POINT ( 'NONE',  ( -8.920000000000054996, -4.100000000000000533, 7.609999999999836007 ) ) ;
#2326 = ORIENTED_EDGE ( 'NONE', *, *, #1003, .F. ) ;
#2327 = AXIS2_PLACEMENT_3D ( 'NONE', #3085, #1206, #6555 ) ;
#2328 = CIRCLE ( 'NONE', #2696, 0.2499999999999993616 ) ;
#2329 = DIRECTION ( 'NONE',  ( 0.000000000000000000, 1.000000000000000000, 0.000000000000000000 ) ) ;
#2330 = CARTESIAN_POINT ( 'NONE',  ( 14.00946528512769262, 1.355252715606880080E-17, 6.751597676393307879 ) ) ;
#2331 = AXIS2_PLACEMENT_3D ( 'NONE', #3297, #5597, #5453 ) ;
#2332 = CARTESIAN_POINT ( 'NONE',  ( 14.67109916382976387, 0.02000000000000000042, -6.049341471387021940 ) ) ;
#2333 = FILL_AREA_STYLE ('',( #1633 ) ) ;
#2334 = ORIENTED_EDGE ( 'NONE', *, *, #4982, .F. ) ;
#2335 = LINE ( 'NONE', #2958, #1508 ) ;
#2336 = UNCERTAINTY_MEASURE_WITH_UNIT (LENGTH_MEASURE( 1.000000000000000082E-05 ), #6337, 'distance_accuracy_value', 'NONE');
#2337 = CARTESIAN_POINT ( 'NONE',  ( -14.22496083302200631, 0.02000000000000000042, -6.246374269331019136 ) ) ;
#2338 = B_SPLINE_SURFACE_WITH_KNOTS ( 'NONE', 3, 1, ( 
 ( #7125, #5427 ),
 ( #1923, #5917 ),
 ( #7088, #4244 ),
 ( #4710, #6486 ),
 ( #1965, #80 ),
 ( #3611, #5274 ),
 ( #5993, #6446 ),
 ( #4280, #4748 ),
 ( #4210, #2469 ),
 ( #3010, #764 ),
 ( #6592, #5877 ),
 ( #1393, #5316 ),
 ( #193, #3690 ),
 ( #6557, #7050 ),
 ( #1355, #4782 ) ),
 .UNSPECIFIED., .F., .F., .F.,
 ( 4, 1, 1, 1, 1, 1, 1, 1, 1, 1, 1, 1, 4 ),
 ( 2, 2 ),
 ( 0.000000000000000000, 0.1046725881823576121, 0.2179224116127555233, 0.3405185375579560247, 0.4735651107347250144, 0.5421968301606570062, 0.6097031823113819859, 0.6755753979924270514, 0.7416019791549910423, 0.8061045072963650693, 0.8709579598542409595, 0.9351362548769800442, 1.000000000000000000 ),
 ( 0.000000000000000000, 1.000000000000000000 ),
 .UNSPECIFIED. ) ;
#2339 = CARTESIAN_POINT ( 'NONE',  ( 13.28412334279778406, 0.000000000000000000, -6.713900482833050631 ) ) ;
#2340 = CARTESIAN_POINT ( 'NONE',  ( 12.95980074144202199, 0.02000000000000000042, 6.185927570198503034 ) ) ;
#2341 = DIRECTION ( 'NONE',  ( 0.000000000000000000, 0.000000000000000000, -1.000000000000000000 ) ) ;
#2342 = CARTESIAN_POINT ( 'NONE',  ( 13.28412334279778406, 0.02000000000000000042, -5.593179602151242769 ) ) ;
#2343 = DIRECTION ( 'NONE',  ( 0.000000000000000000, 0.000000000000000000, -1.000000000000000000 ) ) ;
#2344 = VERTEX_POINT ( 'NONE', #5396 ) ;
#2345 = FACE_OUTER_BOUND ( 'NONE', #7175, .T. ) ;
#2346 = CARTESIAN_POINT ( 'NONE',  ( 13.89381584268822323, 0.000000000000000000, -5.523367484010882400 ) ) ;
#2347 = ADVANCED_FACE ( 'NONE', ( #204 ), #1971, .T. ) ;
#2348 = CARTESIAN_POINT ( 'NONE',  ( -13.60768878545895610, 0.02000000000000000042, -6.589720119495258821 ) ) ;
#2349 = CARTESIAN_POINT ( 'NONE',  ( 14.67520857271508561, 0.02000000000000000042, -6.436258399384683138 ) ) ;
#2350 = CARTESIAN_POINT ( 'NONE',  ( 14.07708072524104992, 0.02000000000000000042, -5.225808491702651715 ) ) ;
#2351 = ORIENTED_EDGE ( 'NONE', *, *, #1944, .F. ) ;
#2352 = VECTOR ( 'NONE', #4969, 1000.000000000000000 ) ;
#2353 = PRESENTATION_STYLE_ASSIGNMENT (( #5206 ) ) ;
#2354 = CARTESIAN_POINT ( 'NONE',  ( 13.02071245398621357, 0.02000000000000000042, 6.483622260939042370 ) ) ;
#2355 = ORIENTED_EDGE ( 'NONE', *, *, #874, .F. ) ;
#2356 = VERTEX_POINT ( 'NONE', #7368 ) ;
#2357 = CARTESIAN_POINT ( 'NONE',  ( 12.96391737688869306, 0.000000000000000000, -5.553153856412601286 ) ) ;
#2358 = CARTESIAN_POINT ( 'NONE',  ( -13.95870742781595197, 0.02000000000000000042, -6.326220736256399135 ) ) ;
#2359 = CARTESIAN_POINT ( 'NONE',  ( 14.05561672099744719, 0.02000000000000000042, 6.347828493820408369 ) ) ;
#2360 = CARTESIAN_POINT ( 'NONE',  ( -14.12122185995335322, 0.000000000000000000, -5.369200521981218444 ) ) ;
#2361 = DIRECTION ( 'NONE',  ( 0.000000000000000000, -1.000000000000000000, -0.000000000000000000 ) ) ;
#2362 = DIRECTION ( 'NONE',  ( 0.000000000000000000, -1.000000000000000000, 0.000000000000000000 ) ) ;
#2363 = ORIENTED_EDGE ( 'NONE', *, *, #96, .F. ) ;
#2364 = COLOUR_RGB ( '',0.2509803921568627416, 0.2509803921568627416, 0.2509803921568627416 ) ;
#2365 = ADVANCED_FACE ( 'NONE', ( #950 ), #6711, .T. ) ;
#2366 = CARTESIAN_POINT ( 'NONE',  ( 14.28726859537235683, 0.02000000000000000042, -5.993437059537591871 ) ) ;
#2367 = CARTESIAN_POINT ( 'NONE',  ( 14.52621315999520313, 0.02000000000000000042, 6.709324084604742389 ) ) ;
#2368 = CARTESIAN_POINT ( 'NONE',  ( -14.15780205919675439, 6.776263578034400401E-18, -6.554307129788709219 ) ) ;
#2369 = CIRCLE ( 'NONE', #5639, 0.2499999999999993616 ) ;
#2370 =( LENGTH_UNIT ( ) NAMED_UNIT ( * ) SI_UNIT ( .MILLI., .METRE. ) );
#2371 = DIRECTION ( 'NONE',  ( 0.000000000000000000, -1.000000000000000000, -0.000000000000000000 ) ) ;
#2372 = CARTESIAN_POINT ( 'NONE',  ( 8.859999999999956799, 0.000000000000000000, 7.609999999999958575 ) ) ;
#2373 = EDGE_LOOP ( 'NONE', ( #5537, #6863 ) ) ;
#2374 = CARTESIAN_POINT ( 'NONE',  ( 14.26943299741427928, 0.02000000000000000042, -5.173225079504950585 ) ) ;
#2375 = CARTESIAN_POINT ( 'NONE',  ( -14.24149213327485342, 0.02000000000000000042, -6.264872906185806833 ) ) ;
#2376 = VECTOR ( 'NONE', #2923, 1000.000000000000000 ) ;
#2377 = B_SPLINE_SURFACE_WITH_KNOTS ( 'NONE', 3, 1, ( 
 ( #2642, #5596 ),
 ( #6050, #3216 ),
 ( #2099, #1383 ),
 ( #3783, #2601 ),
 ( #4272, #6617 ),
 ( #405, #5519 ),
 ( #7228, #4884 ),
 ( #2057, #4922 ),
 ( #6728, #2566 ),
 ( #1453, #2021 ),
 ( #3148, #5485 ),
 ( #5452, #4346 ),
 ( #6654, #896 ) ),
 .UNSPECIFIED., .F., .F., .F.,
 ( 4, 1, 1, 1, 1, 1, 1, 1, 1, 1, 4 ),
 ( 2, 2 ),
 ( 0.000000000000000000, 0.1297038254702762017, 0.2472825098896470064, 0.3534584971290394839, 0.4474279189341949792, 0.5292832013463610874, 0.5990344773959770386, 0.6574432517947049748, 0.7036342243043829381, 0.8573839243483369899, 1.000000000000000000 ),
 ( 0.000000000000000000, 1.000000000000000000 ),
 .UNSPECIFIED. ) ;
#2378 = CIRCLE ( 'NONE', #1630, 0.2500000000000002220 ) ;
#2379 = CARTESIAN_POINT ( 'NONE',  ( 14.37678943942343679, 0.000000000000000000, -5.698234298813691368 ) ) ;
#2380 = MECHANICAL_DESIGN_GEOMETRIC_PRESENTATION_REPRESENTATION (  '', ( #330 ), #5529 ) ;
#2381 = CARTESIAN_POINT ( 'NONE',  ( 14.36116556295682578, 1.355252715606880080E-17, -5.435767970249521852 ) ) ;
#2382 = CARTESIAN_POINT ( 'NONE',  ( 14.23144518507108280, 1.355252715606880080E-17, 6.012845987391262526 ) ) ;
#2383 = CARTESIAN_POINT ( 'NONE',  ( -14.02389400091310634, 0.02000000000000000042, -6.000591174404708461 ) ) ;
#2384 = EDGE_CURVE ( 'NONE', #4639, #1994, #911, .T. ) ;
#2385 = CARTESIAN_POINT ( 'NONE',  ( 11.40000000000000391, -4.100000000000000533, -7.610000000000022524 ) ) ;
#2386 = CARTESIAN_POINT ( 'NONE',  ( 14.64986101392202755, 0.02000000000000000042, 6.286116415041247407 ) ) ;
#2387 = ORIENTED_EDGE ( 'NONE', *, *, #3887, .F. ) ;
#2388 = MECHANICAL_DESIGN_GEOMETRIC_PRESENTATION_REPRESENTATION (  '', ( #3128 ), #6981 ) ;
#2389 = CARTESIAN_POINT ( 'NONE',  ( 14.34083553553060497, 0.02000000000000000042, 6.800662181466258005 ) ) ;
#2390 = EDGE_CURVE ( 'NONE', #2944, #4138, #5016, .T. ) ;
#2391 = EDGE_CURVE ( 'NONE', #1127, #6219, #310, .T. ) ;
#2392 = CARTESIAN_POINT ( 'NONE',  ( -13.96792049710670724, 0.000000000000000000, -5.812657790116267265 ) ) ;
#2393 = FACE_OUTER_BOUND ( 'NONE', #5564, .T. ) ;
#2394 = CARTESIAN_POINT ( 'NONE',  ( 14.55194448733590029, 0.02000000000000000042, -6.627389630529432196 ) ) ;
#2395 = AXIS2_PLACEMENT_3D ( 'NONE', #4804, #7109, #4233 ) ;
#2396 = DIRECTION ( 'NONE',  ( -0.9998476951563913806, -0.01745240643728356716, 0.000000000000000000 ) ) ;
#2397 = ORIENTED_EDGE ( 'NONE', *, *, #3537, .F. ) ;
#2398 = VECTOR ( 'NONE', #4075, 1000.000000000000000 ) ;
#2399 = DIRECTION ( 'NONE',  ( 0.000000000000000000, -1.000000000000000000, -0.000000000000000000 ) ) ;
#2400 = EDGE_LOOP ( 'NONE', ( #5893, #4423, #1775, #4763 ) ) ;
#2401 = ORIENTED_EDGE ( 'NONE', *, *, #170, .F. ) ;
#2402 = CARTESIAN_POINT ( 'NONE',  ( 14.40242044486816297, 0.02000000000000000042, -5.477258451876362066 ) ) ;
#2403 = CARTESIAN_POINT ( 'NONE',  ( -13.80911952148585442, 0.02000000000000000042, -6.117403907331738999 ) ) ;
#2404 = ADVANCED_FACE ( 'NONE', ( #5577 ), #424, .T. ) ;
#2405 = CYLINDRICAL_SURFACE ( 'NONE', #4933, 0.2500000000000002220 ) ;
#2406 = PRESENTATION_STYLE_ASSIGNMENT (( #1745 ) ) ;
#2407 = CYLINDRICAL_SURFACE ( 'NONE', #7372, 0.2499999999999993616 ) ;
#2408 = CARTESIAN_POINT ( 'NONE',  ( -14.11541350872925449, 0.000000000000000000, 6.546137065693601542 ) ) ;
#2409 = ORIENTED_EDGE ( 'NONE', *, *, #5426, .F. ) ;
#2411 = EDGE_CURVE ( 'NONE', #4126, #87, #7403, .T. ) ;
#2410 = ORIENTED_EDGE ( 'NONE', *, *, #2856, .T. ) ;
#2412 = CARTESIAN_POINT ( 'NONE',  ( 14.04336819841913631, 0.02000000000000000042, -6.647969585080263144 ) ) ;
#2413 = EDGE_CURVE ( 'NONE', #1985, #4443, #4005, .T. ) ;
#2414 = STYLED_ITEM ( 'NONE', ( #3614 ), #4911 ) ;
#2415 = CARTESIAN_POINT ( 'NONE',  ( 14.26254706979855058, 0.02000000000000000042, 6.807858922300352056 ) ) ;
#2416 = EDGE_CURVE ( 'NONE', #2669, #1714, #3274, .T. ) ;
#2417 = VECTOR ( 'NONE', #1228, 1000.000000000000000 ) ;
#2418 = DIRECTION ( 'NONE',  ( 0.000000000000000000, -1.000000000000000000, -0.000000000000000000 ) ) ;
#2419 = CARTESIAN_POINT ( 'NONE',  ( 14.48489571495687400, 0.02000000000000000042, -5.871170914351612424 ) ) ;
#2420 = CARTESIAN_POINT ( 'NONE',  ( -13.92227189569820567, 0.02000000000000000042, -5.418539011940338490 ) ) ;
#2421 = EDGE_LOOP ( 'NONE', ( #49, #7157, #2831, #7147 ) ) ;
#2422 = DIRECTION ( 'NONE',  ( 0.000000000000000000, 0.000000000000000000, -1.000000000000000000 ) ) ;
#2423 = UNCERTAINTY_MEASURE_WITH_UNIT (LENGTH_MEASURE( 1.000000000000000082E-05 ), #3576, 'distance_accuracy_value', 'NONE');
#2424 = CARTESIAN_POINT ( 'NONE',  ( -14.24149213327485342, 1.355252715606880080E-17, -6.264872906185806833 ) ) ;
#2425 = CARTESIAN_POINT ( 'NONE',  ( 14.42430657998244392, 0.000000000000000000, -5.583989978246891361 ) ) ;
#2426 = LINE ( 'NONE', #4738, #2079 ) ;
#2427 = CARTESIAN_POINT ( 'NONE',  ( 14.06011582049270636, 1.355252715606880080E-17, 6.397619851792248014 ) ) ;
#2428 = CARTESIAN_POINT ( 'NONE',  ( 14.41584843264517346, 0.02000000000000000042, 6.364401654165313005 ) ) ;
#2429 = FILL_AREA_STYLE ('',( #120 ) ) ;
#2430 = CARTESIAN_POINT ( 'NONE',  ( 14.44442901538611146, 0.02000000000000000042, -6.217288134145022127 ) ) ;
#2431 = ORIENTED_EDGE ( 'NONE', *, *, #7505, .T. ) ;
#2432 = CARTESIAN_POINT ( 'NONE',  ( -11.46000000000005592, 0.000000000000000000, 7.859999999999821796 ) ) ;
#2433 = EDGE_CURVE ( 'NONE', #3802, #2529, #3354, .T. ) ;
#2434 = DIRECTION ( 'NONE',  ( 0.000000000000000000, -1.000000000000000000, 0.000000000000000000 ) ) ;
#2435 = AXIS2_PLACEMENT_3D ( 'NONE', #4970, #416, #5461 ) ;
#2436 = CARTESIAN_POINT ( 'NONE',  ( 14.70503731651937329, 0.02000000000000000042, -6.241409062433993071 ) ) ;
#2437 = FILL_AREA_STYLE ('',( #6412 ) ) ;
#2438 = ORIENTED_EDGE ( 'NONE', *, *, #1414, .T. ) ;
#2439 = APPLICATION_PROTOCOL_DEFINITION ( 'draft international standard', 'automotive_design', 1998, #4502 ) ;
#2440 = FACE_OUTER_BOUND ( 'NONE', #2870, .T. ) ;
#2441 = VERTEX_POINT ( 'NONE', #7323 ) ;
#2442 = ORIENTED_EDGE ( 'NONE', *, *, #4982, .T. ) ;
#2443 = AXIS2_PLACEMENT_3D ( 'NONE', #6147, #6231, #4370 ) ;
#2444 = DIRECTION ( 'NONE',  ( 0.000000000000000000, -1.000000000000000000, -0.000000000000000000 ) ) ;
#2445 = CARTESIAN_POINT ( 'NONE',  ( 14.24624670637184565, 10.20000000000000107, 3.136679103919437939 ) ) ;
#2446 = CARTESIAN_POINT ( 'NONE',  ( 14.66501157078073803, 0.000000000000000000, -5.556593568937011618 ) ) ;
#2447 = CARTESIAN_POINT ( 'NONE',  ( -15.42714915879745341, 9.900000000000000355, -9.677149158797478279 ) ) ;
#2448 = CARTESIAN_POINT ( 'NONE',  ( -13.60768878545895610, 0.02000000000000000042, -6.330490875609867452 ) ) ;
#2449 = ORIENTED_EDGE ( 'NONE', *, *, #1015, .T. ) ;
#2450 = EDGE_LOOP ( 'NONE', ( #3338, #2927, #7447, #3048 ) ) ;
#2451 = CARTESIAN_POINT ( 'NONE',  ( -13.08735409085670476, 0.000000000000000000, -6.329552772194127819 ) ) ;
#2452 = EDGE_CURVE ( 'NONE', #3367, #7247, #5463, .T. ) ;
#2453 = DIRECTION ( 'NONE',  ( 0.1643989873053513517, 0.000000000000000000, -0.9863939238321447478 ) ) ;
#2454 = CARTESIAN_POINT ( 'NONE',  ( 14.20829252105329665, 0.000000000000000000, 5.600749222434883379 ) ) ;
#2455 = MECHANICAL_DESIGN_GEOMETRIC_PRESENTATION_REPRESENTATION (  '', ( #4873 ), #5234 ) ;
#2456 = EDGE_CURVE ( 'NONE', #4296, #500, #4130, .T. ) ;
#2457 = ORIENTED_EDGE ( 'NONE', *, *, #6253, .T. ) ;
#2458 = CARTESIAN_POINT ( 'NONE',  ( -3.840000000000053593, 0.02000000000000000042, 7.359999999999869758 ) ) ;
#2459 =( GEOMETRIC_REPRESENTATION_CONTEXT ( 3 ) GLOBAL_UNCERTAINTY_ASSIGNED_CONTEXT ( ( #5678 ) ) GLOBAL_UNIT_ASSIGNED_CONTEXT ( ( #5803, #3497, #4634 ) ) REPRESENTATION_CONTEXT ( 'NONE', 'WORKASPACE' ) );
#2460 = EDGE_CURVE ( 'NONE', #139, #4984, #5817, .T. ) ;
#2461 = CIRCLE ( 'NONE', #6691, 0.2500000000000002220 ) ;
#2462 = CARTESIAN_POINT ( 'NONE',  ( -1.300000000000006040, 0.02000000000000000042, -7.610000000000099796 ) ) ;
#2463 = FILL_AREA_STYLE_COLOUR ( '', #159 ) ;
#2464 = CARTESIAN_POINT ( 'NONE',  ( 14.20129866489252990, 1.355252715606880080E-17, 6.566246765055358203 ) ) ;
#2465 = CARTESIAN_POINT ( 'NONE',  ( 14.35987492883880101, 1.355252715606880080E-17, 6.176468269876868256 ) ) ;
#2466 = LINE ( 'NONE', #3007, #7292 ) ;
#2467 = EDGE_LOOP ( 'NONE', ( #1274, #1033 ) ) ;
#2468 = CARTESIAN_POINT ( 'NONE',  ( 12.96391737688869306, 0.02000000000000000042, -5.813321203713732288 ) ) ;
#2469 = CARTESIAN_POINT ( 'NONE',  ( -14.14012134404445220, 1.355252715606880080E-17, 6.822770558560790732 ) ) ;
#2470 = SURFACE_STYLE_FILL_AREA ( #161 ) ;
#2471 = CARTESIAN_POINT ( 'NONE',  ( -3.840000000000004743, 0.02000000000000000042, -7.610000000000121112 ) ) ;
#2472 = CARTESIAN_POINT ( 'NONE',  ( 14.41584843264517346, 0.02000000000000000042, 6.364401654165313005 ) ) ;
#2473 = ORIENTED_EDGE ( 'NONE', *, *, #2728, .T. ) ;
#2474 = CARTESIAN_POINT ( 'NONE',  ( 14.42054704185722080, 0.000000000000000000, -6.093609078583901884 ) ) ;
#2475 = VERTEX_POINT ( 'NONE', #2662 ) ;
#2476 = VERTEX_POINT ( 'NONE', #1507 ) ;
#2477 = CARTESIAN_POINT ( 'NONE',  ( -14.42982554133315354, 0.02000000000000000042, -6.495385233731338026 ) ) ;
#2478 = CARTESIAN_POINT ( 'NONE',  ( 15.90000000000000746, 0.000000000000000000, -9.850045691453081176 ) ) ;
#2479 = CARTESIAN_POINT ( 'NONE',  ( 14.37668904395337677, 0.000000000000000000, 5.795777942856428666 ) ) ;
#2480 = DIRECTION ( 'NONE',  ( 1.000000000000000000, 0.000000000000000000, -1.174997428309413820E-16 ) ) ;
#2481 = CARTESIAN_POINT ( 'NONE',  ( -14.10376606765545660, 0.02000000000000000042, 5.437638346225195818 ) ) ;
#2482 = ORIENTED_EDGE ( 'NONE', *, *, #2112, .T. ) ;
#2483 = ORIENTED_EDGE ( 'NONE', *, *, #4645, .T. ) ;
#2484 = CARTESIAN_POINT ( 'NONE',  ( 13.00322139301979618, 0.000000000000000000, 6.207293396895347648 ) ) ;
#2485 = EDGE_CURVE ( 'NONE', #2823, #58, #4486, .T. ) ;
#2486 = CARTESIAN_POINT ( 'NONE',  ( -15.42714915879745341, 9.900000000000000355, 8.539925206221310461 ) ) ;
#2487 = DIRECTION ( 'NONE',  ( 0.000000000000000000, -1.000000000000000000, -0.000000000000000000 ) ) ;
#2488 = CARTESIAN_POINT ( 'NONE',  ( 14.66420810761654181, 0.000000000000000000, -5.520989984673130735 ) ) ;
#2489 = AXIS2_PLACEMENT_3D ( 'NONE', #1375, #2634, #6151 ) ;
#2490 = CARTESIAN_POINT ( 'NONE',  ( 14.36116556295682578, 0.000000000000000000, -5.435767970249521852 ) ) ;
#2491 = ORIENTED_EDGE ( 'NONE', *, *, #832, .F. ) ;
#2492 = SURFACE_STYLE_FILL_AREA ( #5378 ) ;
#2493 = CARTESIAN_POINT ( 'NONE',  ( -13.74182067338605506, 0.02000000000000000042, -5.936869812603148056 ) ) ;
#2494 = VECTOR ( 'NONE', #3910, 1000.000000000000227 ) ;
#2495 = CARTESIAN_POINT ( 'NONE',  ( 13.79847719263201000, 0.02000000000000000042, 5.292757148584162685 ) ) ;
#2496 = DIRECTION ( 'NONE',  ( 0.09962114070050782921, 0.000000000000000000, 0.9950254410443631903 ) ) ;
#2497 = CARTESIAN_POINT ( 'NONE',  ( 14.28968659854293932, 0.02000000000000000042, 6.081581094308099011 ) ) ;
#2498 = CARTESIAN_POINT ( 'NONE',  ( -14.01732727700285253, 0.02000000000000000042, -6.392718402187909099 ) ) ;
#2499 = CARTESIAN_POINT ( 'NONE',  ( 14.70473373134464801, 0.000000000000000000, -6.258836804440402801 ) ) ;
#2500 = VECTOR ( 'NONE', #960, 1000.000000000000000 ) ;
#2501 = PLANE ( 'NONE',  #7170 ) ;
#2502 = ORIENTED_EDGE ( 'NONE', *, *, #2215, .T. ) ;
#2503 = LINE ( 'NONE', #2468, #6233 ) ;
#2504 = EDGE_CURVE ( 'NONE', #4187, #6826, #7317, .T. ) ;
#2505 = DIRECTION ( 'NONE',  ( 0.000000000000000000, -1.000000000000000000, -0.000000000000000000 ) ) ;
#2506 = CARTESIAN_POINT ( 'NONE',  ( 6.320000000000002949, -4.100000000000000533, -7.610000000000060716 ) ) ;
#2507 = CARTESIAN_POINT ( 'NONE',  ( 14.51876505809151929, 0.02000000000000000042, -6.655670105257762259 ) ) ;
#2508 = EDGE_CURVE ( 'NONE', #2148, #4435, #6065, .T. ) ;
#2509 = SURFACE_SIDE_STYLE ('',( #4214 ) ) ;
#2510 = ORIENTED_EDGE ( 'NONE', *, *, #5226, .F. ) ;
#2511 = AXIS2_PLACEMENT_3D ( 'NONE', #1761, #4586, #1684 ) ;
#2512 = FACE_OUTER_BOUND ( 'NONE', #7376, .T. ) ;
#2513 = ORIENTED_EDGE ( 'NONE', *, *, #4527, .T. ) ;
#2514 = ORIENTED_EDGE ( 'NONE', *, *, #6538, .F. ) ;
#2515 = EDGE_CURVE ( 'NONE', #1532, #3188, #6177, .T. ) ;
#2516 = SURFACE_STYLE_USAGE ( .BOTH. , #735 ) ;
#2517 = FACE_OUTER_BOUND ( 'NONE', #1900, .T. ) ;
#2518 = CARTESIAN_POINT ( 'NONE',  ( 12.96811003370314985, 0.000000000000000000, 6.451536456724448421 ) ) ;
#2519 = DIRECTION ( 'NONE',  ( -1.174997428309413820E-16, 0.000000000000000000, -1.000000000000000000 ) ) ;
#2520 = CIRCLE ( 'NONE', #5199, 0.2499999999999993616 ) ;
#2521 = DIRECTION ( 'NONE',  ( 0.000000000000000000, -1.000000000000000000, -0.000000000000000000 ) ) ;
#2522 = ORIENTED_EDGE ( 'NONE', *, *, #3242, .F. ) ;
#2523 = EDGE_LOOP ( 'NONE', ( #6828, #6481, #666 ) ) ;
#2524 = DIRECTION ( 'NONE',  ( 0.000000000000000000, -1.000000000000000000, -0.000000000000000000 ) ) ;
#2525 = ADVANCED_FACE ( 'NONE', ( #3 ), #3976, .T. ) ;
#2526 = CARTESIAN_POINT ( 'NONE',  ( 14.42430657998244392, 0.02000000000000000042, -5.583989978246891361 ) ) ;
#2527 = DIRECTION ( 'NONE',  ( 0.000000000000000000, 1.000000000000000000, 0.000000000000000000 ) ) ;
#2528 = CARTESIAN_POINT ( 'NONE',  ( 13.52427781722960098, 0.02000000000000000042, -5.172909271895553829 ) ) ;
#2529 = VERTEX_POINT ( 'NONE', #4633 ) ;
#2530 = AXIS2_PLACEMENT_3D ( 'NONE', #5840, #5391, #2396 ) ;
#2531 = CARTESIAN_POINT ( 'NONE',  ( 14.42325345679751614, 0.02000000000000000042, -5.610676455717642064 ) ) ;
#2532 = FACE_OUTER_BOUND ( 'NONE', #314, .T. ) ;
#2533 = LINE ( 'NONE', #184, #6591 ) ;
#2534 = CARTESIAN_POINT ( 'NONE',  ( 14.36116556295682578, 0.02000000000000000042, -5.435767970249521852 ) ) ;
#2535 = DIRECTION ( 'NONE',  ( 1.000000000000000000, 0.000000000000000000, -1.174997428309413820E-16 ) ) ;
#2536 = CARTESIAN_POINT ( 'NONE',  ( 14.17199972074488201, 0.02000000000000000042, 5.541100571000702857 ) ) ;
#2537 = CARTESIAN_POINT ( 'NONE',  ( 14.10465113043982832, 1.016439536705160099E-17, -5.613192475020550631 ) ) ;
#2538 = DIRECTION ( 'NONE',  ( -1.174997428309413820E-16, 0.000000000000000000, -1.000000000000000000 ) ) ;
#2539 = VERTEX_POINT ( 'NONE', #4592 ) ;
#2540 = PLANE ( 'NONE',  #5866 ) ;
#2541 = ADVANCED_FACE ( 'NONE', ( #5834 ), #4065, .F. ) ;
#2542 = CARTESIAN_POINT ( 'NONE',  ( 14.49923332873823334, 0.000000000000000000, -5.861295625986701729 ) ) ;
#2543 = CARTESIAN_POINT ( 'NONE',  ( 14.68870544269261735, 0.02000000000000000042, -6.390685487485401772 ) ) ;
#2544 =( NAMED_UNIT ( * ) PLANE_ANGLE_UNIT ( ) SI_UNIT ( $, .RADIAN. ) );
#2545 = CARTESIAN_POINT ( 'NONE',  ( 14.56363570735144641, 1.355252715606880080E-17, -5.808214850080160474 ) ) ;
#2546 = ORIENTED_EDGE ( 'NONE', *, *, #380, .F. ) ;
#2547 = EDGE_CURVE ( 'NONE', #7133, #7448, #1248, .T. ) ;
#2548 = ORIENTED_EDGE ( 'NONE', *, *, #1817, .F. ) ;
#2549 = CARTESIAN_POINT ( 'NONE',  ( 14.24605171439455376, 0.02000000000000000042, 6.808124569814728133 ) ) ;
#2550 = CARTESIAN_POINT ( 'NONE',  ( 14.21363960868039555, 0.02000000000000000042, -5.424700906433841396 ) ) ;
#2551 = SURFACE_STYLE_FILL_AREA ( #7209 ) ;
#2552 = CARTESIAN_POINT ( 'NONE',  ( 14.39660116183937077, 3.388131789017200124E-17, 5.818001444594337990 ) ) ;
#2553 = CARTESIAN_POINT ( 'NONE',  ( 13.88958226483438985, 0.000000000000000000, -6.360537521157482388 ) ) ;
#2554 = MECHANICAL_DESIGN_GEOMETRIC_PRESENTATION_REPRESENTATION (  '', ( #1216 ), #3530 ) ;
#2555 = ORIENTED_EDGE ( 'NONE', *, *, #4515, .F. ) ;
#2556 = VERTEX_POINT ( 'NONE', #2231 ) ;
#2557 = FILL_AREA_STYLE_COLOUR ( '', #2143 ) ;
#2558 = PRESENTATION_STYLE_ASSIGNMENT (( #6539 ) ) ;
#2559 =( LENGTH_UNIT ( ) NAMED_UNIT ( * ) SI_UNIT ( .MILLI., .METRE. ) );
#2560 = FILL_AREA_STYLE ('',( #889 ) ) ;
#2561 = CARTESIAN_POINT ( 'NONE',  ( 13.81747321116333360, 0.02000000000000000042, 6.405409525986563324 ) ) ;
#2562 = CARTESIAN_POINT ( 'NONE',  ( 15.42714915879748183, 10.20000000000000107, -9.971958337732182542 ) ) ;
#2563 = EDGE_LOOP ( 'NONE', ( #3145, #1263, #7165, #878 ) ) ;
#2564 = CARTESIAN_POINT ( 'NONE',  ( 14.17683042533668569, 0.000000000000000000, -6.437042213418072478 ) ) ;
#2565 = CARTESIAN_POINT ( 'NONE',  ( 14.25543367088621061, 0.02000000000000000042, -6.491877931982791949 ) ) ;
#2566 = CARTESIAN_POINT ( 'NONE',  ( 14.22596687055511566, 1.355252715606880080E-17, 5.622752314492868386 ) ) ;
#2567 = DIRECTION ( 'NONE',  ( 0.000000000000000000, -1.000000000000000000, -0.000000000000000000 ) ) ;
#2568 = AXIS2_PLACEMENT_3D ( 'NONE', #5152, #1681, #1721 ) ;
#2569 = PLANE ( 'NONE',  #1623 ) ;
#2570 = AXIS2_PLACEMENT_3D ( 'NONE', #5653, #6179, #3840 ) ;
#2571 = FACE_OUTER_BOUND ( 'NONE', #4070, .T. ) ;
#2572 = CARTESIAN_POINT ( 'NONE',  ( -14.02758117688850703, 0.02000000000000000042, -6.006575623784259577 ) ) ;
#2573 = ORIENTED_EDGE ( 'NONE', *, *, #2853, .F. ) ;
#2574 = CARTESIAN_POINT ( 'NONE',  ( 14.63063596570568237, 0.02000000000000000042, 6.538610993841297514 ) ) ;
#2575 = AXIS2_PLACEMENT_3D ( 'NONE', #5648, #1165, #6965 ) ;
#2576 =( GEOMETRIC_REPRESENTATION_CONTEXT ( 3 ) GLOBAL_UNCERTAINTY_ASSIGNED_CONTEXT ( ( #2187 ) ) GLOBAL_UNIT_ASSIGNED_CONTEXT ( ( #4593, #3427, #6341 ) ) REPRESENTATION_CONTEXT ( 'NONE', 'WORKASPACE' ) );
#2577 = CARTESIAN_POINT ( 'NONE',  ( 14.31183444390651083, 0.02000000000000000042, 6.556493907527443099 ) ) ;
#2578 = PRESENTATION_STYLE_ASSIGNMENT (( #232 ) ) ;
#2579 = FILL_AREA_STYLE ('',( #6595 ) ) ;
#2580 = CARTESIAN_POINT ( 'NONE',  ( 13.79544937369631086, 0.000000000000000000, 5.267133358877227778 ) ) ;
#2581 = ORIENTED_EDGE ( 'NONE', *, *, #1801, .F. ) ;
#2582 = ORIENTED_EDGE ( 'NONE', *, *, #2146, .F. ) ;
#2583 =( LENGTH_UNIT ( ) NAMED_UNIT ( * ) SI_UNIT ( .MILLI., .METRE. ) );
#2584 = CARTESIAN_POINT ( 'NONE',  ( 13.97798883043946638, 0.02000000000000000042, 6.730737617743632661 ) ) ;
#2585 = CARTESIAN_POINT ( 'NONE',  ( -14.06092601166955802, 0.02000000000000000042, 6.978629557162696173 ) ) ;
#2586 = CYLINDRICAL_SURFACE ( 'NONE', #430, 0.2500000000000002220 ) ;
#2587 = CARTESIAN_POINT ( 'NONE',  ( 14.65600290707699216, 0.000000000000000000, 5.527300706178363221 ) ) ;
#2588 = ORIENTED_EDGE ( 'NONE', *, *, #7505, .F. ) ;
#2589 = ORIENTED_EDGE ( 'NONE', *, *, #2856, .F. ) ;
#2590 = PRESENTATION_STYLE_ASSIGNMENT (( #3811 ) ) ;
#2591 = FILL_AREA_STYLE_COLOUR ( '', #3660 ) ;
#2592 = LINE ( 'NONE', #4955, #5887 ) ;
#2593 = DIRECTION ( 'NONE',  ( 0.000000000000000000, -1.000000000000000000, 0.000000000000000000 ) ) ;
#2594 = CARTESIAN_POINT ( 'NONE',  ( 14.70503731651937329, 1.355252715606880080E-17, -6.241409062433993071 ) ) ;
#2595 = FILL_AREA_STYLE ('',( #964 ) ) ;
#2596 = ORIENTED_EDGE ( 'NONE', *, *, #1095, .F. ) ;
#2597 = LINE ( 'NONE', #6048, #203 ) ;
#2598 = CIRCLE ( 'NONE', #5992, 0.2500000000000002220 ) ;
#2599 = CARTESIAN_POINT ( 'NONE',  ( -14.00707988579850394, 0.02000000000000000042, -6.381281501425148051 ) ) ;
#2600 = ADVANCED_FACE ( 'NONE', ( #4548 ), #5201, .T. ) ;
#2601 = CARTESIAN_POINT ( 'NONE',  ( 14.31305909728875569, 1.355252715606880080E-17, 5.725019839120597531 ) ) ;
#2602 =( GEOMETRIC_REPRESENTATION_CONTEXT ( 3 ) GLOBAL_UNCERTAINTY_ASSIGNED_CONTEXT ( ( #3562 ) ) GLOBAL_UNIT_ASSIGNED_CONTEXT ( ( #4831, #4330, #3700 ) ) REPRESENTATION_CONTEXT ( 'NONE', 'WORKASPACE' ) );
#2603 = FILL_AREA_STYLE_COLOUR ( '', #401 ) ;
#2604 = DIRECTION ( 'NONE',  ( 0.000000000000000000, -1.000000000000000000, -0.000000000000000000 ) ) ;
#2605 = DIRECTION ( 'NONE',  ( 0.000000000000000000, -1.000000000000000000, -0.000000000000000000 ) ) ;
#2606 = CARTESIAN_POINT ( 'NONE',  ( 14.51655404856545140, 0.02000000000000000042, 5.966229648649113315 ) ) ;
#2607 = ORIENTED_EDGE ( 'NONE', *, *, #6176, .F. ) ;
#2608 = MECHANICAL_DESIGN_GEOMETRIC_PRESENTATION_REPRESENTATION (  '', ( #1871 ), #2239 ) ;
#2609 = DIRECTION ( 'NONE',  ( 0.000000000000000000, 1.000000000000000000, 0.000000000000000000 ) ) ;
#2610 = CARTESIAN_POINT ( 'NONE',  ( 14.59814329932657095, 1.355252715606880080E-17, 6.610932018057162907 ) ) ;
#2611 = CARTESIAN_POINT ( 'NONE',  ( 14.40528181714196876, 0.02000000000000000042, 6.451836093611673206 ) ) ;
#2612 = EDGE_CURVE ( 'NONE', #1638, #1334, #807, .T. ) ;
#2613 = LINE ( 'NONE', #2693, #638 ) ;
#2614 = AXIS2_PLACEMENT_3D ( 'NONE', #5587, #432, #5240 ) ;
#2615 = CARTESIAN_POINT ( 'NONE',  ( 14.35770515053850183, 0.000000000000000000, -5.714278506787742629 ) ) ;
#2616 = EDGE_CURVE ( 'NONE', #3139, #5474, #2800, .T. ) ;
#2617 = FILL_AREA_STYLE ('',( #6744 ) ) ;
#2618 = ORIENTED_EDGE ( 'NONE', *, *, #3412, .T. ) ;
#2619 = ORIENTED_EDGE ( 'NONE', *, *, #1911, .T. ) ;
#2620 = AXIS2_PLACEMENT_3D ( 'NONE', #4570, #6881, #4530 ) ;
#2621 = CARTESIAN_POINT ( 'NONE',  ( 3.780000000000003801, 0.000000000000000000, -7.610000000000079368 ) ) ;
#2622 = FILL_AREA_STYLE_COLOUR ( '', #5719 ) ;
#2623 = VECTOR ( 'NONE', #2487, 1000.000000000000000 ) ;
#2624 = LINE ( 'NONE', #5541, #706 ) ;
#2625 = FACE_BOUND ( 'NONE', #147, .T. ) ;
#2626 = CARTESIAN_POINT ( 'NONE',  ( -13.08735409085670476, 0.02000000000000000042, -6.909926085404358709 ) ) ;
#2627 = ORIENTED_EDGE ( 'NONE', *, *, #2215, .F. ) ;
#2628 =( NAMED_UNIT ( * ) PLANE_ANGLE_UNIT ( ) SI_UNIT ( $, .RADIAN. ) );
#2629 = EDGE_CURVE ( 'NONE', #3901, #1459, #1279, .T. ) ;
#2630 = FILL_AREA_STYLE ('',( #888 ) ) ;
#2631 = ADVANCED_FACE ( 'NONE', ( #5388 ), #2338, .T. ) ;
#2632 = CARTESIAN_POINT ( 'NONE',  ( 12.96391737688869306, 0.000000000000000000, -5.813321203713732288 ) ) ;
#2633 = CARTESIAN_POINT ( 'NONE',  ( 12.92986636977649262, 0.02000000000000000042, 6.173788666110158196 ) ) ;
#2634 = DIRECTION ( 'NONE',  ( 0.000000000000000000, -1.000000000000000000, -0.000000000000000000 ) ) ;
#2635 = CARTESIAN_POINT ( 'NONE',  ( -13.85000821845915198, 0.000000000000000000, -6.185962563725999175 ) ) ;
#2636 = EDGE_LOOP ( 'NONE', ( #3220, #6185 ) ) ;
#2637 = CARTESIAN_POINT ( 'NONE',  ( 14.12466400330914595, 0.000000000000000000, -6.273617279708052941 ) ) ;
#2638 =( GEOMETRIC_REPRESENTATION_CONTEXT ( 3 ) GLOBAL_UNCERTAINTY_ASSIGNED_CONTEXT ( ( #3485 ) ) GLOBAL_UNIT_ASSIGNED_CONTEXT ( ( #4614, #1194, #6842 ) ) REPRESENTATION_CONTEXT ( 'NONE', 'WORKASPACE' ) );
#2639 = LINE ( 'NONE', #6049, #3986 ) ;
#2640 = CIRCLE ( 'NONE', #1298, 0.2499999999999993616 ) ;
#2641 = EDGE_CURVE ( 'NONE', #6826, #6651, #1603, .T. ) ;
#2642 = CARTESIAN_POINT ( 'NONE',  ( 14.36644165274904417, 0.02000000000000000042, 5.784341042093668506 ) ) ;
#2643 = PRESENTATION_LAYER_ASSIGNMENT (  '', '', ( #5914 ) ) ;
#2644 = APPLICATION_PROTOCOL_DEFINITION ( 'draft international standard', 'automotive_design', 1998, #6196 ) ;
#2645 = CYLINDRICAL_SURFACE ( 'NONE', #7300, 0.2499999999999993616 ) ;
#2646 = CARTESIAN_POINT ( 'NONE',  ( -14.10376606765545660, 0.02000000000000000042, 5.437638346225195818 ) ) ;
#2647 = VECTOR ( 'NONE', #3949, 1000.000000000000000 ) ;
#2648 = ORIENTED_EDGE ( 'NONE', *, *, #2853, .T. ) ;
#2649 = CARTESIAN_POINT ( 'NONE',  ( 12.96391737688869306, 1.355252715606880080E-17, -5.813321203713732288 ) ) ;
#2650 = DIRECTION ( 'NONE',  ( 1.174997428309413820E-16, -0.000000000000000000, 1.000000000000000000 ) ) ;
#2651 = ORIENTED_EDGE ( 'NONE', *, *, #6530, .F. ) ;
#2652 = FILL_AREA_STYLE_COLOUR ( '', #1773 ) ;
#2653 = CARTESIAN_POINT ( 'NONE',  ( 13.17460577040884218, 0.02000000000000000042, -5.694678193333271743 ) ) ;
#2654 = COLOUR_RGB ( '',0.2509803921568627416, 0.2509803921568627416, 0.2509803921568627416 ) ;
#2655 = CARTESIAN_POINT ( 'NONE',  ( 14.41584843264517346, 0.02000000000000000042, 6.364401654165313005 ) ) ;
#2656 = CARTESIAN_POINT ( 'NONE',  ( -14.53983156273745436, 0.000000000000000000, -5.643211861252257933 ) ) ;
#2657 = B_SPLINE_CURVE_WITH_KNOTS ( 'NONE', 3,
 ( #4118, #3028, #7099, #1219, #6531, #5848, #1780, #1744, #2942, #4151, #1854, #4183, #1329, #6421, #3546, #5931, #5252, #6495, #4722 ),
 .UNSPECIFIED., .F., .F.,
 ( 4, 1, 1, 1, 1, 1, 1, 1, 1, 1, 1, 1, 1, 1, 1, 1, 4 ),
 ( 0.000000000000000000, 0.07856962044363040298, 0.1524157624279554868, 0.2221662873459989973, 0.2878931881657480485, 0.3501160166683494612, 0.4098419974164504986, 0.4674363432541009944, 0.5238385366738970150, 0.5795328812304130217, 0.6350938630033680088, 0.6915074927775959335, 0.7489429418877879829, 0.8077984992902620398, 0.8692755760138990428, 0.9331844849411530252, 1.000000000000000000 ),
 .UNSPECIFIED. ) ;
#2658 = CARTESIAN_POINT ( 'NONE',  ( -15.89763309531115532, 0.1355998788081259898, 8.610560890911582277 ) ) ;
#2659 = DIRECTION ( 'NONE',  ( 0.4975963966147091133, 0.000000000000000000, 0.8674086845749569008 ) ) ;
#2660 = VERTEX_POINT ( 'NONE', #7012 ) ;
#2661 = VERTEX_POINT ( 'NONE', #3050 ) ;
#2662 = CARTESIAN_POINT ( 'NONE',  ( -14.14303313471325474, 0.02000000000000000042, -5.609089348898669058 ) ) ;
#2663 = DIRECTION ( 'NONE',  ( 0.000000000000000000, -1.000000000000000000, -0.000000000000000000 ) ) ;
#2664 = CARTESIAN_POINT ( 'NONE',  ( 12.91488296744631192, 0.000000000000000000, 6.427879985297678012 ) ) ;
#2665 = DIRECTION ( 'NONE',  ( 0.000000000000000000, 0.000000000000000000, -1.000000000000000000 ) ) ;
#2666 = CARTESIAN_POINT ( 'NONE',  ( 14.35987492883880101, 0.02000000000000000042, 6.176468269876868256 ) ) ;
#2667 = CARTESIAN_POINT ( 'NONE',  ( 13.94000000000000661, 0.02000000000000000042, -7.860000000000002096 ) ) ;
#2668 = ORIENTED_EDGE ( 'NONE', *, *, #3163, .F. ) ;
#2669 = VERTEX_POINT ( 'NONE', #726 ) ;
#2670 = PLANE ( 'NONE',  #2678 ) ;
#2671 = DIRECTION ( 'NONE',  ( 0.000000000000000000, -1.000000000000000000, -0.000000000000000000 ) ) ;
#2672 = VECTOR ( 'NONE', #2505, 1000.000000000000000 ) ;
#2673 = LINE ( 'NONE', #6578, #3936 ) ;
#2674 = DIRECTION ( 'NONE',  ( 0.000000000000000000, -1.000000000000000000, -0.000000000000000000 ) ) ;
#2675 = ORIENTED_EDGE ( 'NONE', *, *, #6232, .T. ) ;
#2676 = CARTESIAN_POINT ( 'NONE',  ( 13.27792898934128552, 0.02000000000000000042, 6.808124569814728133 ) ) ;
#2677 = LINE ( 'NONE', #293, #6284 ) ;
#2678 = AXIS2_PLACEMENT_3D ( 'NONE', #996, #1517, #5097 ) ;
#2679 = EDGE_CURVE ( 'NONE', #4984, #3188, #160, .T. ) ;
#2680 = DIRECTION ( 'NONE',  ( 0.000000000000000000, 1.000000000000000000, 0.000000000000000000 ) ) ;
#2681 = CARTESIAN_POINT ( 'NONE',  ( 12.91488296744631192, 0.000000000000000000, 6.167712637996543457 ) ) ;
#2682 = CARTESIAN_POINT ( 'NONE',  ( -14.30431638929525562, 1.355252715606880080E-17, -5.393473355200468333 ) ) ;
#2683 = EDGE_CURVE ( 'NONE', #4918, #5279, #4362, .T. ) ;
#2684 = CARTESIAN_POINT ( 'NONE',  ( 13.88450952887732903, 0.02000000000000000042, -6.313643025446691759 ) ) ;
#2685 = ORIENTED_EDGE ( 'NONE', *, *, #4395, .T. ) ;
#2686 = CARTESIAN_POINT ( 'NONE',  ( 14.27538595210620009, 0.02000000000000000042, -5.413063746327371639 ) ) ;
#2687 = DIRECTION ( 'NONE',  ( 0.000000000000000000, -1.000000000000000000, -0.000000000000000000 ) ) ;
#2688 = VERTEX_POINT ( 'NONE', #3650 ) ;
#2689 = LINE ( 'NONE', #1680, #3734 ) ;
#2690 = LINE ( 'NONE', #3756, #5621 ) ;
#2691 = MECHANICAL_DESIGN_GEOMETRIC_PRESENTATION_REPRESENTATION (  '', ( #1699 ), #3073 ) ;
#2692 = CARTESIAN_POINT ( 'NONE',  ( 14.35618775286340210, 0.02000000000000000042, 6.170483820497318916 ) ) ;
#2693 = CARTESIAN_POINT ( 'NONE',  ( 14.10465113043982832, 0.02000000000000000042, -5.613192475020550631 ) ) ;
#2694 = CARTESIAN_POINT ( 'NONE',  ( -14.13851311098320451, 0.02000000000000000042, 6.521897658863911929 ) ) ;
#2695 = AXIS2_PLACEMENT_3D ( 'NONE', #2849, #5158, #2343 ) ;
#2696 = AXIS2_PLACEMENT_3D ( 'NONE', #5192, #6256, #2226 ) ;
#2697 = CARTESIAN_POINT ( 'NONE',  ( -12.68709663347035210, 0.02000000000000000042, -6.329552772194127819 ) ) ;
#2698 = ORIENTED_EDGE ( 'NONE', *, *, #3736, .F. ) ;
#2699 = ORIENTED_EDGE ( 'NONE', *, *, #5212, .F. ) ;
#2700 = CARTESIAN_POINT ( 'NONE',  ( -14.36154778749480521, -0.0008979873256006169367, 10.15001567442707220 ) ) ;
#2701 = SURFACE_STYLE_USAGE ( .BOTH. , #7284 ) ;
#2702 = VECTOR ( 'NONE', #2567, 1000.000000000000000 ) ;
#2703 = B_SPLINE_SURFACE_WITH_KNOTS ( 'NONE', 3, 1, ( 
 ( #2006, #4329 ),
 ( #7135, #4830 ),
 ( #914, #7285 ),
 ( #6138, #6036 ),
 ( #240, #3235 ),
 ( #7208, #2081 ),
 ( #4979, #6638 ) ),
 .UNSPECIFIED., .F., .F., .F.,
 ( 4, 1, 1, 1, 4 ),
 ( 2, 2 ),
 ( 0.000000000000000000, 0.2650720260088935132, 0.5174264585638279623, 0.7613771326035569942, 1.000000000000000000 ),
 ( 0.000000000000000000, 1.000000000000000000 ),
 .UNSPECIFIED. ) ;
#2704 = CARTESIAN_POINT ( 'NONE',  ( 14.24605171439455376, 0.000000000000000000, 6.808124569814728133 ) ) ;
#2705 = CYLINDRICAL_SURFACE ( 'NONE', #105, 0.2500000000000002220 ) ;
#2706 = CARTESIAN_POINT ( 'NONE',  ( -14.42397203356450319, 0.000000000000000000, 6.598384972645651381 ) ) ;
#2707 = CARTESIAN_POINT ( 'NONE',  ( -13.72776602267490453, 0.000000000000000000, -6.909926085404358709 ) ) ;
#2708 = VERTEX_POINT ( 'NONE', #5954 ) ;
#2709 = ORIENTED_EDGE ( 'NONE', *, *, #1060, .F. ) ;
#2710 = CARTESIAN_POINT ( 'NONE',  ( 13.24776806640875293, 1.355252715606880080E-17, -5.328768270497461046 ) ) ;
#2711 = DIRECTION ( 'NONE',  ( 0.000000000000000000, -1.000000000000000000, -0.000000000000000000 ) ) ;
#2712 = CARTESIAN_POINT ( 'NONE',  ( 13.23508893335540293, 0.02000000000000000042, 6.387854239559042746 ) ) ;
#2713 = ADVANCED_FACE ( 'NONE', ( #4140 ), #1241, .T. ) ;
#2714 = DIRECTION ( 'NONE',  ( -0.000000000000000000, 0.000000000000000000, 1.000000000000000000 ) ) ;
#2715 = CARTESIAN_POINT ( 'NONE',  ( 14.61503217550127331, 0.000000000000000000, 6.149867308982837066 ) ) ;
#2716 = CARTESIAN_POINT ( 'NONE',  ( 14.64411485678757785, 0.02000000000000000042, -5.997468028966112641 ) ) ;
#2717 = CARTESIAN_POINT ( 'NONE',  ( -13.76873675425060561, 0.000000000000000000, -6.027192135298738762 ) ) ;
#2718 = ORIENTED_EDGE ( 'NONE', *, *, #877, .F. ) ;
#2719 = CARTESIAN_POINT ( 'NONE',  ( 1.239999999999946034, 0.02000000000000000042, 7.609999999999910614 ) ) ;
#2720 = EDGE_CURVE ( 'NONE', #3139, #965, #6905, .T. ) ;
#2721 = CARTESIAN_POINT ( 'NONE',  ( 14.66501157078073803, 0.02000000000000000042, -5.556593568937011618 ) ) ;
#2722 = DIRECTION ( 'NONE',  ( 0.000000000000000000, 0.000000000000000000, -1.000000000000000000 ) ) ;
#2723 = SURFACE_STYLE_USAGE ( .BOTH. , #6769 ) ;
#2724 = CARTESIAN_POINT ( 'NONE',  ( -14.15273757028110779, 1.355252715606880080E-17, -5.369231118210147535 ) ) ;
#2725 = CARTESIAN_POINT ( 'NONE',  ( 14.58273890673392259, 1.355252715606880080E-17, -6.594646945297191643 ) ) ;
#2726 = VERTEX_POINT ( 'NONE', #341 ) ;
#2727 = CARTESIAN_POINT ( 'NONE',  ( 15.42714915879748183, 10.20000000000000107, -9.677149158797481832 ) ) ;
#2728 = EDGE_CURVE ( 'NONE', #90, #2344, #3759, .T. ) ;
#2729 = CARTESIAN_POINT ( 'NONE',  ( -14.15232374468080678, 0.02000000000000000042, -6.164213456890317744 ) ) ;
#2730 = VERTEX_POINT ( 'NONE', #869 ) ;
#2731 = CARTESIAN_POINT ( 'NONE',  ( 14.39029347258223268, 0.000000000000000000, 6.487747790383238566 ) ) ;
#2732 = CARTESIAN_POINT ( 'NONE',  ( -3.840000000000053593, 0.02000000000000000042, 7.859999999999870646 ) ) ;
#2733 = CARTESIAN_POINT ( 'NONE',  ( 14.41584843264517346, 1.355252715606880080E-17, 6.364401654165313005 ) ) ;
#2734 = CARTESIAN_POINT ( 'NONE',  ( 14.31183444390651083, 0.02000000000000000042, 6.556493907527443099 ) ) ;
#2735 = CARTESIAN_POINT ( 'NONE',  ( -14.40898863123435625, 1.355252715606880080E-17, 6.344293653458132454 ) ) ;
#2736 = COLOUR_RGB ( '',0.2509803921568627416, 0.2509803921568627416, 0.2509803921568627416 ) ;
#2737 = EDGE_CURVE ( 'NONE', #52, #1207, #3832, .T. ) ;
#2738 = PLANE ( 'NONE',  #2071 ) ;
#2739 = ORIENTED_EDGE ( 'NONE', *, *, #3644, .T. ) ;
#2740 = ADVANCED_FACE ( 'NONE', ( #6703 ), #2960, .T. ) ;
#2741 = B_SPLINE_CURVE_WITH_KNOTS ( 'NONE', 3,
 ( #4030, #2314, #6937, #1733, #4069, #3500, #5804, #614, #5244, #3393, #48, #2350, #2786, #6791, #1580, #3918, #6223, #1023, #4516 ),
 .UNSPECIFIED., .F., .F.,
 ( 4, 1, 1, 1, 1, 1, 1, 1, 1, 1, 1, 1, 1, 1, 1, 1, 4 ),
 ( 0.000000000000000000, 0.08274303077418609931, 0.1607648147147685003, 0.2339735719340269859, 0.3032020836224720295, 0.3684134087851734796, 0.4302918982837585227, 0.4892254981802089953, 0.5462801477675790496, 0.6017754552499439136, 0.6565375029511900662, 0.7112445041841400917, 0.7662490148335420193, 0.8218776296407480642, 0.8792723176394590112, 0.9383165830672379748, 1.000000000000000000 ),
 .UNSPECIFIED. ) ;
#2742 = ORIENTED_EDGE ( 'NONE', *, *, #5326, .F. ) ;
#2743 = DIRECTION ( 'NONE',  ( 0.000000000000000000, -1.000000000000000000, -0.000000000000000000 ) ) ;
#2744 = AXIS2_PLACEMENT_3D ( 'NONE', #3932, #3340, #3302 ) ;
#2745 =( NAMED_UNIT ( * ) PLANE_ANGLE_UNIT ( ) SI_UNIT ( $, .RADIAN. ) );
#2746 = EDGE_CURVE ( 'NONE', #2288, #3954, #251, .T. ) ;
#2747 = FACE_BOUND ( 'NONE', #4268, .T. ) ;
#2748 = AXIS2_PLACEMENT_3D ( 'NONE', #576, #616, #5842 ) ;
#2749 = ORIENTED_EDGE ( 'NONE', *, *, #1129, .F. ) ;
#2750 = CARTESIAN_POINT ( 'NONE',  ( -12.68709663347035210, 0.000000000000000000, -6.329552772194127819 ) ) ;
#2751 = EDGE_CURVE ( 'NONE', #1305, #6347, #6547, .T. ) ;
#2752 = CLOSED_SHELL ( 'NONE', ( #3831, #7011, #4481, #3024, #3859, #5531, #4304, #5309, #1151, #5928, #5430, #21, #1423, #3310, #1503, #3760, #6387, #6990, #6969, #5970, #4120, #3798, #5295, #5518, #1879, #2776, #6763, #3525, #4849, #7370, #4082, #3417, #7463, #407, #582, #2365, #2404, #7430, #5873, #3487, #2211, #2788, #3298, #648, #2285, #600, #6190, #167, #842, #6420, #1731, #2525, #3632, #3947, #3276, #6085, #7319, #548, #4498, #238, #622, #497, #6088, #2740, #1973, #6148, #323, #1020, #3306, #4531, #2713, #2207, #5765, #6867, #5978, #6484, #3504, #5417, #611, #3244, #2631, #2141, #5057, #6180, #578, #5079, #7015, #3197, #2259, #6020, #7265, #736, #1595, #6948, #3988, #7222, #868, #1981, #1478, #6658, #1573, #3094, #2042, #812, #59, #1278, #4892, #5379, #3179, #507, #3740, #5879, #6174, #1924, #6302, #1641, #871, #5622, #715, #4491, #6440, #2541, #958, #3509, #7457, #6734, #7227, #252, #5096, #6012, #2971, #3897, #2600, #482, #815, #4026, #1187, #2127, #1491, #851, #4911, #5235, #54, #3074, #1275, #2151, #5857, #4420, #1399, #2347, #4670, #3649, #836, #6479, #2168, #6770, #3801, #1145, #2973, #486, #4581, #2068, #2871, #257, #928, #5134, #3663, #6212, #5825, #6890, #1742, #6740, #5402, #2931, #4999, #5642, #84, #1883, #1326, #3975 ) ) ;
#2753 = DIRECTION ( 'NONE',  ( 1.000000000000000000, 0.000000000000000000, -1.174997428309413820E-16 ) ) ;
#2754 = FACE_OUTER_BOUND ( 'NONE', #3745, .T. ) ;
#2755 = B_SPLINE_CURVE_WITH_KNOTS ( 'NONE', 3,
 ( #1107, #5213, #545, #2828, #2286, #4603, #7022 ),
 .UNSPECIFIED., .F., .F.,
 ( 4, 1, 1, 1, 4 ),
 ( 0.000000000000000000, 0.2138465037177959827, 0.4488532362386279950, 0.7121003335125359879, 1.000000000000000000 ),
 .UNSPECIFIED. ) ;
#2756 = CARTESIAN_POINT ( 'NONE',  ( -14.10376606765545660, 0.02000000000000000042, 6.558359226907016115 ) ) ;
#2757 = LINE ( 'NONE', #5062, #1062 ) ;
#2758 = ORIENTED_EDGE ( 'NONE', *, *, #4299, .F. ) ;
#2759 = DIRECTION ( 'NONE',  ( 0.000000000000000000, -1.000000000000000000, -0.000000000000000000 ) ) ;
#2760 = EDGE_CURVE ( 'NONE', #549, #4639, #3701, .T. ) ;
#2761 = CARTESIAN_POINT ( 'NONE',  ( 13.84393736701444411, 0.02000000000000000042, 6.533847583029323225 ) ) ;
#2762 = CARTESIAN_POINT ( 'NONE',  ( -14.13771721535730386, 0.02000000000000000042, -5.368934874466847695 ) ) ;
#2763 = CARTESIAN_POINT ( 'NONE',  ( 14.53545869722471018, 0.000000000000000000, -5.263771305652753085 ) ) ;
#2764 = EDGE_CURVE ( 'NONE', #393, #4144, #3226, .T. ) ;
#2765 = CARTESIAN_POINT ( 'NONE',  ( 14.69780816437837068, 0.02000000000000000042, -6.342899462098562147 ) ) ;
#2766 = CIRCLE ( 'NONE', #1902, 0.2500000000000002220 ) ;
#2767 = ORIENTED_EDGE ( 'NONE', *, *, #2949, .F. ) ;
#2768 = DIRECTION ( 'NONE',  ( 0.000000000000000000, -1.000000000000000000, -0.000000000000000000 ) ) ;
#2769 = CARTESIAN_POINT ( 'NONE',  ( -14.35997760223495412, 0.02000000000000000042, -6.403554715768577488 ) ) ;
#2770 = ORIENTED_EDGE ( 'NONE', *, *, #1100, .F. ) ;
#2771 = CARTESIAN_POINT ( 'NONE',  ( -13.96792049710670724, 0.02000000000000000042, -5.812657790116267265 ) ) ;
#2772 = CARTESIAN_POINT ( 'NONE',  ( 13.94000000000000661, 0.000000000000000000, -7.610000000000001208 ) ) ;
#2773 = CARTESIAN_POINT ( 'NONE',  ( -13.60768878545895610, 0.000000000000000000, -6.330490875609867452 ) ) ;
#2774 = CARTESIAN_POINT ( 'NONE',  ( -14.13056418414380389, 0.02000000000000000042, -5.609627433666537932 ) ) ;
#2775 = CARTESIAN_POINT ( 'NONE',  ( 3.779999999999946514, 0.02000000000000000042, 7.609999999999923936 ) ) ;
#2776 = ADVANCED_FACE ( 'NONE', ( #6169 ), #833, .T. ) ;
#2777 = PLANE ( 'NONE',  #1353 ) ;
#2778 = VERTEX_POINT ( 'NONE', #1642 ) ;
#2779 = AXIS2_PLACEMENT_3D ( 'NONE', #7210, #3237, #3278 ) ;
#2780 = SURFACE_STYLE_USAGE ( .BOTH. , #6299 ) ;
#2781 = CARTESIAN_POINT ( 'NONE',  ( 13.95440616440351356, 0.000000000000000000, -5.355892034154582149 ) ) ;
#2782 = MECHANICAL_DESIGN_GEOMETRIC_PRESENTATION_REPRESENTATION (  '', ( #5180 ), #5540 ) ;
#2783 = CARTESIAN_POINT ( 'NONE',  ( -14.00000000000005507, 0.02000000000000000042, 7.609999999999802256 ) ) ;
#2784 = EDGE_CURVE ( 'NONE', #4756, #4519, #6365, .T. ) ;
#2785 = LINE ( 'NONE', #5694, #7486 ) ;
#2786 = CARTESIAN_POINT ( 'NONE',  ( 14.10731484358652565, 0.02000000000000000042, -5.209659932551181427 ) ) ;
#2787 = EDGE_LOOP ( 'NONE', ( #4607, #6166, #6338, #6379 ) ) ;
#2788 = ADVANCED_FACE ( 'NONE', ( #2191 ), #4623, .T. ) ;
#2789 = ORIENTED_EDGE ( 'NONE', *, *, #3569, .F. ) ;
#2790 = ORIENTED_EDGE ( 'NONE', *, *, #2390, .T. ) ;
#2791 = CARTESIAN_POINT ( 'NONE',  ( 13.20133708805876083, 0.02000000000000000042, -5.384344476527472168 ) ) ;
#2792 = CARTESIAN_POINT ( 'NONE',  ( 14.05561672099744719, 0.000000000000000000, 6.347828493820408369 ) ) ;
#2793 = DIRECTION ( 'NONE',  ( 0.000000000000000000, -1.000000000000000000, -0.000000000000000000 ) ) ;
#2794 = CARTESIAN_POINT ( 'NONE',  ( -11.46000000000005592, -4.100000000000000533, 7.609999999999820908 ) ) ;
#2795 = CARTESIAN_POINT ( 'NONE',  ( 14.64194825636581498, 0.000000000000000000, 6.240189631678428661 ) ) ;
#2796 = CARTESIAN_POINT ( 'NONE',  ( 14.64194825636581498, 3.388131789017200124E-17, 6.240189631678428661 ) ) ;
#2797 = SURFACE_STYLE_USAGE ( .BOTH. , #4041 ) ;
#2798 = VERTEX_POINT ( 'NONE', #5641 ) ;
#2799 = CARTESIAN_POINT ( 'NONE',  ( 14.53545869722471018, 1.355252715606880080E-17, -5.263771305652753085 ) ) ;
#2800 = CIRCLE ( 'NONE', #7026, 0.2999999999999999334 ) ;
#2801 = CARTESIAN_POINT ( 'NONE',  ( -13.72853476726305466, 0.02000000000000000042, -5.756122639168688160 ) ) ;
#2802 = PRESENTATION_STYLE_ASSIGNMENT (( #555 ) ) ;
#2803 = CARTESIAN_POINT ( 'NONE',  ( 14.69657087634224801, 0.02000000000000000042, -6.138908721416531655 ) ) ;
#2804 = CARTESIAN_POINT ( 'NONE',  ( 14.37190035238320895, 0.02000000000000000042, -6.725965170920131797 ) ) ;
#2805 = ORIENTED_EDGE ( 'NONE', *, *, #4583, .T. ) ;
#2806 = CARTESIAN_POINT ( 'NONE',  ( 13.88450952887732903, 2.710505431213759852E-17, -5.573166729281921583 ) ) ;
#2807 = PRESENTATION_LAYER_ASSIGNMENT (  '', '', ( #5704 ) ) ;
#2808 = DIRECTION ( 'NONE',  ( 0.000000000000000000, 0.000000000000000000, -1.000000000000000000 ) ) ;
#2809 = ORIENTED_EDGE ( 'NONE', *, *, #5098, .T. ) ;
#2810 = FILL_AREA_STYLE ('',( #1160 ) ) ;
#2811 = CARTESIAN_POINT ( 'NONE',  ( -14.15273757028110779, 0.02000000000000000042, -5.369231118210147535 ) ) ;
#2812 = CARTESIAN_POINT ( 'NONE',  ( 13.00322139301979618, 0.02000000000000000042, 6.207293396895347648 ) ) ;
#2813 = DIRECTION ( 'NONE',  ( 0.000000000000000000, -1.000000000000000000, 0.000000000000000000 ) ) ;
#2814 = ORIENTED_EDGE ( 'NONE', *, *, #4865, .T. ) ;
#2815 = CARTESIAN_POINT ( 'NONE',  ( -14.22496083302200631, 0.02000000000000000042, -6.246374269331019136 ) ) ;
#2816 = FACE_OUTER_BOUND ( 'NONE', #5102, .T. ) ;
#2817 = VECTOR ( 'NONE', #562, 1000.000000000000000 ) ;
#2818 = DIRECTION ( 'NONE',  ( 1.000000000000000000, 0.000000000000000000, -1.174997428309413820E-16 ) ) ;
#2819 = LINE ( 'NONE', #1613, #3258 ) ;
#2820 = ORIENTED_EDGE ( 'NONE', *, *, #1488, .T. ) ;
#2821 = VECTOR ( 'NONE', #3275, 1000.000000000000000 ) ;
#2822 = CARTESIAN_POINT ( 'NONE',  ( -1.300000000000054667, 0.02000000000000000042, 7.359999999999890186 ) ) ;
#2823 = VERTEX_POINT ( 'NONE', #6924 ) ;
#2824 = EDGE_LOOP ( 'NONE', ( #6209, #2257 ) ) ;
#2825 = CARTESIAN_POINT ( 'NONE',  ( -13.72776602267490453, 0.02000000000000000042, -6.649758738103208167 ) ) ;
#2826 = STYLED_ITEM ( 'NONE', ( #6301 ), #836 ) ;
#2827 = DIRECTION ( 'NONE',  ( 0.000000000000000000, -1.000000000000000000, -0.000000000000000000 ) ) ;
#2828 = CARTESIAN_POINT ( 'NONE',  ( 14.23934310160619177, 0.02000000000000000042, -5.999115598631101776 ) ) ;
#2829 = CARTESIAN_POINT ( 'NONE',  ( 13.89849362414001455, 0.02000000000000000042, 6.648270172908523179 ) ) ;
#2830 = CARTESIAN_POINT ( 'NONE',  ( 14.57464940826601385, 3.388131789017200124E-17, 6.059655536949843047 ) ) ;
#2831 = ORIENTED_EDGE ( 'NONE', *, *, #1036, .T. ) ;
#2832 = CARTESIAN_POINT ( 'NONE',  ( 14.65086532624831861, 0.02000000000000000042, -5.451387495179391252 ) ) ;
#2833 = B_SPLINE_CURVE_WITH_KNOTS ( 'NONE', 3,
 ( #4162, #1340, #3072, #1304, #180, #5860, #2420, #1947, #4695, #4125, #5413, #4265, #3635, #1829, #1866, #5939, #2954, #6469, #6543 ),
 .UNSPECIFIED., .F., .F.,
 ( 4, 1, 1, 1, 1, 1, 1, 1, 1, 1, 1, 1, 1, 1, 1, 1, 4 ),
 ( 0.000000000000000000, 0.07411266103589320142, 0.1436507190320178151, 0.2100516928803494998, 0.2733649034018855173, 0.3349952740509130056, 0.3954468596327564978, 0.4559474902146560260, 0.5173725358256879847, 0.5790599188556789789, 0.6394314938813010496, 0.6987549640328700740, 0.7576826860457249735, 0.8173053891001090809, 0.8771506171663199236, 0.9376149219385300215, 1.000000000000000000 ),
 .UNSPECIFIED. ) ;
#2834 = SURFACE_STYLE_FILL_AREA ( #3083 ) ;
#2835 = LINE ( 'NONE', #1628, #5477 ) ;
#2836 = CARTESIAN_POINT ( 'NONE',  ( 14.56186138679349718, 0.02000000000000000042, -5.292064800712472206 ) ) ;
#2837 = CARTESIAN_POINT ( 'NONE',  ( 14.65472426491371394, 0.02000000000000000042, -5.649784928889260982 ) ) ;
#2838 = CARTESIAN_POINT ( 'NONE',  ( 14.35618775286340210, 0.000000000000000000, 6.170483820497318916 ) ) ;
#2839 = ORIENTED_EDGE ( 'NONE', *, *, #4406, .F. ) ;
#2840 = CARTESIAN_POINT ( 'NONE',  ( -14.06092601166955802, 0.000000000000000000, 6.978629557162696173 ) ) ;
#2841 = LINE ( 'NONE', #3971, #762 ) ;
#2842 = ORIENTED_EDGE ( 'NONE', *, *, #6331, .F. ) ;
#2843 = EDGE_CURVE ( 'NONE', #4788, #1688, #3418, .T. ) ;
#2844 = CARTESIAN_POINT ( 'NONE',  ( 14.48489571495687400, 0.02000000000000000042, -5.871170914351612424 ) ) ;
#2845 = LINE ( 'NONE', #3528, #6201 ) ;
#2846 = CARTESIAN_POINT ( 'NONE',  ( 14.16064120760747436, 0.000000000000000000, -5.463489539271640716 ) ) ;
#2847 = CARTESIAN_POINT ( 'NONE',  ( 14.63063596570568237, 0.000000000000000000, 6.538610993841297514 ) ) ;
#2848 = DIRECTION ( 'NONE',  ( 0.000000000000000000, -1.000000000000000000, -0.000000000000000000 ) ) ;
#2849 = CARTESIAN_POINT ( 'NONE',  ( -8.920000000000005258, 1.000000000000000000, -7.610000000000159304 ) ) ;
#2850 = EDGE_LOOP ( 'NONE', ( #4111, #6678 ) ) ;
#2851 = PRODUCT_RELATED_PRODUCT_CATEGORY ( 'part', '', ( #7303 ) ) ;
#2852 = AXIS2_PLACEMENT_3D ( 'NONE', #4316, #6024, #937 ) ;
#2853 = EDGE_CURVE ( 'NONE', #796, #3609, #1229, .T. ) ;
#2854 = CARTESIAN_POINT ( 'NONE',  ( 13.97457722882667497, 0.000000000000000000, -5.322801644473612370 ) ) ;
#2855 = CARTESIAN_POINT ( 'NONE',  ( -14.15655439666855564, 0.02000000000000000042, -5.609680203271387278 ) ) ;
#2856 = EDGE_CURVE ( 'NONE', #7454, #768, #3908, .T. ) ;
#2857 = LINE ( 'NONE', #2233, #2647 ) ;
#2858 = VERTEX_POINT ( 'NONE', #5757 ) ;
#2859 = DIRECTION ( 'NONE',  ( 0.000000000000000000, -1.000000000000000000, -0.000000000000000000 ) ) ;
#2860 = CARTESIAN_POINT ( 'NONE',  ( 3.780000000000003801, 0.000000000000000000, -7.610000000000079368 ) ) ;
#2861 = EDGE_LOOP ( 'NONE', ( #2319, #2189, #3057, #4227 ) ) ;
#2862 = EDGE_LOOP ( 'NONE', ( #5111, #2491, #249, #5458 ) ) ;
#2863 = CARTESIAN_POINT ( 'NONE',  ( -13.96847388521205247, 0.000000000000000000, -5.796869690324738755 ) ) ;
#2864 = AXIS2_PLACEMENT_3D ( 'NONE', #3686, #6698, #794 ) ;
#2865 = CARTESIAN_POINT ( 'NONE',  ( -11.46000000000000618, -4.100000000000000533, -7.610000000000177955 ) ) ;
#2866 = CARTESIAN_POINT ( 'NONE',  ( 14.44356033031949771, 0.02000000000000000042, -6.290635902144102509 ) ) ;
#2867 = CARTESIAN_POINT ( 'NONE',  ( 14.57464940826601385, 0.000000000000000000, 6.059655536949843047 ) ) ;
#2868 = CARTESIAN_POINT ( 'NONE',  ( 14.61503217550127331, 0.02000000000000000042, 6.149867308982837066 ) ) ;
#2869 = VECTOR ( 'NONE', #4383, 1000.000000000000000 ) ;
#2870 = EDGE_LOOP ( 'NONE', ( #3827, #1212, #5962, #1407 ) ) ;
#2871 = ADVANCED_FACE ( 'NONE', ( #2225 ), #3977, .F. ) ;
#2872 = DIRECTION ( 'NONE',  ( 1.000000000000000000, 0.000000000000000000, -1.174997428309413820E-16 ) ) ;
#2873 = CARTESIAN_POINT ( 'NONE',  ( 14.59814329932657095, 0.02000000000000000042, 6.610932018057162907 ) ) ;
#2874 = CARTESIAN_POINT ( 'NONE',  ( -13.72776602267490453, 1.355252715606880080E-17, -5.797335434325698422 ) ) ;
#2875 = CARTESIAN_POINT ( 'NONE',  ( -14.20357759686735477, 10.20000000000000107, 9.763496768151410876 ) ) ;
#2876 = CARTESIAN_POINT ( 'NONE',  ( 14.59322861891536149, 0.02000000000000000042, -5.933847014097821670 ) ) ;
#2877 = VECTOR ( 'NONE', #5286, 1000.000000000000000 ) ;
#2878 = VERTEX_POINT ( 'NONE', #4054 ) ;
#2879 = CARTESIAN_POINT ( 'NONE',  ( 14.36794548912679659, 0.02000000000000000042, -5.706690115456901857 ) ) ;
#2880 = UNCERTAINTY_MEASURE_WITH_UNIT (LENGTH_MEASURE( 1.000000000000000082E-05 ), #7443, 'distance_accuracy_value', 'NONE');
#2881 = CARTESIAN_POINT ( 'NONE',  ( 14.31905718976202380, 0.02000000000000000042, -5.995767605212331652 ) ) ;
#2882 = DIRECTION ( 'NONE',  ( -1.000000000000000000, 0.000000000000000000, 0.000000000000000000 ) ) ;
#2883 = DIRECTION ( 'NONE',  ( 0.000000000000000000, -1.000000000000000000, -0.000000000000000000 ) ) ;
#2884 = DIRECTION ( 'NONE',  ( 1.174997428309413820E-16, 0.000000000000000000, 1.000000000000000000 ) ) ;
#2885 = CIRCLE ( 'NONE', #3266, 0.2499999999999993616 ) ;
#2886 = SURFACE_STYLE_FILL_AREA ( #7006 ) ;
#2887 = DIRECTION ( 'NONE',  ( 1.000000000000000000, 0.000000000000000000, -1.174997428309413820E-16 ) ) ;
#2888 = LINE ( 'NONE', #2306, #5598 ) ;
#2889 = ORIENTED_EDGE ( 'NONE', *, *, #2504, .F. ) ;
#2890 = PRESENTATION_STYLE_ASSIGNMENT (( #2780 ) ) ;
#2891 = VECTOR ( 'NONE', #4677, 1000.000000000000000 ) ;
#2892 = CARTESIAN_POINT ( 'NONE',  ( 14.28226537715502609, 0.000000000000000000, -5.172909271895553829 ) ) ;
#2893 = CARTESIAN_POINT ( 'NONE',  ( -14.25055636617075550, 0.02000000000000000042, -5.638736372175738865 ) ) ;
#2894 = PRODUCT_DEFINITION_FORMATION_WITH_SPECIFIED_SOURCE ( 'ANY', '', #7303, .NOT_KNOWN. ) ;
#2895 = B_SPLINE_SURFACE_WITH_KNOTS ( 'NONE', 3, 1, ( 
 ( #1560, #6204 ),
 ( #1007, #4283 ),
 ( #1319, #5001 ),
 ( #3259, #6594 ),
 ( #7127, #3300 ),
 ( #3337, #370 ),
 ( #5390, #6162 ),
 ( #4212, #1926 ),
 ( #4462, #5634 ),
 ( #3692, #3900 ),
 ( #4247, #5035 ),
 ( #5429, #6028 ),
 ( #6523, #444 ),
 ( #4422, #1966 ),
 ( #5994, #5563 ),
 ( #233, #7350 ),
 ( #6731, #7090 ),
 ( #972, #802 ),
 ( #2684, #3126 ) ),
 .UNSPECIFIED., .F., .F., .F.,
 ( 4, 1, 1, 1, 1, 1, 1, 1, 1, 1, 1, 1, 1, 1, 1, 1, 4 ),
 ( 2, 2 ),
 ( 0.000000000000000000, 0.06151849915412029718, 0.1215987722068885973, 0.1798087130824874980, 0.2371923071147044870, 0.2949824495816659731, 0.3527381467175869645, 0.4118659044293799809, 0.4721445847257069728, 0.5334648702190160074, 0.5954005772925800022, 0.6578857308576989693, 0.7217293153825030672, 0.7874218303459800117, 0.8552810743914549541, 0.9258812380565799582, 1.000000000000000000 ),
 ( 0.000000000000000000, 1.000000000000000000 ),
 .UNSPECIFIED. ) ;
#2896 = PLANE ( 'NONE',  #4213 ) ;
#2897 = AXIS2_PLACEMENT_3D ( 'NONE', #7473, #5118, #3983 ) ;
#2898 = CARTESIAN_POINT ( 'NONE',  ( 14.42485709634891933, 0.02000000000000000042, -5.570039717896082543 ) ) ;
#2899 = ORIENTED_EDGE ( 'NONE', *, *, #2192, .F. ) ;
#2900 = CARTESIAN_POINT ( 'NONE',  ( -1.300000000000054667, 0.000000000000000000, 7.359999999999890186 ) ) ;
#2901 = FACE_OUTER_BOUND ( 'NONE', #1969, .T. ) ;
#2902 = ORIENTED_EDGE ( 'NONE', *, *, #3752, .T. ) ;
#2903 = ORIENTED_EDGE ( 'NONE', *, *, #2683, .F. ) ;
#2904 = LINE ( 'NONE', #694, #106 ) ;
#2905 = CARTESIAN_POINT ( 'NONE',  ( -13.88682444548490658, 2.032879073410320197E-17, -6.237151259237477596 ) ) ;
#2906 = VECTOR ( 'NONE', #3592, 1000.000000000000000 ) ;
#2907 = LINE ( 'NONE', #5738, #3022 ) ;
#2908 = CARTESIAN_POINT ( 'NONE',  ( -14.04293339422130416, 0.000000000000000000, -5.376397262815318712 ) ) ;
#2909 = CARTESIAN_POINT ( 'NONE',  ( 14.55308385226313383, 0.02000000000000000042, 6.022207841108783377 ) ) ;
#2910 = ORIENTED_EDGE ( 'NONE', *, *, #1703, .F. ) ;
#2911 = CYLINDRICAL_SURFACE ( 'NONE', #6155, 0.2499999999999993616 ) ;
#2912 = CARTESIAN_POINT ( 'NONE',  ( 14.29451960500849772, 0.02000000000000000042, 6.807344024360987511 ) ) ;
#2913 = CARTESIAN_POINT ( 'NONE',  ( 13.89849362414001455, 1.355252715606880080E-17, 6.648270172908523179 ) ) ;
#2914 = CARTESIAN_POINT ( 'NONE',  ( 14.47400369951328436, 0.02000000000000000042, -5.218866997389072004 ) ) ;
#2915 = CARTESIAN_POINT ( 'NONE',  ( 14.49923332873823334, 0.02000000000000000042, -5.861295625986701729 ) ) ;
#2916 = DIRECTION ( 'NONE',  ( 0.000000000000000000, -1.000000000000000000, -0.000000000000000000 ) ) ;
#2917 = EDGE_LOOP ( 'NONE', ( #2685, #5922, #7366 ) ) ;
#2918 = PRESENTATION_STYLE_ASSIGNMENT (( #3523 ) ) ;
#2919 = EDGE_CURVE ( 'NONE', #4138, #3223, #2921, .T. ) ;
#2920 = B_SPLINE_CURVE_WITH_KNOTS ( 'NONE', 3,
 ( #1497, #3792, #6127, #6210, #6094, #3060, #903, #4930, #2477, #1533, #7095, #375, #1893, #5361, #936 ),
 .UNSPECIFIED., .F., .F.,
 ( 4, 1, 1, 1, 1, 1, 1, 1, 1, 1, 1, 1, 4 ),
 ( 0.000000000000000000, 0.1002236266426686090, 0.2001749505460100054, 0.2998639334848815508, 0.4008683731365195180, 0.4545499337922390137, 0.5143828091139079906, 0.5800153043773640382, 0.6515740227081510128, 0.7295439188579119216, 0.8133326772065809784, 0.9035606845620299810, 1.000000000000000000 ),
 .UNSPECIFIED. ) ;
#2921 = LINE ( 'NONE', #5190, #3068 ) ;
#2922 = CARTESIAN_POINT ( 'NONE',  ( 13.47524340778721985, 0.000000000000000000, 6.808124569814728133 ) ) ;
#2923 = DIRECTION ( 'NONE',  ( -2.499138105746286738E-16, -0.000000000000000000, 1.000000000000000000 ) ) ;
#2924 = CARTESIAN_POINT ( 'NONE',  ( 14.52621315999520313, 0.000000000000000000, 6.709324084604742389 ) ) ;
#2925 = CIRCLE ( 'NONE', #3890, 0.2500000000000002220 ) ;
#2926 =( NAMED_UNIT ( * ) PLANE_ANGLE_UNIT ( ) SI_UNIT ( $, .RADIAN. ) );
#2927 = ORIENTED_EDGE ( 'NONE', *, *, #1592, .F. ) ;
#2928 = FACE_OUTER_BOUND ( 'NONE', #3271, .T. ) ;
#2929 = CARTESIAN_POINT ( 'NONE',  ( 14.64069851282362222, 0.000000000000000000, -5.693258046181741250 ) ) ;
#2930 = CARTESIAN_POINT ( 'NONE',  ( 15.90000000000000391, 0.000000000000000000, 10.14999999999998970 ) ) ;
#2931 = ADVANCED_FACE ( 'NONE', ( #487 ), #6959, .T. ) ;
#2932 = CARTESIAN_POINT ( 'NONE',  ( -13.99863242632505411, 0.02000000000000000042, -5.955338359113000024 ) ) ;
#2933 = CARTESIAN_POINT ( 'NONE',  ( 13.79847719263201000, 0.02000000000000000042, 5.292757148584162685 ) ) ;
#2934 = ORIENTED_EDGE ( 'NONE', *, *, #606, .T. ) ;
#2935 = FILL_AREA_STYLE_COLOUR ( '', #808 ) ;
#2936 = ORIENTED_EDGE ( 'NONE', *, *, #6666, .F. ) ;
#2937 = ORIENTED_EDGE ( 'NONE', *, *, #2146, .T. ) ;
#2938 = CARTESIAN_POINT ( 'NONE',  ( 14.05561672099744719, 0.02000000000000000042, 6.347828493820408369 ) ) ;
#2939 = CARTESIAN_POINT ( 'NONE',  ( -14.01732727700285253, 0.02000000000000000042, -6.392718402187909099 ) ) ;
#2940 = AXIS2_PLACEMENT_3D ( 'NONE', #7469, #1085, #6849 ) ;
#2941 = VECTOR ( 'NONE', #1402, 1000.000000000000000 ) ;
#2942 = CARTESIAN_POINT ( 'NONE',  ( 13.92186842399330793, 0.000000000000000000, 6.679663226667317488 ) ) ;
#2943 = CARTESIAN_POINT ( 'NONE',  ( 14.36794548912679659, 0.02000000000000000042, -5.706690115456901857 ) ) ;
#2944 = VERTEX_POINT ( 'NONE', #1012 ) ;
#2945 = AXIS2_PLACEMENT_3D ( 'NONE', #3754, #2650, #1531 ) ;
#2946 = AXIS2_PLACEMENT_3D ( 'NONE', #7089, #1846, #3051 ) ;
#2947 = SURFACE_SIDE_STYLE ('',( #626 ) ) ;
#2948 = CARTESIAN_POINT ( 'NONE',  ( -3.840000000000004743, 0.02000000000000000042, -7.610000000000121112 ) ) ;
#2949 = EDGE_CURVE ( 'NONE', #768, #1602, #1346, .T. ) ;
#2950 = CARTESIAN_POINT ( 'NONE',  ( 13.52427781722960098, 0.000000000000000000, -5.172909271895553829 ) ) ;
#2951 = CARTESIAN_POINT ( 'NONE',  ( -14.00000000000005507, 0.000000000000000000, 7.609999999999802256 ) ) ;
#2952 = AXIS2_PLACEMENT_3D ( 'NONE', #5067, #1673, #4569 ) ;
#2953 = CARTESIAN_POINT ( 'NONE',  ( -14.04151379905960262, 1.355252715606880080E-17, -5.637266998231808657 ) ) ;
#2954 = CARTESIAN_POINT ( 'NONE',  ( -13.72853476726305466, 0.02000000000000000042, -5.756122639168688160 ) ) ;
#2955 = EDGE_CURVE ( 'NONE', #4904, #4187, #7395, .T. ) ;
#2956 = EDGE_CURVE ( 'NONE', #3065, #3931, #5683, .T. ) ;
#2957 = ORIENTED_EDGE ( 'NONE', *, *, #6106, .T. ) ;
#2958 = CARTESIAN_POINT ( 'NONE',  ( -13.08735409085670476, 0.02000000000000000042, -6.329552772194127819 ) ) ;
#2959 = UNCERTAINTY_MEASURE_WITH_UNIT (LENGTH_MEASURE( 1.000000000000000082E-05 ), #6192, 'distance_accuracy_value', 'NONE');
#2960 = B_SPLINE_SURFACE_WITH_KNOTS ( 'NONE', 3, 1, ( 
 ( #2655, #2733 ),
 ( #5609, #7278 ),
 ( #2030, #3192 ),
 ( #2611, #4357 ),
 ( #4934, #1499 ),
 ( #7239, #5043 ),
 ( #303, #263 ),
 ( #2577, #3267 ),
 ( #7359, #6129 ),
 ( #6058, #5493 ),
 ( #906, #981 ) ),
 .UNSPECIFIED., .F., .F., .F.,
 ( 4, 1, 1, 1, 1, 1, 1, 1, 4 ),
 ( 2, 2 ),
 ( 0.000000000000000000, 0.1557263484003219844, 0.2947999542160764652, 0.4192464906763340160, 0.5369722552902820301, 0.6500409756076690471, 0.7614872025353339735, 0.8771118895206300170, 1.000000000000000000 ),
 ( 0.000000000000000000, 1.000000000000000000 ),
 .UNSPECIFIED. ) ;
#2961 = DIRECTION ( 'NONE',  ( 0.000000000000000000, 0.000000000000000000, -1.000000000000000000 ) ) ;
#2962 = CARTESIAN_POINT ( 'NONE',  ( -14.43504489123765566, 0.02000000000000000042, -5.470154635684437494 ) ) ;
#2963 = CARTESIAN_POINT ( 'NONE',  ( 14.35987492883880101, 0.02000000000000000042, 6.176468269876868256 ) ) ;
#2964 = CARTESIAN_POINT ( 'NONE',  ( 14.65759070153543320, 0.000000000000000000, -6.479391573248062031 ) ) ;
#2965 = CARTESIAN_POINT ( 'NONE',  ( 14.65600290707699216, 0.02000000000000000042, 6.379724009955882735 ) ) ;
#2966 = EDGE_LOOP ( 'NONE', ( #7401, #4322 ) ) ;
#2967 = CARTESIAN_POINT ( 'NONE',  ( -11.46000000000000618, -4.100000000000000533, -7.360000000000177955 ) ) ;
#2968 = EDGE_CURVE ( 'NONE', #3162, #1921, #1968, .T. ) ;
#2969 = CARTESIAN_POINT ( 'NONE',  ( 14.56363570735144641, 0.000000000000000000, -5.808214850080160474 ) ) ;
#2970 = CARTESIAN_POINT ( 'NONE',  ( -14.32365310925915480, 0.02000000000000000042, -5.779439592489328703 ) ) ;
#2971 = ADVANCED_FACE ( 'NONE', ( #234 ), #165, .T. ) ;
#2972 = CARTESIAN_POINT ( 'NONE',  ( 14.51876505809151929, 0.02000000000000000042, -6.655670105257762259 ) ) ;
#2973 = ADVANCED_FACE ( 'NONE', ( #2440 ), #6526, .F. ) ;
#2974 = DIRECTION ( 'NONE',  ( 0.000000000000000000, -1.000000000000000000, -0.000000000000000000 ) ) ;
#2975 = ORIENTED_EDGE ( 'NONE', *, *, #4371, .T. ) ;
#2976 = VECTOR ( 'NONE', #4510, 1000.000000000000000 ) ;
#2977 = CARTESIAN_POINT ( 'NONE',  ( 14.62075104423736427, 0.02000000000000000042, -5.734256216330761546 ) ) ;
#2978 = ORIENTED_EDGE ( 'NONE', *, *, #71, .T. ) ;
#2979 = EDGE_LOOP ( 'NONE', ( #2510, #2957, #3738, #7464 ) ) ;
#2980 = CARTESIAN_POINT ( 'NONE',  ( 14.24073579503864018, 0.02000000000000000042, 6.567970095382907658 ) ) ;
#2981 = CARTESIAN_POINT ( 'NONE',  ( 13.47524340778721985, 0.02000000000000000042, 5.267133358877227778 ) ) ;
#2982 = AXIS2_PLACEMENT_3D ( 'NONE', #1448, #2593, #962 ) ;
#2983 = CARTESIAN_POINT ( 'NONE',  ( -1.300000000000054667, 0.02000000000000000042, 7.859999999999891074 ) ) ;
#2984 = CARTESIAN_POINT ( 'NONE',  ( -13.75313296404620367, 0.000000000000000000, -5.638448450440277426 ) ) ;
#2985 = CARTESIAN_POINT ( 'NONE',  ( 14.47548180060279677, 0.02000000000000000042, 5.911689605240808554 ) ) ;
#2986 = CARTESIAN_POINT ( 'NONE',  ( 14.35770515053850183, 0.02000000000000000042, -5.714278506787742629 ) ) ;
#2987 = VERTEX_POINT ( 'NONE', #691 ) ;
#2988 = VECTOR ( 'NONE', #4506, 1000.000000000000000 ) ;
#2989 = EDGE_LOOP ( 'NONE', ( #4906, #3322, #5290, #4769 ) ) ;
#2990 = CARTESIAN_POINT ( 'NONE',  ( 14.07407630506405560, 0.02000000000000000042, -6.670729338808952136 ) ) ;
#2991 = DIRECTION ( 'NONE',  ( 1.000000000000000000, 0.000000000000000000, -1.174997428309413820E-16 ) ) ;
#2992 = CIRCLE ( 'NONE', #2744, 0.2499999999999993616 ) ;
#2993 = FILL_AREA_STYLE_COLOUR ( '', #3437 ) ;
#2994 = DIRECTION ( 'NONE',  ( 0.000000000000000000, -1.000000000000000000, -0.000000000000000000 ) ) ;
#2995 = DIRECTION ( 'NONE',  ( -0.01744974916068275234, 0.9996954598818874604, 0.01744974916068271070 ) ) ;
#2996 = VERTEX_POINT ( 'NONE', #1322 ) ;
#2997 = CARTESIAN_POINT ( 'NONE',  ( 13.93580627236038616, 2.710505431213759852E-17, -5.392296513787680823 ) ) ;
#2998 = EDGE_CURVE ( 'NONE', #3279, #4687, #1285, .T. ) ;
#2999 =( NAMED_UNIT ( * ) SI_UNIT ( $, .STERADIAN. ) SOLID_ANGLE_UNIT ( ) );
#3000 = AXIS2_PLACEMENT_3D ( 'NONE', #4543, #6851, #5868 ) ;
#3001 = CARTESIAN_POINT ( 'NONE',  ( -12.68709663347035210, 0.02000000000000000042, -6.329552772194127819 ) ) ;
#3002 = VECTOR ( 'NONE', #5099, 1000.000000000000000 ) ;
#3003 = DIRECTION ( 'NONE',  ( 0.000000000000000000, 0.000000000000000000, -1.000000000000000000 ) ) ;
#3004 = FACE_OUTER_BOUND ( 'NONE', #27, .T. ) ;
#3005 = CARTESIAN_POINT ( 'NONE',  ( 14.40253128214963851, 1.355252715606880080E-17, 6.269139992494237923 ) ) ;
#3006 = CARTESIAN_POINT ( 'NONE',  ( -13.08735409085670476, 0.02000000000000000042, -6.589720119495258821 ) ) ;
#3007 = CARTESIAN_POINT ( 'NONE',  ( 15.59088474373347744, 0.5248303433580471244, 10.14083905228037885 ) ) ;
#3008 = ORIENTED_EDGE ( 'NONE', *, *, #6988, .T. ) ;
#3009 = CARTESIAN_POINT ( 'NONE',  ( -14.32815220875445306, 0.02000000000000000042, -5.829230950461168348 ) ) ;
#3010 = CARTESIAN_POINT ( 'NONE',  ( -14.11979553189925696, 0.02000000000000000042, 6.851819499474366637 ) ) ;
#3011 = FACE_OUTER_BOUND ( 'NONE', #5808, .T. ) ;
#3012 = EDGE_CURVE ( 'NONE', #3522, #3505, #3339, .T. ) ;
#3013 =( NAMED_UNIT ( * ) SI_UNIT ( $, .STERADIAN. ) SOLID_ANGLE_UNIT ( ) );
#3014 = VECTOR ( 'NONE', #3249, 1000.000000000000000 ) ;
#3015 = CARTESIAN_POINT ( 'NONE',  ( 14.40041584206451475, 0.000000000000000000, -6.424760191807822096 ) ) ;
#3016 = EDGE_LOOP ( 'NONE', ( #51, #1103, #2770, #1479, #2134, #1406, #6308, #5997, #3206, #2699, #6116 ) ) ;
#3017 = CARTESIAN_POINT ( 'NONE',  ( 14.44442901538611146, 0.000000000000000000, -6.217288134145022127 ) ) ;
#3018 = ORIENTED_EDGE ( 'NONE', *, *, #590, .F. ) ;
#3019 = ORIENTED_EDGE ( 'NONE', *, *, #4032, .F. ) ;
#3020 = CARTESIAN_POINT ( 'NONE',  ( 14.16484899910689776, 0.02000000000000000042, 6.555703306810642950 ) ) ;
#3021 = EDGE_CURVE ( 'NONE', #6901, #5404, #3907, .T. ) ;
#3022 = VECTOR ( 'NONE', #433, 1000.000000000000000 ) ;
#3023 = PRESENTATION_LAYER_ASSIGNMENT (  '', '', ( #6995 ) ) ;
#3024 = ADVANCED_FACE ( 'NONE', ( #2512 ), #2274, .T. ) ;
#3025 = B_SPLINE_CURVE_WITH_KNOTS ( 'NONE', 3,
 ( #1667, #5133, #6833, #3925, #6869, #7489, #6909, #4001, #1701, #3959, #6276, #4040, #6761, #1553, #1030 ),
 .UNSPECIFIED., .F., .F.,
 ( 4, 1, 1, 1, 1, 1, 1, 1, 1, 1, 1, 1, 4 ),
 ( 0.000000000000000000, 0.1046725881823599991, 0.2179224116127565225, 0.3405185375579560247, 0.4735651107347260136, 0.5421968301606600038, 0.6097031823113809867, 0.6755753979924270514, 0.7416019791549910423, 0.8061045072963650693, 0.8709579598542419587, 0.9351362548769790450, 1.000000000000000000 ),
 .UNSPECIFIED. ) ;
#3026 = AXIS2_PLACEMENT_3D ( 'NONE', #4714, #1359, #4143 ) ;
#3027 = EDGE_CURVE ( 'NONE', #4519, #5505, #3428, .T. ) ;
#3028 = CARTESIAN_POINT ( 'NONE',  ( 13.81747321116333360, 0.000000000000000000, 6.405409525986563324 ) ) ;
#3029 = CARTESIAN_POINT ( 'NONE',  ( -13.60768878545895610, 0.02000000000000000042, -6.330490875609867452 ) ) ;
#3030 = CARTESIAN_POINT ( 'NONE',  ( 14.36644165274904417, 0.02000000000000000042, 5.784341042093668506 ) ) ;
#3031 = FACE_OUTER_BOUND ( 'NONE', #3560, .T. ) ;
#3032 = ORIENTED_EDGE ( 'NONE', *, *, #4887, .F. ) ;
#3033 = ORIENTED_EDGE ( 'NONE', *, *, #1095, .T. ) ;
#3034 = CARTESIAN_POINT ( 'NONE',  ( 14.13996837858143962, 0.02000000000000000042, -6.706352999160872130 ) ) ;
#3035 = CIRCLE ( 'NONE', #4838, 0.2500000000000002220 ) ;
#3036 = SURFACE_STYLE_FILL_AREA ( #5335 ) ;
#3037 = CARTESIAN_POINT ( 'NONE',  ( 14.23934310160619177, 0.02000000000000000042, -5.999115598631101776 ) ) ;
#3038 = CARTESIAN_POINT ( 'NONE',  ( -11.46000000000005592, 1.000000000000000000, 7.359999999999820908 ) ) ;
#3039 = CARTESIAN_POINT ( 'NONE',  ( 14.33518815391791712, 0.000000000000000000, -5.422326324151442556 ) ) ;
#3040 = VERTEX_POINT ( 'NONE', #3581 ) ;
#3041 = DIRECTION ( 'NONE',  ( 0.000000000000000000, -1.000000000000000000, -0.000000000000000000 ) ) ;
#3042 = UNCERTAINTY_MEASURE_WITH_UNIT (LENGTH_MEASURE( 1.000000000000000082E-05 ), #4837, 'distance_accuracy_value', 'NONE');
#3043 = CARTESIAN_POINT ( 'NONE',  ( 13.82283645370883995, 0.02000000000000000042, 5.419048918980007734 ) ) ;
#3044 = CARTESIAN_POINT ( 'NONE',  ( 14.13321256358112699, 1.355252715606880080E-17, 6.538323072105847622 ) ) ;
#3045 = DIRECTION ( 'NONE',  ( 0.000000000000000000, -1.000000000000000000, 0.000000000000000000 ) ) ;
#3046 = CARTESIAN_POINT ( 'NONE',  ( 14.30397122108142227, 0.000000000000000000, -6.733497400347721040 ) ) ;
#3047 = FACE_OUTER_BOUND ( 'NONE', #6431, .T. ) ;
#3048 = ORIENTED_EDGE ( 'NONE', *, *, #2032, .T. ) ;
#3049 = CARTESIAN_POINT ( 'NONE',  ( 14.26254706979855058, 0.02000000000000000042, 6.807858922300352056 ) ) ;
#3050 = CARTESIAN_POINT ( 'NONE',  ( -11.46000000000005592, 0.000000000000000000, 7.359999999999820908 ) ) ;
#3051 = DIRECTION ( 'NONE',  ( 1.000000000000000000, 0.000000000000000000, 0.000000000000000000 ) ) ;
#3052 = AXIS2_PLACEMENT_3D ( 'NONE', #4476, #6101, #3317 ) ;
#3053 = CARTESIAN_POINT ( 'NONE',  ( 14.29008290561960415, 0.02000000000000000042, -6.733913355702372705 ) ) ;
#3054 = DIRECTION ( 'NONE',  ( 0.000000000000000000, -1.000000000000000000, -0.000000000000000000 ) ) ;
#3055 = EDGE_LOOP ( 'NONE', ( #6415, #5482 ) ) ;
#3056 = CARTESIAN_POINT ( 'NONE',  ( 14.62075104423736427, 1.355252715606880080E-17, -5.734256216330761546 ) ) ;
#3057 = ORIENTED_EDGE ( 'NONE', *, *, #4181, .T. ) ;
#3058 = ORIENTED_EDGE ( 'NONE', *, *, #945, .F. ) ;
#3059 = MECHANICAL_DESIGN_GEOMETRIC_PRESENTATION_REPRESENTATION (  '', ( #3961 ), #6908 ) ;
#3060 = CARTESIAN_POINT ( 'NONE',  ( -14.50921919898560475, 0.02000000000000000042, -6.624879981160907150 ) ) ;
#3061 = LINE ( 'NONE', #2983, #2877 ) ;
#3062 = CARTESIAN_POINT ( 'NONE',  ( -13.83083469003710597, 0.000000000000000000, -5.498763802690008973 ) ) ;
#3063 = CARTESIAN_POINT ( 'NONE',  ( 14.36644165274904417, 3.388131789017200124E-17, 5.784341042093668506 ) ) ;
#3064 = LINE ( 'NONE', #6462, #4580 ) ;
#3065 = VERTEX_POINT ( 'NONE', #804 ) ;
#3066 = ORIENTED_EDGE ( 'NONE', *, *, #6419, .F. ) ;
#3067 = CARTESIAN_POINT ( 'NONE',  ( 13.91061330762594217, 0.02000000000000000042, -6.447867110161531023 ) ) ;
#3068 = VECTOR ( 'NONE', #5227, 1000.000000000000227 ) ;
#3069 = SURFACE_STYLE_FILL_AREA ( #4230 ) ;
#3070 = PRESENTATION_STYLE_ASSIGNMENT (( #178 ) ) ;
#3071 = CARTESIAN_POINT ( 'NONE',  ( -13.96952148434860241, 0.02000000000000000042, -5.766981805946079120 ) ) ;
#3072 = CARTESIAN_POINT ( 'NONE',  ( -14.08924932474335634, 0.02000000000000000042, -5.369715419920589206 ) ) ;
#3073 =( GEOMETRIC_REPRESENTATION_CONTEXT ( 3 ) GLOBAL_UNCERTAINTY_ASSIGNED_CONTEXT ( ( #2336 ) ) GLOBAL_UNIT_ASSIGNED_CONTEXT ( ( #6337, #532, #1054 ) ) REPRESENTATION_CONTEXT ( 'NONE', 'WORKASPACE' ) );
#3074 = ADVANCED_FACE ( 'NONE', ( #5433 ), #655, .T. ) ;
#3075 =( GEOMETRIC_REPRESENTATION_CONTEXT ( 3 ) GLOBAL_UNCERTAINTY_ASSIGNED_CONTEXT ( ( #2423 ) ) GLOBAL_UNIT_ASSIGNED_CONTEXT ( ( #3576, #4211, #194 ) ) REPRESENTATION_CONTEXT ( 'NONE', 'WORKASPACE' ) );
#3076 = VERTEX_POINT ( 'NONE', #7364 ) ;
#3077 = CARTESIAN_POINT ( 'NONE',  ( 13.95440616440351356, 2.710505431213759852E-17, -5.355892034154582149 ) ) ;
#3078 = CARTESIAN_POINT ( 'NONE',  ( -13.73390791582985493, 0.02000000000000000042, -5.890943029240327533 ) ) ;
#3079 = MECHANICAL_DESIGN_GEOMETRIC_PRESENTATION_REPRESENTATION (  '', ( #6336 ), #39 ) ;
#3080 = LINE ( 'NONE', #714, #6103 ) ;
#3081 = CARTESIAN_POINT ( 'NONE',  ( 8.860000000000004761, 0.02000000000000000042, -7.610000000000041176 ) ) ;
#3082 = CARTESIAN_POINT ( 'NONE',  ( 14.23144518507108280, 0.02000000000000000042, 6.012845987391262526 ) ) ;
#3083 = FILL_AREA_STYLE ('',( #154 ) ) ;
#3084 = EDGE_CURVE ( 'NONE', #4289, #6268, #1539, .T. ) ;
#3085 = CARTESIAN_POINT ( 'NONE',  ( -6.380000000000054072, 0.000000000000000000, 7.609999999999855547 ) ) ;
#3086 = ORIENTED_EDGE ( 'NONE', *, *, #5196, .T. ) ;
#3087 =( NAMED_UNIT ( * ) SI_UNIT ( $, .STERADIAN. ) SOLID_ANGLE_UNIT ( ) );
#3088 = CARTESIAN_POINT ( 'NONE',  ( -14.02389400091310634, 0.000000000000000000, -6.000591174404708461 ) ) ;
#3089 = CARTESIAN_POINT ( 'NONE',  ( 14.65759070153543320, 1.355252715606880080E-17, -6.479391573248062031 ) ) ;
#3090 = CARTESIAN_POINT ( 'NONE',  ( 14.34866504825738431, 0.000000000000000000, -6.477415699087773149 ) ) ;
#3091 = ORIENTED_EDGE ( 'NONE', *, *, #7201, .F. ) ;
#3092 = CARTESIAN_POINT ( 'NONE',  ( 14.52719772859253133, 1.355252715606880080E-17, -5.842034644576262536 ) ) ;
#3093 = ORIENTED_EDGE ( 'NONE', *, *, #4814, .T. ) ;
#3094 = ADVANCED_FACE ( 'NONE', ( #6098 ), #3763, .F. ) ;
#3095 = ORIENTED_EDGE ( 'NONE', *, *, #2046, .T. ) ;
#3096 = CARTESIAN_POINT ( 'NONE',  ( -14.02681606355260691, 0.02000000000000000042, -6.403242636400988452 ) ) ;
#3097 = EDGE_CURVE ( 'NONE', #6259, #2823, #755, .T. ) ;
#3098 = CARTESIAN_POINT ( 'NONE',  ( 14.12466400330914595, 0.000000000000000000, -6.273617279708052941 ) ) ;
#3099 = LINE ( 'NONE', #5932, #4709 ) ;
#3100 = CARTESIAN_POINT ( 'NONE',  ( -14.02389400091310634, 0.02000000000000000042, -6.000591174404708461 ) ) ;
#3101 = ORIENTED_EDGE ( 'NONE', *, *, #1168, .T. ) ;
#3102 = ORIENTED_EDGE ( 'NONE', *, *, #6253, .F. ) ;
#3103 = FACE_OUTER_BOUND ( 'NONE', #3316, .T. ) ;
#3104 = CARTESIAN_POINT ( 'NONE',  ( 14.42325345679751614, 1.355252715606880080E-17, -5.610676455717642064 ) ) ;
#3105 = PLANE ( 'NONE',  #3841 ) ;
#3106 = DIRECTION ( 'NONE',  ( 0.000000000000000000, -1.000000000000000000, -0.000000000000000000 ) ) ;
#3107 = CARTESIAN_POINT ( 'NONE',  ( 14.17199972074488201, 0.000000000000000000, 5.541100571000702857 ) ) ;
#3108 = EDGE_CURVE ( 'NONE', #6677, #3162, #5013, .T. ) ;
#3109 = ORIENTED_EDGE ( 'NONE', *, *, #275, .F. ) ;
#3110 = CARTESIAN_POINT ( 'NONE',  ( -12.84719961642490560, 0.000000000000000000, -6.909926085404358709 ) ) ;
#3111 = CARTESIAN_POINT ( 'NONE',  ( -13.08735409085670476, 0.02000000000000000042, -6.329552772194127819 ) ) ;
#3112 = VECTOR ( 'NONE', #4575, 1000.000000000000000 ) ;
#3113 = CARTESIAN_POINT ( 'NONE',  ( 13.84752055066211085, 0.02000000000000000042, 5.492428435206497817 ) ) ;
#3114 = DIRECTION ( 'NONE',  ( 0.000000000000000000, 0.000000000000000000, -1.000000000000000000 ) ) ;
#3115 = EDGE_CURVE ( 'NONE', #673, #741, #3229, .T. ) ;
#3116 = CARTESIAN_POINT ( 'NONE',  ( 14.34787203626267171, 1.355252715606880080E-17, 6.156987045354557431 ) ) ;
#3117 = CARTESIAN_POINT ( 'NONE',  ( -14.21901951138890396, 0.02000000000000000042, -6.649758738103208167 ) ) ;
#3118 = CARTESIAN_POINT ( 'NONE',  ( 14.26478486367958887, 0.02000000000000000042, -5.413639276479920603 ) ) ;
#3119 = AXIS2_PLACEMENT_3D ( 'NONE', #2719, #966, #4597 ) ;
#3120 = CARTESIAN_POINT ( 'NONE',  ( 14.28726859537235683, 0.02000000000000000042, -5.993437059537591871 ) ) ;
#3121 = ORIENTED_EDGE ( 'NONE', *, *, #5202, .T. ) ;
#3122 = CARTESIAN_POINT ( 'NONE',  ( 14.26254706979855058, 1.355252715606880080E-17, 6.807858922300352056 ) ) ;
#3123 = DIRECTION ( 'NONE',  ( 5.899911329420301437E-15, 0.000000000000000000, 1.000000000000000000 ) ) ;
#3124 = PLANE ( 'NONE',  #6923 ) ;
#3125 = B_SPLINE_CURVE_WITH_KNOTS ( 'NONE', 3,
 ( #1115, #2293, #1150, #1594, #2217, #4529, #6840 ),
 .UNSPECIFIED., .F., .F.,
 ( 4, 1, 1, 1, 4 ),
 ( 0.000000000000000000, 0.2138465037177959827, 0.4488532362386279950, 0.7121003335125359879, 1.000000000000000000 ),
 .UNSPECIFIED. ) ;
#3126 = CARTESIAN_POINT ( 'NONE',  ( 13.88450952887732903, 1.355252715606880080E-17, -6.313643025446691759 ) ) ;
#3127 = CARTESIAN_POINT ( 'NONE',  ( -14.02681606355260691, 0.000000000000000000, -6.403242636400988452 ) ) ;
#3128 = STYLED_ITEM ( 'NONE', ( #3444 ), #1981 ) ;
#3129 = CARTESIAN_POINT ( 'NONE',  ( 14.66501157078073803, 0.02000000000000000042, -5.556593568937011618 ) ) ;
#3130 = EDGE_LOOP ( 'NONE', ( #17, #6856, #3281, #6930 ) ) ;
#3131 = ORIENTED_EDGE ( 'NONE', *, *, #6575, .F. ) ;
#3132 = SURFACE_STYLE_FILL_AREA ( #237 ) ;
#3133 = CARTESIAN_POINT ( 'NONE',  ( 14.04338514128971482, 1.355252715606880080E-17, 6.769040619792587421 ) ) ;
#3134 = CARTESIAN_POINT ( 'NONE',  ( 14.12195276856628645, 0.02000000000000000042, -5.527046393894671894 ) ) ;
#3135 = FACE_BOUND ( 'NONE', #3055, .T. ) ;
#3136 = STYLED_ITEM ( 'NONE', ( #780 ), #4026 ) ;
#3137 = CARTESIAN_POINT ( 'NONE',  ( -14.06092601166955802, 0.02000000000000000042, 6.978629557162696173 ) ) ;
#3138 = CARTESIAN_POINT ( 'NONE',  ( 14.28226537715502609, 0.000000000000000000, -5.172909271895553829 ) ) ;
#3139 = VERTEX_POINT ( 'NONE', #3875 ) ;
#3140 = ORIENTED_EDGE ( 'NONE', *, *, #3401, .T. ) ;
#3141 =( LENGTH_UNIT ( ) NAMED_UNIT ( * ) SI_UNIT ( .MILLI., .METRE. ) );
#3142 = CARTESIAN_POINT ( 'NONE',  ( 14.36794548912679659, 1.355252715606880080E-17, -5.706690115456901857 ) ) ;
#3143 = CARTESIAN_POINT ( 'NONE',  ( 13.00322139301979618, 0.02000000000000000042, 6.207293396895347648 ) ) ;
#3144 =( NAMED_UNIT ( * ) PLANE_ANGLE_UNIT ( ) SI_UNIT ( $, .RADIAN. ) );
#3145 = ORIENTED_EDGE ( 'NONE', *, *, #1828, .F. ) ;
#3146 = CARTESIAN_POINT ( 'NONE',  ( 14.15658520145643706, 0.000000000000000000, -6.405187503340413535 ) ) ;
#3147 = CARTESIAN_POINT ( 'NONE',  ( 13.23508893335540293, 0.000000000000000000, 6.387854239559042746 ) ) ;
#3148 = CARTESIAN_POINT ( 'NONE',  ( 14.18706633563827069, 0.02000000000000000042, 5.569777616164652834 ) ) ;
#3149 = VECTOR ( 'NONE', #7501, 1000.000000000000000 ) ;
#3150 = SPHERICAL_SURFACE ( 'NONE', #2331, 0.2999999999999999889 ) ;
#3151 = CARTESIAN_POINT ( 'NONE',  ( 13.06974686342859471, 0.000000000000000000, -5.497411580771241368 ) ) ;
#3152 = CARTESIAN_POINT ( 'NONE',  ( 15.42714915879748361, 9.900000000000000355, 9.677149158797467621 ) ) ;
#3153 = EDGE_CURVE ( 'NONE', #779, #168, #5496, .T. ) ;
#3154 = DIRECTION ( 'NONE',  ( 0.000000000000000000, 0.000000000000000000, -1.000000000000000000 ) ) ;
#3155 = ORIENTED_EDGE ( 'NONE', *, *, #1262, .F. ) ;
#3156 = LINE ( 'NONE', #7236, #6950 ) ;
#3157 = CARTESIAN_POINT ( 'NONE',  ( 14.23144518507108280, 0.02000000000000000042, 6.012845987391262526 ) ) ;
#3158 =( BOUNDED_CURVE ( )  B_SPLINE_CURVE ( 3, ( #4226, #4686, #174, #6499 ),
 .UNSPECIFIED., .F., .F. ) 
 B_SPLINE_CURVE_WITH_KNOTS ( ( 4, 4 ),
 ( 5.890549311388499909, 6.675821302970669890 ),
 .UNSPECIFIED. ) 
 CURVE ( )  GEOMETRIC_REPRESENTATION_ITEM ( )  RATIONAL_B_SPLINE_CURVE ( ( 1.000000000000000000, 0.9492691150696640490, 0.9492691150696640490, 1.000000000000000000 ) ) 
 REPRESENTATION_ITEM ( '' )  );
#3159 = CARTESIAN_POINT ( 'NONE',  ( -14.29343835224410242, 1.355252715606880080E-17, 6.401691734243430965 ) ) ;
#3160 = DIRECTION ( 'NONE',  ( 0.000000000000000000, -1.000000000000000000, -0.000000000000000000 ) ) ;
#3161 = ORIENTED_EDGE ( 'NONE', *, *, #2547, .T. ) ;
#3162 = VERTEX_POINT ( 'NONE', #6031 ) ;
#3163 = EDGE_CURVE ( 'NONE', #4641, #4754, #4473, .T. ) ;
#3164 = CARTESIAN_POINT ( 'NONE',  ( 13.87741996827627489, 1.355252715606880080E-17, 6.613786331225022685 ) ) ;
#3165 = CARTESIAN_POINT ( 'NONE',  ( 15.90000000000000746, 0.000000000000000000, -9.850045691453081176 ) ) ;
#3166 = FACE_BOUND ( 'NONE', #985, .T. ) ;
#3167 = CARTESIAN_POINT ( 'NONE',  ( -14.14012134404445220, 0.000000000000000000, 6.822770558560790732 ) ) ;
#3168 = CARTESIAN_POINT ( 'NONE',  ( 14.13996837858143962, 0.000000000000000000, -6.706352999160872130 ) ) ;
#3169 = AXIS2_PLACEMENT_3D ( 'NONE', #1778, #2827, #1106 ) ;
#3170 = ORIENTED_EDGE ( 'NONE', *, *, #4681, .T. ) ;
#3171 = EDGE_CURVE ( 'NONE', #5854, #4509, #873, .T. ) ;
#3172 = ORIENTED_EDGE ( 'NONE', *, *, #919, .T. ) ;
#3173 = CARTESIAN_POINT ( 'NONE',  ( 3.780000000000003801, 0.02000000000000000042, -7.360000000000079368 ) ) ;
#3174 = FACE_OUTER_BOUND ( 'NONE', #2862, .T. ) ;
#3175 = DIRECTION ( 'NONE',  ( 0.000000000000000000, -1.000000000000000000, -0.000000000000000000 ) ) ;
#3176 = ORIENTED_EDGE ( 'NONE', *, *, #3758, .T. ) ;
#3177 = CARTESIAN_POINT ( 'NONE',  ( 14.42485709634891933, 0.02000000000000000042, -5.570039717896082543 ) ) ;
#3178 = CARTESIAN_POINT ( 'NONE',  ( 14.17683042533668569, 0.02000000000000000042, -6.437042213418072478 ) ) ;
#3179 = ADVANCED_FACE ( 'NONE', ( #4434 ), #2738, .T. ) ;
#3180 = DIRECTION ( 'NONE',  ( 0.000000000000000000, -1.000000000000000000, -0.000000000000000000 ) ) ;
#3181 = CYLINDRICAL_SURFACE ( 'NONE', #765, 0.2500000000000002220 ) ;
#3182 = AXIS2_PLACEMENT_3D ( 'NONE', #1504, #908, #382 ) ;
#3183 = EDGE_CURVE ( 'NONE', #6218, #4641, #1570, .T. ) ;
#3184 = CARTESIAN_POINT ( 'NONE',  ( -14.46190050575855501, 1.355252715606880080E-17, -5.497396217614259228 ) ) ;
#3185 = VECTOR ( 'NONE', #3391, 1000.000000000000000 ) ;
#3186 = CARTESIAN_POINT ( 'NONE',  ( 14.16064120760747436, 0.02000000000000000042, -5.463489539271640716 ) ) ;
#3187 = CARTESIAN_POINT ( 'NONE',  ( 14.49694448426696702, 0.02000000000000000042, 5.939908185044093791 ) ) ;
#3188 = VERTEX_POINT ( 'NONE', #4895 ) ;
#3189 = CARTESIAN_POINT ( 'NONE',  ( 14.10465113043982832, 0.02000000000000000042, -5.613192475020550631 ) ) ;
#3190 = CARTESIAN_POINT ( 'NONE',  ( 14.64185414515653960, 1.355252715606880080E-17, 6.500509609482233664 ) ) ;
#3191 = STYLED_ITEM ( 'NONE', ( #6487 ), #851 ) ;
#3192 = CARTESIAN_POINT ( 'NONE',  ( 14.41424744540326053, 1.355252715606880080E-17, 6.410077638335497596 ) ) ;
#3193 = CARTESIAN_POINT ( 'NONE',  ( 14.41529504453981581, 0.02000000000000000042, 6.380189753956837961 ) ) ;
#3194 = EDGE_CURVE ( 'NONE', #7253, #7068, #6497, .T. ) ;
#3195 = CARTESIAN_POINT ( 'NONE',  ( -14.21328364004435585, 0.02000000000000000042, 6.456860635724976483 ) ) ;
#3196 = ORIENTED_EDGE ( 'NONE', *, *, #5769, .T. ) ;
#3197 = ADVANCED_FACE ( 'NONE', ( #5798 ), #3454, .T. ) ;
#3198 = VERTEX_POINT ( 'NONE', #7437 ) ;
#3199 = DIRECTION ( 'NONE',  ( 0.000000000000000000, -1.000000000000000000, -0.000000000000000000 ) ) ;
#3200 = CARTESIAN_POINT ( 'NONE',  ( 14.40253128214963851, 0.000000000000000000, 6.269139992494237923 ) ) ;
#3201 = CARTESIAN_POINT ( 'NONE',  ( 14.16064120760747436, 0.02000000000000000042, -5.463489539271640716 ) ) ;
#3202 = FACE_BOUND ( 'NONE', #6799, .T. ) ;
#3203 = EDGE_CURVE ( 'NONE', #690, #1295, #1648, .T. ) ;
#3204 = DIRECTION ( 'NONE',  ( -0.9998476951563912696, 0.01745240643728355329, -2.498757474907930625E-16 ) ) ;
#3205 = ORIENTED_EDGE ( 'NONE', *, *, #1828, .T. ) ;
#3206 = ORIENTED_EDGE ( 'NONE', *, *, #5687, .F. ) ;
#3207 = DIRECTION ( 'NONE',  ( 0.000000000000000000, -1.000000000000000000, -0.000000000000000000 ) ) ;
#3208 =( NAMED_UNIT ( * ) SI_UNIT ( $, .STERADIAN. ) SOLID_ANGLE_UNIT ( ) );
#3209 = SURFACE_STYLE_FILL_AREA ( #2560 ) ;
#3210 = CARTESIAN_POINT ( 'NONE',  ( 14.61129981615528628, 1.355252715606880080E-17, -5.953024784819400672 ) ) ;
#3211 = CARTESIAN_POINT ( 'NONE',  ( -13.74182067338605506, 0.000000000000000000, -5.936869812603148056 ) ) ;
#3212 = VERTEX_POINT ( 'NONE', #4666 ) ;
#3213 = CARTESIAN_POINT ( 'NONE',  ( 14.34866504825738431, 0.02000000000000000042, -6.477415699087773149 ) ) ;
#3214 = VECTOR ( 'NONE', #5492, 1000.000000000000000 ) ;
#3215 = LINE ( 'NONE', #3111, #5445 ) ;
#3216 = CARTESIAN_POINT ( 'NONE',  ( 14.35695286619928446, 1.355252715606880080E-17, 5.773816807880593593 ) ) ;
#3217 = PRESENTATION_LAYER_ASSIGNMENT (  '', '', ( #3350 ) ) ;
#3218 = CARTESIAN_POINT ( 'NONE',  ( -14.42982554133315354, 0.000000000000000000, -6.495385233731338026 ) ) ;
#3219 = FACE_OUTER_BOUND ( 'NONE', #973, .T. ) ;
#3220 = ORIENTED_EDGE ( 'NONE', *, *, #2152, .T. ) ;
#3221 = CARTESIAN_POINT ( 'NONE',  ( 13.09445105820910449, 1.355252715606880080E-17, -5.749847094814822590 ) ) ;
#3222 = PLANE ( 'NONE',  #2945 ) ;
#3223 = VERTEX_POINT ( 'NONE', #3423 ) ;
#3224 = DIRECTION ( 'NONE',  ( 0.000000000000000000, 0.000000000000000000, -1.000000000000000000 ) ) ;
#3225 = DIRECTION ( 'NONE',  ( 0.000000000000000000, -1.000000000000000000, -0.000000000000000000 ) ) ;
#3226 = LINE ( 'NONE', #1567, #5833 ) ;
#3227 = CARTESIAN_POINT ( 'NONE',  ( -14.48527530561185195, 0.000000000000000000, -5.528789271373059755 ) ) ;
#3228 = CARTESIAN_POINT ( 'NONE',  ( -12.84719961642490560, 0.02000000000000000042, -5.368934874466847695 ) ) ;
#3229 = LINE ( 'NONE', #346, #1465 ) ;
#3230 = ORIENTED_EDGE ( 'NONE', *, *, #1488, .F. ) ;
#3231 = VERTEX_POINT ( 'NONE', #7474 ) ;
#3232 = DIRECTION ( 'NONE',  ( 1.174997428309413820E-16, 0.000000000000000000, 1.000000000000000000 ) ) ;
#3233 = CARTESIAN_POINT ( 'NONE',  ( 13.88450952887732903, 0.02000000000000000042, -6.313643025446691759 ) ) ;
#3234 = AXIS2_PLACEMENT_3D ( 'NONE', #2951, #4194, #1300 ) ;
#3235 = CARTESIAN_POINT ( 'NONE',  ( -13.96986770900135255, 1.355252715606880080E-17, -5.860415054652497346 ) ) ;
#3236 = SURFACE_SIDE_STYLE ('',( #2551 ) ) ;
#3237 = DIRECTION ( 'NONE',  ( 0.000000000000000000, -1.000000000000000000, -0.000000000000000000 ) ) ;
#3238 = ORIENTED_EDGE ( 'NONE', *, *, #4433, .T. ) ;
#3239 = EDGE_CURVE ( 'NONE', #5957, #457, #4635, .T. ) ;
#3240 = EDGE_LOOP ( 'NONE', ( #6381, #1230, #3361, #3845 ) ) ;
#3241 = LINE ( 'NONE', #4951, #4469 ) ;
#3242 = EDGE_CURVE ( 'NONE', #6348, #7176, #4508, .T. ) ;
#3243 = PLANE ( 'NONE',  #3405 ) ;
#3244 = ADVANCED_FACE ( 'NONE', ( #6896 ), #3385, .T. ) ;
#3245 = DIRECTION ( 'NONE',  ( 0.000000000000000000, -1.000000000000000000, -0.000000000000000000 ) ) ;
#3246 = CARTESIAN_POINT ( 'NONE',  ( -11.46000000000000618, 0.000000000000000000, -7.860000000000179732 ) ) ;
#3247 = PLANE ( 'NONE',  #4540 ) ;
#3248 = CARTESIAN_POINT ( 'NONE',  ( 14.57377322695514543, 0.02000000000000000042, -5.916996375736200520 ) ) ;
#3249 = DIRECTION ( 'NONE',  ( 0.000000000000000000, 0.000000000000000000, -1.000000000000000000 ) ) ;
#3250 = ORIENTED_EDGE ( 'NONE', *, *, #6781, .F. ) ;
#3251 = CARTESIAN_POINT ( 'NONE',  ( 14.41217959236008639, 0.02000000000000000042, -5.648182018268481208 ) ) ;
#3252 = B_SPLINE_SURFACE_WITH_KNOTS ( 'NONE', 3, 1, ( 
 ( #4274, #3566 ),
 ( #186, #1385 ),
 ( #1347, #5908 ),
 ( #3082, #2382 ),
 ( #7153, #5383 ),
 ( #2497, #717 ),
 ( #5420, #1955 ),
 ( #5985, #4702 ),
 ( #792, #3116 ),
 ( #224, #642 ),
 ( #2963, #7005 ) ),
 .UNSPECIFIED., .F., .F., .F.,
 ( 4, 1, 1, 1, 1, 1, 1, 1, 4 ),
 ( 2, 2 ),
 ( 0.000000000000000000, 0.1832338588759575004, 0.3505427301142050034, 0.5011988372408090475, 0.6339500770024639742, 0.7500925720805979857, 0.8504341224739819793, 0.9336827195019079539, 1.000000000000000000 ),
 ( 0.000000000000000000, 1.000000000000000000 ),
 .UNSPECIFIED. ) ;
#3253 = CARTESIAN_POINT ( 'NONE',  ( -14.01732727700285253, 0.02000000000000000042, -6.392718402187909099 ) ) ;
#3254 = VECTOR ( 'NONE', #2283, 1000.000000000000000 ) ;
#3255 = PLANE ( 'NONE',  #1112 ) ;
#3256 = VECTOR ( 'NONE', #4725, 1000.000000000000000 ) ;
#3257 = CARTESIAN_POINT ( 'NONE',  ( -14.52451386537225453, 0.02000000000000000042, -5.601427995797128467 ) ) ;
#3258 = VECTOR ( 'NONE', #6900, 1000.000000000000000 ) ;
#3259 = CARTESIAN_POINT ( 'NONE',  ( 14.21218818323171718, 0.02000000000000000042, -6.727381584164942474 ) ) ;
#3260 = ORIENTED_EDGE ( 'NONE', *, *, #7268, .T. ) ;
#3261 = LINE ( 'NONE', #6622, #435 ) ;
#3262 = CARTESIAN_POINT ( 'NONE',  ( 14.57464940826601385, 0.02000000000000000042, 6.059655536949843047 ) ) ;
#3263 = EDGE_LOOP ( 'NONE', ( #3019, #4650, #2698, #7067, #2709, #3352, #1561, #4242, #876, #654, #5435, #1676, #2758 ) ) ;
#3264 = CARTESIAN_POINT ( 'NONE',  ( 14.25320474560808925, 0.000000000000000000, 6.567432010615037896 ) ) ;
#3265 = CARTESIAN_POINT ( 'NONE',  ( 14.63063596570568237, 1.355252715606880080E-17, 6.538610993841297514 ) ) ;
#3266 = AXIS2_PLACEMENT_3D ( 'NONE', #4807, #636, #4735 ) ;
#3267 = CARTESIAN_POINT ( 'NONE',  ( 14.31183444390651083, 1.355252715606880080E-17, 6.556493907527443099 ) ) ;
#3268 = CARTESIAN_POINT ( 'NONE',  ( -14.22515175055795567, 0.000000000000000000, -5.374460565707169124 ) ) ;
#3269 = DIRECTION ( 'NONE',  ( -1.174997428309413820E-16, 0.000000000000000000, -1.000000000000000000 ) ) ;
#3270 = CARTESIAN_POINT ( 'NONE',  ( 14.16474941836294832, 0.000000000000000000, 5.527300706178363221 ) ) ;
#3271 = EDGE_LOOP ( 'NONE', ( #2223, #1608, #2095, #6193 ) ) ;
#3272 = EDGE_CURVE ( 'NONE', #6259, #58, #5241, .T. ) ;
#3273 = FACE_OUTER_BOUND ( 'NONE', #5093, .T. ) ;
#3274 = LINE ( 'NONE', #1019, #5700 ) ;
#3275 = DIRECTION ( 'NONE',  ( 0.000000000000000000, -1.000000000000000000, -0.000000000000000000 ) ) ;
#3276 = ADVANCED_FACE ( 'NONE', ( #456 ), #2777, .T. ) ;
#3277 = PLANE ( 'NONE',  #6512 ) ;
#3278 = DIRECTION ( 'NONE',  ( 0.000000000000000000, 0.000000000000000000, -1.000000000000000000 ) ) ;
#3279 = VERTEX_POINT ( 'NONE', #567 ) ;
#3280 = ORIENTED_EDGE ( 'NONE', *, *, #5237, .F. ) ;
#3281 = ORIENTED_EDGE ( 'NONE', *, *, #3474, .T. ) ;
#3282 = CARTESIAN_POINT ( 'NONE',  ( 13.24776806640875293, 0.02000000000000000042, -5.328768270497461046 ) ) ;
#3283 = B_SPLINE_CURVE_WITH_KNOTS ( 'NONE', 3,
 ( #2666, #4981, #7287, #7373, #6676, #1544, #3320 ),
 .UNSPECIFIED., .F., .F.,
 ( 4, 1, 1, 1, 4 ),
 ( 0.000000000000000000, 0.2650720260088935132, 0.5174264585638219671, 0.7613771326035549958, 1.000000000000000000 ),
 .UNSPECIFIED. ) ;
#3284 = CARTESIAN_POINT ( 'NONE',  ( 14.07064822765927126, 0.000000000000000000, 6.442845878656438430 ) ) ;
#3285 = PLANE ( 'NONE',  #2614 ) ;
#3286 = PRESENTATION_STYLE_ASSIGNMENT (( #4373 ) ) ;
#3287 = EDGE_CURVE ( 'NONE', #3076, #4147, #2888, .T. ) ;
#3288 = AXIS2_PLACEMENT_3D ( 'NONE', #7196, #4430, #1997 ) ;
#3289 = CARTESIAN_POINT ( 'NONE',  ( 14.70175439026110986, 0.02000000000000000042, -6.171635551478511061 ) ) ;
#3290 = CARTESIAN_POINT ( 'NONE',  ( -13.86721488118640266, 0.000000000000000000, -6.210829795632458072 ) ) ;
#3291 = ORIENTED_EDGE ( 'NONE', *, *, #2460, .F. ) ;
#3292 = CARTESIAN_POINT ( 'NONE',  ( 13.11792053122264612, 0.02000000000000000042, 6.562373287208223438 ) ) ;
#3293 = CARTESIAN_POINT ( 'NONE',  ( 14.50565129898724059, 0.02000000000000000042, -5.239690351010622749 ) ) ;
#3294 = AXIS2_PLACEMENT_3D ( 'NONE', #920, #2753, #4484 ) ;
#3295 = B_SPLINE_CURVE_WITH_KNOTS ( 'NONE', 3,
 ( #6579, #1261, #4732, #6996, #5261, #5900, #2490, #3039, #217, #748, #1376 ),
 .UNSPECIFIED., .F., .F.,
 ( 4, 1, 1, 1, 1, 1, 1, 1, 4 ),
 ( 0.000000000000000000, 0.1424784121209466126, 0.2732037946192419908, 0.3945864827622340143, 0.5147545331308849281, 0.6339295835855970340, 0.7507431227064520485, 0.8715641172540000703, 1.000000000000000000 ),
 .UNSPECIFIED. ) ;
#3296 = FACE_OUTER_BOUND ( 'NONE', #2421, .T. ) ;
#3297 = CARTESIAN_POINT ( 'NONE',  ( -15.42714915879745341, 9.900000000000000355, -9.677149158797478279 ) ) ;
#3298 = ADVANCED_FACE ( 'NONE', ( #3984 ), #2501, .T. ) ;
#3299 = CARTESIAN_POINT ( 'NONE',  ( -14.56629571858855066, 0.02000000000000000042, -5.771649918295017834 ) ) ;
#3300 = CARTESIAN_POINT ( 'NONE',  ( 14.17531980631084032, 1.355252715606880080E-17, -6.718618150315252890 ) ) ;
#3301 = ORIENTED_EDGE ( 'NONE', *, *, #68, .T. ) ;
#3302 = DIRECTION ( 'NONE',  ( 0.000000000000000000, 0.000000000000000000, -1.000000000000000000 ) ) ;
#3303 = CARTESIAN_POINT ( 'NONE',  ( -3.840000000000004743, 0.02000000000000000042, -7.610000000000121112 ) ) ;
#3304 = ORIENTED_EDGE ( 'NONE', *, *, #1547, .F. ) ;
#3305 = CARTESIAN_POINT ( 'NONE',  ( 12.96391737688869306, 0.02000000000000000042, -5.813321203713732288 ) ) ;
#3306 = ADVANCED_FACE ( 'NONE', ( #6405 ), #4137, .T. ) ;
#3307 = PRESENTATION_LAYER_ASSIGNMENT (  '', '', ( #4873 ) ) ;
#3308 = DIRECTION ( 'NONE',  ( -0.9863939238321433045, -0.000000000000000000, 0.1643989873053596507 ) ) ;
#3309 = CARTESIAN_POINT ( 'NONE',  ( 14.34225513069230118, 0.02000000000000000042, 6.539792446049772501 ) ) ;
#3310 = ADVANCED_FACE ( 'NONE', ( #1842 ), #5009, .T. ) ;
#3311 = DIRECTION ( 'NONE',  ( -1.174997428309413820E-16, 0.000000000000000000, -1.000000000000000000 ) ) ;
#3312 = VECTOR ( 'NONE', #1315, 1000.000000000000000 ) ;
#3313 =( GEOMETRIC_REPRESENTATION_CONTEXT ( 3 ) GLOBAL_UNCERTAINTY_ASSIGNED_CONTEXT ( ( #1717 ) ) GLOBAL_UNIT_ASSIGNED_CONTEXT ( ( #5389, #4820, #5918 ) ) REPRESENTATION_CONTEXT ( 'NONE', 'WORKASPACE' ) );
#3314 = SURFACE_STYLE_FILL_AREA ( #2617 ) ;
#3315 = ORIENTED_EDGE ( 'NONE', *, *, #5982, .F. ) ;
#3316 = EDGE_LOOP ( 'NONE', ( #7262, #6133, #5619 ) ) ;
#3317 = DIRECTION ( 'NONE',  ( 1.000000000000000000, 0.000000000000000000, -1.174997428309413820E-16 ) ) ;
#3318 = CARTESIAN_POINT ( 'NONE',  ( 14.41390122075054236, 0.000000000000000000, 6.316644389629077594 ) ) ;
#3319 = FACE_OUTER_BOUND ( 'NONE', #1294, .T. ) ;
#3320 = CARTESIAN_POINT ( 'NONE',  ( 14.41584843264517346, 0.02000000000000000042, 6.364401654165313005 ) ) ;
#3321 = EDGE_CURVE ( 'NONE', #5852, #1782, #2466, .T. ) ;
#3322 = ORIENTED_EDGE ( 'NONE', *, *, #5884, .T. ) ;
#3323 = ORIENTED_EDGE ( 'NONE', *, *, #7214, .T. ) ;
#3324 = CARTESIAN_POINT ( 'NONE',  ( 15.42714915879748006, 9.900000000000000355, 9.677149158797467621 ) ) ;
#3325 = FACE_OUTER_BOUND ( 'NONE', #6966, .T. ) ;
#3326 = DIRECTION ( 'NONE',  ( 0.000000000000000000, -1.000000000000000000, -0.000000000000000000 ) ) ;
#3327 =( NAMED_UNIT ( * ) PLANE_ANGLE_UNIT ( ) SI_UNIT ( $, .RADIAN. ) );
#3328 = CARTESIAN_POINT ( 'NONE',  ( -14.25282628572220389, 0.02000000000000000042, 6.428162494386631565 ) ) ;
#3329 = CARTESIAN_POINT ( 'NONE',  ( 14.69657087634224801, 0.02000000000000000042, -6.138908721416531655 ) ) ;
#3330 = ORIENTED_EDGE ( 'NONE', *, *, #4350, .T. ) ;
#3331 = CARTESIAN_POINT ( 'NONE',  ( -11.46000000000005592, 1.000000000000000000, 7.859999999999821796 ) ) ;
#3332 = CARTESIAN_POINT ( 'NONE',  ( -14.08924932474335634, 0.02000000000000000042, -5.369715419920589206 ) ) ;
#3333 = LINE ( 'NONE', #2762, #644 ) ;
#3334 = EDGE_CURVE ( 'NONE', #3040, #1444, #3608, .T. ) ;
#3335 = CARTESIAN_POINT ( 'NONE',  ( 14.70175439026110986, 0.02000000000000000042, -6.171635551478511061 ) ) ;
#3336 = AXIS2_PLACEMENT_3D ( 'NONE', #3001, #4808, #1872 ) ;
#3337 = CARTESIAN_POINT ( 'NONE',  ( 14.13996837858143962, 0.02000000000000000042, -6.706352999160872130 ) ) ;
#3338 = ORIENTED_EDGE ( 'NONE', *, *, #6436, .F. ) ;
#3339 = B_SPLINE_CURVE_WITH_KNOTS ( 'NONE', 3,
 ( #7164, #3017, #6596, #129, #2474, #5280, #89, #6453, #5393, #200, #4786 ),
 .UNSPECIFIED., .F., .F.,
 ( 4, 1, 1, 1, 1, 1, 1, 1, 4 ),
 ( 0.000000000000000000, 0.1673861978402894912, 0.3175069701829464908, 0.4541492594670060168, 0.5810943830083230566, 0.6968750927347350244, 0.8022517942932859691, 0.9004566555579890386, 1.000000000000000000 ),
 .UNSPECIFIED. ) ;
#3340 = DIRECTION ( 'NONE',  ( 0.000000000000000000, -1.000000000000000000, -0.000000000000000000 ) ) ;
#3341 = UNCERTAINTY_MEASURE_WITH_UNIT (LENGTH_MEASURE( 1.000000000000000082E-05 ), #4699, 'distance_accuracy_value', 'NONE');
#3342 = CARTESIAN_POINT ( 'NONE',  ( 14.29791250031709815, 0.02000000000000000042, -5.994217405668261556 ) ) ;
#3343 = ORIENTED_EDGE ( 'NONE', *, *, #256, .F. ) ;
#3344 = CARTESIAN_POINT ( 'NONE',  ( -14.14303313471325474, 0.000000000000000000, -5.609089348898669058 ) ) ;
#3345 = EDGE_CURVE ( 'NONE', #7247, #3367, #4028, .T. ) ;
#3346 = DIRECTION ( 'NONE',  ( 0.000000000000000000, -1.000000000000000000, -0.000000000000000000 ) ) ;
#3347 = EDGE_CURVE ( 'NONE', #1456, #3921, #1350, .T. ) ;
#3348 = CARTESIAN_POINT ( 'NONE',  ( -14.56239468533110504, 0.000000000000000000, -5.737594740856408748 ) ) ;
#3349 = CARTESIAN_POINT ( 'NONE',  ( 6.319999999999954099, 0.02000000000000000042, 7.609999999999944365 ) ) ;
#3350 = STYLED_ITEM ( 'NONE', ( #5967 ), #6763 ) ;
#3351 = DIRECTION ( 'NONE',  ( 0.000000000000000000, -1.000000000000000000, -0.000000000000000000 ) ) ;
#3352 = ORIENTED_EDGE ( 'NONE', *, *, #2728, .F. ) ;
#3353 = ORIENTED_EDGE ( 'NONE', *, *, #1615, .T. ) ;
#3354 = LINE ( 'NONE', #2700, #2186 ) ;
#3355 = VECTOR ( 'NONE', #1841, 1000.000000000000000 ) ;
#3356 = PRESENTATION_STYLE_ASSIGNMENT (( #5500 ) ) ;
#3357 = DIRECTION ( 'NONE',  ( 1.174997428309413820E-16, 0.000000000000000000, 1.000000000000000000 ) ) ;
#3358 = CARTESIAN_POINT ( 'NONE',  ( -13.37910425315475571, 0.02000000000000000042, -6.329552772194127819 ) ) ;
#3359 = EDGE_LOOP ( 'NONE', ( #5951, #5340, #4964, #2903 ) ) ;
#3360 = ORIENTED_EDGE ( 'NONE', *, *, #4073, .T. ) ;
#3361 = ORIENTED_EDGE ( 'NONE', *, *, #1262, .T. ) ;
#3362 = CARTESIAN_POINT ( 'NONE',  ( -13.96792049710670724, 0.000000000000000000, -5.812657790116267265 ) ) ;
#3363 = MECHANICAL_DESIGN_GEOMETRIC_PRESENTATION_REPRESENTATION (  '', ( #5894 ), #7195 ) ;
#3364 = CARTESIAN_POINT ( 'NONE',  ( 14.44486996921823696, 0.02000000000000000042, -6.235155039662332754 ) ) ;
#3365 = CARTESIAN_POINT ( 'NONE',  ( 14.20164406456264672, 0.02000000000000000042, 6.807248725769498243 ) ) ;
#3366 = CARTESIAN_POINT ( 'NONE',  ( 14.70503731651937329, 0.02000000000000000042, -6.241409062433993071 ) ) ;
#3367 = VERTEX_POINT ( 'NONE', #682 ) ;
#3368 = STYLED_ITEM ( 'NONE', ( #3452 ), #1883 ) ;
#3369 = FACE_OUTER_BOUND ( 'NONE', #4251, .T. ) ;
#3370 = CARTESIAN_POINT ( 'NONE',  ( -13.76754260509890671, 0.02000000000000000042, -5.601545447851829174 ) ) ;
#3371 = CARTESIAN_POINT ( 'NONE',  ( 14.50565129898724059, 0.02000000000000000042, -5.239690351010622749 ) ) ;
#3372 = CARTESIAN_POINT ( 'NONE',  ( 14.44005403852747449, 0.000000000000000000, -5.201803584140252568 ) ) ;
#3373 = AXIS2_PLACEMENT_3D ( 'NONE', #1079, #2916, #5070 ) ;
#3374 = CARTESIAN_POINT ( 'NONE',  ( 14.30397122108142227, 1.355252715606880080E-17, -6.733497400347721040 ) ) ;
#3375 = VECTOR ( 'NONE', #5682, 1000.000000000000000 ) ;
#3376 = ORIENTED_EDGE ( 'NONE', *, *, #5447, .F. ) ;
#3377 = CARTESIAN_POINT ( 'NONE',  ( -15.60004569145305631, 0.000000000000000000, -10.14999999999999858 ) ) ;
#3378 = CARTESIAN_POINT ( 'NONE',  ( -14.57924432568585615, 0.02000000000000000042, -6.833124334879109085 ) ) ;
#3379 = ORIENTED_EDGE ( 'NONE', *, *, #1957, .F. ) ;
#3380 = CYLINDRICAL_SURFACE ( 'NONE', #5907, 0.2999999999999999334 ) ;
#3381 = MECHANICAL_DESIGN_GEOMETRIC_PRESENTATION_REPRESENTATION (  '', ( #5311 ), #6277 ) ;
#3382 = CARTESIAN_POINT ( 'NONE',  ( 13.26809387855397837, 0.02000000000000000042, -5.299719329583881589 ) ) ;
#3383 = CYLINDRICAL_SURFACE ( 'NONE', #3000, 0.2499999999999993616 ) ;
#3384 = CARTESIAN_POINT ( 'NONE',  ( -14.40898863123435625, 0.02000000000000000042, 6.344293653458132454 ) ) ;
#3385 = PLANE ( 'NONE',  #1705 ) ;
#3386 = EDGE_LOOP ( 'NONE', ( #5319, #6518, #316, #4715 ) ) ;
#3387 =( GEOMETRIC_REPRESENTATION_CONTEXT ( 3 ) GLOBAL_UNCERTAINTY_ASSIGNED_CONTEXT ( ( #4698 ) ) GLOBAL_UNIT_ASSIGNED_CONTEXT ( ( #7129, #4751, #7055 ) ) REPRESENTATION_CONTEXT ( 'NONE', 'WORKASPACE' ) );
#3388 = CARTESIAN_POINT ( 'NONE',  ( 12.96391737688869306, 0.000000000000000000, -5.813321203713732288 ) ) ;
#3389 = CARTESIAN_POINT ( 'NONE',  ( 14.24431727681534632, 0.000000000000000000, -5.173843182759430448 ) ) ;
#3390 = CIRCLE ( 'NONE', #4327, 0.2499999999999993616 ) ;
#3391 = DIRECTION ( 'NONE',  ( 0.000000000000000000, -1.000000000000000000, -0.000000000000000000 ) ) ;
#3392 = FILL_AREA_STYLE ('',( #6222 ) ) ;
#3393 = CARTESIAN_POINT ( 'NONE',  ( 14.02202630088261515, 0.02000000000000000042, -5.267690227799032066 ) ) ;
#3394 = ORIENTED_EDGE ( 'NONE', *, *, #5114, .F. ) ;
#3395 = ORIENTED_EDGE ( 'NONE', *, *, #7331, .T. ) ;
#3396 = VERTEX_POINT ( 'NONE', #4706 ) ;
#3397 = CARTESIAN_POINT ( 'NONE',  ( 14.24624670637184565, 0.02000000000000000042, 3.136679103919437939 ) ) ;
#3398 = CARTESIAN_POINT ( 'NONE',  ( -13.73390791582985493, 0.02000000000000000042, -5.890943029240327533 ) ) ;
#3399 =( NAMED_UNIT ( * ) SI_UNIT ( $, .STERADIAN. ) SOLID_ANGLE_UNIT ( ) );
#3400 = CARTESIAN_POINT ( 'NONE',  ( -14.29343835224410242, 0.02000000000000000042, 6.401691734243430965 ) ) ;
#3401 = EDGE_CURVE ( 'NONE', #3877, #3837, #3676, .T. ) ;
#3402 = EDGE_LOOP ( 'NONE', ( #2035, #6500, #4967, #6732 ) ) ;
#3403 =( BOUNDED_CURVE ( )  B_SPLINE_CURVE ( 3, ( #6352, #5100, #5739, #1141 ),
 .UNSPECIFIED., .F., .F. ) 
 B_SPLINE_CURVE_WITH_KNOTS ( ( 4, 4 ),
 ( 5.497939437029719656, 7.068431177329470572 ),
 .UNSPECIFIED. ) 
 CURVE ( )  GEOMETRIC_REPRESENTATION_ITEM ( )  RATIONAL_B_SPLINE_CURVE ( ( 1.000000000000000000, 0.8048096403827810219, 0.8048096403827810219, 1.000000000000000000 ) ) 
 REPRESENTATION_ITEM ( '' )  );
#3404 = CARTESIAN_POINT ( 'NONE',  ( 14.50565129898724059, 1.355252715606880080E-17, -5.239690351010622749 ) ) ;
#3405 = AXIS2_PLACEMENT_3D ( 'NONE', #2865, #1139, #5285 ) ;
#3406 = CARTESIAN_POINT ( 'NONE',  ( -13.88872223690420604, 1.355252715606880080E-17, -5.441599287047107936 ) ) ;
#3407 = CARTESIAN_POINT ( 'NONE',  ( 14.40372016235109243, 0.02000000000000000042, -5.189104687471322030 ) ) ;
#3408 = CARTESIAN_POINT ( 'NONE',  ( 13.31594359954736539, 0.000000000000000000, -5.206129548057402801 ) ) ;
#3409 = DIRECTION ( 'NONE',  ( 0.000000000000000000, -1.000000000000000000, -0.000000000000000000 ) ) ;
#3410 = ORIENTED_EDGE ( 'NONE', *, *, #3194, .T. ) ;
#3411 = CARTESIAN_POINT ( 'NONE',  ( 13.90561298209320462, 2.710505431213759852E-17, -5.476106995637401553 ) ) ;
#3412 = EDGE_CURVE ( 'NONE', #3864, #2858, #31, .T. ) ;
#3413 = AXIS2_PLACEMENT_3D ( 'NONE', #4191, #5446, #246 ) ;
#3414 = UNCERTAINTY_MEASURE_WITH_UNIT (LENGTH_MEASURE( 1.000000000000000082E-05 ), #6504, 'distance_accuracy_value', 'NONE');
#3415 = CARTESIAN_POINT ( 'NONE',  ( -14.14303313471325474, 0.02000000000000000042, -5.609089348898669058 ) ) ;
#3416 = ORIENTED_EDGE ( 'NONE', *, *, #7502, .F. ) ;
#3417 = ADVANCED_FACE ( 'NONE', ( #3047 ), #189, .T. ) ;
#3418 = LINE ( 'NONE', #4541, #6194 ) ;
#3419 = DIRECTION ( 'NONE',  ( -1.000000000000000000, 0.000000000000000000, 1.174997428309413820E-16 ) ) ;
#3420 = CARTESIAN_POINT ( 'NONE',  ( -14.10636327267915213, 0.02000000000000000042, -5.610671799169098861 ) ) ;
#3421 = CARTESIAN_POINT ( 'NONE',  ( -11.46000000000000618, -4.100000000000000533, -7.610000000000177955 ) ) ;
#3422 = CARTESIAN_POINT ( 'NONE',  ( -14.18655232239445496, 0.02000000000000000042, 6.767194352530786716 ) ) ;
#3423 = CARTESIAN_POINT ( 'NONE',  ( -13.37910425315475571, 0.000000000000000000, -6.329552772194127819 ) ) ;
#3424 = EDGE_LOOP ( 'NONE', ( #4805, #4155, #5881, #2438 ) ) ;
#3425 =( NAMED_UNIT ( * ) PLANE_ANGLE_UNIT ( ) SI_UNIT ( $, .RADIAN. ) );
#3426 = CARTESIAN_POINT ( 'NONE',  ( 13.99728165941696822, 0.000000000000000000, -5.293492998226490442 ) ) ;
#3427 =( NAMED_UNIT ( * ) PLANE_ANGLE_UNIT ( ) SI_UNIT ( $, .RADIAN. ) );
#3428 = CIRCLE ( 'NONE', #4500, 0.2500000000000002220 ) ;
#3429 = FACE_BOUND ( 'NONE', #5449, .T. ) ;
#3430 = PLANE ( 'NONE',  #2158 ) ;
#3431 = ORIENTED_EDGE ( 'NONE', *, *, #6399, .T. ) ;
#3432 = LINE ( 'NONE', #539, #4952 ) ;
#3433 = FACE_OUTER_BOUND ( 'NONE', #6227, .T. ) ;
#3434 = ORIENTED_EDGE ( 'NONE', *, *, #4680, .T. ) ;
#3435 = ORIENTED_EDGE ( 'NONE', *, *, #6458, .T. ) ;
#3436 = DIRECTION ( 'NONE',  ( 0.000000000000000000, 0.000000000000000000, -1.000000000000000000 ) ) ;
#3437 = COLOUR_RGB ( '',0.2509803921568627416, 0.2509803921568627416, 0.2509803921568627416 ) ;
#3438 = EDGE_CURVE ( 'NONE', #3198, #6348, #1963, .T. ) ;
#3439 = LINE ( 'NONE', #5665, #2251 ) ;
#3440 = CARTESIAN_POINT ( 'NONE',  ( 14.65521848404794802, 0.000000000000000000, 6.332692259994407991 ) ) ;
#3441 = CARTESIAN_POINT ( 'NONE',  ( 14.65600290707699216, 0.02000000000000000042, 6.379724009955882735 ) ) ;
#3442 = ORIENTED_EDGE ( 'NONE', *, *, #474, .T. ) ;
#3443 = CARTESIAN_POINT ( 'NONE',  ( 14.66474298671369425, 1.355252715606880080E-17, -5.544691896416042098 ) ) ;
#3444 = PRESENTATION_STYLE_ASSIGNMENT (( #5258 ) ) ;
#3445 = CARTESIAN_POINT ( 'NONE',  ( 13.82137424442077034, 0.02000000000000000042, 6.439464703425167968 ) ) ;
#3446 = CARTESIAN_POINT ( 'NONE',  ( 14.65600290707699216, 0.000000000000000000, 6.379724009955882735 ) ) ;
#3447 = CARTESIAN_POINT ( 'NONE',  ( 8.859999999999956799, 0.02000000000000000042, 7.859999999999959464 ) ) ;
#3448 = ORIENTED_EDGE ( 'NONE', *, *, #4879, .F. ) ;
#3449 = CARTESIAN_POINT ( 'NONE',  ( 14.29897884829130028, 0.02000000000000000042, -5.744038188408092438 ) ) ;
#3450 = CARTESIAN_POINT ( 'NONE',  ( -3.840000000000053593, 0.000000000000000000, 7.359999999999869758 ) ) ;
#3451 = CARTESIAN_POINT ( 'NONE',  ( -14.06092601166955802, 0.02000000000000000042, 6.978629557162696173 ) ) ;
#3452 = PRESENTATION_STYLE_ASSIGNMENT (( #1799 ) ) ;
#3453 = CARTESIAN_POINT ( 'NONE',  ( -14.06092601166955802, 0.02000000000000000042, 6.978629557162696173 ) ) ;
#3454 = CYLINDRICAL_SURFACE ( 'NONE', #2695, 0.2499999999999993616 ) ;
#3455 = ORIENTED_EDGE ( 'NONE', *, *, #1834, .T. ) ;
#3456 = SURFACE_SIDE_STYLE ('',( #6339 ) ) ;
#3457 = CARTESIAN_POINT ( 'NONE',  ( 13.93580627236038616, 0.000000000000000000, -5.392296513787680823 ) ) ;
#3458 = CARTESIAN_POINT ( 'NONE',  ( -14.18247026485935791, 0.02000000000000000042, -5.610812679226228283 ) ) ;
#3459 = VECTOR ( 'NONE', #1259, 1000.000000000000000 ) ;
#3460 = CARTESIAN_POINT ( 'NONE',  ( 14.37190035238320895, 0.02000000000000000042, -6.725965170920131797 ) ) ;
#3461 = CARTESIAN_POINT ( 'NONE',  ( 14.15880809672986906, 0.02000000000000000042, 5.930685174950558469 ) ) ;
#3462 = EDGE_LOOP ( 'NONE', ( #7384, #2582, #3260, #5515 ) ) ;
#3463 = CYLINDRICAL_SURFACE ( 'NONE', #1878, 0.2500000000000002220 ) ;
#3464 = ORIENTED_EDGE ( 'NONE', *, *, #1377, .F. ) ;
#3465 = ORIENTED_EDGE ( 'NONE', *, *, #1198, .T. ) ;
#3466 = CARTESIAN_POINT ( 'NONE',  ( 14.28586104859958716, 0.02000000000000000042, -5.413487218564932313 ) ) ;
#3467 = AXIS2_PLACEMENT_3D ( 'NONE', #720, #7119, #4778 ) ;
#3468 = CARTESIAN_POINT ( 'NONE',  ( -13.72776602267490453, 0.02000000000000000042, -5.797335434325698422 ) ) ;
#3469 = B_SPLINE_CURVE_WITH_KNOTS ( 'NONE', 3,
 ( #999, #1108, #3440, #1622, #2795, #546, #2715, #5026, #2867, #7337, #5705, #509, #172, #16, #4647, #6422, #7023, #2479, #2323 ),
 .UNSPECIFIED., .F., .F.,
 ( 4, 1, 1, 1, 1, 1, 1, 1, 1, 1, 1, 1, 1, 1, 1, 1, 4 ),
 ( 0.000000000000000000, 0.06953552338552959622, 0.1380491094433502208, 0.2067556592868234899, 0.2751841688940784847, 0.3446084122002534555, 0.4162313271679284887, 0.4899227518536919956, 0.5661907044333730488, 0.6069271943486329590, 0.6516091837135820075, 0.6996604758182439765, 0.7518555105046909048, 0.8081376385094900527, 0.8682453807129189016, 0.9321950013282009895, 1.000000000000000000 ),
 .UNSPECIFIED. ) ;
#3470 = CARTESIAN_POINT ( 'NONE',  ( -14.00000000000000711, 0.000000000000000000, -7.360000000000199272 ) ) ;
#3471 = CARTESIAN_POINT ( 'NONE',  ( -14.21328364004435585, 0.02000000000000000042, 6.456860635724976483 ) ) ;
#3472 = CARTESIAN_POINT ( 'NONE',  ( 14.63021043258889620, 0.02000000000000000042, 6.194850142964558160 ) ) ;
#3473 = AXIS2_PLACEMENT_3D ( 'NONE', #2860, #6414, #1694 ) ;
#3474 = EDGE_CURVE ( 'NONE', #2237, #4881, #7493, .T. ) ;
#3475 = EDGE_LOOP ( 'NONE', ( #1351, #5736, #656, #4278 ) ) ;
#3476 = B_SPLINE_SURFACE_WITH_KNOTS ( 'NONE', 3, 1, ( 
 ( #3928, #1114 ),
 ( #7421, #3898 ),
 ( #3445, #440 ),
 ( #5746, #5177 ),
 ( #2761, #2292 ),
 ( #1709, #5066 ),
 ( #3662, #3164 ),
 ( #239, #2913 ),
 ( #5963, #809 ),
 ( #5259, #7098 ),
 ( #2584, #4221 ),
 ( #4791, #2330 ),
 ( #7134, #3133 ),
 ( #2004, #1894 ),
 ( #4290, #62 ),
 ( #4326, #628 ),
 ( #6566, #6391 ),
 ( #6636, #773 ),
 ( #2549, #1190 ) ),
 .UNSPECIFIED., .F., .F., .F.,
 ( 4, 1, 1, 1, 1, 1, 1, 1, 1, 1, 1, 1, 1, 1, 1, 1, 4 ),
 ( 2, 2 ),
 ( 0.000000000000000000, 0.07856962044363040298, 0.1524157624279554868, 0.2221662873459989973, 0.2878931881657480485, 0.3501160166683494612, 0.4098419974164504986, 0.4674363432541009944, 0.5238385366738970150, 0.5795328812304130217, 0.6350938630033680088, 0.6915074927775959335, 0.7489429418877879829, 0.8077984992902620398, 0.8692755760138990428, 0.9331844849411530252, 1.000000000000000000 ),
 ( 0.000000000000000000, 1.000000000000000000 ),
 .UNSPECIFIED. ) ;
#3477 = CARTESIAN_POINT ( 'NONE',  ( 13.98803867244467547, 0.02000000000000000042, -6.592270154016972583 ) ) ;
#3478 = CARTESIAN_POINT ( 'NONE',  ( 14.65523416248881894, 0.02000000000000000042, 6.420936805112888557 ) ) ;
#3479 = CARTESIAN_POINT ( 'NONE',  ( -13.78562563042530265, 1.355252715606880080E-17, -5.566127426224418251 ) ) ;
#3480 = DIRECTION ( 'NONE',  ( 1.000000000000000000, 0.000000000000000000, -1.174997428309413820E-16 ) ) ;
#3481 = CARTESIAN_POINT ( 'NONE',  ( 14.64069851282362222, 0.02000000000000000042, -5.693258046181741250 ) ) ;
#3482 = CARTESIAN_POINT ( 'NONE',  ( 13.93999999999995332, 0.02000000000000000042, 7.359999999999993214 ) ) ;
#3483 = ORIENTED_EDGE ( 'NONE', *, *, #2213, .T. ) ;
#3484 = CARTESIAN_POINT ( 'NONE',  ( 14.10731484358652565, 0.02000000000000000042, -5.209659932551181427 ) ) ;
#3485 = UNCERTAINTY_MEASURE_WITH_UNIT (LENGTH_MEASURE( 1.000000000000000082E-05 ), #4614, 'distance_accuracy_value', 'NONE');
#3486 = CARTESIAN_POINT ( 'NONE',  ( -14.15655439666855564, 0.02000000000000000042, -5.609680203271387278 ) ) ;
#3487 = ADVANCED_FACE ( 'NONE', ( #6736 ), #4966, .T. ) ;
#3488 = LINE ( 'NONE', #641, #7293 ) ;
#3489 = PRESENTATION_LAYER_ASSIGNMENT (  '', '', ( #220 ) ) ;
#3490 = CARTESIAN_POINT ( 'NONE',  ( -14.07193448584535389, 0.02000000000000000042, -5.620565536754138058 ) ) ;
#3491 = CARTESIAN_POINT ( 'NONE',  ( 14.34083553553060497, 0.000000000000000000, 6.800662181466258005 ) ) ;
#3492 = DIRECTION ( 'NONE',  ( 0.000000000000000000, -1.000000000000000000, -0.000000000000000000 ) ) ;
#3493 = CARTESIAN_POINT ( 'NONE',  ( 14.11027891732911321, 0.000000000000000000, 5.876380694790782400 ) ) ;
#3494 = VERTEX_POINT ( 'NONE', #299 ) ;
#3495 =( GEOMETRIC_REPRESENTATION_CONTEXT ( 3 ) GLOBAL_UNCERTAINTY_ASSIGNED_CONTEXT ( ( #751 ) ) GLOBAL_UNIT_ASSIGNED_CONTEXT ( ( #4428, #5607, #7431 ) ) REPRESENTATION_CONTEXT ( 'NONE', 'WORKASPACE' ) );
#3496 = CARTESIAN_POINT ( 'NONE',  ( -14.03589689348920366, 0.02000000000000000042, -6.020072398927027280 ) ) ;
#3497 =( NAMED_UNIT ( * ) PLANE_ANGLE_UNIT ( ) SI_UNIT ( $, .RADIAN. ) );
#3498 = DIRECTION ( 'NONE',  ( 0.000000000000000000, -1.000000000000000000, 0.000000000000000000 ) ) ;
#3499 = AXIS2_PLACEMENT_3D ( 'NONE', #491, #2813, #2264 ) ;
#3500 = CARTESIAN_POINT ( 'NONE',  ( 13.93580627236038616, 0.02000000000000000042, -5.392296513787680823 ) ) ;
#3501 = ORIENTED_EDGE ( 'NONE', *, *, #4525, .F. ) ;
#3502 = CARTESIAN_POINT ( 'NONE',  ( 13.26690919010498249, 1.355252715606880080E-17, 6.774904293652883602 ) ) ;
#3503 = ORIENTED_EDGE ( 'NONE', *, *, #45, .F. ) ;
#3504 = ADVANCED_FACE ( 'NONE', ( #5004 ), #3222, .T. ) ;
#3505 = VERTEX_POINT ( 'NONE', #7233 ) ;
#3506 = CARTESIAN_POINT ( 'NONE',  ( 14.42364812658075657, 0.02000000000000000042, -5.536149094440222740 ) ) ;
#3507 = CARTESIAN_POINT ( 'NONE',  ( -13.83068507748875220, 0.02000000000000000042, -6.154851603172788010 ) ) ;
#3508 = VECTOR ( 'NONE', #3516, 1000.000000000000000 ) ;
#3509 = ADVANCED_FACE ( 'NONE', ( #2026 ), #6661, .F. ) ;
#3510 = EDGE_CURVE ( 'NONE', #2281, #393, #3866, .T. ) ;
#3511 = CARTESIAN_POINT ( 'NONE',  ( 14.69028692416644866, 0.000000000000000000, -6.107454873812082852 ) ) ;
#3512 = CARTESIAN_POINT ( 'NONE',  ( -13.80651061734505625, 0.000000000000000000, -5.531561012463518168 ) ) ;
#3513 = CARTESIAN_POINT ( 'NONE',  ( 14.51655404856545140, 3.388131789017200124E-17, 5.966229648649113315 ) ) ;
#3514 = DIRECTION ( 'NONE',  ( 0.8674086845749569008, 0.000000000000000000, -0.4975963966147091133 ) ) ;
#3515 = ORIENTED_EDGE ( 'NONE', *, *, #6968, .F. ) ;
#3516 = DIRECTION ( 'NONE',  ( 0.000000000000000000, -1.000000000000000000, -0.000000000000000000 ) ) ;
#3517 = EDGE_CURVE ( 'NONE', #2944, #4764, #7312, .T. ) ;
#3518 = CARTESIAN_POINT ( 'NONE',  ( -14.17547640869855563, 0.02000000000000000042, -6.576310221846689785 ) ) ;
#3519 = SURFACE_STYLE_FILL_AREA ( #6392 ) ;
#3520 = CARTESIAN_POINT ( 'NONE',  ( 14.66501157078073803, 0.000000000000000000, -5.556593568937011618 ) ) ;
#3521 = CARTESIAN_POINT ( 'NONE',  ( 14.41088559597720753, 0.02000000000000000042, -6.714856523472812810 ) ) ;
#3522 = VERTEX_POINT ( 'NONE', #7274 ) ;
#3523 = SURFACE_STYLE_USAGE ( .BOTH. , #4051 ) ;
#3524 = FILL_AREA_STYLE_COLOUR ( '', #7385 ) ;
#3525 = ADVANCED_FACE ( 'NONE', ( #411 ), #4353, .T. ) ;
#3526 = CARTESIAN_POINT ( 'NONE',  ( 14.15880809672986906, 1.355252715606880080E-17, 5.930685174950558469 ) ) ;
#3527 = EDGE_CURVE ( 'NONE', #1323, #6572, #4, .T. ) ;
#3528 = CARTESIAN_POINT ( 'NONE',  ( 12.91488296744631192, 0.000000000000000000, 6.167712637996543457 ) ) ;
#3529 = CYLINDRICAL_SURFACE ( 'NONE', #2136, 0.2500000000000002220 ) ;
#3530 =( GEOMETRIC_REPRESENTATION_CONTEXT ( 3 ) GLOBAL_UNCERTAINTY_ASSIGNED_CONTEXT ( ( #6885 ) ) GLOBAL_UNIT_ASSIGNED_CONTEXT ( ( #1621, #5171, #5847 ) ) REPRESENTATION_CONTEXT ( 'NONE', 'WORKASPACE' ) );
#3531 = CARTESIAN_POINT ( 'NONE',  ( 13.24937629946999706, 1.355252715606880080E-17, -5.629641170194343402 ) ) ;
#3532 = EDGE_CURVE ( 'NONE', #4904, #7330, #5946, .T. ) ;
#3533 = CARTESIAN_POINT ( 'NONE',  ( 14.29791250031709815, 1.355252715606880080E-17, -5.994217405668261556 ) ) ;
#3534 = EDGE_LOOP ( 'NONE', ( #6463, #1415, #412, #503 ) ) ;
#3535 = CARTESIAN_POINT ( 'NONE',  ( -14.02389400091310634, 0.02000000000000000042, -6.000591174404708461 ) ) ;
#3536 = CARTESIAN_POINT ( 'NONE',  ( -14.31312070209260590, 0.02000000000000000042, -5.734213565625140063 ) ) ;
#3537 = EDGE_CURVE ( 'NONE', #6406, #5146, #7411, .T. ) ;
#3538 = CARTESIAN_POINT ( 'NONE',  ( -14.01533662107370404, 0.02000000000000000042, -5.985261744803919370 ) ) ;
#3539 = ORIENTED_EDGE ( 'NONE', *, *, #6575, .T. ) ;
#3540 = DIRECTION ( 'NONE',  ( 0.000000000000000000, -1.000000000000000000, -0.000000000000000000 ) ) ;
#3541 = ORIENTED_EDGE ( 'NONE', *, *, #5693, .T. ) ;
#3542 = ORIENTED_EDGE ( 'NONE', *, *, #2271, .T. ) ;
#3543 = CARTESIAN_POINT ( 'NONE',  ( -14.06092601166955802, 0.000000000000000000, 6.978629557162696173 ) ) ;
#3544 = EDGE_CURVE ( 'NONE', #1173, #7475, #1233, .T. ) ;
#3545 = AXIS2_PLACEMENT_3D ( 'NONE', #6768, #7458, #1557 ) ;
#3546 = CARTESIAN_POINT ( 'NONE',  ( 14.11799391435234874, 0.000000000000000000, 6.794354877316672869 ) ) ;
#3547 = CARTESIAN_POINT ( 'NONE',  ( -13.72776602267490453, 0.02000000000000000042, -6.649758738103208167 ) ) ;
#3548 = CARTESIAN_POINT ( 'NONE',  ( 13.88450952887732903, 0.02000000000000000042, -5.573166729281921583 ) ) ;
#3549 = CARTESIAN_POINT ( 'NONE',  ( 14.22665301009143590, 0.02000000000000000042, -5.753059357876932012 ) ) ;
#3550 = ORIENTED_EDGE ( 'NONE', *, *, #4525, .T. ) ;
#3551 = AXIS2_PLACEMENT_3D ( 'NONE', #5830, #4853, #645 ) ;
#3552 = ORIENTED_EDGE ( 'NONE', *, *, #3084, .F. ) ;
#3553 = PRESENTATION_LAYER_ASSIGNMENT (  '', '', ( #6808 ) ) ;
#3554 = CARTESIAN_POINT ( 'NONE',  ( -3.840000000000004743, 0.02000000000000000042, -7.360000000000121112 ) ) ;
#3555 = EDGE_CURVE ( 'NONE', #4509, #6901, #2841, .T. ) ;
#3556 = CARTESIAN_POINT ( 'NONE',  ( 13.88450952887732903, 0.000000000000000000, -6.313643025446691759 ) ) ;
#3557 = SURFACE_SIDE_STYLE ('',( #3519 ) ) ;
#3558 = CARTESIAN_POINT ( 'NONE',  ( -13.96847388521205247, 0.02000000000000000042, -5.796869690324738755 ) ) ;
#3559 = CARTESIAN_POINT ( 'NONE',  ( 14.26999621881904368, 0.000000000000000000, 5.675636776733977484 ) ) ;
#3560 = EDGE_LOOP ( 'NONE', ( #6123, #2351, #511, #4444, #2651, #5121, #5414, #4315, #1815, #7288, #5332, #2555, #4072 ) ) ;
#3561 = CARTESIAN_POINT ( 'NONE',  ( 8.859999999999956799, 0.02000000000000000042, 7.609999999999958575 ) ) ;
#3562 = UNCERTAINTY_MEASURE_WITH_UNIT (LENGTH_MEASURE( 1.000000000000000082E-05 ), #4831, 'distance_accuracy_value', 'NONE');
#3563 = EDGE_CURVE ( 'NONE', #500, #4296, #4998, .T. ) ;
#3564 = CARTESIAN_POINT ( 'NONE',  ( 14.36794548912679659, 0.000000000000000000, -5.706690115456901857 ) ) ;
#3565 = CYLINDRICAL_SURFACE ( 'NONE', #5008, 0.2999999999999999334 ) ;
#3566 = CARTESIAN_POINT ( 'NONE',  ( 14.15880809672986906, 1.355252715606880080E-17, 5.930685174950558469 ) ) ;
#3567 = CARTESIAN_POINT ( 'NONE',  ( 14.40253128214963851, 0.02000000000000000042, 6.269139992494237923 ) ) ;
#3568 = LINE ( 'NONE', #3006, #3355 ) ;
#3569 = EDGE_CURVE ( 'NONE', #4002, #5774, #3035, .T. ) ;
#3570 = CARTESIAN_POINT ( 'NONE',  ( 14.44486996921823696, 0.02000000000000000042, -6.235155039662332754 ) ) ;
#3571 = EDGE_LOOP ( 'NONE', ( #6249, #1513, #1948, #1134 ) ) ;
#3572 = CARTESIAN_POINT ( 'NONE',  ( -11.46000000000005592, 1.000000000000000000, 7.609999999999820908 ) ) ;
#3573 = EDGE_CURVE ( 'NONE', #5055, #3231, #1310, .T. ) ;
#3574 = EDGE_CURVE ( 'NONE', #2475, #90, #5140, .T. ) ;
#3575 = CARTESIAN_POINT ( 'NONE',  ( 13.08766801404211577, 0.02000000000000000042, 6.259282034851992194 ) ) ;
#3576 =( LENGTH_UNIT ( ) NAMED_UNIT ( * ) SI_UNIT ( .MILLI., .METRE. ) );
#3577 = PRESENTATION_STYLE_ASSIGNMENT (( #4068 ) ) ;
#3578 = CARTESIAN_POINT ( 'NONE',  ( 14.31795174937210824, 0.000000000000000000, -6.491232380535731927 ) ) ;
#3579 = EDGE_LOOP ( 'NONE', ( #5575, #123, #3435, #202 ) ) ;
#3580 = MECHANICAL_DESIGN_GEOMETRIC_PRESENTATION_REPRESENTATION (  '', ( #5266 ), #7321 ) ;
#3581 = CARTESIAN_POINT ( 'NONE',  ( -8.920000000000005258, 0.000000000000000000, -7.360000000000159304 ) ) ;
#3582 = ORIENTED_EDGE ( 'NONE', *, *, #3736, .T. ) ;
#3583 = ORIENTED_EDGE ( 'NONE', *, *, #501, .T. ) ;
#3584 = CARTESIAN_POINT ( 'NONE',  ( 14.05717621245918103, 0.02000000000000000042, 6.365087324772478183 ) ) ;
#3585 = VECTOR ( 'NONE', #662, 1000.000000000000000 ) ;
#3586 = CARTESIAN_POINT ( 'NONE',  ( 14.53155915649915286, 0.000000000000000000, -5.889635906193612769 ) ) ;
#3587 = CARTESIAN_POINT ( 'NONE',  ( -13.85755576975670600, 0.000000000000000000, -5.467735359676828999 ) ) ;
#3588 = CARTESIAN_POINT ( 'NONE',  ( 14.37668904395337677, 3.388131789017200124E-17, 5.795777942856428666 ) ) ;
#3589 = PLANE ( 'NONE',  #943 ) ;
#3590 = ORIENTED_EDGE ( 'NONE', *, *, #1168, .F. ) ;
#3591 = ORIENTED_EDGE ( 'NONE', *, *, #6569, .T. ) ;
#3592 = DIRECTION ( 'NONE',  ( 1.174997428309413820E-16, 0.000000000000000000, 1.000000000000000000 ) ) ;
#3593 = LINE ( 'NONE', #3556, #6618 ) ;
#3594 = AXIS2_PLACEMENT_3D ( 'NONE', #2646, #6730, #2604 ) ;
#3595 = CARTESIAN_POINT ( 'NONE',  ( 14.28726859537235683, 1.355252715606880080E-17, -5.993437059537591871 ) ) ;
#3596 = CARTESIAN_POINT ( 'NONE',  ( -13.96952148434860241, 1.355252715606880080E-17, -5.766981805946079120 ) ) ;
#3597 = DIRECTION ( 'NONE',  ( 0.000000000000000000, 0.000000000000000000, -1.000000000000000000 ) ) ;
#3598 = ORIENTED_EDGE ( 'NONE', *, *, #5305, .T. ) ;
#3599 = CARTESIAN_POINT ( 'NONE',  ( 14.20745863101018536, 2.710505431213759852E-17, -5.178237126875272267 ) ) ;
#3600 = DIRECTION ( 'NONE',  ( 0.000000000000000000, 0.000000000000000000, -1.000000000000000000 ) ) ;
#3601 = VECTOR ( 'NONE', #3106, 1000.000000000000000 ) ;
#3602 = VECTOR ( 'NONE', #4101, 1000.000000000000000 ) ;
#3603 = CARTESIAN_POINT ( 'NONE',  ( -14.50202493184090358, 9.905235721931189730, 9.889248884417133567 ) ) ;
#3604 = PRESENTATION_LAYER_ASSIGNMENT (  '', '', ( #4334 ) ) ;
#3605 = CARTESIAN_POINT ( 'NONE',  ( 14.42364812658075657, 0.02000000000000000042, -5.536149094440222740 ) ) ;
#3606 = CARTESIAN_POINT ( 'NONE',  ( 14.07064822765927126, 0.02000000000000000042, 6.442845878656438430 ) ) ;
#3607 = CARTESIAN_POINT ( 'NONE',  ( 14.41390122075054236, 1.355252715606880080E-17, 6.316644389629077594 ) ) ;
#3608 = LINE ( 'NONE', #77, #3312 ) ;
#3609 = VERTEX_POINT ( 'NONE', #3450 ) ;
#3610 = CARTESIAN_POINT ( 'NONE',  ( -8.920000000000054996, 0.000000000000000000, 7.609999999999836007 ) ) ;
#3611 = CARTESIAN_POINT ( 'NONE',  ( -14.22093446978820452, 0.02000000000000000042, 6.732878274556191478 ) ) ;
#3612 = CARTESIAN_POINT ( 'NONE',  ( 14.30397122108142227, 0.02000000000000000042, -6.733497400347721040 ) ) ;
#3613 = MECHANICAL_DESIGN_GEOMETRIC_PRESENTATION_REPRESENTATION (  '', ( #3990 ), #2638 ) ;
#3614 = PRESENTATION_STYLE_ASSIGNMENT (( #1211 ) ) ;
#3615 = ORIENTED_EDGE ( 'NONE', *, *, #7440, .T. ) ;
#3616 = VECTOR ( 'NONE', #4789, 1000.000000000000000 ) ;
#3617 = DIRECTION ( 'NONE',  ( 0.000000000000000000, -1.000000000000000000, -0.000000000000000000 ) ) ;
#3618 = ORIENTED_EDGE ( 'NONE', *, *, #5982, .T. ) ;
#3619 = ORIENTED_EDGE ( 'NONE', *, *, #97, .F. ) ;
#3620 = CARTESIAN_POINT ( 'NONE',  ( 14.41581754757175382, 0.02000000000000000042, -5.504716682281962647 ) ) ;
#3621 = EDGE_CURVE ( 'NONE', #1018, #5049, #4014, .T. ) ;
#3622 = VECTOR ( 'NONE', #7024, 1000.000000000000000 ) ;
#3623 = CARTESIAN_POINT ( 'NONE',  ( 13.94000000000000661, 0.000000000000000000, -7.360000000000001208 ) ) ;
#3624 = CARTESIAN_POINT ( 'NONE',  ( 14.35987492883880101, 0.02000000000000000042, 6.176468269876868256 ) ) ;
#3625 = DIRECTION ( 'NONE',  ( -1.174997428309413820E-16, 0.000000000000000000, -1.000000000000000000 ) ) ;
#3626 = CARTESIAN_POINT ( 'NONE',  ( -14.29343835224410242, 0.000000000000000000, 6.401691734243430965 ) ) ;
#3627 = ORIENTED_EDGE ( 'NONE', *, *, #4865, .F. ) ;
#3628 = ORIENTED_EDGE ( 'NONE', *, *, #590, .T. ) ;
#3629 = CARTESIAN_POINT ( 'NONE',  ( 14.27682768971582306, 0.02000000000000000042, -6.733536561800843145 ) ) ;
#3630 = PRESENTATION_STYLE_ASSIGNMENT (( #552 ) ) ;
#3631 = CIRCLE ( 'NONE', #7237, 0.2500000000000002220 ) ;
#3632 = ADVANCED_FACE ( 'NONE', ( #5637 ), #7432, .T. ) ;
#3633 = CARTESIAN_POINT ( 'NONE',  ( 14.23934310160619177, 1.355252715606880080E-17, -5.999115598631101776 ) ) ;
#3634 = LINE ( 'NONE', #6953, #325 ) ;
#3635 = CARTESIAN_POINT ( 'NONE',  ( -13.76754260509890671, 0.02000000000000000042, -5.601545447851829174 ) ) ;
#3636 = ORIENTED_EDGE ( 'NONE', *, *, #551, .T. ) ;
#3637 = FACE_OUTER_BOUND ( 'NONE', #130, .T. ) ;
#3638 = UNCERTAINTY_MEASURE_WITH_UNIT (LENGTH_MEASURE( 1.000000000000000082E-05 ), #6292, 'distance_accuracy_value', 'NONE');
#3639 = CARTESIAN_POINT ( 'NONE',  ( -13.72776602267490453, 0.02000000000000000042, -5.797335434325698422 ) ) ;
#3640 = CARTESIAN_POINT ( 'NONE',  ( 14.11027891732911321, 0.02000000000000000042, 5.876380694790782400 ) ) ;
#3641 =( LENGTH_UNIT ( ) NAMED_UNIT ( * ) SI_UNIT ( .MILLI., .METRE. ) );
#3642 = CARTESIAN_POINT ( 'NONE',  ( 14.10728746165082015, 1.355252715606880080E-17, 6.513098200657858605 ) ) ;
#3643 = CARTESIAN_POINT ( 'NONE',  ( 14.25253332950675933, 0.02000000000000000042, 5.655269395486352657 ) ) ;
#3644 = EDGE_CURVE ( 'NONE', #6347, #1305, #2885, .T. ) ;
#3645 =( NAMED_UNIT ( * ) SI_UNIT ( $, .STERADIAN. ) SOLID_ANGLE_UNIT ( ) );
#3646 = CARTESIAN_POINT ( 'NONE',  ( 14.40059281002435299, 0.02000000000000000042, -6.058136302922202177 ) ) ;
#3647 = ORIENTED_EDGE ( 'NONE', *, *, #5846, .F. ) ;
#3648 = FACE_OUTER_BOUND ( 'NONE', #4332, .T. ) ;
#3649 = ADVANCED_FACE ( 'NONE', ( #5904 ), #7000, .T. ) ;
#3650 = CARTESIAN_POINT ( 'NONE',  ( 3.779999999999946514, 0.02000000000000000042, 7.859999999999929265 ) ) ;
#3651 = CARTESIAN_POINT ( 'NONE',  ( -14.32659271729270500, 0.02000000000000000042, -5.811972119509098533 ) ) ;
#3652 = STYLED_ITEM ( 'NONE', ( #4827 ), #2347 ) ;
#3653 = CARTESIAN_POINT ( 'NONE',  ( 14.68870544269261735, 1.355252715606880080E-17, -6.390685487485401772 ) ) ;
#3654 = CARTESIAN_POINT ( 'NONE',  ( -14.21901951138890396, 1.016439536705160099E-17, -6.649758738103208167 ) ) ;
#3655 = ORIENTED_EDGE ( 'NONE', *, *, #2616, .T. ) ;
#3656 =( NAMED_UNIT ( * ) SI_UNIT ( $, .STERADIAN. ) SOLID_ANGLE_UNIT ( ) );
#3657 = CARTESIAN_POINT ( 'NONE',  ( 14.56363570735144641, 0.02000000000000000042, -5.808214850080160474 ) ) ;
#3658 = ORIENTED_EDGE ( 'NONE', *, *, #874, .T. ) ;
#3659 = ORIENTED_EDGE ( 'NONE', *, *, #4609, .T. ) ;
#3660 = COLOUR_RGB ( '',0.2509803921568627416, 0.2509803921568627416, 0.2509803921568627416 ) ;
#3661 = CARTESIAN_POINT ( 'NONE',  ( 14.41584843264517346, 0.000000000000000000, 6.364401654165313005 ) ) ;
#3662 = CARTESIAN_POINT ( 'NONE',  ( 13.87741996827627489, 0.02000000000000000042, 6.613786331225022685 ) ) ;
#3663 = ADVANCED_FACE ( 'NONE', ( #1794 ), #1869, .F. ) ;
#3664 = CARTESIAN_POINT ( 'NONE',  ( 14.64411485678757785, 0.000000000000000000, -5.997468028966112641 ) ) ;
#3665 = LINE ( 'NONE', #279, #6599 ) ;
#3666 = DIRECTION ( 'NONE',  ( 1.000000000000000000, 0.000000000000000000, 1.144732343034777897E-14 ) ) ;
#3667 = DIRECTION ( 'NONE',  ( 0.000000000000000000, 0.01745240643728082283, 0.9998476951563913806 ) ) ;
#3668 = VERTEX_POINT ( 'NONE', #1232 ) ;
#3669 = EDGE_LOOP ( 'NONE', ( #384, #5169, #2085, #4480 ) ) ;
#3670 = FILL_AREA_STYLE ('',( #4871 ) ) ;
#3671 = VECTOR ( 'NONE', #5358, 1000.000000000000000 ) ;
#3672 = CARTESIAN_POINT ( 'NONE',  ( -13.37910425315475571, 0.02000000000000000042, -6.329552772194127819 ) ) ;
#3673 = CARTESIAN_POINT ( 'NONE',  ( 13.28412334279778406, 0.02000000000000000042, -6.713900482833050631 ) ) ;
#3674 = CARTESIAN_POINT ( 'NONE',  ( -15.42714915879745341, 10.20000000000000107, 8.539925206221301579 ) ) ;
#3675 = CARTESIAN_POINT ( 'NONE',  ( -13.86361159322360592, 0.02000000000000000042, 6.978629557162696173 ) ) ;
#3676 = CIRCLE ( 'NONE', #6567, 0.2500000000000002220 ) ;
#3677 = VECTOR ( 'NONE', #7152, 1000.000000000000000 ) ;
#3678 = VERTEX_POINT ( 'NONE', #5342 ) ;
#3679 = CARTESIAN_POINT ( 'NONE',  ( 14.12977314443986820, 0.000000000000000000, -6.322418359606251315 ) ) ;
#3680 = CARTESIAN_POINT ( 'NONE',  ( -13.78721934255205461, 0.02000000000000000042, -6.072207755093288917 ) ) ;
#3681 = COLOUR_RGB ( '',0.2509803921568627416, 0.2509803921568627416, 0.2509803921568627416 ) ;
#3682 = DIRECTION ( 'NONE',  ( 0.000000000000000000, -1.000000000000000000, -0.000000000000000000 ) ) ;
#3683 = CARTESIAN_POINT ( 'NONE',  ( 14.28586104859958716, 0.02000000000000000042, -5.413487218564932313 ) ) ;
#3684 = PLANE ( 'NONE',  #681 ) ;
#3685 = CARTESIAN_POINT ( 'NONE',  ( -12.84719961642490560, 0.02000000000000000042, -6.329552772194127819 ) ) ;
#3686 = CARTESIAN_POINT ( 'NONE',  ( -3.840000000000053593, 0.02000000000000000042, 7.609999999999875087 ) ) ;
#3687 = DIRECTION ( 'NONE',  ( -1.174997428309413820E-16, 0.000000000000000000, -1.000000000000000000 ) ) ;
#3688 = VERTEX_POINT ( 'NONE', #114 ) ;
#3689 = LINE ( 'NONE', #4817, #422 ) ;
#3690 = CARTESIAN_POINT ( 'NONE',  ( -14.07194581090585395, 1.355252715606880080E-17, 6.945409281000851642 ) ) ;
#3691 = DIRECTION ( 'NONE',  ( 0.000000000000000000, -1.000000000000000000, 0.000000000000000000 ) ) ;
#3692 = CARTESIAN_POINT ( 'NONE',  ( 14.01463112347034645, 0.02000000000000000042, -6.621606337417041743 ) ) ;
#3693 = CARTESIAN_POINT ( 'NONE',  ( 14.44356033031949771, 0.000000000000000000, -6.290635902144102509 ) ) ;
#3694 = DIRECTION ( 'NONE',  ( 0.000000000000000000, 0.000000000000000000, -1.000000000000000000 ) ) ;
#3695 = EDGE_LOOP ( 'NONE', ( #6073, #6501, #6489, #1104 ) ) ;
#3696 = ORIENTED_EDGE ( 'NONE', *, *, #3183, .T. ) ;
#3697 = CARTESIAN_POINT ( 'NONE',  ( -13.86361159322360592, 0.000000000000000000, 5.437638346225195818 ) ) ;
#3698 = AXIS2_PLACEMENT_3D ( 'NONE', #3723, #2029, #4429 ) ;
#3699 = CARTESIAN_POINT ( 'NONE',  ( 13.07383877794733174, 0.000000000000000000, 6.523802969735803536 ) ) ;
#3700 =( NAMED_UNIT ( * ) SI_UNIT ( $, .STERADIAN. ) SOLID_ANGLE_UNIT ( ) );
#3701 = B_SPLINE_CURVE_WITH_KNOTS ( 'NONE', 3,
 ( #1462, #5010, #4470, #3795, #6780, #6096, #7315, #2110, #6741, #3871, #1536 ),
 .UNSPECIFIED., .F., .F.,
 ( 4, 1, 1, 1, 1, 1, 1, 1, 4 ),
 ( 0.000000000000000000, 0.1694130195362760216, 0.3212542881746919821, 0.4568984035673729904, 0.5822213420228359304, 0.6966028020772530027, 0.8008034728957540427, 0.9002131751567279405, 1.000000000000000000 ),
 .UNSPECIFIED. ) ;
#3702 = LINE ( 'NONE', #1935, #1424 ) ;
#3703 = CARTESIAN_POINT ( 'NONE',  ( 14.17531980631084032, 0.000000000000000000, -6.718618150315252890 ) ) ;
#3704 = VERTEX_POINT ( 'NONE', #7041 ) ;
#3705 = ORIENTED_EDGE ( 'NONE', *, *, #4433, .F. ) ;
#3706 =( NAMED_UNIT ( * ) SI_UNIT ( $, .STERADIAN. ) SOLID_ANGLE_UNIT ( ) );
#3707 = EDGE_CURVE ( 'NONE', #857, #3040, #2520, .T. ) ;
#3708 = DIRECTION ( 'NONE',  ( 0.000000000000000000, -1.000000000000000000, 0.000000000000000000 ) ) ;
#3709 = CARTESIAN_POINT ( 'NONE',  ( 6.319999999999954099, 0.000000000000000000, 7.609999999999944365 ) ) ;
#3710 = PRESENTATION_LAYER_ASSIGNMENT (  '', '', ( #5632 ) ) ;
#3711 = DIRECTION ( 'NONE',  ( 0.000000000000000000, -1.000000000000000000, -0.000000000000000000 ) ) ;
#3712 = VERTEX_POINT ( 'NONE', #150 ) ;
#3713 = CARTESIAN_POINT ( 'NONE',  ( 14.14104925511513500, 0.02000000000000000042, -6.366818266689962869 ) ) ;
#3714 = AXIS2_PLACEMENT_3D ( 'NONE', #2385, #188, #643 ) ;
#3715 = PLANE ( 'NONE',  #1958 ) ;
#3716 = PRESENTATION_STYLE_ASSIGNMENT (( #791 ) ) ;
#3717 = CARTESIAN_POINT ( 'NONE',  ( -1.300000000000006040, 0.02000000000000000042, -7.610000000000099796 ) ) ;
#3718 = FACE_OUTER_BOUND ( 'NONE', #347, .T. ) ;
#3719 = CARTESIAN_POINT ( 'NONE',  ( 14.24605171439455376, 0.02000000000000000042, 6.808124569814728133 ) ) ;
#3720 = CARTESIAN_POINT ( 'NONE',  ( -15.90000000000000391, 0.000000000000000000, 8.611541294934541568 ) ) ;
#3721 = ORIENTED_EDGE ( 'NONE', *, *, #5646, .T. ) ;
#3722 = EDGE_CURVE ( 'NONE', #6862, #683, #4772, .T. ) ;
#3723 = CARTESIAN_POINT ( 'NONE',  ( 1.239999999999946034, 0.02000000000000000042, 7.609999999999910614 ) ) ;
#3724 = CARTESIAN_POINT ( 'NONE',  ( -13.99863242632505411, 0.000000000000000000, -5.955338359113000024 ) ) ;
#3725 = FACE_OUTER_BOUND ( 'NONE', #6305, .T. ) ;
#3726 = CARTESIAN_POINT ( 'NONE',  ( 14.55194448733590029, 0.02000000000000000042, -6.627389630529432196 ) ) ;
#3727 = CARTESIAN_POINT ( 'NONE',  ( -14.25282628572220389, 0.02000000000000000042, 6.428162494386631565 ) ) ;
#3728 = CARTESIAN_POINT ( 'NONE',  ( 14.64069851282362222, 1.355252715606880080E-17, -5.693258046181741250 ) ) ;
#3729 = ORIENTED_EDGE ( 'NONE', *, *, #2391, .F. ) ;
#3730 = ORIENTED_EDGE ( 'NONE', *, *, #7036, .F. ) ;
#3731 = CARTESIAN_POINT ( 'NONE',  ( -14.13123560024510361, 0.02000000000000000042, -6.521790048795217842 ) ) ;
#3732 = EDGE_CURVE ( 'NONE', #6354, #168, #351, .T. ) ;
#3733 = CARTESIAN_POINT ( 'NONE',  ( 15.90000000000000213, 0.000000000000000000, -10.02576593954804274 ) ) ;
#3734 = VECTOR ( 'NONE', #7468, 1000.000000000000000 ) ;
#3735 = CARTESIAN_POINT ( 'NONE',  ( -14.07194581090585395, 0.000000000000000000, 6.945409281000851642 ) ) ;
#3736 = EDGE_CURVE ( 'NONE', #5094, #3901, #1870, .T. ) ;
#3737 = ORIENTED_EDGE ( 'NONE', *, *, #297, .T. ) ;
#3738 = ORIENTED_EDGE ( 'NONE', *, *, #7062, .T. ) ;
#3739 = DIRECTION ( 'NONE',  ( 0.000000000000000000, 0.000000000000000000, -1.000000000000000000 ) ) ;
#3740 = ADVANCED_FACE ( 'NONE', ( #6653 ), #860, .T. ) ;
#3741 = EDGE_CURVE ( 'NONE', #5774, #4002, #5800, .T. ) ;
#3742 = AXIS2_PLACEMENT_3D ( 'NONE', #2447, #3666, #739 ) ;
#3743 = PLANE ( 'NONE',  #2982 ) ;
#3744 = CARTESIAN_POINT ( 'NONE',  ( 1.240000000000003322, 0.02000000000000000042, -7.610000000000079368 ) ) ;
#3745 = EDGE_LOOP ( 'NONE', ( #3394, #268, #402, #1362 ) ) ;
#3746 = VECTOR ( 'NONE', #7407, 1000.000000000000000 ) ;
#3747 = DIRECTION ( 'NONE',  ( -0.01744974916068271070, -0.9996954598818874604, -0.01744974916068275234 ) ) ;
#3748 = DIRECTION ( 'NONE',  ( 0.000000000000000000, 0.000000000000000000, -1.000000000000000000 ) ) ;
#3749 = CARTESIAN_POINT ( 'NONE',  ( 13.94000000000000661, 0.02000000000000000042, -7.610000000000001208 ) ) ;
#3750 = CARTESIAN_POINT ( 'NONE',  ( -15.81214541707270271, 0.000000000000000000, 8.823641020554189751 ) ) ;
#3751 = FACE_OUTER_BOUND ( 'NONE', #771, .T. ) ;
#3752 = EDGE_CURVE ( 'NONE', #741, #4687, #4920, .T. ) ;
#3753 = CARTESIAN_POINT ( 'NONE',  ( 12.97890077921887197, 1.355252715606880080E-17, -5.807245175600122877 ) ) ;
#3754 = CARTESIAN_POINT ( 'NONE',  ( 13.47524340778721985, 0.02000000000000000042, 5.267133358877227778 ) ) ;
#3755 = VERTEX_POINT ( 'NONE', #3147 ) ;
#3756 = CARTESIAN_POINT ( 'NONE',  ( 14.15880809672986906, 0.02000000000000000042, 5.930685174950558469 ) ) ;
#3757 = EDGE_CURVE ( 'NONE', #5522, #4822, #2639, .T. ) ;
#3758 = EDGE_CURVE ( 'NONE', #1938, #4289, #2677, .T. ) ;
#3759 = LINE ( 'NONE', #2067, #5576 ) ;
#3760 = ADVANCED_FACE ( 'NONE', ( #365 ), #4651, .T. ) ;
#3761 = CARTESIAN_POINT ( 'NONE',  ( 14.65600290707699216, 0.02000000000000000042, 5.267133358877227778 ) ) ;
#3762 = DIRECTION ( 'NONE',  ( 0.000000000000000000, 0.000000000000000000, -1.000000000000000000 ) ) ;
#3763 = CYLINDRICAL_SURFACE ( 'NONE', #3182, 0.2500000000000002220 ) ;
#3764 = ORIENTED_EDGE ( 'NONE', *, *, #4846, .T. ) ;
#3765 = ORIENTED_EDGE ( 'NONE', *, *, #1258, .F. ) ;
#3766 = VECTOR ( 'NONE', #7413, 1000.000000000000000 ) ;
#3767 = CARTESIAN_POINT ( 'NONE',  ( -14.02389400091310634, 0.000000000000000000, -6.000591174404708461 ) ) ;
#3768 = CARTESIAN_POINT ( 'NONE',  ( -14.01732727700285253, 0.02000000000000000042, -6.392718402187909099 ) ) ;
#3769 = CARTESIAN_POINT ( 'NONE',  ( 13.17680118084451202, 0.000000000000000000, 6.623717509147797777 ) ) ;
#3770 = FACE_BOUND ( 'NONE', #4361, .T. ) ;
#3771 = PRESENTATION_STYLE_ASSIGNMENT (( #3880 ) ) ;
#3772 = ORIENTED_EDGE ( 'NONE', *, *, #6438, .T. ) ;
#3773 = EDGE_LOOP ( 'NONE', ( #2166, #2789, #3846, #2103 ) ) ;
#3774 = CARTESIAN_POINT ( 'NONE',  ( -14.00000000000005507, 0.02000000000000000042, 7.859999999999801368 ) ) ;
#3775 = EDGE_CURVE ( 'NONE', #4475, #6396, #5331, .T. ) ;
#3776 = PLANE ( 'NONE',  #2243 ) ;
#3777 = CARTESIAN_POINT ( 'NONE',  ( 13.22344149228156951, 0.02000000000000000042, 6.375632078345628173 ) ) ;
#3778 =( LENGTH_UNIT ( ) NAMED_UNIT ( * ) SI_UNIT ( .MILLI., .METRE. ) );
#3779 = DIRECTION ( 'NONE',  ( 0.000000000000000000, -1.000000000000000000, -0.000000000000000000 ) ) ;
#3780 = EDGE_LOOP ( 'NONE', ( #1215, #2002, #2184, #5546 ) ) ;
#3781 = CARTESIAN_POINT ( 'NONE',  ( 14.43479870733505166, 0.02000000000000000042, -6.341871534461972715 ) ) ;
#3782 = CARTESIAN_POINT ( 'NONE',  ( 14.20077547890414671, 1.355252715606880080E-17, -6.461972702760921727 ) ) ;
#3783 = CARTESIAN_POINT ( 'NONE',  ( 14.31305909728875569, 0.02000000000000000042, 5.725019839120597531 ) ) ;
#3784 = CARTESIAN_POINT ( 'NONE',  ( 1.240000000000003322, 0.02000000000000000042, -7.860000000000078479 ) ) ;
#3785 = AXIS2_PLACEMENT_3D ( 'NONE', #1850, #2399, #6562 ) ;
#3786 = CARTESIAN_POINT ( 'NONE',  ( -14.22515175055795567, 0.02000000000000000042, -5.374460565707169124 ) ) ;
#3787 = AXIS2_PLACEMENT_3D ( 'NONE', #477, #6805, #5032 ) ;
#3788 = VERTEX_POINT ( 'NONE', #7305 ) ;
#3789 = CARTESIAN_POINT ( 'NONE',  ( 13.00883515088440312, 0.02000000000000000042, -5.795106271511771823 ) ) ;
#3790 = CARTESIAN_POINT ( 'NONE',  ( -14.22496083302200631, 0.02000000000000000042, -6.246374269331019136 ) ) ;
#3791 = ORIENTED_EDGE ( 'NONE', *, *, #4339, .F. ) ;
#3792 = CARTESIAN_POINT ( 'NONE',  ( -14.58529173711985294, 0.02000000000000000042, -6.884302295697417584 ) ) ;
#3793 = DIRECTION ( 'NONE',  ( 0.000000000000000000, 0.000000000000000000, -1.000000000000000000 ) ) ;
#3794 = STYLED_ITEM ( 'NONE', ( #2578 ), #868 ) ;
#3795 = CARTESIAN_POINT ( 'NONE',  ( 14.14104925511513500, 0.02000000000000000042, -6.366818266689962869 ) ) ;
#3796 = DIRECTION ( 'NONE',  ( 1.000000000000000000, 0.000000000000000000, -1.174997428309413820E-16 ) ) ;
#3797 = EDGE_CURVE ( 'NONE', #6776, #2944, #3215, .T. ) ;
#3798 = ADVANCED_FACE ( 'NONE', ( #2532 ), #5416, .T. ) ;
#3799 = DIRECTION ( 'NONE',  ( 0.000000000000000000, -0.01745240643728362268, -0.9998476951563913806 ) ) ;
#3800 = VERTEX_POINT ( 'NONE', #2214 ) ;
#3801 = ADVANCED_FACE ( 'NONE', ( #3369 ), #2289, .F. ) ;
#3802 = VERTEX_POINT ( 'NONE', #550 ) ;
#3803 = DIRECTION ( 'NONE',  ( -0.000000000000000000, 1.000000000000000000, 0.000000000000000000 ) ) ;
#3804 = CARTESIAN_POINT ( 'NONE',  ( 13.27792898934128552, 0.000000000000000000, 6.808124569814728133 ) ) ;
#3805 = FACE_BOUND ( 'NONE', #4385, .T. ) ;
#3806 = CARTESIAN_POINT ( 'NONE',  ( -14.26501622306350470, 0.000000000000000000, 6.694307957083776905 ) ) ;
#3807 = ORIENTED_EDGE ( 'NONE', *, *, #2390, .F. ) ;
#3808 = CARTESIAN_POINT ( 'NONE',  ( 14.10620832200879704, 0.000000000000000000, -6.690421299135781652 ) ) ;
#3809 = VERTEX_POINT ( 'NONE', #4456 ) ;
#3810 = ORIENTED_EDGE ( 'NONE', *, *, #1378, .T. ) ;
#3811 = SURFACE_STYLE_USAGE ( .BOTH. , #285 ) ;
#3812 = CARTESIAN_POINT ( 'NONE',  ( 14.20129866489252990, 0.000000000000000000, 6.566246765055358203 ) ) ;
#3813 = CARTESIAN_POINT ( 'NONE',  ( 14.70175439026110986, 1.355252715606880080E-17, -6.171635551478511061 ) ) ;
#3814 = DIRECTION ( 'NONE',  ( 0.000000000000000000, -1.000000000000000000, 0.000000000000000000 ) ) ;
#3815 = ORIENTED_EDGE ( 'NONE', *, *, #4092, .F. ) ;
#3816 = CARTESIAN_POINT ( 'NONE',  ( 14.22679218829629910, 0.000000000000000000, -6.480522831572431919 ) ) ;
#3817 = PRESENTATION_LAYER_ASSIGNMENT (  '', '', ( #5266 ) ) ;
#3818 = CARTESIAN_POINT ( 'NONE',  ( -14.10376606765545660, 0.000000000000000000, 5.437638346225195818 ) ) ;
#3819 = FACE_OUTER_BOUND ( 'NONE', #4258, .T. ) ;
#3820 = CARTESIAN_POINT ( 'NONE',  ( 0.01424624670637184530, 0.000000000000000000, 0.003136679103919438015 ) ) ;
#3821 = VECTOR ( 'NONE', #4604, 1000.000000000000000 ) ;
#3822 = CARTESIAN_POINT ( 'NONE',  ( -14.50921919898560475, 0.000000000000000000, -6.624879981160907150 ) ) ;
#3823 = CARTESIAN_POINT ( 'NONE',  ( -14.40578009931240722, 1.355252715606880080E-17, -5.446321826537946720 ) ) ;
#3824 = ORIENTED_EDGE ( 'NONE', *, *, #4962, .T. ) ;
#3825 = CARTESIAN_POINT ( 'NONE',  ( 12.91488296744631192, 0.000000000000000000, 6.427879985297678012 ) ) ;
#3826 = CARTESIAN_POINT ( 'NONE',  ( 14.43472045104788748, 0.02000000000000000042, -6.135584057066612473 ) ) ;
#3827 = ORIENTED_EDGE ( 'NONE', *, *, #4872, .F. ) ;
#3828 = AXIS2_PLACEMENT_3D ( 'NONE', #6844, #6812, #559 ) ;
#3829 = DIRECTION ( 'NONE',  ( 0.000000000000000000, -1.000000000000000000, -0.000000000000000000 ) ) ;
#3830 = CARTESIAN_POINT ( 'NONE',  ( 13.27247590172394709, 0.02000000000000000042, -5.605401763364651124 ) ) ;
#3831 = ADVANCED_FACE ( 'NONE', ( #4526 ), #1002, .T. ) ;
#3832 = LINE ( 'NONE', #4392, #2304 ) ;
#3833 = CARTESIAN_POINT ( 'NONE',  ( -14.13771721535730386, 0.000000000000000000, -5.368934874466847695 ) ) ;
#3834 = VECTOR ( 'NONE', #4415, 1000.000000000000000 ) ;
#3835 = LINE ( 'NONE', #6706, #1909 ) ;
#3836 = DIRECTION ( 'NONE',  ( 0.000000000000000000, -1.000000000000000000, -0.000000000000000000 ) ) ;
#3837 = VERTEX_POINT ( 'NONE', #4489 ) ;
#3838 = DIRECTION ( 'NONE',  ( -1.174997428309413820E-16, 0.000000000000000000, -1.000000000000000000 ) ) ;
#3839 = DIRECTION ( 'NONE',  ( 0.01745195043441964688, 0.9998215707699757981, -0.007228834559808070513 ) ) ;
#3840 = DIRECTION ( 'NONE',  ( 0.000000000000000000, 0.000000000000000000, -1.000000000000000000 ) ) ;
#3841 = AXIS2_PLACEMENT_3D ( 'NONE', #4411, #3708, #7297 ) ;
#3842 = CARTESIAN_POINT ( 'NONE',  ( 13.23700583162897360, 0.000000000000000000, 6.711695049985517691 ) ) ;
#3843 = FACE_BOUND ( 'NONE', #541, .T. ) ;
#3844 = CARTESIAN_POINT ( 'NONE',  ( -14.18655232239445496, 0.000000000000000000, 6.767194352530786716 ) ) ;
#3845 = ORIENTED_EDGE ( 'NONE', *, *, #146, .T. ) ;
#3846 = ORIENTED_EDGE ( 'NONE', *, *, #7039, .T. ) ;
#3847 = DIRECTION ( 'NONE',  ( 0.000000000000000000, 0.000000000000000000, -1.000000000000000000 ) ) ;
#3848 = EDGE_CURVE ( 'NONE', #210, #4918, #1625, .T. ) ;
#3849 = PRESENTATION_LAYER_ASSIGNMENT (  '', '', ( #5078 ) ) ;
#3850 = CARTESIAN_POINT ( 'NONE',  ( 8.859999999999956799, 0.000000000000000000, 7.859999999999959464 ) ) ;
#3851 = CARTESIAN_POINT ( 'NONE',  ( 13.20034189002761771, 0.02000000000000000042, 6.351392671515937671 ) ) ;
#3852 = CARTESIAN_POINT ( 'NONE',  ( -13.75355849716300227, 0.000000000000000000, -5.982209301317019445 ) ) ;
#3853 = EDGE_CURVE ( 'NONE', #4148, #1634, #5176, .T. ) ;
#3854 = EDGE_LOOP ( 'NONE', ( #423, #1892 ) ) ;
#3855 = FILL_AREA_STYLE ('',( #2935 ) ) ;
#3856 = AXIS2_PLACEMENT_3D ( 'NONE', #1616, #3951, #6306 ) ;
#3857 = CARTESIAN_POINT ( 'NONE',  ( -14.32659271729270500, 0.000000000000000000, -5.811972119509098533 ) ) ;
#3858 = PRESENTATION_LAYER_ASSIGNMENT (  '', '', ( #6025 ) ) ;
#3859 = ADVANCED_FACE ( 'NONE', ( #7386 ), #7491, .T. ) ;
#3860 = CARTESIAN_POINT ( 'NONE',  ( -1.300000000000006040, 0.000000000000000000, -7.610000000000099796 ) ) ;
#3861 = CARTESIAN_POINT ( 'NONE',  ( -14.52451386537225453, 1.355252715606880080E-17, -5.601427995797128467 ) ) ;
#3862 = PRESENTATION_LAYER_ASSIGNMENT (  '', '', ( #1071 ) ) ;
#3863 = CARTESIAN_POINT ( 'NONE',  ( 14.48448213910024940, 0.02000000000000000042, -6.679954163845392756 ) ) ;
#3864 = VERTEX_POINT ( 'NONE', #2137 ) ;
#3865 = CARTESIAN_POINT ( 'NONE',  ( 13.93999999999995332, 0.02000000000000000042, 7.609999999999993214 ) ) ;
#3866 = LINE ( 'NONE', #6125, #5837 ) ;
#3867 = ORIENTED_EDGE ( 'NONE', *, *, #4909, .F. ) ;
#3868 = CARTESIAN_POINT ( 'NONE',  ( 14.24073579503864018, 0.000000000000000000, 6.567970095382907658 ) ) ;
#3869 = DIRECTION ( 'NONE',  ( 0.000000000000000000, 0.000000000000000000, -1.000000000000000000 ) ) ;
#3870 = AXIS2_PLACEMENT_3D ( 'NONE', #7069, #7104, #2329 ) ;
#3871 = CARTESIAN_POINT ( 'NONE',  ( 14.27539355318209857, 0.02000000000000000042, -6.493131107329651819 ) ) ;
#3872 = EDGE_CURVE ( 'NONE', #5146, #3505, #6767, .T. ) ;
#3873 = CARTESIAN_POINT ( 'NONE',  ( 12.96391737688869306, 0.02000000000000000042, -5.813321203713732288 ) ) ;
#3874 = SURFACE_SIDE_STYLE ('',( #872 ) ) ;
#3875 = CARTESIAN_POINT ( 'NONE',  ( 15.72710346734439923, 9.905235721931179071, -9.677149158797481832 ) ) ;
#3876 = EDGE_LOOP ( 'NONE', ( #6424, #5262, #3465, #3483 ) ) ;
#3877 = VERTEX_POINT ( 'NONE', #4190 ) ;
#3878 = DIRECTION ( 'NONE',  ( 0.000000000000000000, -1.000000000000000000, -0.000000000000000000 ) ) ;
#3879 = LINE ( 'NONE', #464, #702 ) ;
#3880 = SURFACE_STYLE_USAGE ( .BOTH. , #6069 ) ;
#3881 = ORIENTED_EDGE ( 'NONE', *, *, #4627, .T. ) ;
#3882 =( LENGTH_UNIT ( ) NAMED_UNIT ( * ) SI_UNIT ( .MILLI., .METRE. ) );
#3883 = VERTEX_POINT ( 'NONE', #6390 ) ;
#3884 = B_SPLINE_CURVE_WITH_KNOTS ( 'NONE', 3,
 ( #2664, #4901, #2518, #1933, #3699, #2039, #1474, #3769, #6067, #882, #3842, #844, #953, #5399, #3804 ),
 .UNSPECIFIED., .F., .F.,
 ( 4, 1, 1, 1, 1, 1, 1, 1, 1, 1, 1, 1, 4 ),
 ( 0.000000000000000000, 0.1046725881823599991, 0.2179224116127565225, 0.3405185375579560247, 0.4735651107347260136, 0.5421968301606600038, 0.6097031823113809867, 0.6755753979924270514, 0.7416019791549910423, 0.8061045072963650693, 0.8709579598542419587, 0.9351362548769790450, 1.000000000000000000 ),
 .UNSPECIFIED. ) ;
#3885 = EDGE_LOOP ( 'NONE', ( #1824, #4667, #175, #579 ) ) ;
#3886 = CARTESIAN_POINT ( 'NONE',  ( 13.28604024107135473, 1.355252715606880080E-17, -5.269338791724763382 ) ) ;
#3887 = EDGE_CURVE ( 'NONE', #3755, #1207, #4600, .T. ) ;
#3888 = CARTESIAN_POINT ( 'NONE',  ( 13.12557136096646282, 1.355252715606880080E-17, 6.286355648377008443 ) ) ;
#3889 = CARTESIAN_POINT ( 'NONE',  ( 13.93999999999995332, 0.02000000000000000042, 7.609999999999993214 ) ) ;
#3890 = AXIS2_PLACEMENT_3D ( 'NONE', #2284, #6866, #5702 ) ;
#3891 = CARTESIAN_POINT ( 'NONE',  ( 14.11799391435234874, 0.02000000000000000042, 6.794354877316672869 ) ) ;
#3892 = CARTESIAN_POINT ( 'NONE',  ( 14.59322861891536149, 1.355252715606880080E-17, -5.933847014097821670 ) ) ;
#3893 = PRESENTATION_STYLE_ASSIGNMENT (( #2016 ) ) ;
#3894 = ORIENTED_EDGE ( 'NONE', *, *, #832, .T. ) ;
#3895 = EDGE_CURVE ( 'NONE', #4746, #3712, #530, .T. ) ;
#3896 = DIRECTION ( 'NONE',  ( 1.000000000000000000, 0.000000000000000000, -1.174997428309413820E-16 ) ) ;
#3897 = ADVANCED_FACE ( 'NONE', ( #4044 ), #2911, .F. ) ;
#3898 = CARTESIAN_POINT ( 'NONE',  ( 13.81747321116333360, 1.355252715606880080E-17, 6.405409525986563324 ) ) ;
#3899 = CARTESIAN_POINT ( 'NONE',  ( 14.49288845141182058, 0.02000000000000000042, -5.873696801134562051 ) ) ;
#3900 = CARTESIAN_POINT ( 'NONE',  ( 14.01463112347034645, 1.355252715606880080E-17, -6.621606337417041743 ) ) ;
#3901 = VERTEX_POINT ( 'NONE', #7030 ) ;
#3902 = CARTESIAN_POINT ( 'NONE',  ( -15.90000000000000391, 0.000000000000000000, -9.850045691453097163 ) ) ;
#3903 = CARTESIAN_POINT ( 'NONE',  ( -14.42982554133315354, 0.02000000000000000042, -6.495385233731338026 ) ) ;
#3904 = VERTEX_POINT ( 'NONE', #5371 ) ;
#3905 = DIRECTION ( 'NONE',  ( -1.000000000000000000, 0.000000000000000000, -4.615341528007810958E-17 ) ) ;
#3906 = B_SPLINE_CURVE_WITH_KNOTS ( 'NONE', 3,
 ( #5510, #5478, #287, #7217, #4988, #1410, #1482, #5551, #324, #1337, #2632 ),
 .UNSPECIFIED., .F., .F.,
 ( 4, 1, 1, 1, 1, 1, 1, 1, 4 ),
 ( 0.000000000000000000, 0.1291850431602390159, 0.2562041821241475281, 0.3820429862809604504, 0.5053841222052810611, 0.6299573653232349857, 0.7528488117954780234, 0.8762905154439999400, 1.000000000000000000 ),
 .UNSPECIFIED. ) ;
#3907 = CIRCLE ( 'NONE', #3785, 0.2500000000000002220 ) ;
#3908 = LINE ( 'NONE', #527, #5717 ) ;
#3909 = FACE_OUTER_BOUND ( 'NONE', #6897, .T. ) ;
#3910 = DIRECTION ( 'NONE',  ( 0.09962114070050782921, 0.000000000000000000, 0.9950254410443631903 ) ) ;
#3911 = AXIS2_PLACEMENT_3D ( 'NONE', #1880, #4815, #3687 ) ;
#3912 = VECTOR ( 'NONE', #4749, 1000.000000000000000 ) ;
#3913 = CARTESIAN_POINT ( 'NONE',  ( 13.87454973076627063, 0.000000000000000000, 5.552179463120667791 ) ) ;
#3914 = ORIENTED_EDGE ( 'NONE', *, *, #1249, .T. ) ;
#3915 = ORIENTED_EDGE ( 'NONE', *, *, #7187, .T. ) ;
#3916 = DIRECTION ( 'NONE',  ( 0.000000000000000000, -1.000000000000000000, -0.000000000000000000 ) ) ;
#3917 = CARTESIAN_POINT ( 'NONE',  ( 14.41584843264517346, 0.02000000000000000042, 6.364401654165313005 ) ) ;
#3918 = CARTESIAN_POINT ( 'NONE',  ( 14.20745863101018536, 0.02000000000000000042, -5.178237126875272267 ) ) ;
#3919 = EDGE_LOOP ( 'NONE', ( #7374, #1599, #335, #7390 ) ) ;
#3920 = ORIENTED_EDGE ( 'NONE', *, *, #1360, .T. ) ;
#3921 = VERTEX_POINT ( 'NONE', #18 ) ;
#3922 = CARTESIAN_POINT ( 'NONE',  ( 13.12287318738971109, 0.02000000000000000042, -5.457230871974473096 ) ) ;
#3923 = CARTESIAN_POINT ( 'NONE',  ( -13.37910425315475571, 0.02000000000000000042, -6.329552772194127819 ) ) ;
#3924 = PLANE ( 'NONE',  #4317 ) ;
#3925 = CARTESIAN_POINT ( 'NONE',  ( 13.02071245398621357, 0.02000000000000000042, 6.483622260939042370 ) ) ;
#3926 = VERTEX_POINT ( 'NONE', #3554 ) ;
#3927 = CARTESIAN_POINT ( 'NONE',  ( 14.47400369951328436, 0.02000000000000000042, -5.218866997389072004 ) ) ;
#3928 = CARTESIAN_POINT ( 'NONE',  ( 13.81546224656563027, 0.02000000000000000042, 6.387854239559042746 ) ) ;
#3929 = CARTESIAN_POINT ( 'NONE',  ( 14.64411485678757785, 0.02000000000000000042, -5.997468028966112641 ) ) ;
#3930 = VECTOR ( 'NONE', #1651, 1000.000000000000114 ) ;
#3931 = VERTEX_POINT ( 'NONE', #177 ) ;
#3932 = CARTESIAN_POINT ( 'NONE',  ( -3.840000000000004743, 0.02000000000000000042, -7.610000000000121112 ) ) ;
#3933 = CARTESIAN_POINT ( 'NONE',  ( -14.27349001242275506, 0.02000000000000000042, -6.300678749490788100 ) ) ;
#3934 = ORIENTED_EDGE ( 'NONE', *, *, #6748, .T. ) ;
#3935 = SURFACE_STYLE_FILL_AREA ( #5077 ) ;
#3936 = VECTOR ( 'NONE', #4878, 1000.000000000000000 ) ;
#3937 = CARTESIAN_POINT ( 'NONE',  ( -6.380000000000005222, 0.02000000000000000042, -7.610000000000161080 ) ) ;
#3938 = CARTESIAN_POINT ( 'NONE',  ( 12.96391737688869306, 0.02000000000000000042, -5.553153856412601286 ) ) ;
#3939 = CARTESIAN_POINT ( 'NONE',  ( 14.24387751639817346, 0.000000000000000000, -5.414774330569292360 ) ) ;
#3940 = DIRECTION ( 'NONE',  ( -1.000000000000000000, 0.000000000000000000, 1.174997428309413820E-16 ) ) ;
#3941 = AXIS2_PLACEMENT_3D ( 'NONE', #5791, #1832, #5822 ) ;
#3942 = CARTESIAN_POINT ( 'NONE',  ( 13.90137280945023157, 0.000000000000000000, 5.600423877256427652 ) ) ;
#3943 = ORIENTED_EDGE ( 'NONE', *, *, #639, .T. ) ;
#3944 = CARTESIAN_POINT ( 'NONE',  ( -6.380000000000054072, 0.02000000000000000042, 7.609999999999855547 ) ) ;
#3945 = CARTESIAN_POINT ( 'NONE',  ( -14.07077274939420697, 1.355252715606880080E-17, -6.066732517491698395 ) ) ;
#3946 = MECHANICAL_DESIGN_GEOMETRIC_PRESENTATION_REPRESENTATION (  '', ( #1401 ), #1514 ) ;
#3947 = ADVANCED_FACE ( 'NONE', ( #6949 ), #5855, .T. ) ;
#3948 = CYLINDRICAL_SURFACE ( 'NONE', #991, 0.2999999999999996003 ) ;
#3949 = DIRECTION ( 'NONE',  ( 0.000000000000000000, -1.000000000000000000, -0.000000000000000000 ) ) ;
#3950 = ORIENTED_EDGE ( 'NONE', *, *, #5, .F. ) ;
#3951 = DIRECTION ( 'NONE',  ( 1.174997428309413820E-16, -0.000000000000000000, 1.000000000000000000 ) ) ;
#3952 = EDGE_LOOP ( 'NONE', ( #1185, #1704, #2902, #956, #6536, #6820, #1772 ) ) ;
#3953 = VECTOR ( 'NONE', #7117, 1000.000000000000000 ) ;
#3954 = VERTEX_POINT ( 'NONE', #141 ) ;
#3955 = CARTESIAN_POINT ( 'NONE',  ( 12.96391737688869306, 0.02000000000000000042, -5.553153856412601286 ) ) ;
#3956 = CARTESIAN_POINT ( 'NONE',  ( -13.90828712914905196, 2.032879073410320197E-17, -6.265369839040768163 ) ) ;
#3957 = DIRECTION ( 'NONE',  ( 0.000000000000000000, 0.01745240643727503926, 0.9998476951563913806 ) ) ;
#3958 = EDGE_CURVE ( 'NONE', #1253, #2858, #5257, .T. ) ;
#3959 = CARTESIAN_POINT ( 'NONE',  ( 13.21905946911159546, 0.02000000000000000042, 6.681314512126397709 ) ) ;
#3960 = ORIENTED_EDGE ( 'NONE', *, *, #4776, .F. ) ;
#3961 = STYLED_ITEM ( 'NONE', ( #3630 ), #2127 ) ;
#3963 = EDGE_CURVE ( 'NONE', #1540, #4138, #1825, .T. ) ;
#3962 = DIRECTION ( 'NONE',  ( 0.000000000000000000, 0.000000000000000000, -1.000000000000000000 ) ) ;
#3964 = CARTESIAN_POINT ( 'NONE',  ( -14.04293339422130416, 0.02000000000000000042, -5.376397262815318712 ) ) ;
#3965 = CARTESIAN_POINT ( 'NONE',  ( 14.58602346708251218, 0.02000000000000000042, -5.321956519314822387 ) ) ;
#3966 = CARTESIAN_POINT ( 'NONE',  ( 13.26809387855397837, 0.000000000000000000, -5.299719329583881589 ) ) ;
#3967 = PRESENTATION_LAYER_ASSIGNMENT (  '', '', ( #5180 ) ) ;
#3968 = AXIS2_PLACEMENT_3D ( 'NONE', #5527, #338, #6777 ) ;
#3969 = ORIENTED_EDGE ( 'NONE', *, *, #5930, .F. ) ;
#3970 = DIRECTION ( 'NONE',  ( 1.000000000000000000, 0.000000000000000000, -1.174997428309413820E-16 ) ) ;
#3971 = CARTESIAN_POINT ( 'NONE',  ( 11.39999999999995595, 1.000000000000000000, 7.359999999999978115 ) ) ;
#3972 = ORIENTED_EDGE ( 'NONE', *, *, #3108, .T. ) ;
#3973 = FACE_OUTER_BOUND ( 'NONE', #7320, .T. ) ;
#3974 = VECTOR ( 'NONE', #5289, 1000.000000000000000 ) ;
#3975 = ADVANCED_FACE ( 'NONE', ( #4652 ), #5895, .T. ) ;
#3976 = B_SPLINE_SURFACE_WITH_KNOTS ( 'NONE', 3, 1, ( 
 ( #2815, #5086 ),
 ( #6970, #4025 ),
 ( #4104, #6340 ),
 ( #5727, #5123 ),
 ( #7404, #6409 ),
 ( #571, #2310 ),
 ( #1209, #3945 ),
 ( #4512, #43 ),
 ( #3496, #6858 ),
 ( #534, #1767 ),
 ( #3535, #7441 ) ),
 .UNSPECIFIED., .F., .F., .F.,
 ( 4, 1, 1, 1, 1, 1, 1, 1, 4 ),
 ( 2, 2 ),
 ( 0.000000000000000000, 0.1832338588759540032, 0.3505427301142020058, 0.5011988372408110459, 0.6339500770024649734, 0.7500925720806009833, 0.8504341224739849769, 0.9336827195019079539, 1.000000000000000000 ),
 ( 0.000000000000000000, 1.000000000000000000 ),
 .UNSPECIFIED. ) ;
#3977 = CYLINDRICAL_SURFACE ( 'NONE', #6800, 0.2499999999999993616 ) ;
#3978 = VECTOR ( 'NONE', #4060, 1000.000000000000000 ) ;
#3979 = EDGE_CURVE ( 'NONE', #633, #2996, #3241, .T. ) ;
#3980 = DIRECTION ( 'NONE',  ( 0.000000000000000000, 0.000000000000000000, -1.000000000000000000 ) ) ;
#3981 = CARTESIAN_POINT ( 'NONE',  ( -13.96792049710670724, 0.02000000000000000042, -5.812657790116267265 ) ) ;
#3982 = CARTESIAN_POINT ( 'NONE',  ( 14.59814329932657095, 0.000000000000000000, 6.610932018057162907 ) ) ;
#3983 = DIRECTION ( 'NONE',  ( 0.000000000000000000, 0.000000000000000000, -1.000000000000000000 ) ) ;
#3984 = FACE_OUTER_BOUND ( 'NONE', #3263, .T. ) ;
#3985 = ORIENTED_EDGE ( 'NONE', *, *, #5650, .F. ) ;
#3986 = VECTOR ( 'NONE', #2097, 1000.000000000000000 ) ;
#3987 = CARTESIAN_POINT ( 'NONE',  ( -1.300000000000006040, 0.000000000000000000, -7.360000000000099796 ) ) ;
#3988 = ADVANCED_FACE ( 'NONE', ( #211 ), #357, .T. ) ;
#3989 = CARTESIAN_POINT ( 'NONE',  ( 14.07708072524104992, 0.000000000000000000, -5.225808491702651715 ) ) ;
#3990 = STYLED_ITEM ( 'NONE', ( #2219 ), #7015 ) ;
#3991 = DIRECTION ( 'NONE',  ( 0.01744974916068269682, -0.9996954598818875715, 0.01744974916068273846 ) ) ;
#3992 = DIRECTION ( 'NONE',  ( 0.000000000000000000, -1.000000000000000000, -0.000000000000000000 ) ) ;
#3993 = DIRECTION ( 'NONE',  ( 0.000000000000000000, -1.000000000000000000, -0.000000000000000000 ) ) ;
#3994 = VERTEX_POINT ( 'NONE', #5973 ) ;
#3995 = CARTESIAN_POINT ( 'NONE',  ( 12.96811003370314985, 0.02000000000000000042, 6.451536456724448421 ) ) ;
#3996 = ORIENTED_EDGE ( 'NONE', *, *, #4645, .F. ) ;
#3997 = EDGE_LOOP ( 'NONE', ( #1239, #4324, #2809, #6175 ) ) ;
#3998 = CARTESIAN_POINT ( 'NONE',  ( -14.14303313471325474, 0.000000000000000000, -5.609089348898669058 ) ) ;
#3999 = CARTESIAN_POINT ( 'NONE',  ( -3.840000000000053593, 0.02000000000000000042, 7.609999999999875087 ) ) ;
#4000 = B_SPLINE_CURVE_WITH_KNOTS ( 'NONE', 3,
 ( #1126, #4544, #5047, #5156, #6257, #1089, #3422, #1164, #5645, #4587, #6895, #1686, #4021, #6335, #3453 ),
 .UNSPECIFIED., .F., .F.,
 ( 4, 1, 1, 1, 1, 1, 1, 1, 1, 1, 1, 1, 4 ),
 ( 0.000000000000000000, 0.1046725881823576121, 0.2179224116127555233, 0.3405185375579560247, 0.4735651107347250144, 0.5421968301606570062, 0.6097031823113819859, 0.6755753979924270514, 0.7416019791549910423, 0.8061045072963650693, 0.8709579598542409595, 0.9351362548769800442, 1.000000000000000000 ),
 .UNSPECIFIED. ) ;
#4001 = CARTESIAN_POINT ( 'NONE',  ( 13.17680118084451202, 0.02000000000000000042, 6.623717509147797777 ) ) ;
#4002 = VERTEX_POINT ( 'NONE', #4907 ) ;
#4003 = CARTESIAN_POINT ( 'NONE',  ( 14.47400369951328436, 1.355252715606880080E-17, -5.218866997389072004 ) ) ;
#4004 = FILL_AREA_STYLE_COLOUR ( '', #6263 ) ;
#4005 = CIRCLE ( 'NONE', #4246, 0.2999999999999999334 ) ;
#4006 = CARTESIAN_POINT ( 'NONE',  ( -13.72853476726305466, 1.355252715606880080E-17, -5.756122639168688160 ) ) ;
#4007 = CARTESIAN_POINT ( 'NONE',  ( 14.62504708865772862, 0.02000000000000000042, -5.384993846471292755 ) ) ;
#4008 = CARTESIAN_POINT ( 'NONE',  ( 14.55335836728943555, 0.02000000000000000042, -5.902069646000692060 ) ) ;
#4009 = CARTESIAN_POINT ( 'NONE',  ( 14.34787203626267171, 0.000000000000000000, 6.156987045354557431 ) ) ;
#4010 = ORIENTED_EDGE ( 'NONE', *, *, #5743, .T. ) ;
#4011 = DIRECTION ( 'NONE',  ( 0.000000000000000000, -1.000000000000000000, -0.000000000000000000 ) ) ;
#4012 =( GEOMETRIC_REPRESENTATION_CONTEXT ( 3 ) GLOBAL_UNCERTAINTY_ASSIGNED_CONTEXT ( ( #3414 ) ) GLOBAL_UNIT_ASSIGNED_CONTEXT ( ( #6504, #5586, #5058 ) ) REPRESENTATION_CONTEXT ( 'NONE', 'WORKASPACE' ) );
#4013 = UNCERTAINTY_MEASURE_WITH_UNIT (LENGTH_MEASURE( 1.000000000000000082E-05 ), #1163, 'distance_accuracy_value', 'NONE');
#4014 = LINE ( 'NONE', #560, #3149 ) ;
#4015 = ORIENTED_EDGE ( 'NONE', *, *, #4659, .F. ) ;
#4016 = FACE_OUTER_BOUND ( 'NONE', #3695, .T. ) ;
#4017 = DIRECTION ( 'NONE',  ( 0.000000000000000000, 0.000000000000000000, -1.000000000000000000 ) ) ;
#4018 = CARTESIAN_POINT ( 'NONE',  ( 13.20133708805876083, 0.02000000000000000042, -5.384344476527472168 ) ) ;
#4019 = CARTESIAN_POINT ( 'NONE',  ( 14.26478486367958887, 0.000000000000000000, -5.413639276479920603 ) ) ;
#4020 = SURFACE_SIDE_STYLE ('',( #2886 ) ) ;
#4021 = CARTESIAN_POINT ( 'NONE',  ( -14.07194581090585395, 0.02000000000000000042, 6.945409281000851642 ) ) ;
#4022 = ORIENTED_EDGE ( 'NONE', *, *, #1049, .F. ) ;
#4023 = CARTESIAN_POINT ( 'NONE',  ( -14.32815220875445306, 0.000000000000000000, -5.829230950461168348 ) ) ;
#4024 =( GEOMETRIC_REPRESENTATION_CONTEXT ( 3 ) GLOBAL_UNCERTAINTY_ASSIGNED_CONTEXT ( ( #5604 ) ) GLOBAL_UNIT_ASSIGNED_CONTEXT ( ( #4973, #839, #2034 ) ) REPRESENTATION_CONTEXT ( 'NONE', 'WORKASPACE' ) );
#4025 = CARTESIAN_POINT ( 'NONE',  ( -14.21199921853950698, 1.355252715606880080E-17, -6.231918047371327596 ) ) ;
#4026 = ADVANCED_FACE ( 'NONE', ( #6574 ), #6311, .T. ) ;
#4027 = LINE ( 'NONE', #2348, #3185 ) ;
#4028 = CIRCLE ( 'NONE', #2327, 0.2500000000000002220 ) ;
#4029 = MECHANICAL_DESIGN_GEOMETRIC_PRESENTATION_REPRESENTATION (  '', ( #6808 ), #763 ) ;
#4030 = CARTESIAN_POINT ( 'NONE',  ( 13.88450952887732903, 0.02000000000000000042, -5.573166729281921583 ) ) ;
#4031 = ORIENTED_EDGE ( 'NONE', *, *, #417, .T. ) ;
#4032 = EDGE_CURVE ( 'NONE', #1127, #4034, #7213, .T. ) ;
#4033 = DIRECTION ( 'NONE',  ( 0.000000000000000000, 0.000000000000000000, -1.000000000000000000 ) ) ;
#4034 = VERTEX_POINT ( 'NONE', #2825 ) ;
#4035 = VERTEX_POINT ( 'NONE', #6717 ) ;
#4036 = CARTESIAN_POINT ( 'NONE',  ( 14.22721453308334638, 0.02000000000000000042, 6.567379241010187663 ) ) ;
#4037 = STYLED_ITEM ( 'NONE', ( #4924 ), #1275 ) ;
#4038 = CARTESIAN_POINT ( 'NONE',  ( -13.76873675425060561, 0.02000000000000000042, -6.027192135298738762 ) ) ;
#4039 = CARTESIAN_POINT ( 'NONE',  ( 6.319999999999954099, 0.02000000000000000042, 7.609999999999944365 ) ) ;
#4040 = CARTESIAN_POINT ( 'NONE',  ( 13.25284996035667007, 0.02000000000000000042, 6.742823957135173352 ) ) ;
#4041 = SURFACE_SIDE_STYLE ('',( #4606 ) ) ;
#4042 = ORIENTED_EDGE ( 'NONE', *, *, #3163, .T. ) ;
#4043 = B_SPLINE_SURFACE_WITH_KNOTS ( 'NONE', 3, 1, ( 
 ( #5714, #1600 ),
 ( #481, #5147 ),
 ( #5603, #7391 ),
 ( #3449, #974 ),
 ( #4495, #6164 ),
 ( #6884, #7352 ),
 ( #2879, #5072 ) ),
 .UNSPECIFIED., .F., .F., .F.,
 ( 4, 1, 1, 1, 4 ),
 ( 2, 2 ),
 ( 0.000000000000000000, 0.2808356210569329936, 0.5364793245084770179, 0.7722880091023510696, 1.000000000000000000 ),
 ( 0.000000000000000000, 1.000000000000000000 ),
 .UNSPECIFIED. ) ;
#4044 = FACE_OUTER_BOUND ( 'NONE', #2279, .T. ) ;
#4045 = CARTESIAN_POINT ( 'NONE',  ( 14.61622632465297222, 0.02000000000000000042, 6.575513996429742214 ) ) ;
#4046 = DIRECTION ( 'NONE',  ( 0.000000000000000000, -1.000000000000000000, -0.000000000000000000 ) ) ;
#4047 = DIRECTION ( 'NONE',  ( 0.000000000000000000, -1.000000000000000000, -0.000000000000000000 ) ) ;
#4048 = DIRECTION ( 'NONE',  ( 0.000000000000000000, -1.000000000000000000, -0.000000000000000000 ) ) ;
#4049 = DIRECTION ( 'NONE',  ( 0.000000000000000000, -1.000000000000000000, 0.000000000000000000 ) ) ;
#4050 = ORIENTED_EDGE ( 'NONE', *, *, #6072, .T. ) ;
#4051 = SURFACE_SIDE_STYLE ('',( #2492 ) ) ;
#4052 = DIRECTION ( 'NONE',  ( 0.000000000000000000, 0.000000000000000000, -1.000000000000000000 ) ) ;
#4053 = CARTESIAN_POINT ( 'NONE',  ( -12.84719961642490560, 0.000000000000000000, -6.589720119495258821 ) ) ;
#4054 = CARTESIAN_POINT ( 'NONE',  ( -1.300000000000006040, 0.000000000000000000, -7.860000000000099796 ) ) ;
#4055 = AXIS2_PLACEMENT_3D ( 'NONE', #3572, #1317, #7158 ) ;
#4056 = LINE ( 'NONE', #6366, #32 ) ;
#4057 = DIRECTION ( 'NONE',  ( 0.000000000000000000, 0.000000000000000000, -1.000000000000000000 ) ) ;
#4058 = CARTESIAN_POINT ( 'NONE',  ( 3.779999999999946514, 0.02000000000000000042, 7.609999999999923936 ) ) ;
#4059 = EDGE_CURVE ( 'NONE', #2688, #4756, #2766, .T. ) ;
#4060 = DIRECTION ( 'NONE',  ( -1.174997428309413820E-16, 0.000000000000000000, -1.000000000000000000 ) ) ;
#4061 = CARTESIAN_POINT ( 'NONE',  ( -15.42714915879745341, 9.900000000000000355, 8.539925206221310461 ) ) ;
#4062 = EDGE_LOOP ( 'NONE', ( #2164, #5468, #3280, #10, #6883, #5205, #3315, #4482, #229, #3205 ) ) ;
#4063 = CARTESIAN_POINT ( 'NONE',  ( -15.90000000000000391, 0.000000000000000000, -9.850045691453097163 ) ) ;
#4064 = EDGE_CURVE ( 'NONE', #4435, #5732, #1619, .T. ) ;
#4065 = CYLINDRICAL_SURFACE ( 'NONE', #1685, 0.2499999999999993616 ) ;
#4066 = CARTESIAN_POINT ( 'NONE',  ( -15.59045412454855750, 0.5495004999399709655, -10.14040843309545892 ) ) ;
#4067 = MECHANICAL_DESIGN_GEOMETRIC_PRESENTATION_REPRESENTATION (  '', ( #3350 ), #2602 ) ;
#4068 = SURFACE_STYLE_USAGE ( .BOTH. , #1691 ) ;
#4069 = CARTESIAN_POINT ( 'NONE',  ( 13.91970239576167678, 0.02000000000000000042, -5.432433253805941220 ) ) ;
#4070 = EDGE_LOOP ( 'NONE', ( #2627, #4596, #6527, #2296 ) ) ;
#4071 = CARTESIAN_POINT ( 'NONE',  ( 13.25284996035667007, 0.02000000000000000042, 6.742823957135173352 ) ) ;
#4072 = ORIENTED_EDGE ( 'NONE', *, *, #1195, .F. ) ;
#4073 = EDGE_CURVE ( 'NONE', #6268, #3668, #2087, .T. ) ;
#4074 = ORIENTED_EDGE ( 'NONE', *, *, #5092, .T. ) ;
#4075 = DIRECTION ( 'NONE',  ( 0.000000000000000000, -1.000000000000000000, -0.000000000000000000 ) ) ;
#4076 = AXIS2_PLACEMENT_3D ( 'NONE', #2305, #3492, #419 ) ;
#4077 = CARTESIAN_POINT ( 'NONE',  ( -14.00707988579850394, 0.02000000000000000042, -6.381281501425148051 ) ) ;
#4078 = CARTESIAN_POINT ( 'NONE',  ( 14.70503731651937329, 0.000000000000000000, -6.241409062433993071 ) ) ;
#4079 = CARTESIAN_POINT ( 'NONE',  ( -13.72802492801525531, 0.000000000000000000, -5.783455385059608211 ) ) ;
#4080 = DIRECTION ( 'NONE',  ( -1.174997428309413820E-16, 0.000000000000000000, -1.000000000000000000 ) ) ;
#4081 = EDGE_LOOP ( 'NONE', ( #2387, #4717, #2820, #1590 ) ) ;
#4082 = ADVANCED_FACE ( 'NONE', ( #5585, #5130 ), #2126, .F. ) ;
#4083 = CARTESIAN_POINT ( 'NONE',  ( 12.91488296744631192, 0.000000000000000000, 6.167712637996543457 ) ) ;
#4084 = CARTESIAN_POINT ( 'NONE',  ( -14.07070983246310369, 0.02000000000000000042, -6.452039605160979185 ) ) ;
#4085 = EDGE_CURVE ( 'NONE', #4836, #78, #6230, .T. ) ;
#4086 = CARTESIAN_POINT ( 'NONE',  ( -13.99347545716965335, 1.355252715606880080E-17, -5.689311653898338150 ) ) ;
#4087 = CIRCLE ( 'NONE', #1408, 0.2499999999999993616 ) ;
#4088 = EDGE_LOOP ( 'NONE', ( #7167, #1073, #1437, #5497 ) ) ;
#4089 = CARTESIAN_POINT ( 'NONE',  ( 13.95440616440351356, 0.02000000000000000042, -5.355892034154582149 ) ) ;
#4090 = UNCERTAINTY_MEASURE_WITH_UNIT (LENGTH_MEASURE( 1.000000000000000082E-05 ), #1197, 'distance_accuracy_value', 'NONE');
#4091 = CARTESIAN_POINT ( 'NONE',  ( -13.88682444548490658, 0.02000000000000000042, -6.237151259237477596 ) ) ;
#4092 = EDGE_CURVE ( 'NONE', #6651, #4475, #2179, .T. ) ;
#4093 = CARTESIAN_POINT ( 'NONE',  ( 13.80452460406600856, 1.355252715606880080E-17, 5.343935109402467631 ) ) ;
#4094 = DIRECTION ( 'NONE',  ( 0.000000000000000000, -0.01745240643728082283, 0.9998476951563913806 ) ) ;
#4095 = MECHANICAL_DESIGN_GEOMETRIC_PRESENTATION_REPRESENTATION (  '', ( #3136 ), #2269 ) ;
#4096 = CARTESIAN_POINT ( 'NONE',  ( 14.18579654604175211, 0.000000000000000000, -5.440948359112802279 ) ) ;
#4097 = CYLINDRICAL_SURFACE ( 'NONE', #3467, 0.2999999999999999334 ) ;
#4098 = CARTESIAN_POINT ( 'NONE',  ( 14.44359259089570635, 0.02000000000000000042, -6.183397245227402195 ) ) ;
#4099 = ORIENTED_EDGE ( 'NONE', *, *, #71, .F. ) ;
#4100 = AXIS2_PLACEMENT_3D ( 'NONE', #1332, #4080, #698 ) ;
#4101 = DIRECTION ( 'NONE',  ( 1.000000000000000000, 0.000000000000000000, -2.602246546525989853E-16 ) ) ;
#4102 = VECTOR ( 'NONE', #6498, 1000.000000000000000 ) ;
#4103 = EDGE_CURVE ( 'NONE', #3883, #6525, #2020, .T. ) ;
#4104 = CARTESIAN_POINT ( 'NONE',  ( -14.18720249289475355, 0.02000000000000000042, -6.204262004192559132 ) ) ;
#4105 = CARTESIAN_POINT ( 'NONE',  ( -14.29775885924130563, 0.02000000000000000042, -5.695475477939758058 ) ) ;
#4106 = CARTESIAN_POINT ( 'NONE',  ( 13.23508893335540293, 1.355252715606880080E-17, 6.387854239559042746 ) ) ;
#4107 = B_SPLINE_SURFACE_WITH_KNOTS ( 'NONE', 3, 1, ( 
 ( #187, #2465 ),
 ( #5910, #4204 ),
 ( #1236, #4812 ),
 ( #3567, #3005 ),
 ( #5346, #3607 ),
 ( #119, #757 ),
 ( #2428, #4740 ) ),
 .UNSPECIFIED., .F., .F., .F.,
 ( 4, 1, 1, 1, 4 ),
 ( 2, 2 ),
 ( 0.000000000000000000, 0.2650720260088935132, 0.5174264585638219671, 0.7613771326035549958, 1.000000000000000000 ),
 ( 0.000000000000000000, 1.000000000000000000 ),
 .UNSPECIFIED. ) ;
#4108 = CARTESIAN_POINT ( 'NONE',  ( 14.70503731651937329, 0.000000000000000000, -6.241409062433993071 ) ) ;
#4109 = COLOUR_RGB ( '',0.2509803921568627416, 0.2509803921568627416, 0.2509803921568627416 ) ;
#4110 = CARTESIAN_POINT ( 'NONE',  ( -14.22496083302200631, 0.02000000000000000042, -6.246374269331019136 ) ) ;
#4111 = ORIENTED_EDGE ( 'NONE', *, *, #3027, .F. ) ;
#4112 = DIRECTION ( 'NONE',  ( 0.000000000000000000, -1.000000000000000000, -0.000000000000000000 ) ) ;
#4113 = ORIENTED_EDGE ( 'NONE', *, *, #3958, .T. ) ;
#4114 = ORIENTED_EDGE ( 'NONE', *, *, #7062, .F. ) ;
#4115 = CARTESIAN_POINT ( 'NONE',  ( 14.10465113043982832, 0.000000000000000000, -5.613192475020550631 ) ) ;
#4116 = CARTESIAN_POINT ( 'NONE',  ( -13.76873675425060561, 2.032879073410320197E-17, -6.027192135298738762 ) ) ;
#4117 = AXIS2_PLACEMENT_3D ( 'NONE', #6280, #1670, #2872 ) ;
#4118 = CARTESIAN_POINT ( 'NONE',  ( 13.81546224656563027, 0.000000000000000000, 6.387854239559042746 ) ) ;
#4119 = ORIENTED_EDGE ( 'NONE', *, *, #227, .T. ) ;
#4120 = ADVANCED_FACE ( 'NONE', ( #2238 ), #6874, .T. ) ;
#4121 = CARTESIAN_POINT ( 'NONE',  ( 12.92986636977649262, 0.000000000000000000, 6.173788666110158196 ) ) ;
#4122 =( LENGTH_UNIT ( ) NAMED_UNIT ( * ) SI_UNIT ( .MILLI., .METRE. ) );
#4123 = FILL_AREA_STYLE ('',( #2993 ) ) ;
#4124 = CARTESIAN_POINT ( 'NONE',  ( 14.18470262191710241, 0.000000000000000000, -6.015638840377001806 ) ) ;
#4125 = CARTESIAN_POINT ( 'NONE',  ( -13.83083469003710597, 0.02000000000000000042, -5.498763802690008973 ) ) ;
#4126 = VERTEX_POINT ( 'NONE', #1247 ) ;
#4127 = CARTESIAN_POINT ( 'NONE',  ( 13.99728165941696822, 0.02000000000000000042, -5.293492998226490442 ) ) ;
#4128 = EDGE_CURVE ( 'NONE', #1985, #4148, #4149, .T. ) ;
#4129 = DIRECTION ( 'NONE',  ( 4.614638589138189022E-17, 0.01745240643728355329, -0.9998476951563912696 ) ) ;
#4130 = CIRCLE ( 'NONE', #138, 0.2499999999999993616 ) ;
#4131 = CARTESIAN_POINT ( 'NONE',  ( 13.98706521463594044, 0.02000000000000000042, 5.726027571641468583 ) ) ;
#4132 =( NAMED_UNIT ( * ) SI_UNIT ( $, .STERADIAN. ) SOLID_ANGLE_UNIT ( ) );
#4133 = CARTESIAN_POINT ( 'NONE',  ( -14.21901951138890396, 0.02000000000000000042, -6.649758738103208167 ) ) ;
#4134 = FACE_OUTER_BOUND ( 'NONE', #3571, .T. ) ;
#4135 = VECTOR ( 'NONE', #3199, 1000.000000000000000 ) ;
#4136 = CARTESIAN_POINT ( 'NONE',  ( 14.29008290561960415, 1.016439536705160099E-17, -6.733913355702372705 ) ) ;
#4137 = PLANE ( 'NONE',  #3911 ) ;
#4138 = VERTEX_POINT ( 'NONE', #5210 ) ;
#4139 = CARTESIAN_POINT ( 'NONE',  ( 14.55293423971478362, 1.355252715606880080E-17, 6.678295641591573073 ) ) ;
#4140 = FACE_OUTER_BOUND ( 'NONE', #2244, .T. ) ;
#4141 = FILL_AREA_STYLE_COLOUR ( '', #5599 ) ;
#4142 = CARTESIAN_POINT ( 'NONE',  ( -14.02389400091310634, 0.02000000000000000042, -6.000591174404708461 ) ) ;
#4143 = DIRECTION ( 'NONE',  ( 1.000000000000000000, 0.000000000000000000, -1.174997428309413820E-16 ) ) ;
#4144 = VERTEX_POINT ( 'NONE', #1853 ) ;
#4145 = FILL_AREA_STYLE ('',( #1889 ) ) ;
#4146 = CARTESIAN_POINT ( 'NONE',  ( 3.780000000000003801, 0.02000000000000000042, -7.610000000000079368 ) ) ;
#4147 = VERTEX_POINT ( 'NONE', #4601 ) ;
#4148 = VERTEX_POINT ( 'NONE', #2320 ) ;
#4149 = LINE ( 'NONE', #6456, #3254 ) ;
#4150 = VECTOR ( 'NONE', #2659, 1000.000000000000000 ) ;
#4151 = CARTESIAN_POINT ( 'NONE',  ( 13.94872403851419840, 0.000000000000000000, 6.706904808597138334 ) ) ;
#4152 = CARTESIAN_POINT ( 'NONE',  ( -13.72853476726305466, 0.000000000000000000, -5.756122639168688160 ) ) ;
#4153 = FACE_OUTER_BOUND ( 'NONE', #4466, .T. ) ;
#4154 = CARTESIAN_POINT ( 'NONE',  ( -14.40898863123435625, 0.000000000000000000, 6.344293653458132454 ) ) ;
#4155 = ORIENTED_EDGE ( 'NONE', *, *, #4371, .F. ) ;
#4156 = VERTEX_POINT ( 'NONE', #3543 ) ;
#4157 = AXIS2_PLACEMENT_3D ( 'NONE', #6629, #5494, #342 ) ;
#4158 = DIRECTION ( 'NONE',  ( 0.000000000000000000, -1.000000000000000000, -0.000000000000000000 ) ) ;
#4159 = CARTESIAN_POINT ( 'NONE',  ( 14.57725831240680847, 0.02000000000000000042, 6.645498431818062990 ) ) ;
#4160 =( NAMED_UNIT ( * ) PLANE_ANGLE_UNIT ( ) SI_UNIT ( $, .RADIAN. ) );
#4161 = CARTESIAN_POINT ( 'NONE',  ( -13.96792049710670724, 1.355252715606880080E-17, -5.812657790116267265 ) ) ;
#4162 = CARTESIAN_POINT ( 'NONE',  ( -14.13771721535730386, 0.02000000000000000042, -5.368934874466847695 ) ) ;
#4163 = ORIENTED_EDGE ( 'NONE', *, *, #390, .F. ) ;
#4164 = CARTESIAN_POINT ( 'NONE',  ( 14.17242655263740758, 2.710505431213759852E-17, -5.185773451552162072 ) ) ;
#4165 = DIRECTION ( 'NONE',  ( 0.000000000000000000, -1.000000000000000000, -0.000000000000000000 ) ) ;
#4166 = CARTESIAN_POINT ( 'NONE',  ( 13.23508893335540115, 0.02000000000000000042, 5.267133358877227778 ) ) ;
#4167 = CARTESIAN_POINT ( 'NONE',  ( 14.30619017925580394, 0.02000000000000000042, -5.414309055619340505 ) ) ;
#4168 = DIRECTION ( 'NONE',  ( 0.000000000000000000, -1.000000000000000000, -0.000000000000000000 ) ) ;
#4169 = CARTESIAN_POINT ( 'NONE',  ( -14.07070983246310369, 0.02000000000000000042, -6.452039605160979185 ) ) ;
#4170 = CARTESIAN_POINT ( 'NONE',  ( 1.240000000000003322, 0.000000000000000000, -7.610000000000079368 ) ) ;
#4171 = EDGE_LOOP ( 'NONE', ( #2326, #1243, #2431, #5387 ) ) ;
#4172 = CARTESIAN_POINT ( 'NONE',  ( -13.60768878545895610, 0.000000000000000000, -6.589720119495258821 ) ) ;
#4173 = DIRECTION ( 'NONE',  ( 0.000000000000000000, 0.000000000000000000, -1.000000000000000000 ) ) ;
#4174 = CARTESIAN_POINT ( 'NONE',  ( -13.08735409085670476, 0.02000000000000000042, -6.909926085404358709 ) ) ;
#4175 = CARTESIAN_POINT ( 'NONE',  ( -13.96986770900135255, 0.02000000000000000042, -5.860415054652497346 ) ) ;
#4176 = ORIENTED_EDGE ( 'NONE', *, *, #6232, .F. ) ;
#4177 = CARTESIAN_POINT ( 'NONE',  ( 8.860000000000004761, 0.02000000000000000042, -7.610000000000041176 ) ) ;
#4178 = ORIENTED_EDGE ( 'NONE', *, *, #3345, .T. ) ;
#4179 = EDGE_LOOP ( 'NONE', ( #7193, #992, #5699, #3431 ) ) ;
#4180 = DIRECTION ( 'NONE',  ( 0.000000000000000000, 0.000000000000000000, -1.000000000000000000 ) ) ;
#4181 = EDGE_CURVE ( 'NONE', #3788, #806, #1419, .T. ) ;
#4182 =( GEOMETRIC_REPRESENTATION_CONTEXT ( 3 ) GLOBAL_UNCERTAINTY_ASSIGNED_CONTEXT ( ( #523 ) ) GLOBAL_UNIT_ASSIGNED_CONTEXT ( ( #3778, #5512, #327 ) ) REPRESENTATION_CONTEXT ( 'NONE', 'WORKASPACE' ) );
#4183 = CARTESIAN_POINT ( 'NONE',  ( 14.00946528512769262, 0.000000000000000000, 6.751597676393307879 ) ) ;
#4184 = LINE ( 'NONE', #3547, #3585 ) ;
#4185 = LINE ( 'NONE', #3137, #1779 ) ;
#4186 = CARTESIAN_POINT ( 'NONE',  ( -14.37905425956880379, 0.000000000000000000, 6.356432557546476403 ) ) ;
#4187 = VERTEX_POINT ( 'NONE', #4643 ) ;
#4188 = CIRCLE ( 'NONE', #6370, 0.2500000000000002220 ) ;
#4189 = ORIENTED_EDGE ( 'NONE', *, *, #2784, .F. ) ;
#4190 = CARTESIAN_POINT ( 'NONE',  ( 6.319999999999954099, 0.000000000000000000, 7.359999999999943476 ) ) ;
#4191 = CARTESIAN_POINT ( 'NONE',  ( 14.24624670637184742, 9.900000000000000355, 9.677149158797467621 ) ) ;
#4192 = EDGE_CURVE ( 'NONE', #857, #2539, #620, .T. ) ;
#4193 = PRESENTATION_LAYER_ASSIGNMENT (  '', '', ( #1401 ) ) ;
#4194 = DIRECTION ( 'NONE',  ( 0.000000000000000000, -1.000000000000000000, -0.000000000000000000 ) ) ;
#4195 = CARTESIAN_POINT ( 'NONE',  ( 14.65890716181901787, 0.000000000000000000, -5.485837925021411543 ) ) ;
#4196 = CARTESIAN_POINT ( 'NONE',  ( 14.25253332950675933, 0.000000000000000000, 5.655269395486352657 ) ) ;
#4197 = EDGE_CURVE ( 'NONE', #633, #5814, #7257, .T. ) ;
#4198 = ORIENTED_EDGE ( 'NONE', *, *, #919, .F. ) ;
#4199 = DIRECTION ( 'NONE',  ( 0.000000000000000000, -1.000000000000000000, -0.000000000000000000 ) ) ;
#4200 = CARTESIAN_POINT ( 'NONE',  ( -8.920000000000054996, -4.100000000000000533, 7.609999999999836007 ) ) ;
#4201 = FACE_OUTER_BOUND ( 'NONE', #1831, .T. ) ;
#4202 = FILL_AREA_STYLE ('',( #2463 ) ) ;
#4203 = CARTESIAN_POINT ( 'NONE',  ( 14.05561672099744719, 0.02000000000000000042, 6.347828493820408369 ) ) ;
#4204 = CARTESIAN_POINT ( 'NONE',  ( 14.36843230867816423, 1.355252715606880080E-17, 6.191797699477653794 ) ) ;
#4205 = CARTESIAN_POINT ( 'NONE',  ( -13.86361159322360592, 0.000000000000000000, 6.978629557162696173 ) ) ;
#4206 = CARTESIAN_POINT ( 'NONE',  ( 14.37650162566719736, 0.02000000000000000042, -6.029577660570501152 ) ) ;
#4207 = ORIENTED_EDGE ( 'NONE', *, *, #5436, .T. ) ;
#4208 = CARTESIAN_POINT ( 'NONE',  ( 14.42418803694869034, 1.355252715606880080E-17, 6.776333530630102686 ) ) ;
#4209 = EDGE_CURVE ( 'NONE', #1714, #5567, #6383, .T. ) ;
#4210 = CARTESIAN_POINT ( 'NONE',  ( -14.14012134404445220, 0.02000000000000000042, 6.822770558560790732 ) ) ;
#4211 =( NAMED_UNIT ( * ) PLANE_ANGLE_UNIT ( ) SI_UNIT ( $, .RADIAN. ) );
#4212 = CARTESIAN_POINT ( 'NONE',  ( 14.07407630506405560, 0.02000000000000000042, -6.670729338808952136 ) ) ;
#4213 = AXIS2_PLACEMENT_3D ( 'NONE', #5203, #3498, #6973 ) ;
#4214 = SURFACE_STYLE_FILL_AREA ( #2437 ) ;
#4215 = ORIENTED_EDGE ( 'NONE', *, *, #5212, .T. ) ;
#4216 = DIRECTION ( 'NONE',  ( 0.000000000000000000, -1.000000000000000000, 0.000000000000000000 ) ) ;
#4217 = EDGE_LOOP ( 'NONE', ( #6093, #2084, #6659, #2076 ) ) ;
#4218 = ORIENTED_EDGE ( 'NONE', *, *, #1328, .F. ) ;
#4219 = SURFACE_STYLE_USAGE ( .BOTH. , #5568 ) ;
#4220 =( GEOMETRIC_REPRESENTATION_CONTEXT ( 3 ) GLOBAL_UNCERTAINTY_ASSIGNED_CONTEXT ( ( #598 ) ) GLOBAL_UNIT_ASSIGNED_CONTEXT ( ( #3882, #7016, #3656 ) ) REPRESENTATION_CONTEXT ( 'NONE', 'WORKASPACE' ) );
#4221 = CARTESIAN_POINT ( 'NONE',  ( 13.97798883043946638, 1.355252715606880080E-17, 6.730737617743632661 ) ) ;
#4222 = COLOUR_RGB ( '',1.000000000000000000, 0.7725490196078431682, 0.000000000000000000 ) ;
#4223 = CARTESIAN_POINT ( 'NONE',  ( 14.69657087634224801, 0.000000000000000000, -6.138908721416531655 ) ) ;
#4224 = DIRECTION ( 'NONE',  ( 0.000000000000000000, -1.000000000000000000, -0.000000000000000000 ) ) ;
#4225 = CARTESIAN_POINT ( 'NONE',  ( 14.29008290561960415, 0.02000000000000000042, -6.733913355702372705 ) ) ;
#4226 = CARTESIAN_POINT ( 'NONE',  ( -14.36154129493450426, 0.000000000000000000, 10.15000000000000036 ) ) ;
#4227 = ORIENTED_EDGE ( 'NONE', *, *, #7039, .F. ) ;
#4228 = ORIENTED_EDGE ( 'NONE', *, *, #6795, .T. ) ;
#4229 =( GEOMETRIC_REPRESENTATION_CONTEXT ( 3 ) GLOBAL_UNCERTAINTY_ASSIGNED_CONTEXT ( ( #3341 ) ) GLOBAL_UNIT_ASSIGNED_CONTEXT ( ( #4699, #5264, #2999 ) ) REPRESENTATION_CONTEXT ( 'NONE', 'WORKASPACE' ) );
#4230 = FILL_AREA_STYLE ('',( #2591 ) ) ;
#4231 = CARTESIAN_POINT ( 'NONE',  ( -14.01732727700285253, 0.000000000000000000, -6.392718402187909099 ) ) ;
#4232 = CARTESIAN_POINT ( 'NONE',  ( 14.60713549931014654, 0.000000000000000000, -5.353142225409853516 ) ) ;
#4233 = DIRECTION ( 'NONE',  ( 0.000000000000000000, 0.000000000000000000, -1.000000000000000000 ) ) ;
#4234 = VERTEX_POINT ( 'NONE', #2357 ) ;
#4235 = CARTESIAN_POINT ( 'NONE',  ( -13.72855044570395400, 0.02000000000000000042, -5.844367184287169614 ) ) ;
#4236 = CARTESIAN_POINT ( 'NONE',  ( -13.72776602267490453, 0.000000000000000000, -5.797335434325698422 ) ) ;
#4237 = CARTESIAN_POINT ( 'NONE',  ( 14.38368940136292551, 1.355252715606880080E-17, -5.454342517221252074 ) ) ;
#4238 = CARTESIAN_POINT ( 'NONE',  ( 14.24073579503864018, 1.355252715606880080E-17, 6.567970095382907658 ) ) ;
#4239 = CARTESIAN_POINT ( 'NONE',  ( 14.36644165274904417, 0.02000000000000000042, 5.784341042093668506 ) ) ;
#4240 = PRESENTATION_STYLE_ASSIGNMENT (( #7046 ) ) ;
#4241 = CARTESIAN_POINT ( 'NONE',  ( 14.21096951755808213, 0.02000000000000000042, -5.753282585105782942 ) ) ;
#4242 = ORIENTED_EDGE ( 'NONE', *, *, #5988, .F. ) ;
#4243 = DIRECTION ( 'NONE',  ( 0.000000000000000000, -1.000000000000000000, -0.000000000000000000 ) ) ;
#4244 = CARTESIAN_POINT ( 'NONE',  ( -14.37074496730770257, 1.355252715606880080E-17, 6.622041444072416461 ) ) ;
#4245 = SURFACE_SIDE_STYLE ('',( #2470 ) ) ;
#4246 = AXIS2_PLACEMENT_3D ( 'NONE', #7248, #986, #7205 ) ;
#4247 = CARTESIAN_POINT ( 'NONE',  ( 13.98803867244467547, 0.02000000000000000042, -6.592270154016972583 ) ) ;
#4248 = FACE_OUTER_BOUND ( 'NONE', #2563, .T. ) ;
#4249 = DIRECTION ( 'NONE',  ( 0.000000000000000000, -1.000000000000000000, -0.000000000000000000 ) ) ;
#4250 = ORIENTED_EDGE ( 'NONE', *, *, #5693, .F. ) ;
#4251 = EDGE_LOOP ( 'NONE', ( #1143, #5773, #6835, #2589 ) ) ;
#4252 = EDGE_CURVE ( 'NONE', #4035, #5716, #92, .T. ) ;
#4253 = CARTESIAN_POINT ( 'NONE',  ( -14.21901951138890396, 0.02000000000000000042, -6.649758738103208167 ) ) ;
#4254 = CARTESIAN_POINT ( 'NONE',  ( 14.26478486367958887, 0.02000000000000000042, -5.413639276479920603 ) ) ;
#4255 = FACE_BOUND ( 'NONE', #7121, .T. ) ;
#4256 = CARTESIAN_POINT ( 'NONE',  ( 14.42506150193593584, 0.02000000000000000042, 5.850838708025182022 ) ) ;
#4257 = EDGE_LOOP ( 'NONE', ( #5689, #1477, #3636, #3647 ) ) ;
#4258 = EDGE_LOOP ( 'NONE', ( #1371, #1016, #7329, #3696 ) ) ;
#4259 =( NAMED_UNIT ( * ) PLANE_ANGLE_UNIT ( ) SI_UNIT ( $, .RADIAN. ) );
#4260 = AXIS2_PLACEMENT_3D ( 'NONE', #2772, #2883, #5081 ) ;
#4261 = DIRECTION ( 'NONE',  ( -0.000000000000000000, 0.000000000000000000, 1.000000000000000000 ) ) ;
#4262 =( NAMED_UNIT ( * ) PLANE_ANGLE_UNIT ( ) SI_UNIT ( $, .RADIAN. ) );
#4263 = CARTESIAN_POINT ( 'NONE',  ( -14.10636327267915213, 0.02000000000000000042, -5.610671799169098861 ) ) ;
#4264 = EDGE_CURVE ( 'NONE', #3931, #7133, #1777, .T. ) ;
#4265 = CARTESIAN_POINT ( 'NONE',  ( -13.78562563042530265, 0.02000000000000000042, -5.566127426224418251 ) ) ;
#4266 = AXIS2_PLACEMENT_3D ( 'NONE', #5989, #228, #2538 ) ;
#4267 = AXIS2_PLACEMENT_3D ( 'NONE', #2193, #7396, #4094 ) ;
#4268 = EDGE_LOOP ( 'NONE', ( #4228, #772, #6987, #1137, #6556, #1669, #7027 ) ) ;
#4269 = LINE ( 'NONE', #6581, #6375 ) ;
#4270 = CARTESIAN_POINT ( 'NONE',  ( -14.14303313471325474, 0.000000000000000000, -5.609089348898669058 ) ) ;
#4271 =( GEOMETRIC_REPRESENTATION_CONTEXT ( 3 ) GLOBAL_UNCERTAINTY_ASSIGNED_CONTEXT ( ( #1265 ) ) GLOBAL_UNIT_ASSIGNED_CONTEXT ( ( #4347, #2100, #1454 ) ) REPRESENTATION_CONTEXT ( 'NONE', 'WORKASPACE' ) );
#4272 = CARTESIAN_POINT ( 'NONE',  ( 14.29046970503539171, 0.02000000000000000042, 5.698661616942497510 ) ) ;
#4273 = CARTESIAN_POINT ( 'NONE',  ( 14.40242044486816297, 1.355252715606880080E-17, -5.477258451876362066 ) ) ;
#4274 = CARTESIAN_POINT ( 'NONE',  ( 14.15880809672986906, 0.02000000000000000042, 5.930685174950558469 ) ) ;
#4275 = CARTESIAN_POINT ( 'NONE',  ( 14.16474941836294832, 0.02000000000000000042, 5.527300706178363221 ) ) ;
#4276 = CARTESIAN_POINT ( 'NONE',  ( 13.17460577040884218, 0.02000000000000000042, -5.694678193333271743 ) ) ;
#4277 = CARTESIAN_POINT ( 'NONE',  ( -15.86915009609931815, 0.000000000000000000, 8.766636341527579646 ) ) ;
#4278 = ORIENTED_EDGE ( 'NONE', *, *, #415, .T. ) ;
#4279 = CARTESIAN_POINT ( 'NONE',  ( 14.49504669284767999, 0.02000000000000000042, 6.735460157234472334 ) ) ;
#4280 = CARTESIAN_POINT ( 'NONE',  ( -14.16205382016630487, 0.02000000000000000042, 6.794222496495766705 ) ) ;
#4281 = EDGE_CURVE ( 'NONE', #4788, #2476, #1818, .T. ) ;
#4282 = PLANE ( 'NONE',  #276 ) ;
#4283 = CARTESIAN_POINT ( 'NONE',  ( 14.27682768971582306, 1.355252715606880080E-17, -6.733536561800843145 ) ) ;
#4284 = CARTESIAN_POINT ( 'NONE',  ( -14.13851311098320451, 1.355252715606880080E-17, 6.521897658863911929 ) ) ;
#4285 = EDGE_CURVE ( 'NONE', #549, #1661, #2904, .T. ) ;
#4286 = EDGE_CURVE ( 'NONE', #1695, #7448, #5323, .T. ) ;
#4287 = DIRECTION ( 'NONE',  ( 0.000000000000000000, 0.000000000000000000, -1.000000000000000000 ) ) ;
#4288 = EDGE_LOOP ( 'NONE', ( #3291, #1858, #4905, #291 ) ) ;
#4289 = VERTEX_POINT ( 'NONE', #734 ) ;
#4290 = CARTESIAN_POINT ( 'NONE',  ( 14.11799391435234874, 0.02000000000000000042, 6.794354877316672869 ) ) ;
#4291 = AXIS2_PLACEMENT_3D ( 'NONE', #5801, #6857, #1766 ) ;
#4292 = CARTESIAN_POINT ( 'NONE',  ( 15.60004569145308828, 0.000000000000000000, -10.15000000000000213 ) ) ;
#4293 = LINE ( 'NONE', #6603, #4102 ) ;
#4294 = FACE_OUTER_BOUND ( 'NONE', #7271, .T. ) ;
#4295 = ORIENTED_EDGE ( 'NONE', *, *, #6433, .F. ) ;
#4296 = VERTEX_POINT ( 'NONE', #5170 ) ;
#4297 = DIRECTION ( 'NONE',  ( 0.000000000000000000, -1.000000000000000000, -0.000000000000000000 ) ) ;
#4298 = DIRECTION ( 'NONE',  ( 1.000000000000000000, 0.000000000000000000, -1.174997428309413820E-16 ) ) ;
#4299 = EDGE_CURVE ( 'NONE', #4034, #5676, #7484, .T. ) ;
#4300 = CARTESIAN_POINT ( 'NONE',  ( 14.34866504825738431, 0.02000000000000000042, -6.477415699087773149 ) ) ;
#4301 = PRESENTATION_STYLE_ASSIGNMENT (( #890 ) ) ;
#4302 = AXIS2_PLACEMENT_3D ( 'NONE', #585, #6984, #6496 ) ;
#4303 = DIRECTION ( 'NONE',  ( 1.000000000000000000, 0.000000000000000000, -1.174997428309413820E-16 ) ) ;
#4304 = ADVANCED_FACE ( 'NONE', ( #1325 ), #2149, .T. ) ;
#4305 = EDGE_CURVE ( 'NONE', #5763, #2996, #1097, .T. ) ;
#4306 = ORIENTED_EDGE ( 'NONE', *, *, #797, .F. ) ;
#4307 = CARTESIAN_POINT ( 'NONE',  ( 14.37678943942343679, 0.02000000000000000042, -5.698234298813691368 ) ) ;
#4308 = CARTESIAN_POINT ( 'NONE',  ( 14.20077547890414671, 0.02000000000000000042, -6.461972702760921727 ) ) ;
#4309 = DIRECTION ( 'NONE',  ( 0.000000000000000000, 0.000000000000000000, -1.000000000000000000 ) ) ;
#4310 = CARTESIAN_POINT ( 'NONE',  ( 11.40000000000000391, 0.000000000000000000, -7.860000000000023412 ) ) ;
#4311 = CARTESIAN_POINT ( 'NONE',  ( 13.20133708805876083, 0.000000000000000000, -5.384344476527472168 ) ) ;
#4312 = CARTESIAN_POINT ( 'NONE',  ( 12.97890077921887197, 0.02000000000000000042, -5.807245175600122877 ) ) ;
#4313 = MECHANICAL_DESIGN_GEOMETRIC_PRESENTATION_REPRESENTATION (  '', ( #561 ), #317 ) ;
#4314 = CARTESIAN_POINT ( 'NONE',  ( -14.18720249289475355, 0.02000000000000000042, -6.204262004192559132 ) ) ;
#4315 = ORIENTED_EDGE ( 'NONE', *, *, #1028, .F. ) ;
#4316 = CARTESIAN_POINT ( 'NONE',  ( 1.240000000000003322, 0.02000000000000000042, -7.610000000000079368 ) ) ;
#4317 = AXIS2_PLACEMENT_3D ( 'NONE', #2794, #6313, #508 ) ;
#4318 = CARTESIAN_POINT ( 'NONE',  ( 14.28968659854293932, 0.02000000000000000042, 6.081581094308099011 ) ) ;
#4319 = CARTESIAN_POINT ( 'NONE',  ( -3.840000000000004743, 0.02000000000000000042, -7.610000000000121112 ) ) ;
#4320 = FACE_OUTER_BOUND ( 'NONE', #1470, .T. ) ;
#4321 = CARTESIAN_POINT ( 'NONE',  ( 13.79847719263201000, 0.000000000000000000, 5.292757148584162685 ) ) ;
#4322 = ORIENTED_EDGE ( 'NONE', *, *, #3741, .T. ) ;
#4323 = EDGE_CURVE ( 'NONE', #6218, #1443, #6056, .T. ) ;
#4324 = ORIENTED_EDGE ( 'NONE', *, *, #7246, .F. ) ;
#4325 = CARTESIAN_POINT ( 'NONE',  ( 14.28539238854085802, 0.02000000000000000042, -6.493758881270553118 ) ) ;
#4326 = CARTESIAN_POINT ( 'NONE',  ( 14.15861717919390372, 0.02000000000000000042, 6.802598878574403152 ) ) ;
#4327 = AXIS2_PLACEMENT_3D ( 'NONE', #5749, #5181, #520 ) ;
#4328 = EDGE_CURVE ( 'NONE', #5957, #3802, #5789, .T. ) ;
#4329 = CARTESIAN_POINT ( 'NONE',  ( -14.02389400091310634, 1.355252715606880080E-17, -6.000591174404708461 ) ) ;
#4330 =( NAMED_UNIT ( * ) PLANE_ANGLE_UNIT ( ) SI_UNIT ( $, .RADIAN. ) );
#4331 = CARTESIAN_POINT ( 'NONE',  ( 14.28539238854085802, 0.02000000000000000042, -6.493758881270553118 ) ) ;
#4332 = EDGE_LOOP ( 'NONE', ( #1505, #5036, #3095, #6724 ) ) ;
#4333 = ORIENTED_EDGE ( 'NONE', *, *, #4339, .T. ) ;
#4334 = STYLED_ITEM ( 'NONE', ( #3070 ), #1399 ) ;
#4335 = CARTESIAN_POINT ( 'NONE',  ( -8.920000000000005258, 1.000000000000000000, -7.610000000000159304 ) ) ;
#4336 = AXIS2_PLACEMENT_3D ( 'NONE', #2325, #6946, #5626 ) ;
#4337 = CARTESIAN_POINT ( 'NONE',  ( 14.37678943942343679, 1.355252715606880080E-17, -5.698234298813691368 ) ) ;
#4338 = CARTESIAN_POINT ( 'NONE',  ( -14.13056418414380389, 0.02000000000000000042, -5.609627433666537932 ) ) ;
#4339 = EDGE_CURVE ( 'NONE', #2730, #7253, #866, .T. ) ;
#4340 = EDGE_LOOP ( 'NONE', ( #542, #7018, #2176, #5424 ) ) ;
#4341 = VECTOR ( 'NONE', #3311, 1000.000000000000000 ) ;
#4342 = DIRECTION ( 'NONE',  ( 0.000000000000000000, -1.000000000000000000, -0.000000000000000000 ) ) ;
#4343 = CARTESIAN_POINT ( 'NONE',  ( -14.32365310925915480, 0.000000000000000000, -5.779439592489328703 ) ) ;
#4344 = AXIS2_PLACEMENT_3D ( 'NONE', #1770, #6411, #1210 ) ;
#4345 = EDGE_CURVE ( 'NONE', #337, #3904, #1566, .T. ) ;
#4346 = CARTESIAN_POINT ( 'NONE',  ( 14.17199972074488201, 1.355252715606880080E-17, 5.541100571000702857 ) ) ;
#4347 =( LENGTH_UNIT ( ) NAMED_UNIT ( * ) SI_UNIT ( .MILLI., .METRE. ) );
#4348 = EDGE_CURVE ( 'NONE', #1921, #5522, #301, .T. ) ;
#4349 = CARTESIAN_POINT ( 'NONE',  ( -14.56830668318625577, 1.355252715606880080E-17, -5.789205204722538411 ) ) ;
#4350 = EDGE_CURVE ( 'NONE', #1970, #4904, #2920, .T. ) ;
#4351 = EDGE_LOOP ( 'NONE', ( #2767, #3969 ) ) ;
#4352 = DIRECTION ( 'NONE',  ( 0.000000000000000000, 0.000000000000000000, -1.000000000000000000 ) ) ;
#4353 = PLANE ( 'NONE',  #4507 ) ;
#4354 = ORIENTED_EDGE ( 'NONE', *, *, #5, .T. ) ;
#4355 = DIRECTION ( 'NONE',  ( 0.000000000000000000, -1.000000000000000000, -0.000000000000000000 ) ) ;
#4356 = CARTESIAN_POINT ( 'NONE',  ( 14.65574400173664138, 1.355252715606880080E-17, 6.393604059221968505 ) ) ;
#4357 = CARTESIAN_POINT ( 'NONE',  ( 14.40528181714196876, 1.355252715606880080E-17, 6.451836093611673206 ) ) ;
#4358 = DIRECTION ( 'NONE',  ( 0.000000000000000000, 0.000000000000000000, -1.000000000000000000 ) ) ;
#4359 = CARTESIAN_POINT ( 'NONE',  ( 14.65600290707699216, 0.000000000000000000, 5.527300706178363221 ) ) ;
#4360 = ORIENTED_EDGE ( 'NONE', *, *, #6416, .F. ) ;
#4361 = EDGE_LOOP ( 'NONE', ( #7446, #5545 ) ) ;
#4362 = CIRCLE ( 'NONE', #4736, 0.2500000000000002220 ) ;
#4363 = CARTESIAN_POINT ( 'NONE',  ( -14.12095041506625748, 0.000000000000000000, -6.128200059526067278 ) ) ;
#4364 = CYLINDRICAL_SURFACE ( 'NONE', #6631, 0.2500000000000002220 ) ;
#4365 = FACE_BOUND ( 'NONE', #5698, .T. ) ;
#4366 = CARTESIAN_POINT ( 'NONE',  ( 14.16474941836294832, 3.388131789017200201E-18, 5.527300706178363221 ) ) ;
#4367 = PLANE ( 'NONE',  #2273 ) ;
#4368 = ORIENTED_EDGE ( 'NONE', *, *, #4286, .T. ) ;
#4369 = DIRECTION ( 'NONE',  ( 0.000000000000000000, -1.000000000000000000, 0.000000000000000000 ) ) ;
#4370 = DIRECTION ( 'NONE',  ( -0.7071067811865571207, 0.000000000000000000, -0.7071067811865379138 ) ) ;
#4371 = EDGE_CURVE ( 'NONE', #6862, #4453, #6513, .T. ) ;
#4372 = DIRECTION ( 'NONE',  ( -0.01744974916068269682, -0.9996954598818875715, -0.01744974916068273846 ) ) ;
#4373 = SURFACE_STYLE_USAGE ( .BOTH. , #5511 ) ;
#4374 = LINE ( 'NONE', #289, #4790 ) ;
#4375 = CARTESIAN_POINT ( 'NONE',  ( 14.70485754881575247, 0.02000000000000000042, -6.229417933017191267 ) ) ;
#4376 = ORIENTED_EDGE ( 'NONE', *, *, #7270, .T. ) ;
#4377 = CARTESIAN_POINT ( 'NONE',  ( 14.36644165274904417, 0.02000000000000000042, 5.784341042093668506 ) ) ;
#4378 = DIRECTION ( 'NONE',  ( 1.174997428309413820E-16, 0.000000000000000000, 1.000000000000000000 ) ) ;
#4379 = DIRECTION ( 'NONE',  ( 0.000000000000000000, -1.000000000000000000, -0.000000000000000000 ) ) ;
#4380 = MANIFOLD_SOLID_BREP ( 'NONE', #2752 ) ;
#4381 = CARTESIAN_POINT ( 'NONE',  ( -14.56093247604305674, 0.000000000000000000, -6.758010525301577864 ) ) ;
#4382 = VECTOR ( 'NONE', #4396, 1000.000000000000000 ) ;
#4383 = DIRECTION ( 'NONE',  ( 1.174997428309413820E-16, 0.000000000000000000, 1.000000000000000000 ) ) ;
#4384 = AXIS2_PLACEMENT_3D ( 'NONE', #2783, #2663, #311 ) ;
#4385 = EDGE_LOOP ( 'NONE', ( #2409, #4022 ) ) ;
#4386 = DIRECTION ( 'NONE',  ( 0.000000000000000000, 0.000000000000000000, 1.000000000000000000 ) ) ;
#4387 = CARTESIAN_POINT ( 'NONE',  ( 14.44442901538611146, 0.02000000000000000042, -6.217288134145022127 ) ) ;
#4388 = ORIENTED_EDGE ( 'NONE', *, *, #1094, .F. ) ;
#4389 = CARTESIAN_POINT ( 'NONE',  ( 14.36862930653005499, 0.000000000000000000, 6.516905087022298204 ) ) ;
#4390 = FACE_OUTER_BOUND ( 'NONE', #5892, .T. ) ;
#4391 = VECTOR ( 'NONE', #5520, 1000.000000000000000 ) ;
#4392 = CARTESIAN_POINT ( 'NONE',  ( 12.91488296744631192, 0.02000000000000000042, 6.167712637996543457 ) ) ;
#4393 = FACE_OUTER_BOUND ( 'NONE', #978, .T. ) ;
#4394 = CARTESIAN_POINT ( 'NONE',  ( 14.36794548912679659, 0.000000000000000000, -5.706690115456901857 ) ) ;
#4395 = EDGE_CURVE ( 'NONE', #3223, #1540, #2689, .T. ) ;
#4396 = DIRECTION ( 'NONE',  ( 1.000000000000000000, 0.000000000000000000, -1.174997428309413820E-16 ) ) ;
#4397 = VERTEX_POINT ( 'NONE', #2771 ) ;
#4398 = DIRECTION ( 'NONE',  ( 0.9950254410443633013, 0.000000000000000000, -0.09962114070050784309 ) ) ;
#4399 = CARTESIAN_POINT ( 'NONE',  ( -14.00000000000000711, 0.02000000000000000042, -7.610000000000199272 ) ) ;
#4400 = PLANE ( 'NONE',  #5115 ) ;
#4401 = FACE_OUTER_BOUND ( 'NONE', #7313, .T. ) ;
#4402 = FACE_OUTER_BOUND ( 'NONE', #2917, .T. ) ;
#4403 = SURFACE_STYLE_FILL_AREA ( #427 ) ;
#4404 = CARTESIAN_POINT ( 'NONE',  ( 13.98803867244467547, 0.000000000000000000, -6.592270154016972583 ) ) ;
#4405 = EDGE_LOOP ( 'NONE', ( #2889, #1618, #6508, #2060 ) ) ;
#4406 = EDGE_CURVE ( 'NONE', #4553, #2778, #7487, .T. ) ;
#4407 = ORIENTED_EDGE ( 'NONE', *, *, #7444, .F. ) ;
#4408 = DIRECTION ( 'NONE',  ( -0.000000000000000000, 1.000000000000000000, 0.000000000000000000 ) ) ;
#4409 = CARTESIAN_POINT ( 'NONE',  ( -14.10376606765545660, 0.02000000000000000042, 5.437638346225195818 ) ) ;
#4410 = FACE_OUTER_BOUND ( 'NONE', #7212, .T. ) ;
#4411 = CARTESIAN_POINT ( 'NONE',  ( 11.40000000000000391, -4.100000000000000533, -7.610000000000022524 ) ) ;
#4412 = CARTESIAN_POINT ( 'NONE',  ( -14.13056418414380389, 1.355252715606880080E-17, -5.609627433666537932 ) ) ;
#4413 = CARTESIAN_POINT ( 'NONE',  ( -13.72855044570395400, 0.000000000000000000, -5.844367184287169614 ) ) ;
#4414 = ORIENTED_EDGE ( 'NONE', *, *, #181, .F. ) ;
#4415 = DIRECTION ( 'NONE',  ( 0.000000000000000000, -1.000000000000000000, -0.000000000000000000 ) ) ;
#4416 = CARTESIAN_POINT ( 'NONE',  ( -14.21891993064495452, 0.000000000000000000, -5.621356137470928438 ) ) ;
#4417 = EDGE_CURVE ( 'NONE', #2344, #7140, #6889, .T. ) ;
#4418 = FACE_OUTER_BOUND ( 'NONE', #7130, .T. ) ;
#4419 = CIRCLE ( 'NONE', #1260, 0.2500000000000002220 ) ;
#4420 = ADVANCED_FACE ( 'NONE', ( #4016 ), #3380, .T. ) ;
#4421 = FACE_OUTER_BOUND ( 'NONE', #7467, .T. ) ;
#4422 = CARTESIAN_POINT ( 'NONE',  ( 13.92572583648905926, 0.02000000000000000042, -6.487680066422091940 ) ) ;
#4423 = ORIENTED_EDGE ( 'NONE', *, *, #1426, .F. ) ;
#4424 = CARTESIAN_POINT ( 'NONE',  ( 15.72710346734439923, 9.905235721931179071, 9.971958337732178990 ) ) ;
#4425 = DIRECTION ( 'NONE',  ( -0.4910856891521002132, 0.000000000000000000, -0.8711112706824579721 ) ) ;
#4426 = ORIENTED_EDGE ( 'NONE', *, *, #1743, .F. ) ;
#4427 = COLOUR_RGB ( '',0.2509803921568627416, 0.2509803921568627416, 0.2509803921568627416 ) ;
#4428 =( LENGTH_UNIT ( ) NAMED_UNIT ( * ) SI_UNIT ( .MILLI., .METRE. ) );
#4429 = DIRECTION ( 'NONE',  ( 0.000000000000000000, 0.000000000000000000, -1.000000000000000000 ) ) ;
#4430 = DIRECTION ( 'NONE',  ( 0.000000000000000000, -1.000000000000000000, -0.000000000000000000 ) ) ;
#4431 = CARTESIAN_POINT ( 'NONE',  ( 15.42714915879748183, 9.905235721931179071, -9.977103467344401011 ) ) ;
#4432 = CARTESIAN_POINT ( 'NONE',  ( -14.00000000000000711, 0.02000000000000000042, -7.860000000000200160 ) ) ;
#4433 = EDGE_CURVE ( 'NONE', #6219, #3076, #1719, .T. ) ;
#4434 = FACE_OUTER_BOUND ( 'NONE', #7103, .T. ) ;
#4435 = VERTEX_POINT ( 'NONE', #4053 ) ;
#4436 = ORIENTED_EDGE ( 'NONE', *, *, #3537, .T. ) ;
#4437 = CARTESIAN_POINT ( 'NONE',  ( -14.09408233120895559, 0.000000000000000000, -6.095478349973479482 ) ) ;
#4438 = VECTOR ( 'NONE', #5194, 1000.000000000000000 ) ;
#4439 = CARTESIAN_POINT ( 'NONE',  ( 14.42418803694869034, 0.000000000000000000, 6.776333530630102686 ) ) ;
#4440 = SURFACE_STYLE_USAGE ( .BOTH. , #5163 ) ;
#4441 = CARTESIAN_POINT ( 'NONE',  ( 14.29008290561960415, 0.02000000000000000042, -6.733913355702372705 ) ) ;
#4442 = ORIENTED_EDGE ( 'NONE', *, *, #4755, .T. ) ;
#4443 = VERTEX_POINT ( 'NONE', #5187 ) ;
#4444 = ORIENTED_EDGE ( 'NONE', *, *, #2046, .F. ) ;
#4445 = CARTESIAN_POINT ( 'NONE',  ( 13.06974686342859471, 0.02000000000000000042, -5.497411580771241368 ) ) ;
#4446 = DIRECTION ( 'NONE',  ( 1.000000000000000000, 0.000000000000000000, -1.174997428309413820E-16 ) ) ;
#4447 = MECHANICAL_DESIGN_GEOMETRIC_PRESENTATION_REPRESENTATION (  '', ( #5557 ), #4229 ) ;
#4448 = CARTESIAN_POINT ( 'NONE',  ( 13.20034189002761771, 1.355252715606880080E-17, 6.351392671515937671 ) ) ;
#4449 = CARTESIAN_POINT ( 'NONE',  ( 14.44441878428886028, 1.355252715606880080E-17, -6.254268803803521237 ) ) ;
#4450 = CARTESIAN_POINT ( 'NONE',  ( 14.24605171439455376, 0.02000000000000000042, 6.808124569814728133 ) ) ;
#4451 = CARTESIAN_POINT ( 'NONE',  ( 14.70485754881575247, 1.355252715606880080E-17, -6.229417933017191267 ) ) ;
#4452 = CARTESIAN_POINT ( 'NONE',  ( -13.72802878425380513, 0.000000000000000000, -5.813089863277109082 ) ) ;
#4453 = VERTEX_POINT ( 'NONE', #6848 ) ;
#4454 = CARTESIAN_POINT ( 'NONE',  ( 12.91488296744631192, 1.355252715606880080E-17, 6.427879985297678012 ) ) ;
#4455 = CIRCLE ( 'NONE', #6751, 0.2999999999999996003 ) ;
#4456 = CARTESIAN_POINT ( 'NONE',  ( -3.840000000000004743, 0.02000000000000000042, -7.860000000000120224 ) ) ;
#4457 = AXIS2_PLACEMENT_3D ( 'NONE', #5660, #1663, #3847 ) ;
#4458 = CARTESIAN_POINT ( 'NONE',  ( -13.72802492801525531, 0.02000000000000000042, -5.783455385059608211 ) ) ;
#4459 = CARTESIAN_POINT ( 'NONE',  ( -14.53624837908975564, 0.000000000000000000, -6.684631009075078012 ) ) ;
#4460 = PLANE ( 'NONE',  #3594 ) ;
#4461 = VECTOR ( 'NONE', #983, 1000.000000000000114 ) ;
#4462 = CARTESIAN_POINT ( 'NONE',  ( 14.04336819841913631, 0.02000000000000000042, -6.647969585080263144 ) ) ;
#4463 = ORIENTED_EDGE ( 'NONE', *, *, #2384, .F. ) ;
#4464 = CARTESIAN_POINT ( 'NONE',  ( 13.28412334279778406, 0.02000000000000000042, -6.713900482833050631 ) ) ;
#4465 = CARTESIAN_POINT ( 'NONE',  ( -14.48239612030165446, 1.355252715606880080E-17, -6.576635567025149065 ) ) ;
#4466 = EDGE_LOOP ( 'NONE', ( #2668, #5466, #1321, #1887 ) ) ;
#4467 = CARTESIAN_POINT ( 'NONE',  ( 14.41424744540326053, 0.000000000000000000, 6.410077638335497596 ) ) ;
#4468 = CARTESIAN_POINT ( 'NONE',  ( -14.00000000000000711, 0.02000000000000000042, -7.610000000000199272 ) ) ;
#4469 = VECTOR ( 'NONE', #4297, 1000.000000000000000 ) ;
#4470 = CARTESIAN_POINT ( 'NONE',  ( 14.12977314443986820, 0.02000000000000000042, -6.322418359606251315 ) ) ;
#4471 = CARTESIAN_POINT ( 'NONE',  ( -14.30431638929525562, 0.000000000000000000, -5.393473355200468333 ) ) ;
#4472 = DIRECTION ( 'NONE',  ( 0.000000000000000000, -1.000000000000000000, -0.000000000000000000 ) ) ;
#4473 = LINE ( 'NONE', #3270, #4382 ) ;
#4474 = EDGE_LOOP ( 'NONE', ( #5322, #235, #5940, #3140 ) ) ;
#4475 = VERTEX_POINT ( 'NONE', #3344 ) ;
#4476 = CARTESIAN_POINT ( 'NONE',  ( -13.05608397699840673, 0.02000000000000000042, -5.368934874466847695 ) ) ;
#4477 = DIRECTION ( 'NONE',  ( -0.000000000000000000, 1.000000000000000000, 0.000000000000000000 ) ) ;
#4478 = CARTESIAN_POINT ( 'NONE',  ( -14.37074496730770257, 0.000000000000000000, 6.622041444072416461 ) ) ;
#4479 = EDGE_LOOP ( 'NONE', ( #1813, #5606, #5979, #6872, #4787, #3250, #2253 ) ) ;
#4480 = ORIENTED_EDGE ( 'NONE', *, *, #797, .T. ) ;
#4481 = ADVANCED_FACE ( 'NONE', ( #3973 ), #1186, .T. ) ;
#4482 = ORIENTED_EDGE ( 'NONE', *, *, #5467, .T. ) ;
#4483 = CARTESIAN_POINT ( 'NONE',  ( 12.98118799419520819, 1.355252715606880080E-17, -5.545478027298462287 ) ) ;
#4484 = DIRECTION ( 'NONE',  ( 0.000000000000000000, -1.000000000000000000, -0.000000000000000000 ) ) ;
#4485 = CARTESIAN_POINT ( 'NONE',  ( -15.90000000000000391, 0.000000000000000000, 8.735786437626920531 ) ) ;
#4486 = CIRCLE ( 'NONE', #4976, 0.2999999999999996003 ) ;
#4487 = CARTESIAN_POINT ( 'NONE',  ( -12.84719961642490560, 0.000000000000000000, -6.909926085404358709 ) ) ;
#4488 = VERTEX_POINT ( 'NONE', #7220 ) ;
#4489 = CARTESIAN_POINT ( 'NONE',  ( 6.319999999999954099, 0.000000000000000000, 7.859999999999939924 ) ) ;
#4490 = CARTESIAN_POINT ( 'NONE',  ( -13.73383025472605645, 0.02000000000000000042, -5.715768445738429016 ) ) ;
#4491 = ADVANCED_FACE ( 'NONE', ( #6113 ), #4605, .F. ) ;
#4492 = CARTESIAN_POINT ( 'NONE',  ( 14.66349032485870119, 0.02000000000000000042, -5.603954610892080801 ) ) ;
#4493 = CARTESIAN_POINT ( 'NONE',  ( 14.30397122108142227, 0.02000000000000000042, -6.733497400347721040 ) ) ;
#4494 = ORIENTED_EDGE ( 'NONE', *, *, #3321, .T. ) ;
#4495 = CARTESIAN_POINT ( 'NONE',  ( 14.33686036041130407, 0.02000000000000000042, -5.729725107828390840 ) ) ;
#4496 = CARTESIAN_POINT ( 'NONE',  ( -14.31883494451155592, 0.02000000000000000042, -6.353451715364009544 ) ) ;
#4497 = ORIENTED_EDGE ( 'NONE', *, *, #7106, .F. ) ;
#4498 = ADVANCED_FACE ( 'NONE', ( #4684 ), #1656, .T. ) ;
#4499 = CARTESIAN_POINT ( 'NONE',  ( 14.50889433844907828, 0.02000000000000000042, -5.878755026029711672 ) ) ;
#4500 = AXIS2_PLACEMENT_3D ( 'NONE', #1928, #4249, #3694 ) ;
#4501 = CARTESIAN_POINT ( 'NONE',  ( -14.22496083302200631, 0.02000000000000000042, -6.246374269331019136 ) ) ;
#4502 = APPLICATION_CONTEXT ( 'automotive_design' ) ;
#4503 = CIRCLE ( 'NONE', #6445, 0.2499999999999993616 ) ;
#4504 = LINE ( 'NONE', #2339, #1473 ) ;
#4505 =( NAMED_UNIT ( * ) SI_UNIT ( $, .STERADIAN. ) SOLID_ANGLE_UNIT ( ) );
#4506 = DIRECTION ( 'NONE',  ( 1.000000000000000000, 4.302937013293125094E-34, 4.615341528007810958E-17 ) ) ;
#4507 = AXIS2_PLACEMENT_3D ( 'NONE', #1993, #1960, #1428 ) ;
#4508 = LINE ( 'NONE', #4588, #995 ) ;
#4509 = VERTEX_POINT ( 'NONE', #5367 ) ;
#4510 = DIRECTION ( 'NONE',  ( 1.174997428309413820E-16, 0.000000000000000000, 1.000000000000000000 ) ) ;
#4511 = EDGE_CURVE ( 'NONE', #3188, #1532, #2640, .T. ) ;
#4512 = CARTESIAN_POINT ( 'NONE',  ( -14.05145483092755576, 0.02000000000000000042, -6.041524358320597088 ) ) ;
#4513 = CARTESIAN_POINT ( 'NONE',  ( -14.10376606765545660, 0.000000000000000000, 5.437638346225195818 ) ) ;
#4514 = CARTESIAN_POINT ( 'NONE',  ( -14.02389400091310634, 0.000000000000000000, -6.000591174404708461 ) ) ;
#4515 = EDGE_CURVE ( 'NONE', #6903, #2730, #6003, .T. ) ;
#4516 = CARTESIAN_POINT ( 'NONE',  ( 14.28226537715502609, 0.02000000000000000042, -5.172909271895553829 ) ) ;
#4517 = ORIENTED_EDGE ( 'NONE', *, *, #7029, .F. ) ;
#4518 = ORIENTED_EDGE ( 'NONE', *, *, #4758, .F. ) ;
#4519 = VERTEX_POINT ( 'NONE', #1331 ) ;
#4520 = CARTESIAN_POINT ( 'NONE',  ( -14.04151379905960262, 0.000000000000000000, -5.637266998231808657 ) ) ;
#4521 = FACE_OUTER_BOUND ( 'NONE', #4948, .T. ) ;
#4522 = FILL_AREA_STYLE ('',( #2209 ) ) ;
#4523 = LINE ( 'NONE', #1588, #3821 ) ;
#4524 = ORIENTED_EDGE ( 'NONE', *, *, #4857, .F. ) ;
#4525 = EDGE_CURVE ( 'NONE', #4616, #7133, #3099, .T. ) ;
#4526 = FACE_OUTER_BOUND ( 'NONE', #6598, .T. ) ;
#4527 = EDGE_CURVE ( 'NONE', #1067, #7417, #4185, .T. ) ;
#4528 = CARTESIAN_POINT ( 'NONE',  ( -14.12122185995335322, 0.02000000000000000042, -5.369200521981218444 ) ) ;
#4529 = CARTESIAN_POINT ( 'NONE',  ( 14.19424155937470466, 0.000000000000000000, -6.012236514608062521 ) ) ;
#4530 = DIRECTION ( 'NONE',  ( 0.000000000000000000, 0.000000000000000000, -1.000000000000000000 ) ) ;
#4531 = ADVANCED_FACE ( 'NONE', ( #4153 ), #5288, .T. ) ;
#4532 = CIRCLE ( 'NONE', #5023, 0.2499999999999993616 ) ;
#4533 = CARTESIAN_POINT ( 'NONE',  ( 14.33148861859284828, 0.02000000000000000042, -6.732673253684843040 ) ) ;
#4534 = EDGE_CURVE ( 'NONE', #6716, #2556, #465, .T. ) ;
#4535 = EDGE_LOOP ( 'NONE', ( #4629, #7290, #3628, #829 ) ) ;
#4536 = CARTESIAN_POINT ( 'NONE',  ( 13.90561298209320462, 0.02000000000000000042, -5.476106995637401553 ) ) ;
#4537 = UNCERTAINTY_MEASURE_WITH_UNIT (LENGTH_MEASURE( 1.000000000000000082E-05 ), #2070, 'distance_accuracy_value', 'NONE');
#4538 = CARTESIAN_POINT ( 'NONE',  ( -14.50921919898560475, 0.02000000000000000042, -6.624879981160907150 ) ) ;
#4539 = ORIENTED_EDGE ( 'NONE', *, *, #6804, .T. ) ;
#4540 = AXIS2_PLACEMENT_3D ( 'NONE', #4990, #361, #5480 ) ;
#4541 = CARTESIAN_POINT ( 'NONE',  ( 14.42485709634891933, 0.02000000000000000042, -5.570039717896082543 ) ) ;
#4542 = DIRECTION ( 'NONE',  ( -0.9863939238321435266, -0.000000000000000000, 0.1643989873053585127 ) ) ;
#4543 = CARTESIAN_POINT ( 'NONE',  ( -11.46000000000000618, 1.000000000000000000, -7.610000000000177955 ) ) ;
#4544 = CARTESIAN_POINT ( 'NONE',  ( -14.40670141625800227, 0.02000000000000000042, 6.606060801759786827 ) ) ;
#4545 = DIRECTION ( 'NONE',  ( 0.7071067811865389130, 0.000000000000000000, -0.7071067811865562325 ) ) ;
#4546 = ORIENTED_EDGE ( 'NONE', *, *, #7214, .F. ) ;
#4547 = LINE ( 'NONE', #5233, #3602 ) ;
#4548 = FACE_OUTER_BOUND ( 'NONE', #4869, .T. ) ;
#4549 = VECTOR ( 'NONE', #6550, 1000.000000000000000 ) ;
#4550 = DIRECTION ( 'NONE',  ( 0.01744974916068271070, 0.9996954598818874604, 0.01744974916068275234 ) ) ;
#4551 = LINE ( 'NONE', #498, #2267 ) ;
#4552 = CARTESIAN_POINT ( 'NONE',  ( 13.82283645370883995, 0.02000000000000000042, 5.419048918980007734 ) ) ;
#4553 = VERTEX_POINT ( 'NONE', #7174 ) ;
#4554 = PLANE ( 'NONE',  #3856 ) ;
#4555 = ORIENTED_EDGE ( 'NONE', *, *, #5325, .T. ) ;
#4556 = VECTOR ( 'NONE', #2994, 1000.000000000000000 ) ;
#4557 = ORIENTED_EDGE ( 'NONE', *, *, #5630, .F. ) ;
#4558 = B_SPLINE_CURVE_WITH_KNOTS ( 'NONE', 3,
 ( #3564, #2379, #676, #5303, #115, #2425, #1836 ),
 .UNSPECIFIED., .F., .F.,
 ( 4, 1, 1, 1, 4 ),
 ( 0.000000000000000000, 0.2387690697432955089, 0.4777833542648540210, 0.7270131220759089574, 1.000000000000000000 ),
 .UNSPECIFIED. ) ;
#4559 = CARTESIAN_POINT ( 'NONE',  ( 12.96391737688869306, 1.355252715606880080E-17, -5.553153856412601286 ) ) ;
#4560 = COLOUR_RGB ( '',0.2509803921568627416, 0.2509803921568627416, 0.2509803921568627416 ) ;
#4561 = CARTESIAN_POINT ( 'NONE',  ( -13.75355849716300227, 0.02000000000000000042, -5.982209301317019445 ) ) ;
#4562 = DIRECTION ( 'NONE',  ( 0.000000000000000000, -1.000000000000000000, 0.000000000000000000 ) ) ;
#4563 = CARTESIAN_POINT ( 'NONE',  ( 13.94000000000000661, 0.02000000000000000042, -7.360000000000001208 ) ) ;
#4564 = DIRECTION ( 'NONE',  ( 0.000000000000000000, 0.000000000000000000, -1.000000000000000000 ) ) ;
#4565 = ORIENTED_EDGE ( 'NONE', *, *, #1716, .F. ) ;
#4566 = CARTESIAN_POINT ( 'NONE',  ( 14.66420810761654181, 1.355252715606880080E-17, -5.520989984673130735 ) ) ;
#4567 = CARTESIAN_POINT ( 'NONE',  ( 15.72710346734439923, 9.905235721931179071, 9.677149158797467621 ) ) ;
#4568 = CARTESIAN_POINT ( 'NONE',  ( -13.95958089280320458, 1.355252715606880080E-17, -5.400725913651478471 ) ) ;
#4569 = DIRECTION ( 'NONE',  ( 0.000000000000000000, 0.000000000000000000, -1.000000000000000000 ) ) ;
#4570 = CARTESIAN_POINT ( 'NONE',  ( 1.240000000000003322, 0.02000000000000000042, -7.610000000000079368 ) ) ;
#4571 = COLOUR_RGB ( '',1.000000000000000000, 0.7725490196078431682, 0.000000000000000000 ) ;
#4572 = CARTESIAN_POINT ( 'NONE',  ( 14.33148861859284828, 1.355252715606880080E-17, -6.732673253684843040 ) ) ;
#4573 = AXIS2_PLACEMENT_3D ( 'NONE', #6910, #2361, #4564 ) ;
#4574 = ORIENTED_EDGE ( 'NONE', *, *, #6255, .F. ) ;
#4575 = DIRECTION ( 'NONE',  ( 0.01744974916068275234, -0.9996954598818874604, -0.01744974916068271070 ) ) ;
#4576 = CARTESIAN_POINT ( 'NONE',  ( -14.53624837908975564, 0.02000000000000000042, -6.684631009075078012 ) ) ;
#4577 = VERTEX_POINT ( 'NONE', #207 ) ;
#4578 = EDGE_CURVE ( 'NONE', #6677, #11, #242, .T. ) ;
#4579 = CIRCLE ( 'NONE', #3234, 0.2500000000000002220 ) ;
#4580 = VECTOR ( 'NONE', #1857, 1000.000000000000000 ) ;
#4581 = ADVANCED_FACE ( 'NONE', ( #697 ), #2407, .F. ) ;
#4582 = AXIS2_PLACEMENT_3D ( 'NONE', #884, #3204, #990 ) ;
#4583 = EDGE_CURVE ( 'NONE', #457, #58, #4761, .T. ) ;
#4584 = CARTESIAN_POINT ( 'NONE',  ( -14.46190050575855501, 0.02000000000000000042, -5.497396217614259228 ) ) ;
#4585 = FACE_OUTER_BOUND ( 'NONE', #1658, .T. ) ;
#4586 = DIRECTION ( 'NONE',  ( 1.174997428309413820E-16, -0.000000000000000000, 1.000000000000000000 ) ) ;
#4587 = CARTESIAN_POINT ( 'NONE',  ( -14.11979553189925696, 0.02000000000000000042, 6.851819499474366637 ) ) ;
#4588 = CARTESIAN_POINT ( 'NONE',  ( 8.860000000000004761, 0.02000000000000000042, -7.360000000000041176 ) ) ;
#4589 = VERTEX_POINT ( 'NONE', #7065 ) ;
#4590 = VECTOR ( 'NONE', #1556, 1000.000000000000000 ) ;
#4591 = CARTESIAN_POINT ( 'NONE',  ( 13.93999999999995332, 0.000000000000000000, 7.609999999999993214 ) ) ;
#4592 = CARTESIAN_POINT ( 'NONE',  ( -8.920000000000005258, -4.100000000000000533, -7.860000000000158416 ) ) ;
#4593 =( LENGTH_UNIT ( ) NAMED_UNIT ( * ) SI_UNIT ( .MILLI., .METRE. ) );
#4594 = DIRECTION ( 'NONE',  ( 1.000000000000000000, 0.000000000000000000, -1.174997428309413820E-16 ) ) ;
#4595 = CARTESIAN_POINT ( 'NONE',  ( 13.92536787106570628, 0.02000000000000000042, 5.639787394267767873 ) ) ;
#4596 = ORIENTED_EDGE ( 'NONE', *, *, #2290, .F. ) ;
#4597 = DIRECTION ( 'NONE',  ( 0.000000000000000000, 0.000000000000000000, -1.000000000000000000 ) ) ;
#4598 = VERTEX_POINT ( 'NONE', #6533 ) ;
#4599 = ORIENTED_EDGE ( 'NONE', *, *, #6569, .F. ) ;
#4600 = B_SPLINE_CURVE_WITH_KNOTS ( 'NONE', 3,
 ( #667, #4690, #1749, #6355, #1224, #5935, #5292, #2484, #6465, #4121, #4083 ),
 .UNSPECIFIED., .F., .F.,
 ( 4, 1, 1, 1, 1, 1, 1, 1, 4 ),
 ( 0.000000000000000000, 0.1291850431602390159, 0.2562041821241475281, 0.3820429862809624488, 0.5053841222052810611, 0.6299573653232359849, 0.7528488117954780234, 0.8762905154439999400, 1.000000000000000000 ),
 .UNSPECIFIED. ) ;
#4601 = CARTESIAN_POINT ( 'NONE',  ( -13.72776602267490453, 0.000000000000000000, -6.909926085404358709 ) ) ;
#4602 = CARTESIAN_POINT ( 'NONE',  ( -13.72802878425380513, 0.02000000000000000042, -5.813089863277109082 ) ) ;
#4603 = CARTESIAN_POINT ( 'NONE',  ( 14.19424155937470466, 0.02000000000000000042, -6.012236514608062521 ) ) ;
#4604 = DIRECTION ( 'NONE',  ( -1.000000000000000000, 0.000000000000000000, 1.174997428309413820E-16 ) ) ;
#4605 = CYLINDRICAL_SURFACE ( 'NONE', #4573, 0.2499999999999993616 ) ;
#4606 = SURFACE_STYLE_FILL_AREA ( #2595 ) ;
#4607 = ORIENTED_EDGE ( 'NONE', *, *, #6072, .F. ) ;
#4608 = CARTESIAN_POINT ( 'NONE',  ( 14.36532172267629548, 1.355252715606880080E-17, -5.179623351476021931 ) ) ;
#4609 = EDGE_CURVE ( 'NONE', #6528, #3688, #3702, .T. ) ;
#4610 = CARTESIAN_POINT ( 'NONE',  ( 14.55293423971478362, 0.02000000000000000042, 6.678295641591573073 ) ) ;
#4611 = CARTESIAN_POINT ( 'NONE',  ( -13.95958089280320458, 0.02000000000000000042, -5.400725913651478471 ) ) ;
#4612 =( NAMED_UNIT ( * ) SI_UNIT ( $, .STERADIAN. ) SOLID_ANGLE_UNIT ( ) );
#4613 = CARTESIAN_POINT ( 'NONE',  ( 14.69028692416644866, 0.02000000000000000042, -6.107454873812082852 ) ) ;
#4614 =( LENGTH_UNIT ( ) NAMED_UNIT ( * ) SI_UNIT ( .MILLI., .METRE. ) );
#4615 = EDGE_CURVE ( 'NONE', #7482, #673, #4293, .T. ) ;
#4616 = VERTEX_POINT ( 'NONE', #3548 ) ;
#4617 = FACE_OUTER_BOUND ( 'NONE', #6624, .T. ) ;
#4618 = MECHANICAL_DESIGN_GEOMETRIC_PRESENTATION_REPRESENTATION (  '', ( #4741 ), #379 ) ;
#4619 = UNCERTAINTY_MEASURE_WITH_UNIT (LENGTH_MEASURE( 1.000000000000000082E-05 ), #7215, 'distance_accuracy_value', 'NONE');
#4620 = CARTESIAN_POINT ( 'NONE',  ( -14.25055636617075550, 0.02000000000000000042, -5.638736372175738865 ) ) ;
#4621 =( NAMED_UNIT ( * ) PLANE_ANGLE_UNIT ( ) SI_UNIT ( $, .RADIAN. ) );
#4622 = B_SPLINE_SURFACE_WITH_KNOTS ( 'NONE', 3, 1, ( 
 ( #1038, #6198 ),
 ( #4528, #2138 ),
 ( #3332, #2248 ),
 ( #3964, #6282 ),
 ( #1148, #5670 ),
 ( #4611, #4568 ),
 ( #5709, #1593 ),
 ( #1076, #3406 ),
 ( #6913, #7387 ),
 ( #6879, #553 ),
 ( #6357, #2178 ),
 ( #1672, #3479 ),
 ( #3370, #6320 ),
 ( #7494, #5786 ),
 ( #5631, #516 ),
 ( #4490, #591 ),
 ( #2801, #4006 ),
 ( #4458, #2216 ),
 ( #5141, #2874 ) ),
 .UNSPECIFIED., .F., .F., .F.,
 ( 4, 1, 1, 1, 1, 1, 1, 1, 1, 1, 1, 1, 1, 1, 1, 1, 4 ),
 ( 2, 2 ),
 ( 0.000000000000000000, 0.07411266103589320142, 0.1436507190320178151, 0.2100516928803494998, 0.2733649034018855173, 0.3349952740509130056, 0.3954468596327564978, 0.4559474902146560260, 0.5173725358256879847, 0.5790599188556789789, 0.6394314938813010496, 0.6987549640328700740, 0.7576826860457249735, 0.8173053891001090809, 0.8771506171663199236, 0.9376149219385300215, 1.000000000000000000 ),
 ( 0.000000000000000000, 1.000000000000000000 ),
 .UNSPECIFIED. ) ;
#4623 = PLANE ( 'NONE',  #6561 ) ;
#4624 = CARTESIAN_POINT ( 'NONE',  ( -14.22515175055795567, 0.02000000000000000042, -5.374460565707169124 ) ) ;
#4625 = CARTESIAN_POINT ( 'NONE',  ( 3.780000000000003801, 0.02000000000000000042, -7.610000000000079368 ) ) ;
#4626 = CARTESIAN_POINT ( 'NONE',  ( 8.859999999999956799, 0.02000000000000000042, 7.359999999999963904 ) ) ;
#4627 = EDGE_CURVE ( 'NONE', #4746, #7480, #7100, .T. ) ;
#4628 = FACE_OUTER_BOUND ( 'NONE', #646, .T. ) ;
#4629 = ORIENTED_EDGE ( 'NONE', *, *, #280, .F. ) ;
#4630 = PLANE ( 'NONE',  #1017 ) ;
#4631 = AXIS2_PLACEMENT_3D ( 'NONE', #6891, #6213, #4017 ) ;
#4632 = VECTOR ( 'NONE', #843, 1000.000000000000000 ) ;
#4633 = CARTESIAN_POINT ( 'NONE',  ( -14.36154129493450426, 0.000000000000000000, 10.15000000000000036 ) ) ;
#4634 =( NAMED_UNIT ( * ) SI_UNIT ( $, .STERADIAN. ) SOLID_ANGLE_UNIT ( ) );
#4635 = CIRCLE ( 'NONE', #2575, 0.3000000000000004330 ) ;
#4636 = EDGE_CURVE ( 'NONE', #5676, #1970, #100, .T. ) ;
#4637 = PRESENTATION_LAYER_ASSIGNMENT (  '', '', ( #3191 ) ) ;
#4638 = CARTESIAN_POINT ( 'NONE',  ( 14.02379132751690349, 0.02000000000000000042, 5.773504728512993900 ) ) ;
#4639 = VERTEX_POINT ( 'NONE', #4331 ) ;
#4640 = CARTESIAN_POINT ( 'NONE',  ( 11.39999999999995595, 0.000000000000000000, 7.859999999999978115 ) ) ;
#4641 = VERTEX_POINT ( 'NONE', #4366 ) ;
#4642 = ORIENTED_EDGE ( 'NONE', *, *, #2300, .T. ) ;
#4643 = CARTESIAN_POINT ( 'NONE',  ( -14.22496083302200631, 0.000000000000000000, -6.246374269331019136 ) ) ;
#4644 = VECTOR ( 'NONE', #7189, 1000.000000000000000 ) ;
#4645 = EDGE_CURVE ( 'NONE', #1444, #2539, #116, .T. ) ;
#4646 = CARTESIAN_POINT ( 'NONE',  ( 14.70485754881575247, 0.000000000000000000, -6.229417933017191267 ) ) ;
#4647 = CARTESIAN_POINT ( 'NONE',  ( 14.45132443854122606, 0.000000000000000000, 5.882117087701748126 ) ) ;
#4648 = CARTESIAN_POINT ( 'NONE',  ( 14.65521848404794802, 3.388131789017200124E-17, 6.332692259994407991 ) ) ;
#4649 = EDGE_CURVE ( 'NONE', #7234, #2798, #5504, .T. ) ;
#4650 = ORIENTED_EDGE ( 'NONE', *, *, #1941, .F. ) ;
#4651 = B_SPLINE_SURFACE_WITH_KNOTS ( 'NONE', 3, 1, ( 
 ( #6015, #7149 ),
 ( #5559, #1988 ),
 ( #894, #1451 ),
 ( #3713, #250 ),
 ( #219, #1950 ),
 ( #3178, #5451 ),
 ( #4308, #3782 ),
 ( #7186, #6694 ),
 ( #2565, #5484 ),
 ( #6726, #1381 ),
 ( #4959, #6118 ) ),
 .UNSPECIFIED., .F., .F., .F.,
 ( 4, 1, 1, 1, 1, 1, 1, 1, 4 ),
 ( 2, 2 ),
 ( 0.000000000000000000, 0.1694130195362760216, 0.3212542881746919821, 0.4568984035673729904, 0.5822213420228359304, 0.6966028020772530027, 0.8008034728957540427, 0.9002131751567279405, 1.000000000000000000 ),
 ( 0.000000000000000000, 1.000000000000000000 ),
 .UNSPECIFIED. ) ;
#4652 = FACE_OUTER_BOUND ( 'NONE', #2236, .T. ) ;
#4653 = CARTESIAN_POINT ( 'NONE',  ( 14.24605171439455376, 0.02000000000000000042, 6.808124569814728133 ) ) ;
#4654 = CARTESIAN_POINT ( 'NONE',  ( -14.14613308756230481, 0.02000000000000000042, -6.539246881436707959 ) ) ;
#4655 = CARTESIAN_POINT ( 'NONE',  ( 14.68130741563562225, 0.02000000000000000042, -6.077785870231822152 ) ) ;
#4656 = SURFACE_STYLE_USAGE ( .BOTH. , #1755 ) ;
#4657 = ORIENTED_EDGE ( 'NONE', *, *, #6540, .T. ) ;
#4658 = LINE ( 'NONE', #674, #554 ) ;
#4659 = EDGE_CURVE ( 'NONE', #5094, #469, #846, .T. ) ;
#4660 = CARTESIAN_POINT ( 'NONE',  ( 15.90000000000000746, 0.000000000000000000, -10.15000000000000213 ) ) ;
#4661 =( NAMED_UNIT ( * ) SI_UNIT ( $, .STERADIAN. ) SOLID_ANGLE_UNIT ( ) );
#4662 = CIRCLE ( 'NONE', #6474, 0.2500000000000002220 ) ;
#4663 = CARTESIAN_POINT ( 'NONE',  ( 13.01714444314553099, 0.02000000000000000042, -5.529497384985831765 ) ) ;
#4664 = CARTESIAN_POINT ( 'NONE',  ( 12.92986636977649262, 1.355252715606880080E-17, 6.173788666110158196 ) ) ;
#4665 = CARTESIAN_POINT ( 'NONE',  ( 13.28412334279778406, 1.355252715606880080E-17, -5.593179602151242769 ) ) ;
#4666 = CARTESIAN_POINT ( 'NONE',  ( -14.13771721535730386, 0.02000000000000000042, -5.368934874466847695 ) ) ;
#4667 = ORIENTED_EDGE ( 'NONE', *, *, #4649, .F. ) ;
#4668 = DIRECTION ( 'NONE',  ( 0.000000000000000000, -1.000000000000000000, -0.000000000000000000 ) ) ;
#4669 = SURFACE_STYLE_USAGE ( .BOTH. , #4711 ) ;
#4670 = ADVANCED_FACE ( 'NONE', ( #7252 ), #5580, .T. ) ;
#4671 = DIRECTION ( 'NONE',  ( 0.000000000000000000, -1.000000000000000000, -0.000000000000000000 ) ) ;
#4672 = DIRECTION ( 'NONE',  ( 0.000000000000000000, 0.000000000000000000, -1.000000000000000000 ) ) ;
#4673 = ORIENTED_EDGE ( 'NONE', *, *, #3194, .F. ) ;
#4674 = CARTESIAN_POINT ( 'NONE',  ( 13.19873365696637357, 1.355252715606880080E-17, 6.652265571212817363 ) ) ;
#4675 = ORIENTED_EDGE ( 'NONE', *, *, #2197, .F. ) ;
#4676 = EDGE_LOOP ( 'NONE', ( #176, #7408, #1110, #5434 ) ) ;
#4677 = DIRECTION ( 'NONE',  ( 0.000000000000000000, -1.000000000000000000, -0.000000000000000000 ) ) ;
#4678 = CIRCLE ( 'NONE', #4797, 0.2499999999999993616 ) ;
#4679 = CARTESIAN_POINT ( 'NONE',  ( -14.01732727700285253, 2.032879073410320197E-17, -6.392718402187909099 ) ) ;
#4680 = EDGE_CURVE ( 'NONE', #3954, #732, #3283, .T. ) ;
#4681 = EDGE_CURVE ( 'NONE', #6605, #865, #4946, .T. ) ;
#4682 = FACE_OUTER_BOUND ( 'NONE', #4474, .T. ) ;
#4683 = CARTESIAN_POINT ( 'NONE',  ( -13.99956835436645441, 0.000000000000000000, -5.385917482223007369 ) ) ;
#4684 = FACE_OUTER_BOUND ( 'NONE', #3130, .T. ) ;
#4685 = CIRCLE ( 'NONE', #6847, 0.2999999999999996003 ) ;
#4686 = CARTESIAN_POINT ( 'NONE',  ( -14.44215808513266630, 0.000000000000000000, 10.15000000000000391 ) ) ;
#4687 = VERTEX_POINT ( 'NONE', #1476 ) ;
#4688 = B_SPLINE_SURFACE_WITH_KNOTS ( 'NONE', 3, 1, ( 
 ( #5952, #724 ),
 ( #3049, #3122 ),
 ( #7010, #158 ),
 ( #2389, #4708 ),
 ( #5425, #4855 ),
 ( #4781, #4208 ),
 ( #7086, #1962 ),
 ( #4279, #647 ),
 ( #761, #6590 ),
 ( #1805, #4139 ),
 ( #6444, #4931 ),
 ( #6738, #2610 ),
 ( #867, #6095 ),
 ( #2574, #3265 ),
 ( #5007, #3190 ),
 ( #5042, #1430 ),
 ( #7277, #7194 ),
 ( #7357, #4356 ),
 ( #5569, #1996 ) ),
 .UNSPECIFIED., .F., .F., .F.,
 ( 4, 1, 1, 1, 1, 1, 1, 1, 1, 1, 1, 1, 1, 1, 1, 1, 4 ),
 ( 2, 2 ),
 ( 0.000000000000000000, 0.07411266103589370102, 0.1436507190320160110, 0.2100516928803514982, 0.2733649034018880153, 0.3349952740509110072, 0.3954468596327579966, 0.4559474902146560260, 0.5173725358256869855, 0.5790599188556799781, 0.6394314938812990512, 0.6987549640328690748, 0.7576826860457229751, 0.8173053891001100801, 0.8771506171663179252, 0.9376149219385280231, 1.000000000000000000 ),
 ( 0.000000000000000000, 1.000000000000000000 ),
 .UNSPECIFIED. ) ;
#4689 = CIRCLE ( 'NONE', #5647, 0.2999999999999999334 ) ;
#4690 = CARTESIAN_POINT ( 'NONE',  ( 13.22344149228156951, 0.000000000000000000, 6.375632078345628173 ) ) ;
#4691 = DIRECTION ( 'NONE',  ( 0.000000000000000000, -1.000000000000000000, 0.000000000000000000 ) ) ;
#4692 = DIRECTION ( 'NONE',  ( 0.000000000000000000, -1.000000000000000000, -0.000000000000000000 ) ) ;
#4693 = DIRECTION ( 'NONE',  ( 0.000000000000000000, 0.000000000000000000, -1.000000000000000000 ) ) ;
#4694 = COLOUR_RGB ( '',1.000000000000000000, 0.7725490196078431682, 0.000000000000000000 ) ;
#4695 = CARTESIAN_POINT ( 'NONE',  ( -13.85755576975670600, 0.02000000000000000042, -5.467735359676828999 ) ) ;
#4696 = ORIENTED_EDGE ( 'NONE', *, *, #277, .F. ) ;
#4697 = CARTESIAN_POINT ( 'NONE',  ( 13.97457722882667497, 0.02000000000000000042, -5.322801644473612370 ) ) ;
#4698 = UNCERTAINTY_MEASURE_WITH_UNIT (LENGTH_MEASURE( 1.000000000000000082E-05 ), #7129, 'distance_accuracy_value', 'NONE');
#4699 =( LENGTH_UNIT ( ) NAMED_UNIT ( * ) SI_UNIT ( .MILLI., .METRE. ) );
#4700 = CARTESIAN_POINT ( 'NONE',  ( 15.60004569145308828, 0.000000000000000000, -10.15000000000000213 ) ) ;
#4701 = CARTESIAN_POINT ( 'NONE',  ( 13.27792898934128552, 0.000000000000000000, 6.808124569814728133 ) ) ;
#4702 = CARTESIAN_POINT ( 'NONE',  ( 14.33231409882431073, 1.355252715606880080E-17, 6.135535085960972523 ) ) ;
#4703 = DIRECTION ( 'NONE',  ( 0.000000000000000000, -1.000000000000000000, -0.000000000000000000 ) ) ;
#4704 = CARTESIAN_POINT ( 'NONE',  ( 14.68870544269261735, 0.000000000000000000, -6.390685487485401772 ) ) ;
#4705 = VECTOR ( 'NONE', #4760, 1000.000000000000000 ) ;
#4706 = CARTESIAN_POINT ( 'NONE',  ( 13.81546224656563027, 0.02000000000000000042, 6.387854239559042746 ) ) ;
#4707 = ORIENTED_EDGE ( 'NONE', *, *, #4417, .T. ) ;
#4708 = CARTESIAN_POINT ( 'NONE',  ( 14.34083553553060497, 1.355252715606880080E-17, 6.800662181466258005 ) ) ;
#4709 = VECTOR ( 'NONE', #2521, 1000.000000000000000 ) ;
#4710 = CARTESIAN_POINT ( 'NONE',  ( -14.31814254702465483, 0.02000000000000000042, 6.654127248287011298 ) ) ;
#4711 = SURFACE_SIDE_STYLE ('',( #496 ) ) ;
#4712 =( LENGTH_UNIT ( ) NAMED_UNIT ( * ) SI_UNIT ( .MILLI., .METRE. ) );
#4713 =( GEOMETRIC_REPRESENTATION_CONTEXT ( 3 ) GLOBAL_UNCERTAINTY_ASSIGNED_CONTEXT ( ( #1199 ) ) GLOBAL_UNIT_ASSIGNED_CONTEXT ( ( #6715, #915, #389 ) ) REPRESENTATION_CONTEXT ( 'NONE', 'WORKASPACE' ) );
#4714 = CARTESIAN_POINT ( 'NONE',  ( -3.840000000000053593, 0.02000000000000000042, 7.609999999999875087 ) ) ;
#4715 = ORIENTED_EDGE ( 'NONE', *, *, #4103, .T. ) ;
#4716 = DIRECTION ( 'NONE',  ( 0.000000000000000000, -1.000000000000000000, -0.000000000000000000 ) ) ;
#4717 = ORIENTED_EDGE ( 'NONE', *, *, #2213, .F. ) ;
#4718 = ORIENTED_EDGE ( 'NONE', *, *, #5189, .F. ) ;
#4719 = CARTESIAN_POINT ( 'NONE',  ( 14.07064822765927126, 0.02000000000000000042, 6.442845878656438430 ) ) ;
#4720 = AXIS2_PLACEMENT_3D ( 'NONE', #3744, #3814, #4303 ) ;
#4721 = CARTESIAN_POINT ( 'NONE',  ( -13.85000821845915198, 2.032879073410320197E-17, -6.185962563725999175 ) ) ;
#4722 = CARTESIAN_POINT ( 'NONE',  ( 14.24605171439455376, 0.000000000000000000, 6.808124569814728133 ) ) ;
#4723 =( LENGTH_UNIT ( ) NAMED_UNIT ( * ) SI_UNIT ( .MILLI., .METRE. ) );
#4724 = CARTESIAN_POINT ( 'NONE',  ( -13.72776602267490453, 0.02000000000000000042, -6.909926085404358709 ) ) ;
#4725 = DIRECTION ( 'NONE',  ( -2.499138105746286738E-16, -0.000000000000000000, 1.000000000000000000 ) ) ;
#4726 = EDGE_LOOP ( 'NONE', ( #467, #6792 ) ) ;
#4727 = ORIENTED_EDGE ( 'NONE', *, *, #6876, .F. ) ;
#4728 = CARTESIAN_POINT ( 'NONE',  ( 13.92572583648905926, 0.02000000000000000042, -6.487680066422091940 ) ) ;
#4729 = CARTESIAN_POINT ( 'NONE',  ( 14.38420057538538899, 0.02000000000000000042, 6.791141962058567572 ) ) ;
#4730 = CARTESIAN_POINT ( 'NONE',  ( 14.26394279577095858, 0.02000000000000000042, -5.994090097810672368 ) ) ;
#4731 = CARTESIAN_POINT ( 'NONE',  ( 14.65086532624831861, 0.000000000000000000, -5.451387495179391252 ) ) ;
#4732 = CARTESIAN_POINT ( 'NONE',  ( 14.42364812658075657, 0.000000000000000000, -5.536149094440222740 ) ) ;
#4733 = ORIENTED_EDGE ( 'NONE', *, *, #5876, .T. ) ;
#4734 = CARTESIAN_POINT ( 'NONE',  ( 13.99728165941696822, 2.710505431213759852E-17, -5.293492998226490442 ) ) ;
#4735 = DIRECTION ( 'NONE',  ( 0.000000000000000000, 0.000000000000000000, -1.000000000000000000 ) ) ;
#4736 = AXIS2_PLACEMENT_3D ( 'NONE', #125, #1318, #4173 ) ;
#4737 = CARTESIAN_POINT ( 'NONE',  ( 13.87454973076627063, 0.02000000000000000042, 5.552179463120667791 ) ) ;
#4738 = CARTESIAN_POINT ( 'NONE',  ( 14.65600290707699216, 0.02000000000000000042, 5.527300706178363221 ) ) ;
#4739 = CARTESIAN_POINT ( 'NONE',  ( 14.22721453308334638, 1.355252715606880080E-17, 6.567379241010187663 ) ) ;
#4740 = CARTESIAN_POINT ( 'NONE',  ( 14.41584843264517346, 1.355252715606880080E-17, 6.364401654165313005 ) ) ;
#4741 = STYLED_ITEM ( 'NONE', ( #2558 ), #2151 ) ;
#4742 = ADVANCED_BREP_SHAPE_REPRESENTATION ( 'ten6win_single_3d_drawing', ( #4380, #6146 ), #4220 ) ;
#4743 = CARTESIAN_POINT ( 'NONE',  ( 14.48448213910024940, 0.000000000000000000, -6.679954163845392756 ) ) ;
#4744 = EDGE_CURVE ( 'NONE', #308, #4156, #7347, .T. ) ;
#4745 = CARTESIAN_POINT ( 'NONE',  ( 14.43472045104788748, 1.355252715606880080E-17, -6.135584057066612473 ) ) ;
#4746 = VERTEX_POINT ( 'NONE', #4441 ) ;
#4747 = LINE ( 'NONE', #4172, #544 ) ;
#4748 = CARTESIAN_POINT ( 'NONE',  ( -14.16205382016630487, 1.355252715606880080E-17, 6.794222496495766705 ) ) ;
#4749 = DIRECTION ( 'NONE',  ( 0.000000000000000000, -1.000000000000000000, -0.000000000000000000 ) ) ;
#4750 = CARTESIAN_POINT ( 'NONE',  ( 14.69780816437837068, 0.02000000000000000042, -6.342899462098562147 ) ) ;
#4751 =( NAMED_UNIT ( * ) PLANE_ANGLE_UNIT ( ) SI_UNIT ( $, .RADIAN. ) );
#4752 = EDGE_LOOP ( 'NONE', ( #7009, #1803 ) ) ;
#4753 = DIRECTION ( 'NONE',  ( 1.000000000000000000, 0.000000000000000000, -1.174997428309413820E-16 ) ) ;
#4754 = VERTEX_POINT ( 'NONE', #2587 ) ;
#4755 = EDGE_CURVE ( 'NONE', #865, #4488, #4903, .T. ) ;
#4756 = VERTEX_POINT ( 'NONE', #2201 ) ;
#4757 = DIRECTION ( 'NONE',  ( 0.000000000000000000, -1.000000000000000000, -0.000000000000000000 ) ) ;
#4758 = EDGE_CURVE ( 'NONE', #3809, #6491, #2857, .T. ) ;
#4759 = STYLED_ITEM ( 'NONE', ( #5017 ), #815 ) ;
#4760 = DIRECTION ( 'NONE',  ( -1.000000000000000000, 0.000000000000000000, 1.174997428309413820E-16 ) ) ;
#4761 = LINE ( 'NONE', #5329, #6997 ) ;
#4762 = CARTESIAN_POINT ( 'NONE',  ( -13.86361159322360592, 0.02000000000000000042, 6.978629557162696173 ) ) ;
#4763 = ORIENTED_EDGE ( 'NONE', *, *, #5315, .T. ) ;
#4764 = VERTEX_POINT ( 'NONE', #3358 ) ;
#4765 = AXIS2_PLACEMENT_3D ( 'NONE', #3761, #6059, #870 ) ;
#4766 = FILL_AREA_STYLE_COLOUR ( '', #594 ) ;
#4767 = CARTESIAN_POINT ( 'NONE',  ( -8.920000000000054996, -4.100000000000000533, 7.859999999999841336 ) ) ;
#4768 = LINE ( 'NONE', #3675, #6137 ) ;
#4769 = ORIENTED_EDGE ( 'NONE', *, *, #5628, .F. ) ;
#4770 = CARTESIAN_POINT ( 'NONE',  ( -13.60768878545895610, 0.000000000000000000, -6.589720119495258821 ) ) ;
#4771 = UNCERTAINTY_MEASURE_WITH_UNIT (LENGTH_MEASURE( 1.000000000000000082E-05 ), #1140, 'distance_accuracy_value', 'NONE');
#4772 = LINE ( 'NONE', #7075, #1174 ) ;
#4773 = CARTESIAN_POINT ( 'NONE',  ( 13.98706521463594044, 1.355252715606880080E-17, 5.726027571641468583 ) ) ;
#4774 = CARTESIAN_POINT ( 'NONE',  ( 14.30619017925580394, 1.355252715606880080E-17, -5.414309055619340505 ) ) ;
#4775 = CARTESIAN_POINT ( 'NONE',  ( 14.16484899910689776, 1.355252715606880080E-17, 6.555703306810642950 ) ) ;
#4776 = EDGE_CURVE ( 'NONE', #5844, #6947, #2819, .T. ) ;
#4777 = CARTESIAN_POINT ( 'NONE',  ( -14.15780205919675439, 0.02000000000000000042, -6.554307129788709219 ) ) ;
#4778 = DIRECTION ( 'NONE',  ( 0.000000000000000000, 0.000000000000000000, -1.000000000000000000 ) ) ;
#4779 = CARTESIAN_POINT ( 'NONE',  ( 14.42054704185722080, 1.355252715606880080E-17, -6.093609078583901884 ) ) ;
#4780 = ORIENTED_EDGE ( 'NONE', *, *, #5782, .F. ) ;
#4781 = CARTESIAN_POINT ( 'NONE',  ( 14.42418803694869034, 0.02000000000000000042, 6.776333530630102686 ) ) ;
#4782 = CARTESIAN_POINT ( 'NONE',  ( -14.06092601166955802, 1.355252715606880080E-17, 6.978629557162696173 ) ) ;
#4783 = DIRECTION ( 'NONE',  ( 0.000000000000000000, 0.000000000000000000, -1.000000000000000000 ) ) ;
#4784 = CARTESIAN_POINT ( 'NONE',  ( -14.01732727700285253, 0.000000000000000000, -6.392718402187909099 ) ) ;
#4785 = ORIENTED_EDGE ( 'NONE', *, *, #5929, .F. ) ;
#4786 = CARTESIAN_POINT ( 'NONE',  ( 14.28726859537235683, 0.000000000000000000, -5.993437059537591871 ) ) ;
#4787 = ORIENTED_EDGE ( 'NONE', *, *, #321, .F. ) ;
#4788 = VERTEX_POINT ( 'NONE', #2898 ) ;
#4789 = DIRECTION ( 'NONE',  ( -1.174997428309413820E-16, 0.000000000000000000, -1.000000000000000000 ) ) ;
#4790 = VECTOR ( 'NONE', #2092, 1000.000000000000000 ) ;
#4791 = CARTESIAN_POINT ( 'NONE',  ( 14.00946528512769262, 0.02000000000000000042, 6.751597676393307879 ) ) ;
#4792 = CARTESIAN_POINT ( 'NONE',  ( 14.05561672099744719, 0.000000000000000000, 6.347828493820408369 ) ) ;
#4793 = CARTESIAN_POINT ( 'NONE',  ( -13.74191478459535354, 0.000000000000000000, -5.676549834799337724 ) ) ;
#4794 = DIRECTION ( 'NONE',  ( 0.000000000000000000, -1.000000000000000000, -0.000000000000000000 ) ) ;
#4795 = CARTESIAN_POINT ( 'NONE',  ( -14.17526287637725524, 0.000000000000000000, 6.488058543138246037 ) ) ;
#4796 = ORIENTED_EDGE ( 'NONE', *, *, #7304, .T. ) ;
#4797 = AXIS2_PLACEMENT_3D ( 'NONE', #6509, #1307, #1155 ) ;
#4798 = ORIENTED_EDGE ( 'NONE', *, *, #6748, .F. ) ;
#4799 = CARTESIAN_POINT ( 'NONE',  ( 13.88958226483438985, 0.02000000000000000042, -6.360537521157482388 ) ) ;
#4800 = CARTESIAN_POINT ( 'NONE',  ( -14.42397203356450319, 0.02000000000000000042, 6.338217625344515938 ) ) ;
#4801 = AXIS2_PLACEMENT_3D ( 'NONE', #5409, #4372, #6110 ) ;
#4802 = CARTESIAN_POINT ( 'NONE',  ( 14.26394279577095858, 1.355252715606880080E-17, -5.994090097810672368 ) ) ;
#4803 = CARTESIAN_POINT ( 'NONE',  ( 13.27792898934128552, 0.02000000000000000042, 6.808124569814728133 ) ) ;
#4804 = CARTESIAN_POINT ( 'NONE',  ( -11.46000000000005592, 0.000000000000000000, 7.609999999999820908 ) ) ;
#4805 = ORIENTED_EDGE ( 'NONE', *, *, #2169, .F. ) ;
#4806 = CARTESIAN_POINT ( 'NONE',  ( 14.44486996921823696, 0.02000000000000000042, -6.235155039662332754 ) ) ;
#4807 = CARTESIAN_POINT ( 'NONE',  ( 11.40000000000000391, 0.000000000000000000, -7.610000000000022524 ) ) ;
#4808 = DIRECTION ( 'NONE',  ( -1.000000000000000000, 0.000000000000000000, 1.174997428309413820E-16 ) ) ;
#4809 = CIRCLE ( 'NONE', #1888, 0.2500000000000002220 ) ;
#4810 = DIRECTION ( 'NONE',  ( 0.000000000000000000, -1.000000000000000000, -0.000000000000000000 ) ) ;
#4811 = CARTESIAN_POINT ( 'NONE',  ( 14.05717621245918103, 1.355252715606880080E-17, 6.365087324772478183 ) ) ;
#4812 = CARTESIAN_POINT ( 'NONE',  ( 14.38513650342679995, 1.355252715606880080E-17, 6.221721085168573140 ) ) ;
#4813 = CARTESIAN_POINT ( 'NONE',  ( 14.67520857271508561, 0.000000000000000000, -6.436258399384683138 ) ) ;
#4814 = EDGE_CURVE ( 'NONE', #2660, #7176, #711, .T. ) ;
#4815 = DIRECTION ( 'NONE',  ( -1.000000000000000000, 0.000000000000000000, 1.174997428309413820E-16 ) ) ;
#4816 = ORIENTED_EDGE ( 'NONE', *, *, #5628, .T. ) ;
#4817 = CARTESIAN_POINT ( 'NONE',  ( -13.08735409085670476, 0.000000000000000000, -6.909926085404358709 ) ) ;
#4818 = AXIS2_PLACEMENT_3D ( 'NONE', #4200, #6510, #1308 ) ;
#4819 = CARTESIAN_POINT ( 'NONE',  ( 15.42714915879748183, 9.900000000000000355, -9.677149158797481832 ) ) ;
#4820 =( NAMED_UNIT ( * ) PLANE_ANGLE_UNIT ( ) SI_UNIT ( $, .RADIAN. ) );
#4821 = CARTESIAN_POINT ( 'NONE',  ( 14.51876505809151929, 1.355252715606880080E-17, -6.655670105257762259 ) ) ;
#4822 = VERTEX_POINT ( 'NONE', #5126 ) ;
#4823 = VECTOR ( 'NONE', #485, 1000.000000000000000 ) ;
#4824 = CARTESIAN_POINT ( 'NONE',  ( 14.49923332873823334, 0.02000000000000000042, -5.861295625986701729 ) ) ;
#4825 = ORIENTED_EDGE ( 'NONE', *, *, #1912, .F. ) ;
#4826 = ORIENTED_EDGE ( 'NONE', *, *, #1328, .T. ) ;
#4827 = PRESENTATION_STYLE_ASSIGNMENT (( #2516 ) ) ;
#4828 = EDGE_CURVE ( 'NONE', #2730, #2288, #1808, .T. ) ;
#4829 = CARTESIAN_POINT ( 'NONE',  ( -14.17547640869855563, 6.776263578034400401E-18, -6.576310221846689785 ) ) ;
#4830 = CARTESIAN_POINT ( 'NONE',  ( -14.01533662107370404, 1.355252715606880080E-17, -5.985261744803919370 ) ) ;
#4831 =( LENGTH_UNIT ( ) NAMED_UNIT ( * ) SI_UNIT ( .MILLI., .METRE. ) );
#4832 = CARTESIAN_POINT ( 'NONE',  ( -1.300000000000006040, 0.02000000000000000042, -7.610000000000099796 ) ) ;
#4833 = LINE ( 'NONE', #101, #3256 ) ;
#4834 = B_SPLINE_CURVE_WITH_KNOTS ( 'NONE', 3,
 ( #1422, #4961, #2139, #4381, #4459, #3822, #1526, #7348, #3218, #7307, #7230, #5033, #5486, #6656, #295 ),
 .UNSPECIFIED., .F., .F.,
 ( 4, 1, 1, 1, 1, 1, 1, 1, 1, 1, 1, 1, 4 ),
 ( 0.000000000000000000, 0.1002236266426686090, 0.2001749505460100054, 0.2998639334848815508, 0.4008683731365195180, 0.4545499337922390137, 0.5143828091139079906, 0.5800153043773640382, 0.6515740227081510128, 0.7295439188579119216, 0.8133326772065809784, 0.9035606845620299810, 1.000000000000000000 ),
 .UNSPECIFIED. ) ;
#4835 = ORIENTED_EDGE ( 'NONE', *, *, #3347, .T. ) ;
#4836 = VERTEX_POINT ( 'NONE', #2278 ) ;
#4837 =( LENGTH_UNIT ( ) NAMED_UNIT ( * ) SI_UNIT ( .MILLI., .METRE. ) );
#4838 = AXIS2_PLACEMENT_3D ( 'NONE', #5753, #1082, #2808 ) ;
#4839 = CARTESIAN_POINT ( 'NONE',  ( 14.36794548912679659, 0.02000000000000000042, -5.706690115456901857 ) ) ;
#4840 = CARTESIAN_POINT ( 'NONE',  ( 14.19424155937470466, 0.02000000000000000042, -6.012236514608062521 ) ) ;
#4841 = DIRECTION ( 'NONE',  ( 0.000000000000000000, -1.000000000000000000, -0.000000000000000000 ) ) ;
#4842 = ORIENTED_EDGE ( 'NONE', *, *, #2411, .T. ) ;
#4843 = LINE ( 'NONE', #2054, #7459 ) ;
#4844 = PRODUCT_DEFINITION ( 'UNKNOWN', '', #2894, #7427 ) ;
#4845 = DIRECTION ( 'NONE',  ( 0.000000000000000000, -1.000000000000000000, 0.000000000000000000 ) ) ;
#4846 = EDGE_CURVE ( 'NONE', #5790, #1253, #5069, .T. ) ;
#4847 = CARTESIAN_POINT ( 'NONE',  ( 1.239999999999946034, 0.02000000000000000042, 7.859999999999910614 ) ) ;
#4848 = CARTESIAN_POINT ( 'NONE',  ( 14.42444271225915919, 0.02000000000000000042, -5.558423434741592395 ) ) ;
#4849 = ADVANCED_FACE ( 'NONE', ( #1065 ), #3430, .T. ) ;
#4850 = CARTESIAN_POINT ( 'NONE',  ( 14.06011582049270636, 0.02000000000000000042, 6.397619851792248014 ) ) ;
#4851 = CARTESIAN_POINT ( 'NONE',  ( -14.04490659361465532, 0.02000000000000000042, -6.423307264729717581 ) ) ;
#4852 = DIRECTION ( 'NONE',  ( -1.174997428309413820E-16, 0.000000000000000000, -1.000000000000000000 ) ) ;
#4853 = DIRECTION ( 'NONE',  ( 0.000000000000000000, -1.000000000000000000, -0.000000000000000000 ) ) ;
#4854 = ORIENTED_EDGE ( 'NONE', *, *, #1360, .F. ) ;
#4855 = CARTESIAN_POINT ( 'NONE',  ( 14.38420057538538899, 1.355252715606880080E-17, 6.791141962058567572 ) ) ;
#4856 = DIRECTION ( 'NONE',  ( 1.000000000000000000, 0.000000000000000000, -5.782411586589358033E-15 ) ) ;
#4857 = EDGE_CURVE ( 'NONE', #3198, #2660, #537, .T. ) ;
#4858 = FILL_AREA_STYLE_COLOUR ( '', #6568 ) ;
#4859 = CARTESIAN_POINT ( 'NONE',  ( 14.63660113202530688, 1.355252715606880080E-17, -6.520466270162281752 ) ) ;
#4860 = CARTESIAN_POINT ( 'NONE',  ( -14.10376606765545660, 0.02000000000000000042, 6.558359226907016115 ) ) ;
#4861 = ORIENTED_EDGE ( 'NONE', *, *, #6255, .T. ) ;
#4862 = ORIENTED_EDGE ( 'NONE', *, *, #5674, .T. ) ;
#4863 =( NAMED_UNIT ( * ) SI_UNIT ( $, .STERADIAN. ) SOLID_ANGLE_UNIT ( ) );
#4864 = CARTESIAN_POINT ( 'NONE',  ( 14.24073579503864018, 0.02000000000000000042, 6.567970095382907658 ) ) ;
#4865 = EDGE_CURVE ( 'NONE', #4616, #1695, #2741, .T. ) ;
#4866 = EDGE_CURVE ( 'NONE', #5790, #3864, #466, .T. ) ;
#4867 = CARTESIAN_POINT ( 'NONE',  ( 14.37668904395337677, 0.02000000000000000042, 5.795777942856428666 ) ) ;
#4868 = CARTESIAN_POINT ( 'NONE',  ( 13.96423874525781805, 0.000000000000000000, -6.560015095901742477 ) ) ;
#4869 = EDGE_LOOP ( 'NONE', ( #1099, #3008 ) ) ;
#4870 = ORIENTED_EDGE ( 'NONE', *, *, #5202, .F. ) ;
#4871 = FILL_AREA_STYLE_COLOUR ( '', #2654 ) ;
#4872 = EDGE_CURVE ( 'NONE', #2165, #1485, #6281, .T. ) ;
#4873 = STYLED_ITEM ( 'NONE', ( #2260 ), #2931 ) ;
#4874 =( GEOMETRIC_REPRESENTATION_CONTEXT ( 3 ) GLOBAL_UNCERTAINTY_ASSIGNED_CONTEXT ( ( #5074 ) ) GLOBAL_UNIT_ASSIGNED_CONTEXT ( ( #350, #2745, #7369 ) ) REPRESENTATION_CONTEXT ( 'NONE', 'WORKASPACE' ) );
#4875 = B_SPLINE_CURVE_WITH_KNOTS ( 'NONE', 3,
 ( #4239, #5421, #1956, #6551, #7080, #1313, #3643, #1348, #679, #5869, #1271, #2536, #4275 ),
 .UNSPECIFIED., .F., .F.,
 ( 4, 1, 1, 1, 1, 1, 1, 1, 1, 1, 4 ),
 ( 0.000000000000000000, 0.1297038254702762017, 0.2472825098896470064, 0.3534584971290394839, 0.4474279189341949792, 0.5292832013463610874, 0.5990344773959770386, 0.6574432517947049748, 0.7036342243043829381, 0.8573839243483369899, 1.000000000000000000 ),
 .UNSPECIFIED. ) ;
#4876 = CARTESIAN_POINT ( 'NONE',  ( 14.42485709634891933, 1.355252715606880080E-17, -5.570039717896082543 ) ) ;
#4877 =( LENGTH_UNIT ( ) NAMED_UNIT ( * ) SI_UNIT ( .MILLI., .METRE. ) );
#4878 = DIRECTION ( 'NONE',  ( 0.000000000000000000, -1.000000000000000000, -0.000000000000000000 ) ) ;
#4879 = EDGE_CURVE ( 'NONE', #1994, #3522, #7159, .T. ) ;
#4880 = MECHANICAL_DESIGN_GEOMETRIC_PRESENTATION_REPRESENTATION (  '', ( #2826 ), #2576 ) ;
#4881 = VERTEX_POINT ( 'NONE', #803 ) ;
#4882 = CARTESIAN_POINT ( 'NONE',  ( 14.36794548912679659, 0.02000000000000000042, -5.706690115456901857 ) ) ;
#4883 = CARTESIAN_POINT ( 'NONE',  ( -14.29775885924130563, 0.000000000000000000, -5.695475477939758058 ) ) ;
#4884 = CARTESIAN_POINT ( 'NONE',  ( 14.25253332950675933, 1.355252715606880080E-17, 5.655269395486352657 ) ) ;
#4885 = CARTESIAN_POINT ( 'NONE',  ( 13.52427781722960098, 0.02000000000000000042, -6.713900482833050631 ) ) ;
#4886 = CARTESIAN_POINT ( 'NONE',  ( -14.18212486518920379, 0.02000000000000000042, -5.369810718512077585 ) ) ;
#4887 = EDGE_CURVE ( 'NONE', #732, #5763, #6974, .T. ) ;
#4888 = CARTESIAN_POINT ( 'NONE',  ( 14.24387751639817346, 1.016439536705160099E-17, -5.414774330569292360 ) ) ;
#4889 = CARTESIAN_POINT ( 'NONE',  ( -14.02389400091310634, 0.02000000000000000042, -6.000591174404708461 ) ) ;
#4890 = ORIENTED_EDGE ( 'NONE', *, *, #1577, .F. ) ;
#4891 = CYLINDRICAL_SURFACE ( 'NONE', #2852, 0.2499999999999993616 ) ;
#4892 = ADVANCED_FACE ( 'NONE', ( #689 ), #5995, .T. ) ;
#4893 = CARTESIAN_POINT ( 'NONE',  ( 14.26281851468563389, 0.02000000000000000042, 6.048859384755512991 ) ) ;
#4894 = CARTESIAN_POINT ( 'NONE',  ( -14.56830668318625577, 0.000000000000000000, -5.789205204722538411 ) ) ;
#4895 = CARTESIAN_POINT ( 'NONE',  ( -14.00000000000000711, 0.000000000000000000, -7.860000000000200160 ) ) ;
#4896 = VERTEX_POINT ( 'NONE', #5278 ) ;
#4897 = ORIENTED_EDGE ( 'NONE', *, *, #5611, .F. ) ;
#4898 = CARTESIAN_POINT ( 'NONE',  ( -14.07077274939420697, 0.000000000000000000, -6.066732517491698395 ) ) ;
#4899 = CARTESIAN_POINT ( 'NONE',  ( 13.47524340778721985, 0.02000000000000000042, 6.808124569814728133 ) ) ;
#4900 = EDGE_CURVE ( 'NONE', #1459, #6219, #1006, .T. ) ;
#4901 = CARTESIAN_POINT ( 'NONE',  ( 12.93215358475282706, 0.000000000000000000, 6.435555814411813458 ) ) ;
#4902 = DIRECTION ( 'NONE',  ( 0.000000000000000000, 0.000000000000000000, -1.000000000000000000 ) ) ;
#4903 = LINE ( 'NONE', #2626, #1306 ) ;
#4904 = VERTEX_POINT ( 'NONE', #4110 ) ;
#4905 = ORIENTED_EDGE ( 'NONE', *, *, #2515, .T. ) ;
#4906 = ORIENTED_EDGE ( 'NONE', *, *, #5426, .T. ) ;
#4907 = CARTESIAN_POINT ( 'NONE',  ( 13.93999999999995332, 0.02000000000000000042, 7.359999999999993214 ) ) ;
#4908 = AXIS2_PLACEMENT_3D ( 'NONE', #5542, #2040, #2665 ) ;
#4909 = EDGE_CURVE ( 'NONE', #6347, #625, #1242, .T. ) ;
#4910 = FACE_OUTER_BOUND ( 'NONE', #7341, .T. ) ;
#4911 = ADVANCED_FACE ( 'NONE', ( #4248 ), #1320, .T. ) ;
#4912 = B_SPLINE_CURVE_WITH_KNOTS ( 'NONE', 3,
 ( #5969, #3549, #1822, #1293, #7101, #2986, #2943 ),
 .UNSPECIFIED., .F., .F.,
 ( 4, 1, 1, 1, 4 ),
 ( 0.000000000000000000, 0.2808356210569329936, 0.5364793245084770179, 0.7722880091023510696, 1.000000000000000000 ),
 .UNSPECIFIED. ) ;
#4913 = CARTESIAN_POINT ( 'NONE',  ( -13.05608397699840673, 0.000000000000000000, -5.368934874466847695 ) ) ;
#4914 = CARTESIAN_POINT ( 'NONE',  ( 14.31795174937210824, 0.02000000000000000042, -6.491232380535731927 ) ) ;
#4915 = DIRECTION ( 'NONE',  ( 2.601850211772690486E-16, 0.01745240643728355329, 0.9998476951563912696 ) ) ;
#4916 = CIRCLE ( 'NONE', #1620, 0.2499999999999993616 ) ;
#4917 = CARTESIAN_POINT ( 'NONE',  ( -13.72776602267490453, 0.000000000000000000, -5.797335434325698422 ) ) ;
#4918 = VERTEX_POINT ( 'NONE', #6560 ) ;
#4919 = CARTESIAN_POINT ( 'NONE',  ( 14.29626214590372690, 0.02000000000000000042, -6.492915423375080763 ) ) ;
#4920 = LINE ( 'NONE', #3818, #6765 ) ;
#4921 = VECTOR ( 'NONE', #4168, 1000.000000000000000 ) ;
#4922 = CARTESIAN_POINT ( 'NONE',  ( 14.23763584218953504, 1.355252715606880080E-17, 5.637812562844873199 ) ) ;
#4923 = DIRECTION ( 'NONE',  ( 1.000000000000000000, 0.000000000000000000, -1.174997428309413820E-16 ) ) ;
#4924 = PRESENTATION_STYLE_ASSIGNMENT (( #2723 ) ) ;
#4925 = DIRECTION ( 'NONE',  ( 0.000000000000000000, -1.000000000000000000, -0.000000000000000000 ) ) ;
#4926 = DIRECTION ( 'NONE',  ( 0.000000000000000000, 0.000000000000000000, -1.000000000000000000 ) ) ;
#4927 = AXIS2_PLACEMENT_3D ( 'NONE', #144, #2453, #2527 ) ;
#4928 = CARTESIAN_POINT ( 'NONE',  ( -13.08735409085670476, 0.02000000000000000042, -6.589720119495258821 ) ) ;
#4929 = ORIENTED_EDGE ( 'NONE', *, *, #6962, .T. ) ;
#4930 = CARTESIAN_POINT ( 'NONE',  ( -14.45840105868620284, 0.02000000000000000042, -6.537272050013808844 ) ) ;
#4931 = CARTESIAN_POINT ( 'NONE',  ( 14.57725831240680847, 1.355252715606880080E-17, 6.645498431818062990 ) ) ;
#4932 = VECTOR ( 'NONE', #1506, 1000.000000000000000 ) ;
#4933 = AXIS2_PLACEMENT_3D ( 'NONE', #1290, #6386, #7063 ) ;
#4934 = CARTESIAN_POINT ( 'NONE',  ( 14.39029347258223268, 0.02000000000000000042, 6.487747790383238566 ) ) ;
#4935 = CARTESIAN_POINT ( 'NONE',  ( -14.52451386537225453, 0.000000000000000000, -5.601427995797128467 ) ) ;
#4936 = DIRECTION ( 'NONE',  ( 2.499138105746286738E-16, 8.605874026586250188E-34, -1.000000000000000000 ) ) ;
#4937 = CARTESIAN_POINT ( 'NONE',  ( -13.60768878545895610, 0.02000000000000000042, -6.330490875609867452 ) ) ;
#4938 = ORIENTED_EDGE ( 'NONE', *, *, #270, .T. ) ;
#4939 = LINE ( 'NONE', #2159, #442 ) ;
#4940 = DIRECTION ( 'NONE',  ( 0.000000000000000000, -1.000000000000000000, -0.000000000000000000 ) ) ;
#4941 = FILL_AREA_STYLE ('',( #2622 ) ) ;
#4942 = COLOUR_RGB ( '',1.000000000000000000, 0.7725490196078431682, 0.000000000000000000 ) ;
#4943 = DIRECTION ( 'NONE',  ( 0.000000000000000000, -1.000000000000000000, -0.000000000000000000 ) ) ;
#4944 = DIRECTION ( 'NONE',  ( 1.174997428309413820E-16, 0.000000000000000000, 1.000000000000000000 ) ) ;
#4945 =( GEOMETRIC_REPRESENTATION_CONTEXT ( 3 ) GLOBAL_UNCERTAINTY_ASSIGNED_CONTEXT ( ( #7353 ) ) GLOBAL_UNIT_ASSIGNED_CONTEXT ( ( #6251, #4621, #6921 ) ) REPRESENTATION_CONTEXT ( 'NONE', 'WORKASPACE' ) );
#4946 = LINE ( 'NONE', #1405, #6401 ) ;
#4947 = CARTESIAN_POINT ( 'NONE',  ( 14.01463112347034645, 0.000000000000000000, -6.621606337417041743 ) ) ;
#4948 = EDGE_LOOP ( 'NONE', ( #3455, #355 ) ) ;
#4949 = EDGE_LOOP ( 'NONE', ( #2010, #4780 ) ) ;
#4950 = CIRCLE ( 'NONE', #109, 0.2500000000000002220 ) ;
#4951 = CARTESIAN_POINT ( 'NONE',  ( 14.24073579503864018, 0.02000000000000000042, 6.567970095382907658 ) ) ;
#4952 = VECTOR ( 'NONE', #2859, 1000.000000000000000 ) ;
#4953 = SURFACE_SIDE_STYLE ('',( #6684 ) ) ;
#4954 = VECTOR ( 'NONE', #2008, 1000.000000000000000 ) ;
#4955 = CARTESIAN_POINT ( 'NONE',  ( -11.46000000000000618, 1.000000000000000000, -7.360000000000177955 ) ) ;
#4956 = CARTESIAN_POINT ( 'NONE',  ( 14.65864283645421295, 0.02000000000000000042, -6.022549802279941744 ) ) ;
#4957 = EDGE_LOOP ( 'NONE', ( #5614, #3109, #1891, #484 ) ) ;
#4958 = CARTESIAN_POINT ( 'NONE',  ( 14.28539238854085802, 0.000000000000000000, -6.493758881270553118 ) ) ;
#4959 = CARTESIAN_POINT ( 'NONE',  ( 14.28539238854085802, 0.02000000000000000042, -6.493758881270553118 ) ) ;
#4960 = FACE_OUTER_BOUND ( 'NONE', #1449, .T. ) ;
#4961 = CARTESIAN_POINT ( 'NONE',  ( -14.58529173711985294, 0.000000000000000000, -6.884302295697417584 ) ) ;
#4962 = EDGE_CURVE ( 'NONE', #6572, #2823, #5495, .T. ) ;
#4963 = CARTESIAN_POINT ( 'NONE',  ( -14.15273757028110779, 0.02000000000000000042, -5.369231118210147535 ) ) ;
#4964 = ORIENTED_EDGE ( 'NONE', *, *, #6316, .T. ) ;
#4965 = CARTESIAN_POINT ( 'NONE',  ( 14.18579654604175211, 0.02000000000000000042, -5.440948359112802279 ) ) ;
#4966 = PLANE ( 'NONE',  #6199 ) ;
#4967 = ORIENTED_EDGE ( 'NONE', *, *, #2968, .T. ) ;
#4968 = CARTESIAN_POINT ( 'NONE',  ( 14.41529504453981581, 0.000000000000000000, 6.380189753956837961 ) ) ;
#4969 = DIRECTION ( 'NONE',  ( 0.000000000000000000, -1.000000000000000000, -0.000000000000000000 ) ) ;
#4970 = CARTESIAN_POINT ( 'NONE',  ( 15.42714915879748183, 9.900000000000000355, -9.677149158797481832 ) ) ;
#4971 = PLANE ( 'NONE',  #4765 ) ;
#4972 = EDGE_CURVE ( 'NONE', #1921, #1938, #6743, .T. ) ;
#4973 =( LENGTH_UNIT ( ) NAMED_UNIT ( * ) SI_UNIT ( .MILLI., .METRE. ) );
#4974 = EDGE_LOOP ( 'NONE', ( #2266, #6975, #1727, #813 ) ) ;
#4975 = PLANE ( 'NONE',  #83 ) ;
#4976 = AXIS2_PLACEMENT_3D ( 'NONE', #2117, #3839, #6136 ) ;
#4977 = DIRECTION ( 'NONE',  ( -0.007228834559800666713, -0.9998215707699756871, 0.01745195043442244326 ) ) ;
#4978 = LINE ( 'NONE', #7324, #2203 ) ;
#4979 = CARTESIAN_POINT ( 'NONE',  ( -13.96792049710670724, 0.02000000000000000042, -5.812657790116267265 ) ) ;
#4980 = DIRECTION ( 'NONE',  ( 0.000000000000000000, -1.000000000000000000, -0.000000000000000000 ) ) ;
#4981 = CARTESIAN_POINT ( 'NONE',  ( 14.36843230867816423, 0.02000000000000000042, 6.191797699477653794 ) ) ;
#4982 = EDGE_CURVE ( 'NONE', #3921, #2212, #4993, .T. ) ;
#4983 = CIRCLE ( 'NONE', #5948, 0.2499999999999993616 ) ;
#4984 = VERTEX_POINT ( 'NONE', #4432 ) ;
#4985 = VERTEX_POINT ( 'NONE', #345 ) ;
#4986 = EDGE_CURVE ( 'NONE', #4754, #2282, #6131, .T. ) ;
#4987 = CARTESIAN_POINT ( 'NONE',  ( 14.36794548912679659, 0.000000000000000000, -5.706690115456901857 ) ) ;
#4988 = CARTESIAN_POINT ( 'NONE',  ( 13.17460577040884218, 0.000000000000000000, -5.694678193333271743 ) ) ;
#4989 =( NAMED_UNIT ( * ) PLANE_ANGLE_UNIT ( ) SI_UNIT ( $, .RADIAN. ) );
#4990 = CARTESIAN_POINT ( 'NONE',  ( 13.23508893335540115, 0.02000000000000000042, 5.267133358877227778 ) ) ;
#4991 = SURFACE_SIDE_STYLE ('',( #1521 ) ) ;
#4992 = EDGE_LOOP ( 'NONE', ( #6013, #5359, #449, #3996 ) ) ;
#4993 = B_SPLINE_CURVE_WITH_KNOTS ( 'NONE', 3,
 ( #2033, #305, #6171, #265, #5533, #2615, #4394 ),
 .UNSPECIFIED., .F., .F.,
 ( 4, 1, 1, 1, 4 ),
 ( 0.000000000000000000, 0.2808356210569329936, 0.5364793245084770179, 0.7722880091023510696, 1.000000000000000000 ),
 .UNSPECIFIED. ) ;
#4994 = CARTESIAN_POINT ( 'NONE',  ( 12.93215358475282706, 0.02000000000000000042, 6.435555814411813458 ) ) ;
#4995 = CARTESIAN_POINT ( 'NONE',  ( -14.32815220875445306, 0.000000000000000000, -5.829230950461168348 ) ) ;
#4996 = CARTESIAN_POINT ( 'NONE',  ( 1.240000000000003322, 0.02000000000000000042, -7.610000000000079368 ) ) ;
#4997 = CARTESIAN_POINT ( 'NONE',  ( -13.05608397699840673, 0.02000000000000000042, -5.368934874466847695 ) ) ;
#4998 = CIRCLE ( 'NONE', #6882, 0.2499999999999993616 ) ;
#4999 = ADVANCED_FACE ( 'NONE', ( #1538 ), #7162, .T. ) ;
#5000 = CARTESIAN_POINT ( 'NONE',  ( -14.56239468533110504, 1.355252715606880080E-17, -5.737594740856408748 ) ) ;
#5001 = CARTESIAN_POINT ( 'NONE',  ( 14.25062714839248912, 1.355252715606880080E-17, -6.732791782971203176 ) ) ;
#5002 = EDGE_LOOP ( 'NONE', ( #5135, #6173, #493, #6389 ) ) ;
#5003 = CARTESIAN_POINT ( 'NONE',  ( -14.00000000000005507, 0.02000000000000000042, 7.609999999999802256 ) ) ;
#5004 = FACE_OUTER_BOUND ( 'NONE', #1154, .T. ) ;
#5005 = ORIENTED_EDGE ( 'NONE', *, *, #2460, .T. ) ;
#5006 = PRESENTATION_STYLE_ASSIGNMENT (( #4219 ) ) ;
#5007 = CARTESIAN_POINT ( 'NONE',  ( 14.64185414515653960, 0.02000000000000000042, 6.500509609482233664 ) ) ;
#5008 = AXIS2_PLACEMENT_3D ( 'NONE', #5867, #3003, #5306 ) ;
#5009 = B_SPLINE_SURFACE_WITH_KNOTS ( 'NONE', 3, 1, ( 
 ( #3570, #6442 ),
 ( #2430, #7120 ),
 ( #4098, #6517 ),
 ( #1273, #4745 ),
 ( #7008, #4779 ),
 ( #3646, #122 ),
 ( #4206, #1920 ),
 ( #5950, #5386 ),
 ( #795, #1238 ),
 ( #5349, #3533 ),
 ( #3120, #156 ) ),
 .UNSPECIFIED., .F., .F., .F.,
 ( 4, 1, 1, 1, 1, 1, 1, 1, 4 ),
 ( 2, 2 ),
 ( 0.000000000000000000, 0.1673861978402894912, 0.3175069701829464908, 0.4541492594670060168, 0.5810943830083230566, 0.6968750927347350244, 0.8022517942932859691, 0.9004566555579890386, 1.000000000000000000 ),
 ( 0.000000000000000000, 1.000000000000000000 ),
 .UNSPECIFIED. ) ;
#5010 = CARTESIAN_POINT ( 'NONE',  ( 14.12642803978068251, 0.02000000000000000042, -6.290466860212521993 ) ) ;
#5011 = DIRECTION ( 'NONE',  ( 0.007228834559800666713, 0.9998215707699756871, -0.01745195043442244326 ) ) ;
#5012 = CARTESIAN_POINT ( 'NONE',  ( -14.17526287637725524, 0.02000000000000000042, 6.488058543138246037 ) ) ;
#5013 = LINE ( 'NONE', #4937, #4150 ) ;
#5014 = ORIENTED_EDGE ( 'NONE', *, *, #6203, .T. ) ;
#5015 = DIRECTION ( 'NONE',  ( 0.000000000000000000, 1.000000000000000000, 0.000000000000000000 ) ) ;
#5016 = LINE ( 'NONE', #6178, #5343 ) ;
#5017 = PRESENTATION_STYLE_ASSIGNMENT (( #2701 ) ) ;
#5018 = DIRECTION ( 'NONE',  ( 0.000000000000000000, -1.000000000000000000, -0.000000000000000000 ) ) ;
#5019 = CARTESIAN_POINT ( 'NONE',  ( -3.840000000000053593, 0.02000000000000000042, 7.609999999999875087 ) ) ;
#5020 = CARTESIAN_POINT ( 'NONE',  ( -14.31814254702465483, 0.000000000000000000, 6.654127248287011298 ) ) ;
#5021 = EDGE_LOOP ( 'NONE', ( #1548, #5255, #596, #4642 ) ) ;
#5022 = CARTESIAN_POINT ( 'NONE',  ( -13.99347545716965335, 0.000000000000000000, -5.689311653898338150 ) ) ;
#5023 = AXIS2_PLACEMENT_3D ( 'NONE', #2150, #6664, #3869 ) ;
#5024 = CARTESIAN_POINT ( 'NONE',  ( -11.46000000000000618, -4.100000000000000533, -7.860000000000179732 ) ) ;
#5025 = CARTESIAN_POINT ( 'NONE',  ( 14.28539238854085802, 0.02000000000000000042, -6.493758881270553118 ) ) ;
#5026 = CARTESIAN_POINT ( 'NONE',  ( 14.59654958719982254, 0.000000000000000000, 6.104851689188293129 ) ) ;
#5027 = CARTESIAN_POINT ( 'NONE',  ( 14.68130741563562225, 0.02000000000000000042, -6.077785870231822152 ) ) ;
#5028 = CARTESIAN_POINT ( 'NONE',  ( -13.73390791582985493, 0.000000000000000000, -5.890943029240327533 ) ) ;
#5029 = EDGE_LOOP ( 'NONE', ( #7102, #3086 ) ) ;
#5030 = CARTESIAN_POINT ( 'NONE',  ( 13.21905946911159546, 0.02000000000000000042, 6.681314512126397709 ) ) ;
#5031 = CARTESIAN_POINT ( 'NONE',  ( 15.90000000000000391, 0.000000000000000000, 10.14999999999998970 ) ) ;
#5032 = DIRECTION ( 'NONE',  ( 0.000000000000000000, 0.000000000000000000, -1.000000000000000000 ) ) ;
#5033 = CARTESIAN_POINT ( 'NONE',  ( -14.31883494451155592, 0.000000000000000000, -6.353451715364009544 ) ) ;
#5034 = CARTESIAN_POINT ( 'NONE',  ( -14.40578009931240722, 0.02000000000000000042, -5.446321826537946720 ) ) ;
#5035 = CARTESIAN_POINT ( 'NONE',  ( 13.98803867244467547, 1.355252715606880080E-17, -6.592270154016972583 ) ) ;
#5036 = ORIENTED_EDGE ( 'NONE', *, *, #5315, .F. ) ;
#5037 = FACE_OUTER_BOUND ( 'NONE', #574, .T. ) ;
#5038 = CARTESIAN_POINT ( 'NONE',  ( -14.29775885924130563, 0.02000000000000000042, -5.695475477939758058 ) ) ;
#5039 = VERTEX_POINT ( 'NONE', #1967 ) ;
#5040 = MECHANICAL_DESIGN_GEOMETRIC_PRESENTATION_REPRESENTATION (  '', ( #6722 ), #6006 ) ;
#5041 = CARTESIAN_POINT ( 'NONE',  ( -13.72776602267490453, 0.02000000000000000042, -6.649758738103208167 ) ) ;
#5042 = CARTESIAN_POINT ( 'NONE',  ( 14.64993867502581004, 0.02000000000000000042, 6.461290998543143260 ) ) ;
#5043 = CARTESIAN_POINT ( 'NONE',  ( 14.36862930653005499, 1.355252715606880080E-17, 6.516905087022298204 ) ) ;
#5044 = CARTESIAN_POINT ( 'NONE',  ( 14.27740565707272857, 0.02000000000000000042, 6.566387645112482296 ) ) ;
#5045 = VECTOR ( 'NONE', #6693, 1000.000000000000000 ) ;
#5046 = EDGE_CURVE ( 'NONE', #2823, #1341, #3835, .T. ) ;
#5047 = CARTESIAN_POINT ( 'NONE',  ( -14.37074496730770257, 0.02000000000000000042, 6.622041444072416461 ) ) ;
#5048 = DIRECTION ( 'NONE',  ( 0.000000000000000000, -1.000000000000000000, 0.000000000000000000 ) ) ;
#5049 = VERTEX_POINT ( 'NONE', #1501 ) ;
#5050 = EDGE_LOOP ( 'NONE', ( #3591, #199, #5127, #4119, #749, #4010, #6492, #4826, #3360, #909, #1025 ) ) ;
#5051 = CARTESIAN_POINT ( 'NONE',  ( -14.21199921853950698, 0.000000000000000000, -6.231918047371327596 ) ) ;
#5052 = SURFACE_STYLE_FILL_AREA ( #2161 ) ;
#5053 = FACE_BOUND ( 'NONE', #2027, .T. ) ;
#5054 = ORIENTED_EDGE ( 'NONE', *, *, #1053, .F. ) ;
#5055 = VERTEX_POINT ( 'NONE', #7242 ) ;
#5056 = CARTESIAN_POINT ( 'NONE',  ( -14.07193448584535389, 0.000000000000000000, -5.620565536754138058 ) ) ;
#5057 = ADVANCED_FACE ( 'NONE', ( #4320 ), #5729, .T. ) ;
#5058 =( NAMED_UNIT ( * ) SI_UNIT ( $, .STERADIAN. ) SOLID_ANGLE_UNIT ( ) );
#5059 = AXIS2_PLACEMENT_3D ( 'NONE', #3189, #7356, #2609 ) ;
#5060 = CARTESIAN_POINT ( 'NONE',  ( 13.22344149228156951, 1.355252715606880080E-17, 6.375632078345628173 ) ) ;
#5061 = CARTESIAN_POINT ( 'NONE',  ( -14.11541350872925449, 0.02000000000000000042, 6.546137065693601542 ) ) ;
#5062 = CARTESIAN_POINT ( 'NONE',  ( -14.42397203356450319, 0.02000000000000000042, 6.338217625344515938 ) ) ;
#5063 = VERTEX_POINT ( 'NONE', #531 ) ;
#5064 = CARTESIAN_POINT ( 'NONE',  ( 14.36532172267629548, 0.02000000000000000042, -5.179623351476021931 ) ) ;
#5065 = VECTOR ( 'NONE', #4794, 1000.000000000000000 ) ;
#5066 = CARTESIAN_POINT ( 'NONE',  ( 13.85925506437961197, 1.355252715606880080E-17, 6.575631448484447361 ) ) ;
#5067 = CARTESIAN_POINT ( 'NONE',  ( -11.46000000000005592, 0.000000000000000000, 7.609999999999820908 ) ) ;
#5068 = CARTESIAN_POINT ( 'NONE',  ( 14.58602346708251218, 0.000000000000000000, -5.321956519314822387 ) ) ;
#5069 = CIRCLE ( 'NONE', #7004, 0.2499999999999993616 ) ;
#5070 = DIRECTION ( 'NONE',  ( 0.000000000000000000, 0.000000000000000000, -1.000000000000000000 ) ) ;
#5071 = EDGE_LOOP ( 'NONE', ( #2449, #5651 ) ) ;
#5072 = CARTESIAN_POINT ( 'NONE',  ( 14.36794548912679659, 1.355252715606880080E-17, -5.706690115456901857 ) ) ;
#5073 = EDGE_CURVE ( 'NONE', #5934, #4896, #6877, .T. ) ;
#5074 = UNCERTAINTY_MEASURE_WITH_UNIT (LENGTH_MEASURE( 1.000000000000000082E-05 ), #350, 'distance_accuracy_value', 'NONE');
#5075 = CARTESIAN_POINT ( 'NONE',  ( -14.35997760223495412, 1.355252715606880080E-17, -6.403554715768577488 ) ) ;
#5076 = EDGE_LOOP ( 'NONE', ( #1324, #2596 ) ) ;
#5077 = FILL_AREA_STYLE ('',( #2299 ) ) ;
#5078 = STYLED_ITEM ( 'NONE', ( #2590 ), #3988 ) ;
#5079 = ADVANCED_FACE ( 'NONE', ( #4628 ), #5686, .T. ) ;
#5080 = EDGE_CURVE ( 'NONE', #283, #3494, #1647, .T. ) ;
#5081 = DIRECTION ( 'NONE',  ( 0.000000000000000000, 0.000000000000000000, -1.000000000000000000 ) ) ;
#5082 = CARTESIAN_POINT ( 'NONE',  ( 8.859999999999956799, 0.02000000000000000042, 7.609999999999958575 ) ) ;
#5083 = CARTESIAN_POINT ( 'NONE',  ( 15.72195833773218787, 9.905235721931179071, -9.977103467344401011 ) ) ;
#5084 = CARTESIAN_POINT ( 'NONE',  ( -13.72776602267490453, 0.02000000000000000042, -6.649758738103208167 ) ) ;
#5085 = ORIENTED_EDGE ( 'NONE', *, *, #1129, .T. ) ;
#5086 = CARTESIAN_POINT ( 'NONE',  ( -14.22496083302200631, 1.355252715606880080E-17, -6.246374269331019136 ) ) ;
#5087 = FACE_OUTER_BOUND ( 'NONE', #6941, .T. ) ;
#5088 = DIRECTION ( 'NONE',  ( 0.000000000000000000, -1.000000000000000000, -0.000000000000000000 ) ) ;
#5089 = B_SPLINE_CURVE_WITH_KNOTS ( 'NONE', 3,
 ( #2436, #6, #126, #4750, #652, #2349, #1732, #1847, #6343, #163, #2394, #2972, #2313, #1281, #1132, #3460, #1171, #3612, #3053 ),
 .UNSPECIFIED., .F., .F.,
 ( 4, 1, 1, 1, 1, 1, 1, 1, 1, 1, 1, 1, 1, 1, 1, 1, 4 ),
 ( 0.000000000000000000, 0.07293111332186130724, 0.1428174378056301930, 0.2104347745976195005, 0.2764413666885395249, 0.3414389221553659759, 0.4052669598182480071, 0.4693035474503979843, 0.5335776493204330562, 0.5968602406575200803, 0.6572157576442390070, 0.7158163588670169997, 0.7724516706876730643, 0.8290213632245189146, 0.8848334484977630199, 0.9418742489274799512, 1.000000000000000000 ),
 .UNSPECIFIED. ) ;
#5090 = CARTESIAN_POINT ( 'NONE',  ( 1.240000000000003322, 0.02000000000000000042, -7.360000000000079368 ) ) ;
#5091 = ORIENTED_EDGE ( 'NONE', *, *, #3555, .F. ) ;
#5092 = EDGE_CURVE ( 'NONE', #2688, #5505, #1606, .T. ) ;
#5093 = EDGE_LOOP ( 'NONE', ( #6811, #4497, #5085, #4835 ) ) ;
#5094 = VERTEX_POINT ( 'NONE', #6369 ) ;
#5095 = CARTESIAN_POINT ( 'NONE',  ( 13.20133708805876083, 1.355252715606880080E-17, -5.384344476527472168 ) ) ;
#5096 = ADVANCED_FACE ( 'NONE', ( #5723 ), #6296, .T. ) ;
#5097 = DIRECTION ( 'NONE',  ( 1.000000000000000000, 0.000000000000000000, -1.174997428309413820E-16 ) ) ;
#5098 = EDGE_CURVE ( 'NONE', #5039, #1067, #4000, .T. ) ;
#5099 = DIRECTION ( 'NONE',  ( 0.7071067811865571207, 0.000000000000000000, 0.7071067811865379138 ) ) ;
#5100 = CARTESIAN_POINT ( 'NONE',  ( 15.90000000000000391, 0.000000000000000000, 10.02576593954803208 ) ) ;
#5101 = CARTESIAN_POINT ( 'NONE',  ( 14.61503217550127331, 3.388131789017200124E-17, 6.149867308982837066 ) ) ;
#5102 = EDGE_LOOP ( 'NONE', ( #5726, #1136, #1571, #4539 ) ) ;
#5103 = CARTESIAN_POINT ( 'NONE',  ( 14.58602346708251218, 0.02000000000000000042, -5.321956519314822387 ) ) ;
#5104 = FACE_OUTER_BOUND ( 'NONE', #2400, .T. ) ;
#5105 = LINE ( 'NONE', #7422, #7177 ) ;
#5106 = CARTESIAN_POINT ( 'NONE',  ( 14.16474941836294832, 0.02000000000000000042, 5.527300706178363221 ) ) ;
#5107 = CARTESIAN_POINT ( 'NONE',  ( 14.37190035238320895, 1.355252715606880080E-17, -6.725965170920131797 ) ) ;
#5108 = ORIENTED_EDGE ( 'NONE', *, *, #4900, .F. ) ;
#5109 = CARTESIAN_POINT ( 'NONE',  ( 13.88767177857200608, 2.710505431213759852E-17, -5.556245136978732901 ) ) ;
#5110 = DIRECTION ( 'NONE',  ( 0.000000000000000000, -1.000000000000000000, -0.000000000000000000 ) ) ;
#5111 = ORIENTED_EDGE ( 'NONE', *, *, #227, .F. ) ;
#5112 = CARTESIAN_POINT ( 'NONE',  ( -14.56830668318625577, 0.02000000000000000042, -5.789205204722538411 ) ) ;
#5113 = AXIS2_PLACEMENT_3D ( 'NONE', #6707, #5573, #2114 ) ;
#5114 = EDGE_CURVE ( 'NONE', #5716, #690, #5761, .T. ) ;
#5115 = AXIS2_PLACEMENT_3D ( 'NONE', #425, #7249, #1472 ) ;
#5116 = CARTESIAN_POINT ( 'NONE',  ( 14.24073579503864018, 0.02000000000000000042, 6.567970095382907658 ) ) ;
#5117 = CARTESIAN_POINT ( 'NONE',  ( 14.21363960868039555, 0.000000000000000000, -5.424700906433841396 ) ) ;
#5118 = DIRECTION ( 'NONE',  ( 0.000000000000000000, -1.000000000000000000, -0.000000000000000000 ) ) ;
#5119 = AXIS2_PLACEMENT_3D ( 'NONE', #5082, #2031, #4358 ) ;
#5120 = FILL_AREA_STYLE_COLOUR ( '', #6324 ) ;
#5121 = ORIENTED_EDGE ( 'NONE', *, *, #1036, .F. ) ;
#5122 = FACE_OUTER_BOUND ( 'NONE', #5071, .T. ) ;
#5123 = CARTESIAN_POINT ( 'NONE',  ( -14.15232374468080678, 1.355252715606880080E-17, -6.164213456890317744 ) ) ;
#5124 = CARTESIAN_POINT ( 'NONE',  ( 14.36794548912679659, 0.02000000000000000042, -5.706690115456901857 ) ) ;
#5125 = FACE_BOUND ( 'NONE', #4752, .T. ) ;
#5126 = CARTESIAN_POINT ( 'NONE',  ( -12.84719961642490560, 0.000000000000000000, -6.329552772194127819 ) ) ;
#5127 = ORIENTED_EDGE ( 'NONE', *, *, #4209, .T. ) ;
#5128 = ORIENTED_EDGE ( 'NONE', *, *, #2760, .F. ) ;
#5129 = ORIENTED_EDGE ( 'NONE', *, *, #4064, .F. ) ;
#5130 = FACE_OUTER_BOUND ( 'NONE', #3016, .T. ) ;
#5131 = CARTESIAN_POINT ( 'NONE',  ( -13.78721934255205461, 2.032879073410320197E-17, -6.072207755093288917 ) ) ;
#5132 = CARTESIAN_POINT ( 'NONE',  ( 14.40041584206451475, 1.355252715606880080E-17, -6.424760191807822096 ) ) ;
#5133 = CARTESIAN_POINT ( 'NONE',  ( 12.93215358475282706, 0.02000000000000000042, 6.435555814411813458 ) ) ;
#5134 = ADVANCED_FACE ( 'NONE', ( #455 ), #5195, .F. ) ;
#5135 = ORIENTED_EDGE ( 'NONE', *, *, #1579, .F. ) ;
#5136 = EDGE_CURVE ( 'NONE', #7176, #2660, #5438, .T. ) ;
#5137 = CARTESIAN_POINT ( 'NONE',  ( 14.65890716181901787, 0.02000000000000000042, -5.485837925021411543 ) ) ;
#5138 = EDGE_CURVE ( 'NONE', #4756, #2688, #7206, .T. ) ;
#5139 = CARTESIAN_POINT ( 'NONE',  ( -11.46000000000000618, 0.000000000000000000, -7.360000000000177955 ) ) ;
#5140 = B_SPLINE_CURVE_WITH_KNOTS ( 'NONE', 3,
 ( #3415, #3486, #2222, #5186, #4620, #2256, #5038, #6886, #1122, #1601, #1045 ),
 .UNSPECIFIED., .F., .F.,
 ( 4, 1, 1, 1, 1, 1, 1, 1, 4 ),
 ( 0.000000000000000000, 0.1249901170823685959, 0.2395654643902100089, 0.3480573452428460390, 0.4559505208701860046, 0.5713566491068720055, 0.6977519226627729720, 0.8396543720940500277, 1.000000000000000000 ),
 .UNSPECIFIED. ) ;
#5141 = CARTESIAN_POINT ( 'NONE',  ( -13.72776602267490453, 0.02000000000000000042, -5.797335434325698422 ) ) ;
#5142 = DIRECTION ( 'NONE',  ( 0.7071067811865571207, 0.000000000000000000, 0.7071067811865379138 ) ) ;
#5143 = CARTESIAN_POINT ( 'NONE',  ( 14.59528887919516649, 0.02000000000000000042, -5.772733585768750508 ) ) ;
#5144 = VECTOR ( 'NONE', #1344, 1000.000000000000000 ) ;
#5145 = CARTESIAN_POINT ( 'NONE',  ( 6.319999999999954099, 0.02000000000000000042, 7.359999999999943476 ) ) ;
#5146 = VERTEX_POINT ( 'NONE', #2194 ) ;
#5147 = CARTESIAN_POINT ( 'NONE',  ( 14.22665301009143590, 1.355252715606880080E-17, -5.753059357876932012 ) ) ;
#5148 = UNCERTAINTY_MEASURE_WITH_UNIT (LENGTH_MEASURE( 1.000000000000000082E-05 ), #6242, 'distance_accuracy_value', 'NONE');
#5149 = DIRECTION ( 'NONE',  ( 0.000000000000000000, -1.000000000000000000, -0.000000000000000000 ) ) ;
#5150 = EDGE_LOOP ( 'NONE', ( #3091, #4015, #3582, #1254 ) ) ;
#5151 = CARTESIAN_POINT ( 'NONE',  ( 14.48489571495687400, 1.355252715606880080E-17, -5.871170914351612424 ) ) ;
#5152 = CARTESIAN_POINT ( 'NONE',  ( -3.840000000000053593, 0.000000000000000000, 7.609999999999875087 ) ) ;
#5153 = CARTESIAN_POINT ( 'NONE',  ( -14.55206494923315574, 0.02000000000000000042, -5.688679210790797747 ) ) ;
#5154 = CARTESIAN_POINT ( 'NONE',  ( 14.13868691047797554, 0.000000000000000000, -5.491998082166742456 ) ) ;
#5155 = CARTESIAN_POINT ( 'NONE',  ( 14.64185414515653960, 0.000000000000000000, 6.500509609482233664 ) ) ;
#5156 = CARTESIAN_POINT ( 'NONE',  ( -14.31814254702465483, 0.02000000000000000042, 6.654127248287011298 ) ) ;
#5157 = COLOUR_RGB ( '',1.000000000000000000, 0.7725490196078431682, 0.000000000000000000 ) ;
#5158 = DIRECTION ( 'NONE',  ( 0.000000000000000000, -1.000000000000000000, -0.000000000000000000 ) ) ;
#5159 = EDGE_LOOP ( 'NONE', ( #2009, #1400 ) ) ;
#5160 = CARTESIAN_POINT ( 'NONE',  ( 14.66349032485870119, 0.000000000000000000, -5.603954610892080801 ) ) ;
#5161 = AXIS2_PLACEMENT_3D ( 'NONE', #6902, #4112, #4033 ) ;
#5162 = DIRECTION ( 'NONE',  ( 1.174997428309413820E-16, -6.731555758408720872E-15, 1.000000000000000000 ) ) ;
#5163 = SURFACE_SIDE_STYLE ('',( #6303 ) ) ;
#5164 = DIRECTION ( 'NONE',  ( 0.000000000000000000, 0.000000000000000000, -1.000000000000000000 ) ) ;
#5165 = ORIENTED_EDGE ( 'NONE', *, *, #4286, .F. ) ;
#5166 = EDGE_CURVE ( 'NONE', #6372, #3921, #1569, .T. ) ;
#5167 = CARTESIAN_POINT ( 'NONE',  ( 13.07383877794733174, 1.355252715606880080E-17, 6.523802969735803536 ) ) ;
#5168 = ORIENTED_EDGE ( 'NONE', *, *, #2433, .T. ) ;
#5169 = ORIENTED_EDGE ( 'NONE', *, *, #4627, .F. ) ;
#5170 = CARTESIAN_POINT ( 'NONE',  ( 6.320000000000002949, 0.000000000000000000, -7.360000000000059828 ) ) ;
#5171 =( NAMED_UNIT ( * ) PLANE_ANGLE_UNIT ( ) SI_UNIT ( $, .RADIAN. ) );
#5172 = CIRCLE ( 'NONE', #2005, 0.2500000000000002220 ) ;
#5173 = CARTESIAN_POINT ( 'NONE',  ( 8.859999999999956799, 0.02000000000000000042, 7.609999999999958575 ) ) ;
#5174 = CARTESIAN_POINT ( 'NONE',  ( 14.15861717919390372, 0.02000000000000000042, 6.802598878574403152 ) ) ;
#5175 = ORIENTED_EDGE ( 'NONE', *, *, #5861, .T. ) ;
#5176 = LINE ( 'NONE', #5031, #1193 ) ;
#5177 = CARTESIAN_POINT ( 'NONE',  ( 13.83170398051869654, 1.355252715606880080E-17, 6.488380233490777194 ) ) ;
#5178 = CARTESIAN_POINT ( 'NONE',  ( 14.65890716181901787, 0.02000000000000000042, -5.485837925021411543 ) ) ;
#5179 = CARTESIAN_POINT ( 'NONE',  ( 13.28604024107135473, 0.000000000000000000, -5.269338791724763382 ) ) ;
#5180 = STYLED_ITEM ( 'NONE', ( #3893 ), #7222 ) ;
#5181 = DIRECTION ( 'NONE',  ( 0.000000000000000000, -1.000000000000000000, -0.000000000000000000 ) ) ;
#5182 = VECTOR ( 'NONE', #413, 1000.000000000000000 ) ;
#5183 = EDGE_LOOP ( 'NONE', ( #1529, #6451, #1214, #2063 ) ) ;
#5184 = B_SPLINE_CURVE_WITH_KNOTS ( 'NONE', 3,
 ( #2756, #5061, #6315, #7415, #3471, #3328, #3400, #6191, #7383, #5779, #473 ),
 .UNSPECIFIED., .F., .F.,
 ( 4, 1, 1, 1, 1, 1, 1, 1, 4 ),
 ( 0.000000000000000000, 0.1291850431602395988, 0.2562041821241460293, 0.3820429862809644472, 0.5053841222052810611, 0.6299573653232319881, 0.7528488117954820202, 0.8762905154439999400, 1.000000000000000000 ),
 .UNSPECIFIED. ) ;
#5185 = CARTESIAN_POINT ( 'NONE',  ( -12.84719961642490560, 0.000000000000000000, -5.368934874466847695 ) ) ;
#5186 = CARTESIAN_POINT ( 'NONE',  ( -14.21891993064495452, 0.02000000000000000042, -5.621356137470928438 ) ) ;
#5187 = CARTESIAN_POINT ( 'NONE',  ( 15.42714915879748361, 10.20000000000000107, 9.677149158797467621 ) ) ;
#5188 = COLOUR_RGB ( '',0.7921568627450980005, 0.8196078431372548767, 0.9333333333333333481 ) ;
#5189 = EDGE_CURVE ( 'NONE', #6716, #965, #1014, .T. ) ;
#5190 = CARTESIAN_POINT ( 'NONE',  ( -13.08735409085670476, 0.000000000000000000, -5.812032387839098035 ) ) ;
#5191 = AXIS2_PLACEMENT_3D ( 'NONE', #7199, #6061, #3762 ) ;
#5192 = CARTESIAN_POINT ( 'NONE',  ( -11.46000000000000618, 0.000000000000000000, -7.610000000000177955 ) ) ;
#5193 = CARTESIAN_POINT ( 'NONE',  ( 12.91488296744631192, 1.355252715606880080E-17, 6.167712637996543457 ) ) ;
#5194 = DIRECTION ( 'NONE',  ( 0.000000000000000000, -1.000000000000000000, -0.000000000000000000 ) ) ;
#5195 = CYLINDRICAL_SURFACE ( 'NONE', #7380, 0.2500000000000002220 ) ;
#5196 = EDGE_CURVE ( 'NONE', #625, #1737, #801, .T. ) ;
#5197 = CARTESIAN_POINT ( 'NONE',  ( 13.52427781722960098, 0.000000000000000000, -5.172909271895553829 ) ) ;
#5198 = ORIENTED_EDGE ( 'NONE', *, *, #275, .T. ) ;
#5199 = AXIS2_PLACEMENT_3D ( 'NONE', #1835, #4165, #3600 ) ;
#5200 = CYLINDRICAL_SURFACE ( 'NONE', #4291, 0.3000000000000000999 ) ;
#5201 = PLANE ( 'NONE',  #5943 ) ;
#5202 = EDGE_CURVE ( 'NONE', #6947, #7480, #653, .T. ) ;
#5203 = CARTESIAN_POINT ( 'NONE',  ( 13.13670242348449690, 0.02000000000000000042, -5.721751806858291545 ) ) ;
#5204 = DIRECTION ( 'NONE',  ( -0.4910856891521002132, 0.000000000000000000, -0.8711112706824580831 ) ) ;
#5205 = ORIENTED_EDGE ( 'NONE', *, *, #3527, .T. ) ;
#5206 = SURFACE_STYLE_USAGE ( .BOTH. , #6452 ) ;
#5207 = CARTESIAN_POINT ( 'NONE',  ( 14.36794548912679659, 0.02000000000000000042, -5.706690115456901857 ) ) ;
#5208 = ORIENTED_EDGE ( 'NONE', *, *, #5138, .T. ) ;
#5209 = EDGE_LOOP ( 'NONE', ( #5781, #2307, #3379, #4718 ) ) ;
#5210 = CARTESIAN_POINT ( 'NONE',  ( -13.08735409085670476, 0.000000000000000000, -5.812032387839098035 ) ) ;
#5211 = CARTESIAN_POINT ( 'NONE',  ( -13.78721934255205461, 0.02000000000000000042, -6.072207755093288917 ) ) ;
#5212 = EDGE_CURVE ( 'NONE', #2669, #5395, #3568, .T. ) ;
#5213 = CARTESIAN_POINT ( 'NONE',  ( 14.27974159575182078, 0.02000000000000000042, -5.993647788383673181 ) ) ;
#5214 =( NAMED_UNIT ( * ) PLANE_ANGLE_UNIT ( ) SI_UNIT ( $, .RADIAN. ) );
#5215 = ORIENTED_EDGE ( 'NONE', *, *, #4328, .F. ) ;
#5216 = DIRECTION ( 'NONE',  ( 0.000000000000000000, -1.000000000000000000, -0.000000000000000000 ) ) ;
#5217 = CARTESIAN_POINT ( 'NONE',  ( 14.34083553553060497, 0.02000000000000000042, 6.800662181466258005 ) ) ;
#5218 = CARTESIAN_POINT ( 'NONE',  ( -14.15780205919675439, 0.02000000000000000042, -6.554307129788709219 ) ) ;
#5219 = CARTESIAN_POINT ( 'NONE',  ( 14.65086532624831861, 0.02000000000000000042, -5.451387495179391252 ) ) ;
#5220 = CARTESIAN_POINT ( 'NONE',  ( 13.88450952887732903, 0.02000000000000000042, -6.313643025446691759 ) ) ;
#5221 = DIRECTION ( 'NONE',  ( 0.000000000000000000, 0.000000000000000000, -1.000000000000000000 ) ) ;
#5222 = ORIENTED_EDGE ( 'NONE', *, *, #5436, .F. ) ;
#5223 = CARTESIAN_POINT ( 'NONE',  ( 14.02202630088261515, 2.710505431213759852E-17, -5.267690227799032066 ) ) ;
#5224 = UNCERTAINTY_MEASURE_WITH_UNIT (LENGTH_MEASURE( 1.000000000000000082E-05 ), #6967, 'distance_accuracy_value', 'NONE');
#5225 = B_SPLINE_SURFACE_WITH_KNOTS ( 'NONE', 3, 1, ( 
 ( #6993, #3595 ),
 ( #63, #7107 ),
 ( #4730, #4802 ),
 ( #3037, #3633 ),
 ( #1788, #5937 ),
 ( #4840, #5898 ),
 ( #5296, #746 ) ),
 .UNSPECIFIED., .F., .F., .F.,
 ( 4, 1, 1, 1, 4 ),
 ( 2, 2 ),
 ( 0.000000000000000000, 0.2138465037177959827, 0.4488532362386279950, 0.7121003335125359879, 1.000000000000000000 ),
 ( 0.000000000000000000, 1.000000000000000000 ),
 .UNSPECIFIED. ) ;
#5226 = EDGE_CURVE ( 'NONE', #3231, #5055, #2369, .T. ) ;
#5227 = DIRECTION ( 'NONE',  ( -0.4910856891521002132, 0.000000000000000000, -0.8711112706824579721 ) ) ;
#5228 = CARTESIAN_POINT ( 'NONE',  ( -14.37430364462420407, 0.02000000000000000042, -5.425461767888268838 ) ) ;
#5229 = CARTESIAN_POINT ( 'NONE',  ( 12.92986636977649262, 0.02000000000000000042, 6.173788666110158196 ) ) ;
#5230 = CARTESIAN_POINT ( 'NONE',  ( 14.57725831240680847, 0.000000000000000000, 6.645498431818062990 ) ) ;
#5231 = CARTESIAN_POINT ( 'NONE',  ( 14.58273890673392259, 0.000000000000000000, -6.594646945297191643 ) ) ;
#5232 = ORIENTED_EDGE ( 'NONE', *, *, #7216, .T. ) ;
#5233 = CARTESIAN_POINT ( 'NONE',  ( 15.72195833773218787, 10.20000000000000107, 9.677149158797467621 ) ) ;
#5234 =( GEOMETRIC_REPRESENTATION_CONTEXT ( 3 ) GLOBAL_UNCERTAINTY_ASSIGNED_CONTEXT ( ( #3638 ) ) GLOBAL_UNIT_ASSIGNED_CONTEXT ( ( #6292, #452, #4661 ) ) REPRESENTATION_CONTEXT ( 'NONE', 'WORKASPACE' ) );
#5235 = ADVANCED_FACE ( 'NONE', ( #5310 ), #4097, .T. ) ;
#5236 = VECTOR ( 'NONE', #4550, 1000.000000000000000 ) ;
#5237 = EDGE_CURVE ( 'NONE', #2529, #5852, #38, .T. ) ;
#5238 = CARTESIAN_POINT ( 'NONE',  ( 14.26943299741427928, 0.000000000000000000, -5.173225079504950585 ) ) ;
#5239 = CARTESIAN_POINT ( 'NONE',  ( -14.27648146810105345, 0.02000000000000000042, -5.663961243623727881 ) ) ;
#5240 = DIRECTION ( 'NONE',  ( 1.000000000000000000, 0.000000000000000000, -1.174997428309413820E-16 ) ) ;
#5241 = CIRCLE ( 'NONE', #6922, 0.2999999999999991562 ) ;
#5242 = CIRCLE ( 'NONE', #1964, 0.2500000000000002220 ) ;
#5243 = SURFACE_STYLE_FILL_AREA ( #6449 ) ;
#5244 = CARTESIAN_POINT ( 'NONE',  ( 13.99728165941696822, 0.02000000000000000042, -5.293492998226490442 ) ) ;
#5245 = VERTEX_POINT ( 'NONE', #4205 ) ;
#5246 = CARTESIAN_POINT ( 'NONE',  ( 14.41584843264517346, 0.000000000000000000, 6.364401654165313005 ) ) ;
#5247 = ORIENTED_EDGE ( 'NONE', *, *, #4578, .F. ) ;
#5248 = ORIENTED_EDGE ( 'NONE', *, *, #2955, .T. ) ;
#5249 = CARTESIAN_POINT ( 'NONE',  ( 14.08601007051059462, 0.02000000000000000042, 6.481583966341813330 ) ) ;
#5250 = MECHANICAL_DESIGN_GEOMETRIC_PRESENTATION_REPRESENTATION (  '', ( #4037 ), #4271 ) ;
#5251 = CARTESIAN_POINT ( 'NONE',  ( -13.90828712914905196, 0.02000000000000000042, -6.265369839040768163 ) ) ;
#5252 = CARTESIAN_POINT ( 'NONE',  ( 14.20164406456264672, 0.000000000000000000, 6.807248725769498243 ) ) ;
#5253 = CARTESIAN_POINT ( 'NONE',  ( -13.72776602267490453, 0.000000000000000000, -5.797335434325698422 ) ) ;
#5254 = CARTESIAN_POINT ( 'NONE',  ( 13.91895439678021162, 0.02000000000000000042, 5.628940721849117423 ) ) ;
#5255 = ORIENTED_EDGE ( 'NONE', *, *, #6200, .F. ) ;
#5256 = B_SPLINE_SURFACE_WITH_KNOTS ( 'NONE', 3, 1, ( 
 ( #5677, #2806 ),
 ( #1009, #5109 ),
 ( #7426, #2221 ),
 ( #4536, #3411 ),
 ( #522, #1793 ),
 ( #28, #2997 ),
 ( #4089, #3077 ),
 ( #4697, #6471 ),
 ( #4127, #4734 ),
 ( #6956, #5223 ),
 ( #1868, #6432 ),
 ( #5902, #67 ),
 ( #3484, #148 ),
 ( #634, #5341 ),
 ( #5301, #4164 ),
 ( #1264, #3599 ),
 ( #5863, #113 ),
 ( #2374, #7074 ),
 ( #712, #6919 ) ),
 .UNSPECIFIED., .F., .F., .F.,
 ( 4, 1, 1, 1, 1, 1, 1, 1, 1, 1, 1, 1, 1, 1, 1, 1, 4 ),
 ( 2, 2 ),
 ( 0.000000000000000000, 0.08274303077418609931, 0.1607648147147685003, 0.2339735719340269859, 0.3032020836224720295, 0.3684134087851734796, 0.4302918982837585227, 0.4892254981802089953, 0.5462801477675790496, 0.6017754552499439136, 0.6565375029511900662, 0.7112445041841400917, 0.7662490148335420193, 0.8218776296407480642, 0.8792723176394590112, 0.9383165830672379748, 1.000000000000000000 ),
 ( 0.000000000000000000, 1.000000000000000000 ),
 .UNSPECIFIED. ) ;
#5257 = LINE ( 'NONE', #1188, #1914 ) ;
#5258 = SURFACE_STYLE_USAGE ( .BOTH. , #1147 ) ;
#5259 = CARTESIAN_POINT ( 'NONE',  ( 13.94872403851419840, 0.02000000000000000042, 6.706904808597138334 ) ) ;
#5260 = CARTESIAN_POINT ( 'NONE',  ( -14.07193448584535389, 0.02000000000000000042, -5.620565536754138058 ) ) ;
#5261 = CARTESIAN_POINT ( 'NONE',  ( 14.40242044486816297, 0.000000000000000000, -5.477258451876362066 ) ) ;
#5262 = ORIENTED_EDGE ( 'NONE', *, *, #2764, .F. ) ;
#5263 = DIRECTION ( 'NONE',  ( 0.000000000000000000, -1.000000000000000000, -0.000000000000000000 ) ) ;
#5264 =( NAMED_UNIT ( * ) PLANE_ANGLE_UNIT ( ) SI_UNIT ( $, .RADIAN. ) );
#5265 = CARTESIAN_POINT ( 'NONE',  ( 14.02379132751690349, 0.02000000000000000042, 5.773504728512993900 ) ) ;
#5266 = STYLED_ITEM ( 'NONE', ( #2890 ), #84 ) ;
#5267 = LINE ( 'NONE', #6476, #4549 ) ;
#5268 = CARTESIAN_POINT ( 'NONE',  ( 14.55194448733590029, 0.000000000000000000, -6.627389630529432196 ) ) ;
#5269 = CARTESIAN_POINT ( 'NONE',  ( 14.65574014549807913, 0.02000000000000000042, 6.363969581004468523 ) ) ;
#5270 = ORIENTED_EDGE ( 'NONE', *, *, #4059, .F. ) ;
#5271 = VECTOR ( 'NONE', #7181, 1000.000000000000000 ) ;
#5272 = DIRECTION ( 'NONE',  ( 0.000000000000000000, -1.000000000000000000, -0.000000000000000000 ) ) ;
#5273 = B_SPLINE_CURVE_WITH_KNOTS ( 'NONE', 3,
 ( #6459, #1250, #5365, #3586, #2322, #171, #5888, #695, #5327, #3664, #55, #1895, #5966, #3511, #4223, #774, #15, #4646, #4078 ),
 .UNSPECIFIED., .F., .F.,
 ( 4, 1, 1, 1, 1, 1, 1, 1, 1, 1, 1, 1, 1, 1, 1, 1, 4 ),
 ( 0.000000000000000000, 0.05431740662048090140, 0.1087735445081727953, 0.1627065403409184985, 0.2169481258062404827, 0.2725468972334399997, 0.3294664887030789857, 0.3876572954864395126, 0.4489891645232459982, 0.5113927686948369633, 0.5755309395850859433, 0.6403534689042090777, 0.7073271568575419943, 0.7764247460166470161, 0.8482480941897779791, 0.9222075566611099839, 1.000000000000000000 ),
 .UNSPECIFIED. ) ;
#5274 = CARTESIAN_POINT ( 'NONE',  ( -14.22093446978820452, 1.355252715606880080E-17, 6.732878274556191478 ) ) ;
#5275 = DIRECTION ( 'NONE',  ( 0.000000000000000000, 0.000000000000000000, -1.000000000000000000 ) ) ;
#5276 = VECTOR ( 'NONE', #6798, 1000.000000000000000 ) ;
#5277 = FACE_OUTER_BOUND ( 'NONE', #3669, .T. ) ;
#5278 = CARTESIAN_POINT ( 'NONE',  ( 8.859999999999956799, 0.000000000000000000, 7.359999999999963904 ) ) ;
#5279 = VERTEX_POINT ( 'NONE', #1762 ) ;
#5280 = CARTESIAN_POINT ( 'NONE',  ( 14.40059281002435299, 0.000000000000000000, -6.058136302922202177 ) ) ;
#5281 = EDGE_LOOP ( 'NONE', ( #6317, #4207 ) ) ;
#5282 = ORIENTED_EDGE ( 'NONE', *, *, #5080, .T. ) ;
#5283 = CARTESIAN_POINT ( 'NONE',  ( 14.20129866489252990, 0.02000000000000000042, 6.566246765055358203 ) ) ;
#5284 = CIRCLE ( 'NONE', #5405, 0.2500000000000002220 ) ;
#5285 = DIRECTION ( 'NONE',  ( 1.000000000000000000, 0.000000000000000000, -1.174997428309413820E-16 ) ) ;
#5286 = DIRECTION ( 'NONE',  ( 0.000000000000000000, -1.000000000000000000, -0.000000000000000000 ) ) ;
#5287 = FILL_AREA_STYLE_COLOUR ( '', #5397 ) ;
#5288 = PLANE ( 'NONE',  #6030 ) ;
#5289 = DIRECTION ( 'NONE',  ( 1.174997428309413820E-16, 0.000000000000000000, 1.000000000000000000 ) ) ;
#5290 = ORIENTED_EDGE ( 'NONE', *, *, #1834, .F. ) ;
#5291 = ORIENTED_EDGE ( 'NONE', *, *, #6203, .F. ) ;
#5292 = CARTESIAN_POINT ( 'NONE',  ( 13.04541664876672513, 0.000000000000000000, 6.231186746895458484 ) ) ;
#5293 = MECHANICAL_DESIGN_GEOMETRIC_PRESENTATION_REPRESENTATION (  '', ( #7105 ), #5896 ) ;
#5294 = DIRECTION ( 'NONE',  ( 0.000000000000000000, 0.000000000000000000, -1.000000000000000000 ) ) ;
#5295 = ADVANCED_FACE ( 'NONE', ( #758 ), #1783, .T. ) ;
#5296 = CARTESIAN_POINT ( 'NONE',  ( 14.18470262191710241, 0.02000000000000000042, -6.015638840377001806 ) ) ;
#5297 = CARTESIAN_POINT ( 'NONE',  ( 6.319999999999954099, 0.02000000000000000042, 7.609999999999944365 ) ) ;
#5298 =( GEOMETRIC_REPRESENTATION_CONTEXT ( 3 ) GLOBAL_UNCERTAINTY_ASSIGNED_CONTEXT ( ( #4013 ) ) GLOBAL_UNIT_ASSIGNED_CONTEXT ( ( #1163, #5760, #6961 ) ) REPRESENTATION_CONTEXT ( 'NONE', 'WORKASPACE' ) );
#5299 = CARTESIAN_POINT ( 'NONE',  ( 13.88450952887732903, 0.000000000000000000, -5.573166729281921583 ) ) ;
#5300 = ORIENTED_EDGE ( 'NONE', *, *, #1258, .T. ) ;
#5301 = CARTESIAN_POINT ( 'NONE',  ( 14.17242655263740758, 0.02000000000000000042, -5.185773451552162072 ) ) ;
#5302 = CARTESIAN_POINT ( 'NONE',  ( 3.779999999999946514, 0.02000000000000000042, 7.609999999999923936 ) ) ;
#5303 = CARTESIAN_POINT ( 'NONE',  ( 14.41217959236008639, 0.000000000000000000, -5.648182018268481208 ) ) ;
#5304 = CIRCLE ( 'NONE', #4344, 0.2499999999999993616 ) ;
#5305 = EDGE_CURVE ( 'NONE', #2148, #6605, #3261, .T. ) ;
#5306 = DIRECTION ( 'NONE',  ( 1.000000000000000000, 0.000000000000000000, 0.000000000000000000 ) ) ;
#5307 = CARTESIAN_POINT ( 'NONE',  ( 3.780000000000003801, 0.02000000000000000042, -7.360000000000079368 ) ) ;
#5308 = CARTESIAN_POINT ( 'NONE',  ( 14.64993867502581004, 0.000000000000000000, 6.461290998543143260 ) ) ;
#5309 = ADVANCED_FACE ( 'NONE', ( #5523 ), #6935, .T. ) ;
#5310 = FACE_OUTER_BOUND ( 'NONE', #5209, .T. ) ;
#5311 = STYLED_ITEM ( 'NONE', ( #2091 ), #1478 ) ;
#5312 = CARTESIAN_POINT ( 'NONE',  ( 6.319999999999954099, 0.000000000000000000, 7.609999999999944365 ) ) ;
#5313 = ORIENTED_EDGE ( 'NONE', *, *, #7304, .F. ) ;
#5314 = DIRECTION ( 'NONE',  ( 0.000000000000000000, 1.000000000000000000, 0.000000000000000000 ) ) ;
#5315 = EDGE_CURVE ( 'NONE', #5649, #5862, #7155, .T. ) ;
#5316 = CARTESIAN_POINT ( 'NONE',  ( -14.08600504065415748, 1.355252715606880080E-17, 6.913328944483145833 ) ) ;
#5317 = FACE_OUTER_BOUND ( 'NONE', #3359, .T. ) ;
#5318 = CARTESIAN_POINT ( 'NONE',  ( 11.40000000000000391, 1.000000000000000000, -7.360000000000021636 ) ) ;
#5319 = ORIENTED_EDGE ( 'NONE', *, *, #6106, .F. ) ;
#5320 = DIRECTION ( 'NONE',  ( 0.000000000000000000, -1.000000000000000000, -0.000000000000000000 ) ) ;
#5321 = ORIENTED_EDGE ( 'NONE', *, *, #941, .F. ) ;
#5322 = ORIENTED_EDGE ( 'NONE', *, *, #155, .F. ) ;
#5323 = LINE ( 'NONE', #133, #1180 ) ;
#5324 = COLOUR_RGB ( '',1.000000000000000000, 0.7725490196078431682, 0.000000000000000000 ) ;
#5325 = EDGE_CURVE ( 'NONE', #4453, #6862, #5284, .T. ) ;
#5326 = EDGE_CURVE ( 'NONE', #3139, #1985, #933, .T. ) ;
#5327 = CARTESIAN_POINT ( 'NONE',  ( 14.62840458952196521, 0.000000000000000000, -5.974204713675140610 ) ) ;
#5328 = CARTESIAN_POINT ( 'NONE',  ( -13.95958089280320458, 0.000000000000000000, -5.400725913651478471 ) ) ;
#5329 = CARTESIAN_POINT ( 'NONE',  ( -15.72559649377105373, 9.905235721931189730, 8.665677322487020717 ) ) ;
#5330 = DIRECTION ( 'NONE',  ( 0.01744974916067999759, -0.9996954598818875715, 0.01744974916067999066 ) ) ;
#5331 = B_SPLINE_CURVE_WITH_KNOTS ( 'NONE', 3,
 ( #4270, #926, #2055, #4416, #6084, #2019, #4883, #6616, #4343, #3857, #4995 ),
 .UNSPECIFIED., .F., .F.,
 ( 4, 1, 1, 1, 1, 1, 1, 1, 4 ),
 ( 0.000000000000000000, 0.1249901170823685959, 0.2395654643902100089, 0.3480573452428460390, 0.4559505208701860046, 0.5713566491068720055, 0.6977519226627729720, 0.8396543720940500277, 1.000000000000000000 ),
 .UNSPECIFIED. ) ;
#5332 = ORIENTED_EDGE ( 'NONE', *, *, #4828, .F. ) ;
#5333 = ORIENTED_EDGE ( 'NONE', *, *, #1597, .F. ) ;
#5334 = CARTESIAN_POINT ( 'NONE',  ( 14.01463112347034645, 0.02000000000000000042, -6.621606337417041743 ) ) ;
#5335 = FILL_AREA_STYLE ('',( #1445 ) ) ;
#5336 = EDGE_CURVE ( 'NONE', #4443, #1782, #6114, .T. ) ;
#5337 = CYLINDRICAL_SURFACE ( 'NONE', #6871, 0.2999999999999996003 ) ;
#5338 = CARTESIAN_POINT ( 'NONE',  ( -12.68709663347035210, 0.000000000000000000, -6.329552772194127819 ) ) ;
#5339 = CARTESIAN_POINT ( 'NONE',  ( 14.36644165274904417, 0.000000000000000000, 5.784341042093668506 ) ) ;
#5340 = ORIENTED_EDGE ( 'NONE', *, *, #7200, .T. ) ;
#5341 = CARTESIAN_POINT ( 'NONE',  ( 14.13895249898269313, 2.710505431213759852E-17, -5.196042004833483219 ) ) ;
#5342 = CARTESIAN_POINT ( 'NONE',  ( 1.239999999999946034, 0.02000000000000000042, 7.359999999999904396 ) ) ;
#5343 = VECTOR ( 'NONE', #6788, 1000.000000000000000 ) ;
#5344 = CARTESIAN_POINT ( 'NONE',  ( 13.84752055066211085, 1.355252715606880080E-17, 5.492428435206497817 ) ) ;
#5345 = CARTESIAN_POINT ( 'NONE',  ( 14.08601007051059462, 1.355252715606880080E-17, 6.481583966341813330 ) ) ;
#5346 = CARTESIAN_POINT ( 'NONE',  ( 14.41390122075054236, 0.02000000000000000042, 6.316644389629077594 ) ) ;
#5347 = AXIS2_PLACEMENT_3D ( 'NONE', #7256, #358, #7334 ) ;
#5348 = CARTESIAN_POINT ( 'NONE',  ( 14.69780816437837068, 0.000000000000000000, -6.342899462098562147 ) ) ;
#5349 = CARTESIAN_POINT ( 'NONE',  ( 14.29791250031709815, 0.02000000000000000042, -5.994217405668261556 ) ) ;
#5350 = ORIENTED_EDGE ( 'NONE', *, *, #6216, .F. ) ;
#5351 = DIRECTION ( 'NONE',  ( 0.000000000000000000, -1.000000000000000000, -0.000000000000000000 ) ) ;
#5352 = CARTESIAN_POINT ( 'NONE',  ( 14.52719772859253133, 0.000000000000000000, -5.842034644576262536 ) ) ;
#5353 = SURFACE_STYLE_USAGE ( .BOTH. , #6027 ) ;
#5354 = CARTESIAN_POINT ( 'NONE',  ( 14.65600290707699216, 0.02000000000000000042, 5.267133358877227778 ) ) ;
#5355 = CARTESIAN_POINT ( 'NONE',  ( -14.17547640869855563, 0.000000000000000000, -6.576310221846689785 ) ) ;
#5356 = ORIENTED_EDGE ( 'NONE', *, *, #6645, .F. ) ;
#5357 = MECHANICAL_DESIGN_GEOMETRIC_PRESENTATION_REPRESENTATION (  '', ( #512 ), #4024 ) ;
#5358 = DIRECTION ( 'NONE',  ( 1.000000000000000000, 0.000000000000000000, -1.174997428309413820E-16 ) ) ;
#5359 = ORIENTED_EDGE ( 'NONE', *, *, #5611, .T. ) ;
#5360 = ORIENTED_EDGE ( 'NONE', *, *, #4972, .T. ) ;
#5361 = CARTESIAN_POINT ( 'NONE',  ( -14.24149213327485342, 0.02000000000000000042, -6.264872906185806833 ) ) ;
#5362 = AXIS2_PLACEMENT_3D ( 'NONE', #6132, #2156, #2073 ) ;
#5363 = PRESENTATION_LAYER_ASSIGNMENT (  '', '', ( #3794 ) ) ;
#5364 = AXIS2_PLACEMENT_3D ( 'NONE', #4996, #6583, #366 ) ;
#5365 = CARTESIAN_POINT ( 'NONE',  ( 14.50889433844907828, 0.000000000000000000, -5.878755026029711672 ) ) ;
#5366 = CARTESIAN_POINT ( 'NONE',  ( -13.88872223690420604, 0.000000000000000000, -5.441599287047107936 ) ) ;
#5367 = CARTESIAN_POINT ( 'NONE',  ( 11.39999999999995595, 0.000000000000000000, 7.359999999999978115 ) ) ;
#5368 = ORIENTED_EDGE ( 'NONE', *, *, #5988, .T. ) ;
#5369 = ORIENTED_EDGE ( 'NONE', *, *, #4814, .F. ) ;
#5370 = VECTOR ( 'NONE', #5142, 1000.000000000000000 ) ;
#5371 = CARTESIAN_POINT ( 'NONE',  ( -15.60004569145305631, 0.000000000000000000, -10.14999999999999858 ) ) ;
#5372 =( NAMED_UNIT ( * ) PLANE_ANGLE_UNIT ( ) SI_UNIT ( $, .RADIAN. ) );
#5373 = EDGE_CURVE ( 'NONE', #1849, #6246, #4188, .T. ) ;
#5374 = CARTESIAN_POINT ( 'NONE',  ( 13.81546224656563027, 0.02000000000000000042, 6.387854239559042746 ) ) ;
#5375 = CARTESIAN_POINT ( 'NONE',  ( -13.97848711260990306, 0.02000000000000000042, -5.725223350669908839 ) ) ;
#5376 = CARTESIAN_POINT ( 'NONE',  ( 14.16474941836294832, 3.388131789017200201E-18, 5.527300706178363221 ) ) ;
#5377 = ORIENTED_EDGE ( 'NONE', *, *, #1643, .T. ) ;
#5378 = FILL_AREA_STYLE ('',( #5941 ) ) ;
#5379 = ADVANCED_FACE ( 'NONE', ( #2571 ), #2061, .F. ) ;
#5380 = DIRECTION ( 'NONE',  ( 0.000000000000000000, -1.000000000000000000, -0.000000000000000000 ) ) ;
#5381 = CARTESIAN_POINT ( 'NONE',  ( 14.11027891732911321, 1.355252715606880080E-17, 5.876380694790782400 ) ) ;
#5382 = CARTESIAN_POINT ( 'NONE',  ( 14.33518815391791712, 0.02000000000000000042, -5.422326324151442556 ) ) ;
#5383 = CARTESIAN_POINT ( 'NONE',  ( 14.26281851468563389, 1.355252715606880080E-17, 6.048859384755512991 ) ) ;
#5384 = CARTESIAN_POINT ( 'NONE',  ( 15.42714915879748183, 9.900000000000000355, -9.677149158797481832 ) ) ;
#5385 = SURFACE_STYLE_FILL_AREA ( #2429 ) ;
#5386 = CARTESIAN_POINT ( 'NONE',  ( 14.34935890738505293, 1.355252715606880080E-17, -6.008573445880973196 ) ) ;
#5387 = ORIENTED_EDGE ( 'NONE', *, *, #7110, .T. ) ;
#5388 = FACE_OUTER_BOUND ( 'NONE', #3997, .T. ) ;
#5389 =( LENGTH_UNIT ( ) NAMED_UNIT ( * ) SI_UNIT ( .MILLI., .METRE. ) );
#5390 = CARTESIAN_POINT ( 'NONE',  ( 14.10620832200879704, 0.02000000000000000042, -6.690421299135781652 ) ) ;
#5391 = DIRECTION ( 'NONE',  ( 0.01744974916068273846, -0.9996954598818875715, -0.01744974916068274540 ) ) ;
#5392 = ORIENTED_EDGE ( 'NONE', *, *, #3958, .F. ) ;
#5393 = CARTESIAN_POINT ( 'NONE',  ( 14.31905718976202380, 0.000000000000000000, -5.995767605212331652 ) ) ;
#5394 = VERTEX_POINT ( 'NONE', #3825 ) ;
#5395 = VERTEX_POINT ( 'NONE', #5456 ) ;
#5396 = CARTESIAN_POINT ( 'NONE',  ( -14.56830668318625577, 0.02000000000000000042, -5.789205204722538411 ) ) ;
#5397 = COLOUR_RGB ( '',1.000000000000000000, 0.7725490196078431682, 0.000000000000000000 ) ;
#5398 = CARTESIAN_POINT ( 'NONE',  ( -14.09329922471650498, 0.02000000000000000042, -6.478397827339078319 ) ) ;
#5399 = CARTESIAN_POINT ( 'NONE',  ( 13.27424273806219368, 0.000000000000000000, 6.797012000259923248 ) ) ;
#5400 = DIRECTION ( 'NONE',  ( 0.000000000000000000, -1.000000000000000000, -0.000000000000000000 ) ) ;
#5401 = CARTESIAN_POINT ( 'NONE',  ( 14.45132443854122606, 0.02000000000000000042, 5.882117087701748126 ) ) ;
#5402 = ADVANCED_FACE ( 'NONE', ( #7191 ), #2185, .F. ) ;
#5403 = CARTESIAN_POINT ( 'NONE',  ( -14.10376606765545660, 0.000000000000000000, 6.558359226907016115 ) ) ;
#5404 = VERTEX_POINT ( 'NONE', #1562 ) ;
#5405 = AXIS2_PLACEMENT_3D ( 'NONE', #5003, #6021, #4926 ) ;
#5406 = ORIENTED_EDGE ( 'NONE', *, *, #3510, .F. ) ;
#5407 = SURFACE_SIDE_STYLE ('',( #6681 ) ) ;
#5408 = EDGE_CURVE ( 'NONE', #4156, #5245, #2297, .T. ) ;
#5409 = CARTESIAN_POINT ( 'NONE',  ( -15.60013702566405591, -0.01046825537320484126, -9.850137025664059465 ) ) ;
#5410 = AXIS2_PLACEMENT_3D ( 'NONE', #6614, #7263, #7185 ) ;
#5411 = DIRECTION ( 'NONE',  ( 0.000000000000000000, -1.000000000000000000, -0.000000000000000000 ) ) ;
#5412 = CARTESIAN_POINT ( 'NONE',  ( 8.860000000000004761, 0.02000000000000000042, -7.360000000000041176 ) ) ;
#5413 = CARTESIAN_POINT ( 'NONE',  ( -13.80651061734505625, 0.02000000000000000042, -5.531561012463518168 ) ) ;
#5414 = ORIENTED_EDGE ( 'NONE', *, *, #4197, .F. ) ;
#5415 = CARTESIAN_POINT ( 'NONE',  ( -6.380000000000054072, 0.02000000000000000042, 7.359999999999855547 ) ) ;
#5416 = PLANE ( 'NONE',  #1790 ) ;
#5417 = ADVANCED_FACE ( 'NONE', ( #1044 ), #5636, .T. ) ;
#5418 = CARTESIAN_POINT ( 'NONE',  ( 13.90137280945023157, 1.355252715606880080E-17, 5.600423877256427652 ) ) ;
#5419 = DIRECTION ( 'NONE',  ( 0.000000000000000000, 0.000000000000000000, -1.000000000000000000 ) ) ;
#5420 = CARTESIAN_POINT ( 'NONE',  ( 14.31299618035768972, 0.02000000000000000042, 6.110326926789883650 ) ) ;
#5421 = CARTESIAN_POINT ( 'NONE',  ( 14.35695286619928446, 0.02000000000000000042, 5.773816807880593593 ) ) ;
#5422 = CARTESIAN_POINT ( 'NONE',  ( 14.12195276856628645, 1.016439536705160099E-17, -5.527046393894671894 ) ) ;
#5423 = DIRECTION ( 'NONE',  ( 0.000000000000000000, 0.000000000000000000, -1.000000000000000000 ) ) ;
#5424 = ORIENTED_EDGE ( 'NONE', *, *, #7502, .T. ) ;
#5425 = CARTESIAN_POINT ( 'NONE',  ( 14.38420057538538899, 0.02000000000000000042, 6.791141962058567572 ) ) ;
#5426 = EDGE_CURVE ( 'NONE', #1493, #2116, #195, .T. ) ;
#5427 = CARTESIAN_POINT ( 'NONE',  ( -14.42397203356450319, 1.355252715606880080E-17, 6.598384972645651381 ) ) ;
#5428 = DIRECTION ( 'NONE',  ( 0.000000000000000000, -1.000000000000000000, 0.000000000000000000 ) ) ;
#5429 = CARTESIAN_POINT ( 'NONE',  ( 13.96423874525781805, 0.02000000000000000042, -6.560015095901742477 ) ) ;
#5430 = ADVANCED_FACE ( 'NONE', ( #6326 ), #4043, .T. ) ;
#5431 = CARTESIAN_POINT ( 'NONE',  ( -14.15780205919675439, 0.000000000000000000, -6.554307129788709219 ) ) ;
#5432 = PRESENTATION_LAYER_ASSIGNMENT (  '', '', ( #703 ) ) ;
#5433 = FACE_OUTER_BOUND ( 'NONE', #1370, .T. ) ;
#5434 = ORIENTED_EDGE ( 'NONE', *, *, #1547, .T. ) ;
#5435 = ORIENTED_EDGE ( 'NONE', *, *, #4350, .F. ) ;
#5436 = EDGE_CURVE ( 'NONE', #3926, #3809, #2992, .T. ) ;
#5437 = CARTESIAN_POINT ( 'NONE',  ( -14.21901951138890396, 6.776263578034400401E-18, -6.649758738103208167 ) ) ;
#5438 = CIRCLE ( 'NONE', #4076, 0.2499999999999993616 ) ;
#5439 = CARTESIAN_POINT ( 'NONE',  ( 14.10996379674273093, 0.02000000000000000042, -5.568022060462500811 ) ) ;
#5440 = FACE_BOUND ( 'NONE', #7332, .T. ) ;
#5441 = DIRECTION ( 'NONE',  ( 0.000000000000000000, -1.000000000000000000, -0.000000000000000000 ) ) ;
#5442 = CARTESIAN_POINT ( 'NONE',  ( 13.88450952887732903, 0.000000000000000000, -6.313643025446691759 ) ) ;
#5443 = ORIENTED_EDGE ( 'NONE', *, *, #5650, .T. ) ;
#5444 = ORIENTED_EDGE ( 'NONE', *, *, #3573, .T. ) ;
#5445 = VECTOR ( 'NONE', #5516, 1000.000000000000000 ) ;
#5446 = DIRECTION ( 'NONE',  ( 1.000000000000000000, 0.000000000000000000, -2.602246546525989853E-16 ) ) ;
#5447 = EDGE_CURVE ( 'NONE', #2220, #741, #7465, .T. ) ;
#5448 = CARTESIAN_POINT ( 'NONE',  ( 13.87741996827627489, 0.02000000000000000042, 6.613786331225022685 ) ) ;
#5449 = EDGE_LOOP ( 'NONE', ( #5369, #2157 ) ) ;
#5450 = LINE ( 'NONE', #4377, #7096 ) ;
#5451 = CARTESIAN_POINT ( 'NONE',  ( 14.17683042533668569, 1.355252715606880080E-17, -6.437042213418072478 ) ) ;
#5452 = CARTESIAN_POINT ( 'NONE',  ( 14.17199972074488201, 0.02000000000000000042, 5.541100571000702857 ) ) ;
#5453 = DIRECTION ( 'NONE',  ( 1.000000000000000000, 0.000000000000000000, 0.000000000000000000 ) ) ;
#5454 = CARTESIAN_POINT ( 'NONE',  ( 13.12287318738971109, 0.000000000000000000, -5.457230871974473096 ) ) ;
#5455 = B_SPLINE_CURVE_WITH_KNOTS ( 'NONE', 3,
 ( #6696, #826, #7269, #3151, #5454, #1991, #4311, #6620, #2023, #3966, #5179, #5711, #3408, #5788, #5672 ),
 .UNSPECIFIED., .F., .F.,
 ( 4, 1, 1, 1, 1, 1, 1, 1, 1, 1, 1, 1, 4 ),
 ( 0.000000000000000000, 0.1046725881823602072, 0.2179224116127560229, 0.3405185375579570239, 0.4735651107347250144, 0.5421968301606590046, 0.6097031823113799875, 0.6755753979924270514, 0.7416019791549900431, 0.8061045072963630709, 0.8709579598542409595, 0.9351362548769770466, 1.000000000000000000 ),
 .UNSPECIFIED. ) ;
#5456 = CARTESIAN_POINT ( 'NONE',  ( -13.60768878545895610, 0.02000000000000000042, -6.589720119495258821 ) ) ;
#5457 = CARTESIAN_POINT ( 'NONE',  ( 14.45132443854122606, 0.02000000000000000042, 5.882117087701748126 ) ) ;
#5458 = ORIENTED_EDGE ( 'NONE', *, *, #4578, .T. ) ;
#5459 = DIRECTION ( 'NONE',  ( 0.000000000000000000, -1.000000000000000000, -0.000000000000000000 ) ) ;
#5460 = EDGE_CURVE ( 'NONE', #965, #337, #1530, .T. ) ;
#5461 = DIRECTION ( 'NONE',  ( 0.000000000000000000, -0.01745240643728082283, 0.9998476951563913806 ) ) ;
#5462 = CARTESIAN_POINT ( 'NONE',  ( 14.65600290707699216, 0.02000000000000000042, 6.379724009955882735 ) ) ;
#5463 = CIRCLE ( 'NONE', #1563, 0.2500000000000002220 ) ;
#5464 = CARTESIAN_POINT ( 'NONE',  ( 13.08602871528860767, 1.355252715606880080E-17, 6.257657507038658196 ) ) ;
#5465 = CARTESIAN_POINT ( 'NONE',  ( -14.33563360799105624, 0.02000000000000000042, 6.377798384243321905 ) ) ;
#5466 = ORIENTED_EDGE ( 'NONE', *, *, #3183, .F. ) ;
#5467 = EDGE_CURVE ( 'NONE', #41, #3904, #6779, .T. ) ;
#5468 = ORIENTED_EDGE ( 'NONE', *, *, #6552, .T. ) ;
#5469 = CARTESIAN_POINT ( 'NONE',  ( -14.01732727700285253, 6.776263578034400401E-18, -6.392718402187909099 ) ) ;
#5470 = DIRECTION ( 'NONE',  ( 0.000000000000000000, -1.000000000000000000, -0.000000000000000000 ) ) ;
#5471 = LINE ( 'NONE', #775, #1995 ) ;
#5472 = CARTESIAN_POINT ( 'NONE',  ( -14.11979553189925696, 0.000000000000000000, 6.851819499474366637 ) ) ;
#5473 = CARTESIAN_POINT ( 'NONE',  ( 14.07407630506405560, 0.000000000000000000, -6.670729338808952136 ) ) ;
#5474 = VERTEX_POINT ( 'NONE', #2727 ) ;
#5475 = ORIENTED_EDGE ( 'NONE', *, *, #6436, .T. ) ;
#5476 = AXIS2_PLACEMENT_3D ( 'NONE', #267, #946, #3799 ) ;
#5477 = VECTOR ( 'NONE', #4046, 1000.000000000000000 ) ;
#5478 = CARTESIAN_POINT ( 'NONE',  ( 13.27247590172394709, 0.000000000000000000, -5.605401763364651124 ) ) ;
#5479 = CARTESIAN_POINT ( 'NONE',  ( 14.37619253415495635, 0.02000000000000000042, -6.455202587285661764 ) ) ;
#5480 = DIRECTION ( 'NONE',  ( 0.000000000000000000, -1.000000000000000000, -0.000000000000000000 ) ) ;
#5481 = CARTESIAN_POINT ( 'NONE',  ( 13.79544937369631086, 0.000000000000000000, 5.267133358877227778 ) ) ;
#5482 = ORIENTED_EDGE ( 'NONE', *, *, #3345, .F. ) ;
#5483 = CARTESIAN_POINT ( 'NONE',  ( 14.28539238854085802, 0.02000000000000000042, -6.493758881270553118 ) ) ;
#5484 = CARTESIAN_POINT ( 'NONE',  ( 14.25543367088621061, 1.355252715606880080E-17, -6.491877931982791949 ) ) ;
#5485 = CARTESIAN_POINT ( 'NONE',  ( 14.18706633563827069, 1.355252715606880080E-17, 5.569777616164652834 ) ) ;
#5486 = CARTESIAN_POINT ( 'NONE',  ( -14.27349001242275506, 0.000000000000000000, -6.300678749490788100 ) ) ;
#5487 = CARTESIAN_POINT ( 'NONE',  ( -14.37430364462420407, 0.02000000000000000042, -5.425461767888268838 ) ) ;
#5488 = CARTESIAN_POINT ( 'NONE',  ( 14.10996379674273093, 0.02000000000000000042, -5.568022060462500811 ) ) ;
#5489 = DIRECTION ( 'NONE',  ( 0.000000000000000000, 1.000000000000000000, 0.000000000000000000 ) ) ;
#5490 = ORIENTED_EDGE ( 'NONE', *, *, #816, .F. ) ;
#5491 = CARTESIAN_POINT ( 'NONE',  ( 14.27740565707272857, 0.000000000000000000, 6.566387645112482296 ) ) ;
#5492 = DIRECTION ( 'NONE',  ( 0.000000000000000000, -1.000000000000000000, -0.000000000000000000 ) ) ;
#5493 = CARTESIAN_POINT ( 'NONE',  ( 14.25320474560808925, 1.355252715606880080E-17, 6.567432010615037896 ) ) ;
#5494 = DIRECTION ( 'NONE',  ( 0.000000000000000000, -1.000000000000000000, -0.000000000000000000 ) ) ;
#5495 = LINE ( 'NONE', #2658, #4461 ) ;
#5496 = LINE ( 'NONE', #5612, #6917 ) ;
#5497 = ORIENTED_EDGE ( 'NONE', *, *, #2956, .T. ) ;
#5498 = EDGE_LOOP ( 'NONE', ( #1696, #5602 ) ) ;
#5499 = DIRECTION ( 'NONE',  ( 0.000000000000000000, 0.000000000000000000, -1.000000000000000000 ) ) ;
#5500 = SURFACE_STYLE_USAGE ( .BOTH. , #5539 ) ;
#5501 = CIRCLE ( 'NONE', #1987, 0.2500000000000002220 ) ;
#5502 = CARTESIAN_POINT ( 'NONE',  ( 14.10648759738613833, 0.02000000000000000042, -5.597578098254281542 ) ) ;
#5503 = CARTESIAN_POINT ( 'NONE',  ( 14.24624670637184565, 0.000000000000000000, 3.136679103919437939 ) ) ;
#5504 = LINE ( 'NONE', #5544, #4954 ) ;
#5505 = VERTEX_POINT ( 'NONE', #6206 ) ;
#5506 = CARTESIAN_POINT ( 'NONE',  ( 13.91061330762594217, 0.000000000000000000, -6.447867110161531023 ) ) ;
#5507 = EDGE_LOOP ( 'NONE', ( #7059, #4897 ) ) ;
#5508 = PRESENTATION_LAYER_ASSIGNMENT (  '', '', ( #2113 ) ) ;
#5509 = LINE ( 'NONE', #2088, #7150 ) ;
#5510 = CARTESIAN_POINT ( 'NONE',  ( 13.28412334279778406, 0.000000000000000000, -5.593179602151232999 ) ) ;
#5511 = SURFACE_SIDE_STYLE ('',( #3209 ) ) ;
#5512 =( NAMED_UNIT ( * ) PLANE_ANGLE_UNIT ( ) SI_UNIT ( $, .RADIAN. ) );
#5513 = CARTESIAN_POINT ( 'NONE',  ( 14.61129981615528628, 0.02000000000000000042, -5.953024784819400672 ) ) ;
#5514 = CARTESIAN_POINT ( 'NONE',  ( -13.88682444548490658, 0.000000000000000000, -6.237151259237477596 ) ) ;
#5515 = ORIENTED_EDGE ( 'NONE', *, *, #7246, .T. ) ;
#5516 = DIRECTION ( 'NONE',  ( 1.174997428309413820E-16, 0.000000000000000000, 1.000000000000000000 ) ) ;
#5517 = COLOUR_RGB ( '',1.000000000000000000, 0.7725490196078431682, 0.000000000000000000 ) ;
#5518 = ADVANCED_FACE ( 'NONE', ( #5037 ), #1635, .T. ) ;
#5519 = CARTESIAN_POINT ( 'NONE',  ( 14.26999621881904368, 1.355252715606880080E-17, 5.675636776733977484 ) ) ;
#5520 = DIRECTION ( 'NONE',  ( 0.000000000000000000, -1.000000000000000000, -0.000000000000000000 ) ) ;
#5521 = CARTESIAN_POINT ( 'NONE',  ( -14.55206494923315574, 1.355252715606880080E-17, -5.688679210790797747 ) ) ;
#5522 = VERTEX_POINT ( 'NONE', #5185 ) ;
#5523 = FACE_OUTER_BOUND ( 'NONE', #4088, .T. ) ;
#5524 = AXIS2_PLACEMENT_3D ( 'NONE', #7389, #519, #6358 ) ;
#5525 = CARTESIAN_POINT ( 'NONE',  ( 14.63021043258889620, 0.02000000000000000042, 6.194850142964558160 ) ) ;
#5526 = VERTEX_POINT ( 'NONE', #7500 ) ;
#5527 = CARTESIAN_POINT ( 'NONE',  ( -14.28992520622125539, 9.900000000000000355, 9.677149158797471173 ) ) ;
#5528 = LINE ( 'NONE', #904, #2352 ) ;
#5529 =( GEOMETRIC_REPRESENTATION_CONTEXT ( 3 ) GLOBAL_UNCERTAINTY_ASSIGNED_CONTEXT ( ( #4771 ) ) GLOBAL_UNIT_ASSIGNED_CONTEXT ( ( #1140, #3327, #3399 ) ) REPRESENTATION_CONTEXT ( 'NONE', 'WORKASPACE' ) );
#5530 = CARTESIAN_POINT ( 'NONE',  ( 14.19656643685713249, 0.02000000000000000042, 5.972797440089012255 ) ) ;
#5531 = ADVANCED_FACE ( 'NONE', ( #4617 ), #5256, .T. ) ;
#5532 = DIRECTION ( 'NONE',  ( 0.000000000000000000, -1.000000000000000000, -0.000000000000000000 ) ) ;
#5533 = CARTESIAN_POINT ( 'NONE',  ( 14.33686036041130407, 0.000000000000000000, -5.729725107828390840 ) ) ;
#5534 = EDGE_CURVE ( 'NONE', #3704, #779, #912, .T. ) ;
#5535 = ORIENTED_EDGE ( 'NONE', *, *, #2175, .F. ) ;
#5536 = B_SPLINE_CURVE_WITH_KNOTS ( 'NONE', 3,
 ( #5483, #4919, #6652, #3213, #6545, #5980, #1450, #3781, #364, #788, #4806 ),
 .UNSPECIFIED., .F., .F.,
 ( 4, 1, 1, 1, 1, 1, 1, 1, 4 ),
 ( 0.000000000000000000, 0.09669301318225040354, 0.1929420357854829959, 0.2949267169060294513, 0.4099877910103180145, 0.5377559460081979825, 0.6757195198396210856, 0.8295651592730750590, 1.000000000000000000 ),
 .UNSPECIFIED. ) ;
#5537 = ORIENTED_EDGE ( 'NONE', *, *, #3021, .T. ) ;
#5538 = DIRECTION ( 'NONE',  ( 0.000000000000000000, -1.000000000000000000, -0.000000000000000000 ) ) ;
#5539 = SURFACE_SIDE_STYLE ('',( #5052 ) ) ;
#5540 =( GEOMETRIC_REPRESENTATION_CONTEXT ( 3 ) GLOBAL_UNCERTAINTY_ASSIGNED_CONTEXT ( ( #5752 ) ) GLOBAL_UNIT_ASSIGNED_CONTEXT ( ( #6650, #3144, #6046 ) ) REPRESENTATION_CONTEXT ( 'NONE', 'WORKASPACE' ) );
#5541 = CARTESIAN_POINT ( 'NONE',  ( -3.840000000000004743, 0.02000000000000000042, -7.360000000000121112 ) ) ;
#5542 = CARTESIAN_POINT ( 'NONE',  ( -1.300000000000006040, 0.02000000000000000042, -7.610000000000099796 ) ) ;
#5543 = VECTOR ( 'NONE', #6461, 1000.000000000000000 ) ;
#5544 = CARTESIAN_POINT ( 'NONE',  ( 13.28412334279778406, 0.02000000000000000042, -5.593179602151232999 ) ) ;
#5545 = ORIENTED_EDGE ( 'NONE', *, *, #5073, .F. ) ;
#5546 = ORIENTED_EDGE ( 'NONE', *, *, #5447, .T. ) ;
#5547 = AXIS2_PLACEMENT_3D ( 'NONE', #2448, #3514, #5813 ) ;
#5548 = EDGE_CURVE ( 'NONE', #5972, #3609, #1231, .T. ) ;
#5549 = PRESENTATION_STYLE_ASSIGNMENT (( #1481 ) ) ;
#5550 = AXIS2_PLACEMENT_3D ( 'NONE', #6344, #3993, #5164 ) ;
#5551 = CARTESIAN_POINT ( 'NONE',  ( 13.05225580246217909, 0.000000000000000000, -5.773740444814933426 ) ) ;
#5552 = CARTESIAN_POINT ( 'NONE',  ( 14.28539238854085802, 1.355252715606880080E-17, -6.493758881270553118 ) ) ;
#5553 = CARTESIAN_POINT ( 'NONE',  ( -14.14303313471325474, 1.355252715606880080E-17, -5.609089348898669058 ) ) ;
#5554 = CARTESIAN_POINT ( 'NONE',  ( 14.67109916382976387, 1.355252715606880080E-17, -6.049341471387021940 ) ) ;
#5555 = CARTESIAN_POINT ( 'NONE',  ( 11.39999999999995595, 1.000000000000000000, 7.609999999999978115 ) ) ;
#5556 = ORIENTED_EDGE ( 'NONE', *, *, #5098, .F. ) ;
#5557 = STYLED_ITEM ( 'NONE', ( #5824 ), #3649 ) ;
#5558 = LINE ( 'NONE', #6083, #5045 ) ;
#5559 = CARTESIAN_POINT ( 'NONE',  ( 14.12642803978068251, 0.02000000000000000042, -6.290466860212521993 ) ) ;
#5560 = DIRECTION ( 'NONE',  ( 1.174997428309413820E-16, -0.000000000000000000, 1.000000000000000000 ) ) ;
#5561 = CARTESIAN_POINT ( 'NONE',  ( -6.380000000000054072, 0.02000000000000000042, 7.609999999999855547 ) ) ;
#5562 = CARTESIAN_POINT ( 'NONE',  ( -14.56239468533110504, 0.02000000000000000042, -5.737594740856408748 ) ) ;
#5563 = CARTESIAN_POINT ( 'NONE',  ( 13.91061330762594217, 1.355252715606880080E-17, -6.447867110161531023 ) ) ;
#5564 = EDGE_LOOP ( 'NONE', ( #699, #1083, #6544, #3915 ) ) ;
#5565 = CARTESIAN_POINT ( 'NONE',  ( 14.16064120760747436, 1.016439536705160099E-17, -5.463489539271640716 ) ) ;
#5566 = CARTESIAN_POINT ( 'NONE',  ( 14.37668904395337677, 0.02000000000000000042, 5.795777942856428666 ) ) ;
#5567 = VERTEX_POINT ( 'NONE', #4770 ) ;
#5568 = SURFACE_SIDE_STYLE ('',( #2064 ) ) ;
#5569 = CARTESIAN_POINT ( 'NONE',  ( 14.65600290707699216, 0.02000000000000000042, 6.379724009955882735 ) ) ;
#5570 = CARTESIAN_POINT ( 'NONE',  ( 14.31299618035768972, 0.02000000000000000042, 6.110326926789883650 ) ) ;
#5571 = DIRECTION ( 'NONE',  ( 0.4975963966147091133, 0.000000000000000000, 0.8674086845749569008 ) ) ;
#5572 = CARTESIAN_POINT ( 'NONE',  ( -14.10376606765545660, 1.355252715606880080E-17, 6.558359226907016115 ) ) ;
#5573 = DIRECTION ( 'NONE',  ( 0.000000000000000000, -1.000000000000000000, -0.000000000000000000 ) ) ;
#5574 = ORIENTED_EDGE ( 'NONE', *, *, #6962, .F. ) ;
#5575 = ORIENTED_EDGE ( 'NONE', *, *, #5325, .F. ) ;
#5576 = VECTOR ( 'NONE', #3308, 1000.000000000000114 ) ;
#5577 = FACE_OUTER_BOUND ( 'NONE', #3402, .T. ) ;
#5578 = DIRECTION ( 'NONE',  ( 0.000000000000000000, 0.000000000000000000, -1.000000000000000000 ) ) ;
#5579 = CARTESIAN_POINT ( 'NONE',  ( -3.840000000000053593, 0.02000000000000000042, 7.609999999999875087 ) ) ;
#5580 = PLANE ( 'NONE',  #4582 ) ;
#5581 = CARTESIAN_POINT ( 'NONE',  ( 14.29008290561960415, 1.016439536705160099E-17, -6.733913355702372705 ) ) ;
#5582 = AXIS2_PLACEMENT_3D ( 'NONE', #2486, #4261, #6043 ) ;
#5583 = ORIENTED_EDGE ( 'NONE', *, *, #3171, .T. ) ;
#5584 = ORIENTED_EDGE ( 'NONE', *, *, #3153, .F. ) ;
#5585 = FACE_BOUND ( 'NONE', #6843, .T. ) ;
#5586 =( NAMED_UNIT ( * ) PLANE_ANGLE_UNIT ( ) SI_UNIT ( $, .RADIAN. ) );
#5587 = CARTESIAN_POINT ( 'NONE',  ( 13.32696339878366665, 0.02000000000000000042, -5.172909271895553829 ) ) ;
#5588 = CARTESIAN_POINT ( 'NONE',  ( -3.840000000000004743, 0.000000000000000000, -7.860000000000120224 ) ) ;
#5589 = CARTESIAN_POINT ( 'NONE',  ( 14.53155915649915286, 1.355252715606880080E-17, -5.889635906193612769 ) ) ;
#5590 = PLANE ( 'NONE',  #4720 ) ;
#5591 = ORIENTED_EDGE ( 'NONE', *, *, #6641, .T. ) ;
#5592 = CARTESIAN_POINT ( 'NONE',  ( 13.02071245398621357, 1.355252715606880080E-17, 6.483622260939042370 ) ) ;
#5593 = CARTESIAN_POINT ( 'NONE',  ( 14.60713549931014654, 1.355252715606880080E-17, -5.353142225409853516 ) ) ;
#5594 = AXIS2_PLACEMENT_3D ( 'NONE', #294, #1951, #4309 ) ;
#5595 = EDGE_CURVE ( 'NONE', #6776, #1540, #2335, .T. ) ;
#5596 = CARTESIAN_POINT ( 'NONE',  ( 14.36644165274904417, 1.355252715606880080E-17, 5.784341042093668506 ) ) ;
#5597 = DIRECTION ( 'NONE',  ( -0.000000000000000000, 0.000000000000000000, 1.000000000000000000 ) ) ;
#5598 = VECTOR ( 'NONE', #492, 1000.000000000000000 ) ;
#5599 = COLOUR_RGB ( '',1.000000000000000000, 0.7725490196078431682, 0.000000000000000000 ) ;
#5600 = CARTESIAN_POINT ( 'NONE',  ( -14.53983156273745436, 0.02000000000000000042, -5.643211861252257933 ) ) ;
#5601 = CARTESIAN_POINT ( 'NONE',  ( 14.70473373134464801, 1.355252715606880080E-17, -6.258836804440402801 ) ) ;
#5602 = ORIENTED_EDGE ( 'NONE', *, *, #2515, .F. ) ;
#5603 = CARTESIAN_POINT ( 'NONE',  ( 14.25661313213208814, 0.02000000000000000042, -5.752632927666632590 ) ) ;
#5604 = UNCERTAINTY_MEASURE_WITH_UNIT (LENGTH_MEASURE( 1.000000000000000082E-05 ), #4973, 'distance_accuracy_value', 'NONE');
#5605 = CARTESIAN_POINT ( 'NONE',  ( 14.47548180060279677, 0.02000000000000000042, 5.911689605240808554 ) ) ;
#5606 = ORIENTED_EDGE ( 'NONE', *, *, #6859, .F. ) ;
#5607 =( NAMED_UNIT ( * ) PLANE_ANGLE_UNIT ( ) SI_UNIT ( $, .RADIAN. ) );
#5608 = FACE_OUTER_BOUND ( 'NONE', #5657, .T. ) ;
#5609 = CARTESIAN_POINT ( 'NONE',  ( 14.41529504453981581, 0.02000000000000000042, 6.380189753956837961 ) ) ;
#5610 = CARTESIAN_POINT ( 'NONE',  ( -14.37430364462420407, 0.000000000000000000, -5.425461767888268838 ) ) ;
#5611 = EDGE_CURVE ( 'NONE', #3040, #857, #4916, .T. ) ;
#5612 = CARTESIAN_POINT ( 'NONE',  ( -8.920000000000054996, 1.000000000000000000, 7.359999999999840448 ) ) ;
#5613 = ORIENTED_EDGE ( 'NONE', *, *, #277, .T. ) ;
#5614 = ORIENTED_EDGE ( 'NONE', *, *, #7033, .F. ) ;
#5615 = CARTESIAN_POINT ( 'NONE',  ( -14.21901951138890396, 0.02000000000000000042, -6.649758738103208167 ) ) ;
#5616 = FACE_OUTER_BOUND ( 'NONE', #2123, .T. ) ;
#5617 = DIRECTION ( 'NONE',  ( 0.000000000000000000, -1.000000000000000000, -0.000000000000000000 ) ) ;
#5618 = EDGE_LOOP ( 'NONE', ( #2975, #4555 ) ) ;
#5619 = ORIENTED_EDGE ( 'NONE', *, *, #3272, .F. ) ;
#5620 = CARTESIAN_POINT ( 'NONE',  ( 13.28604024107135473, 0.02000000000000000042, -5.269338791724763382 ) ) ;
#5621 = VECTOR ( 'NONE', #3225, 1000.000000000000000 ) ;
#5622 = ADVANCED_FACE ( 'NONE', ( #6999 ), #183, .F. ) ;
#5623 = CARTESIAN_POINT ( 'NONE',  ( 14.42065043018600612, 0.02000000000000000042, -6.386917684473462309 ) ) ;
#5624 = CARTESIAN_POINT ( 'NONE',  ( 13.97798883043946638, 0.02000000000000000042, 6.730737617743632661 ) ) ;
#5625 = CARTESIAN_POINT ( 'NONE',  ( 14.55335836728943555, 1.355252715606880080E-17, -5.902069646000692060 ) ) ;
#5626 = DIRECTION ( 'NONE',  ( 1.000000000000000000, 0.000000000000000000, -1.174997428309413820E-16 ) ) ;
#5627 = ORIENTED_EDGE ( 'NONE', *, *, #1049, .T. ) ;
#5628 = EDGE_CURVE ( 'NONE', #1493, #5933, #4658, .T. ) ;
#5630 = EDGE_CURVE ( 'NONE', #5925, #6491, #4678, .T. ) ;
#5629 = CARTESIAN_POINT ( 'NONE',  ( 14.44005403852747449, 0.02000000000000000042, -5.201803584140252568 ) ) ;
#5631 = CARTESIAN_POINT ( 'NONE',  ( -13.74191478459535354, 0.02000000000000000042, -5.676549834799337724 ) ) ;
#5632 = STYLED_ITEM ( 'NONE', ( #4301 ), #6479 ) ;
#5633 = CARTESIAN_POINT ( 'NONE',  ( 14.29656347973638297, 0.000000000000000000, -5.173256757396690553 ) ) ;
#5634 = CARTESIAN_POINT ( 'NONE',  ( 14.04336819841913631, 1.355252715606880080E-17, -6.647969585080263144 ) ) ;
#5635 = ORIENTED_EDGE ( 'NONE', *, *, #4285, .F. ) ;
#5636 = PLANE ( 'NONE',  #3828 ) ;
#5637 = FACE_OUTER_BOUND ( 'NONE', #1316, .T. ) ;
#5638 = ORIENTED_EDGE ( 'NONE', *, *, #2751, .T. ) ;
#5639 = AXIS2_PLACEMENT_3D ( 'NONE', #1919, #1314, #680 ) ;
#5640 = CARTESIAN_POINT ( 'NONE',  ( 14.49288845141182058, 0.02000000000000000042, -5.873696801134562051 ) ) ;
#5641 = CARTESIAN_POINT ( 'NONE',  ( 13.28412334279778406, 0.000000000000000000, -5.593179602151232999 ) ) ;
#5642 = ADVANCED_FACE ( 'NONE', ( #3637 ), #1715, .T. ) ;
#5643 = CARTESIAN_POINT ( 'NONE',  ( -14.34038378846215345, 0.000000000000000000, -5.408018824488989296 ) ) ;
#5644 = AXIS2_PLACEMENT_3D ( 'NONE', #5664, #2793, #5275 ) ;
#5645 = CARTESIAN_POINT ( 'NONE',  ( -14.14012134404445220, 0.02000000000000000042, 6.822770558560790732 ) ) ;
#5646 = EDGE_CURVE ( 'NONE', #1661, #1994, #197, .T. ) ;
#5647 = AXIS2_PLACEMENT_3D ( 'NONE', #6710, #3838, #1092 ) ;
#5648 = CARTESIAN_POINT ( 'NONE',  ( -14.28992520622125539, 9.900000000000000355, 9.677149158797471173 ) ) ;
#5649 = VERTEX_POINT ( 'NONE', #893 ) ;
#5650 = EDGE_CURVE ( 'NONE', #1341, #41, #4843, .T. ) ;
#5651 = ORIENTED_EDGE ( 'NONE', *, *, #6216, .T. ) ;
#5652 = CARTESIAN_POINT ( 'NONE',  ( -14.18720249289475355, 0.000000000000000000, -6.204262004192559132 ) ) ;
#5653 = CARTESIAN_POINT ( 'NONE',  ( -8.920000000000054996, 1.000000000000000000, 7.609999999999836007 ) ) ;
#5654 = PRESENTATION_LAYER_ASSIGNMENT (  '', '', ( #3368 ) ) ;
#5655 = FACE_BOUND ( 'NONE', #6887, .T. ) ;
#5656 = CARTESIAN_POINT ( 'NONE',  ( 13.95394338841870230, 0.02000000000000000042, 5.681674210550237802 ) ) ;
#5657 = EDGE_LOOP ( 'NONE', ( #4673, #3791, #1747, #5198 ) ) ;
#5658 = ORIENTED_EDGE ( 'NONE', *, *, #170, .T. ) ;
#5659 = ORIENTED_EDGE ( 'NONE', *, *, #5408, .F. ) ;
#5660 = CARTESIAN_POINT ( 'NONE',  ( -6.380000000000005222, 0.000000000000000000, -7.610000000000161080 ) ) ;
#5661 = CARTESIAN_POINT ( 'NONE',  ( 14.10728746165082015, 0.000000000000000000, 6.513098200657858605 ) ) ;
#5662 = AXIS2_PLACEMENT_3D ( 'NONE', #2372, #3711, #3597 ) ;
#5663 = AXIS2_PLACEMENT_3D ( 'NONE', #979, #3829, #3224 ) ;
#5664 = CARTESIAN_POINT ( 'NONE',  ( 13.94000000000000661, 0.000000000000000000, -7.610000000000001208 ) ) ;
#5665 = CARTESIAN_POINT ( 'NONE',  ( 14.65600290707699216, 0.02000000000000000042, 5.267133358877227778 ) ) ;
#5666 = COLOUR_RGB ( '',1.000000000000000000, 0.7725490196078431682, 0.000000000000000000 ) ;
#5667 = ORIENTED_EDGE ( 'NONE', *, *, #3732, .T. ) ;
#5668 = CARTESIAN_POINT ( 'NONE',  ( 14.53545869722471018, 0.02000000000000000042, -5.263771305652753085 ) ) ;
#5669 = EDGE_CURVE ( 'NONE', #4881, #4589, #5450, .T. ) ;
#5670 = CARTESIAN_POINT ( 'NONE',  ( -13.99956835436645441, 1.355252715606880080E-17, -5.385917482223007369 ) ) ;
#5671 =( NAMED_UNIT ( * ) PLANE_ANGLE_UNIT ( ) SI_UNIT ( $, .RADIAN. ) );
#5672 = CARTESIAN_POINT ( 'NONE',  ( 13.32696339878366665, 0.000000000000000000, -5.172909271895553829 ) ) ;
#5673 = COLOUR_RGB ( '',0.2509803921568627416, 0.2509803921568627416, 0.2509803921568627416 ) ;
#5674 = EDGE_CURVE ( 'NONE', #371, #6697, #5558, .T. ) ;
#5675 = CARTESIAN_POINT ( 'NONE',  ( 13.23508893335540293, 0.02000000000000000042, 6.387854239559042746 ) ) ;
#5676 = VERTEX_POINT ( 'NONE', #1910 ) ;
#5677 = CARTESIAN_POINT ( 'NONE',  ( 13.88450952887732903, 0.02000000000000000042, -5.573166729281921583 ) ) ;
#5678 = UNCERTAINTY_MEASURE_WITH_UNIT (LENGTH_MEASURE( 1.000000000000000082E-05 ), #5803, 'distance_accuracy_value', 'NONE');
#5679 = CARTESIAN_POINT ( 'NONE',  ( 14.40059281002435299, 0.02000000000000000042, -6.058136302922202177 ) ) ;
#5680 = ORIENTED_EDGE ( 'NONE', *, *, #4032, .T. ) ;
#5681 = VECTOR ( 'NONE', #2674, 1000.000000000000000 ) ;
#5682 = DIRECTION ( 'NONE',  ( 0.000000000000000000, -1.000000000000000000, -0.000000000000000000 ) ) ;
#5683 = LINE ( 'NONE', #7058, #1830 ) ;
#5684 = CARTESIAN_POINT ( 'NONE',  ( -14.56830668318625577, 0.02000000000000000042, -5.789205204722538411 ) ) ;
#5685 = CARTESIAN_POINT ( 'NONE',  ( 12.95980074144202199, 1.355252715606880080E-17, 6.185927570198503034 ) ) ;
#5686 = PLANE ( 'NONE',  #1541 ) ;
#5687 = EDGE_CURVE ( 'NONE', #5395, #6677, #2597, .T. ) ;
#5688 = DIRECTION ( 'NONE',  ( -1.174997428309413820E-16, 0.000000000000000000, -1.000000000000000000 ) ) ;
#5689 = ORIENTED_EDGE ( 'NONE', *, *, #417, .F. ) ;
#5690 = FILL_AREA_STYLE ('',( #1058 ) ) ;
#5691 = CARTESIAN_POINT ( 'NONE',  ( 14.02202630088261515, 0.000000000000000000, -5.267690227799032066 ) ) ;
#5692 = EDGE_CURVE ( 'NONE', #6911, #1638, #1486, .T. ) ;
#5693 = EDGE_CURVE ( 'NONE', #5841, #4788, #2089, .T. ) ;
#5694 = CARTESIAN_POINT ( 'NONE',  ( 13.28412334279778406, 0.02000000000000000042, -6.713900482833050631 ) ) ;
#5695 = CARTESIAN_POINT ( 'NONE',  ( 1.240000000000003322, 0.02000000000000000042, -7.610000000000079368 ) ) ;
#5696 = ORIENTED_EDGE ( 'NONE', *, *, #1592, .T. ) ;
#5697 = EDGE_CURVE ( 'NONE', #4639, #6406, #5536, .T. ) ;
#5698 = EDGE_LOOP ( 'NONE', ( #3615, #2482, #3721, #6007, #1429, #7084, #6793, #2442, #3442, #1930, #6325, #7351, #3161, #4861, #1582, #218, #3121 ) ) ;
#5699 = ORIENTED_EDGE ( 'NONE', *, *, #6709, .T. ) ;
#5700 = VECTOR ( 'NONE', #5538, 1000.000000000000000 ) ;
#5701 = CARTESIAN_POINT ( 'NONE',  ( 13.01714444314553099, 1.355252715606880080E-17, -5.529497384985831765 ) ) ;
#5702 = DIRECTION ( 'NONE',  ( 0.000000000000000000, 0.000000000000000000, -1.000000000000000000 ) ) ;
#5703 = CARTESIAN_POINT ( 'NONE',  ( 13.81546224656563027, 0.000000000000000000, 6.387854239559042746 ) ) ;
#5704 = STYLED_ITEM ( 'NONE', ( #704 ), #2168 ) ;
#5705 = CARTESIAN_POINT ( 'NONE',  ( 14.53376071129271985, 0.000000000000000000, 5.991096880555577542 ) ) ;
#5706 = CARTESIAN_POINT ( 'NONE',  ( 14.65521848404794802, 0.02000000000000000042, 6.332692259994407991 ) ) ;
#5707 = ORIENTED_EDGE ( 'NONE', *, *, #1839, .T. ) ;
#5708 = CARTESIAN_POINT ( 'NONE',  ( 14.62504708865772862, 1.355252715606880080E-17, -5.384993846471292755 ) ) ;
#5709 = CARTESIAN_POINT ( 'NONE',  ( -13.92227189569820567, 0.02000000000000000042, -5.418539011940338490 ) ) ;
#5710 = CARTESIAN_POINT ( 'NONE',  ( -15.72710346734440634, 9.905235721931179071, -9.677149158797478279 ) ) ;
#5711 = CARTESIAN_POINT ( 'NONE',  ( 13.30188436979905120, 0.000000000000000000, -5.238209884575102393 ) ) ;
#5712 = DIRECTION ( 'NONE',  ( 1.000000000000000000, 0.000000000000000000, -1.174997428309413820E-16 ) ) ;
#5713 = EDGE_LOOP ( 'NONE', ( #4870, #3960, #4929, #3881 ) ) ;
#5714 = CARTESIAN_POINT ( 'NONE',  ( 14.21096951755808213, 0.02000000000000000042, -5.753282585105782942 ) ) ;
#5715 = CARTESIAN_POINT ( 'NONE',  ( -14.58831955605555564, 0.02000000000000000042, -6.909926085404358709 ) ) ;
#5716 = VERTEX_POINT ( 'NONE', #7112 ) ;
#5717 = VECTOR ( 'NONE', #1048, 1000.000000000000000 ) ;
#5718 = DIRECTION ( 'NONE',  ( 0.000000000000000000, 1.000000000000000000, 0.000000000000000000 ) ) ;
#5719 = COLOUR_RGB ( '',0.2509803921568627416, 0.2509803921568627416, 0.2509803921568627416 ) ;
#5720 = CARTESIAN_POINT ( 'NONE',  ( -14.21901951138890396, 0.02000000000000000042, -6.649758738103208167 ) ) ;
#5721 = CARTESIAN_POINT ( 'NONE',  ( 12.91488296744631192, 0.02000000000000000042, 6.167712637996543457 ) ) ;
#5722 = CARTESIAN_POINT ( 'NONE',  ( 14.29451960500849772, 0.000000000000000000, 6.807344024360987511 ) ) ;
#5723 = FACE_OUTER_BOUND ( 'NONE', #2467, .T. ) ;
#5724 = CIRCLE ( 'NONE', #4267, 0.2999999999999996003 ) ;
#5725 = CARTESIAN_POINT ( 'NONE',  ( 13.95394338841870230, 0.000000000000000000, 5.681674210550237802 ) ) ;
#5726 = ORIENTED_EDGE ( 'NONE', *, *, #3775, .F. ) ;
#5727 = CARTESIAN_POINT ( 'NONE',  ( -14.15232374468080678, 0.02000000000000000042, -6.164213456890317744 ) ) ;
#5728 = CARTESIAN_POINT ( 'NONE',  ( -14.18247026485935791, 1.355252715606880080E-17, -5.610812679226228283 ) ) ;
#5729 = B_SPLINE_SURFACE_WITH_KNOTS ( 'NONE', 3, 1, ( 
 ( #944, #5572 ),
 ( #1435, #381 ),
 ( #2694, #4284 ),
 ( #5012, #1396 ),
 ( #3195, #7318 ),
 ( #3727, #6029 ),
 ( #838, #3159 ),
 ( #5465, #7399 ),
 ( #6854, #1052 ),
 ( #3384, #2735 ),
 ( #6818, #7436 ) ),
 .UNSPECIFIED., .F., .F., .F.,
 ( 4, 1, 1, 1, 1, 1, 1, 1, 4 ),
 ( 2, 2 ),
 ( 0.000000000000000000, 0.1291850431602395988, 0.2562041821241460293, 0.3820429862809644472, 0.5053841222052810611, 0.6299573653232319881, 0.7528488117954820202, 0.8762905154439999400, 1.000000000000000000 ),
 ( 0.000000000000000000, 1.000000000000000000 ),
 .UNSPECIFIED. ) ;
#5730 = FACE_BOUND ( 'NONE', #2824, .T. ) ;
#5731 = CARTESIAN_POINT ( 'NONE',  ( -13.08735409085670476, 0.02000000000000000042, -5.812032387839098035 ) ) ;
#5732 = VERTEX_POINT ( 'NONE', #3110 ) ;
#5733 = CARTESIAN_POINT ( 'NONE',  ( -13.96792049710670724, 0.02000000000000000042, -5.812657790116267265 ) ) ;
#5734 = CARTESIAN_POINT ( 'NONE',  ( 13.25284996035667007, 1.355252715606880080E-17, 6.742823957135173352 ) ) ;
#5735 = VERTEX_POINT ( 'NONE', #5415 ) ;
#5736 = ORIENTED_EDGE ( 'NONE', *, *, #2737, .F. ) ;
#5737 = DIRECTION ( 'NONE',  ( 1.174997428309413820E-16, 0.000000000000000000, 1.000000000000000000 ) ) ;
#5738 = CARTESIAN_POINT ( 'NONE',  ( 13.52427781722960098, 0.02000000000000000042, -6.713900482833050631 ) ) ;
#5739 = CARTESIAN_POINT ( 'NONE',  ( 15.77576593954804096, 0.000000000000000000, 10.14999999999999680 ) ) ;
#5740 = CARTESIAN_POINT ( 'NONE',  ( 14.64986101392202755, 3.388131789017200124E-17, 6.286116415041247407 ) ) ;
#5741 =( NAMED_UNIT ( * ) SI_UNIT ( $, .STERADIAN. ) SOLID_ANGLE_UNIT ( ) );
#5742 = ORIENTED_EDGE ( 'NONE', *, *, #4527, .F. ) ;
#5743 = EDGE_CURVE ( 'NONE', #5901, #5522, #4269, .T. ) ;
#5744 = CARTESIAN_POINT ( 'NONE',  ( 14.29656347973638297, 1.355252715606880080E-17, -5.173256757396690553 ) ) ;
#5745 = SURFACE_SIDE_STYLE ('',( #1113 ) ) ;
#5746 = CARTESIAN_POINT ( 'NONE',  ( 13.83170398051869654, 0.02000000000000000042, 6.488380233490777194 ) ) ;
#5747 = CARTESIAN_POINT ( 'NONE',  ( 14.36532172267629548, 0.02000000000000000042, -5.179623351476021931 ) ) ;
#5748 = CARTESIAN_POINT ( 'NONE',  ( 14.65864283645421295, 0.02000000000000000042, -6.022549802279941744 ) ) ;
#5749 = CARTESIAN_POINT ( 'NONE',  ( 11.40000000000000391, -4.100000000000000533, -7.610000000000022524 ) ) ;
#5750 = ORIENTED_EDGE ( 'NONE', *, *, #6485, .F. ) ;
#5751 = CARTESIAN_POINT ( 'NONE',  ( -11.46000000000000618, 0.000000000000000000, -7.610000000000177955 ) ) ;
#5752 = UNCERTAINTY_MEASURE_WITH_UNIT (LENGTH_MEASURE( 1.000000000000000082E-05 ), #6650, 'distance_accuracy_value', 'NONE');
#5753 = CARTESIAN_POINT ( 'NONE',  ( 13.93999999999995332, 0.02000000000000000042, 7.609999999999993214 ) ) ;
#5754 = EDGE_CURVE ( 'NONE', #3678, #371, #7211, .T. ) ;
#5755 = CARTESIAN_POINT ( 'NONE',  ( -15.42714915879745341, 9.900000000000000355, 3.136679103919430833 ) ) ;
#5756 = CIRCLE ( 'NONE', #2232, 0.2499999999999993616 ) ;
#5757 = CARTESIAN_POINT ( 'NONE',  ( 1.240000000000003322, 0.000000000000000000, -7.860000000000078479 ) ) ;
#5758 = CARTESIAN_POINT ( 'NONE',  ( -14.34038378846215345, 0.02000000000000000042, -5.408018824488989296 ) ) ;
#5759 = CARTESIAN_POINT ( 'NONE',  ( 14.10465113043982832, 0.000000000000000000, -5.613192475020550631 ) ) ;
#5760 =( NAMED_UNIT ( * ) PLANE_ANGLE_UNIT ( ) SI_UNIT ( $, .RADIAN. ) );
#5761 = LINE ( 'NONE', #566, #230 ) ;
#5762 = AXIS2_PLACEMENT_3D ( 'NONE', #2775, #4472, #6783 ) ;
#5763 = VERTEX_POINT ( 'NONE', #5246 ) ;
#5764 = CYLINDRICAL_SURFACE ( 'NONE', #4055, 0.2500000000000002220 ) ;
#5765 = ADVANCED_FACE ( 'NONE', ( #3433 ), #651, .T. ) ;
#5766 = CARTESIAN_POINT ( 'NONE',  ( 14.10731484358652565, 0.000000000000000000, -5.209659932551181427 ) ) ;
#5767 = VECTOR ( 'NONE', #118, 1000.000000000000000 ) ;
#5768 = CARTESIAN_POINT ( 'NONE',  ( -14.21891993064495452, 1.355252715606880080E-17, -5.621356137470928438 ) ) ;
#5769 = EDGE_CURVE ( 'NONE', #6491, #5925, #6727, .T. ) ;
#5770 = CARTESIAN_POINT ( 'NONE',  ( 13.87454973076627063, 0.02000000000000000042, 5.552179463120667791 ) ) ;
#5771 = ORIENTED_EDGE ( 'NONE', *, *, #3012, .F. ) ;
#5772 = CARTESIAN_POINT ( 'NONE',  ( -1.300000000000054667, 0.02000000000000000042, 7.609999999999890186 ) ) ;
#5773 = ORIENTED_EDGE ( 'NONE', *, *, #6143, .T. ) ;
#5774 = VERTEX_POINT ( 'NONE', #1175 ) ;
#5775 = CARTESIAN_POINT ( 'NONE',  ( 14.27538595210620009, 0.02000000000000000042, -5.413063746327371639 ) ) ;
#5776 = CARTESIAN_POINT ( 'NONE',  ( -13.86721488118640266, 2.032879073410320197E-17, -6.210829795632458072 ) ) ;
#5777 = PRESENTATION_LAYER_ASSIGNMENT (  '', '', ( #3128 ) ) ;
#5778 = CARTESIAN_POINT ( 'NONE',  ( 14.44486996921823696, 1.355252715606880080E-17, -6.235155039662332754 ) ) ;
#5779 = CARTESIAN_POINT ( 'NONE',  ( -14.40898863123435625, 0.02000000000000000042, 6.344293653458132454 ) ) ;
#5780 = CARTESIAN_POINT ( 'NONE',  ( 14.53376071129271985, 0.02000000000000000042, 5.991096880555577542 ) ) ;
#5781 = ORIENTED_EDGE ( 'NONE', *, *, #4534, .T. ) ;
#5782 = EDGE_CURVE ( 'NONE', #87, #4126, #7345, .T. ) ;
#5783 = CARTESIAN_POINT ( 'NONE',  ( 13.89891722993113632, 0.02000000000000000042, -6.405430323673741988 ) ) ;
#5784 = AXIS2_PLACEMENT_3D ( 'NONE', #1418, #1487, #3748 ) ;
#5785 = CARTESIAN_POINT ( 'NONE',  ( 14.65600290707699216, 0.02000000000000000042, 6.379724009955882735 ) ) ;
#5786 = CARTESIAN_POINT ( 'NONE',  ( -13.75313296404620367, 1.355252715606880080E-17, -5.638448450440277426 ) ) ;
#5787 = CARTESIAN_POINT ( 'NONE',  ( 14.66420810761654181, 0.02000000000000000042, -5.520989984673130735 ) ) ;
#5788 = CARTESIAN_POINT ( 'NONE',  ( 13.32327714750457659, 0.000000000000000000, -5.184021841450362267 ) ) ;
#5789 = CIRCLE ( 'NONE', #3968, 0.2999999999999999334 ) ;
#5790 = VERTEX_POINT ( 'NONE', #1213 ) ;
#5791 = CARTESIAN_POINT ( 'NONE',  ( -8.920000000000054996, 0.000000000000000000, 7.609999999999836007 ) ) ;
#5792 = CARTESIAN_POINT ( 'NONE',  ( 14.42054704185722080, 0.02000000000000000042, -6.093609078583901884 ) ) ;
#5793 = PRODUCT_DEFINITION_SHAPE ( 'NONE', 'NONE',  #4844 ) ;
#5794 = CARTESIAN_POINT ( 'NONE',  ( -12.84719961642490560, 0.02000000000000000042, -6.909926085404358709 ) ) ;
#5795 = CARTESIAN_POINT ( 'NONE',  ( 13.12287318738971109, 0.02000000000000000042, -5.457230871974473096 ) ) ;
#5796 = FILL_AREA_STYLE_COLOUR ( '', #5517 ) ;
#5797 = CARTESIAN_POINT ( 'NONE',  ( 14.49504669284767999, 0.000000000000000000, 6.735460157234472334 ) ) ;
#5798 = FACE_OUTER_BOUND ( 'NONE', #4992, .T. ) ;
#5799 = ORIENTED_EDGE ( 'NONE', *, *, #3707, .T. ) ;
#5800 = CIRCLE ( 'NONE', #5784, 0.2500000000000002220 ) ;
#5801 = CARTESIAN_POINT ( 'NONE',  ( -3.292074277363351786, 9.900000000000000355, 20.67500008765509278 ) ) ;
#5802 = CARTESIAN_POINT ( 'NONE',  ( 14.65472426491371394, 0.000000000000000000, -5.649784928889260982 ) ) ;
#5803 =( LENGTH_UNIT ( ) NAMED_UNIT ( * ) SI_UNIT ( .MILLI., .METRE. ) );
#5804 = CARTESIAN_POINT ( 'NONE',  ( 13.95440616440351356, 0.02000000000000000042, -5.355892034154582149 ) ) ;
#5805 = ORIENTED_EDGE ( 'NONE', *, *, #5073, .T. ) ;
#5806 = CARTESIAN_POINT ( 'NONE',  ( 13.19873365696637357, 0.02000000000000000042, 6.652265571212817363 ) ) ;
#5807 = ORIENTED_EDGE ( 'NONE', *, *, #2679, .T. ) ;
#5808 = EDGE_LOOP ( 'NONE', ( #2044, #6144, #5215 ) ) ;
#5809 = CARTESIAN_POINT ( 'NONE',  ( 14.10728746165082015, 0.02000000000000000042, 6.513098200657858605 ) ) ;
#5810 = CARTESIAN_POINT ( 'NONE',  ( -13.93244449121065642, 0.02000000000000000042, -6.294942356579828591 ) ) ;
#5811 = LINE ( 'NONE', #623, #1420 ) ;
#5812 = CARTESIAN_POINT ( 'NONE',  ( -13.78562563042530265, 0.000000000000000000, -5.566127426224418251 ) ) ;
#5813 = DIRECTION ( 'NONE',  ( 0.000000000000000000, 1.000000000000000000, 0.000000000000000000 ) ) ;
#5814 = VERTEX_POINT ( 'NONE', #1135 ) ;
#5815 = FILL_AREA_STYLE ('',( #4766 ) ) ;
#5816 = CARTESIAN_POINT ( 'NONE',  ( 13.28412334279778406, 0.02000000000000000042, -6.713900482833050631 ) ) ;
#5817 = CIRCLE ( 'NONE', #6787, 0.2499999999999993616 ) ;
#5818 = LINE ( 'NONE', #6000, #4632 ) ;
#5819 = CARTESIAN_POINT ( 'NONE',  ( -14.01513962322180440, 0.02000000000000000042, -5.660154357259279401 ) ) ;
#5820 = CARTESIAN_POINT ( 'NONE',  ( 14.17176971121236129, 0.000000000000000000, 5.945141396910243792 ) ) ;
#5821 = ORIENTED_EDGE ( 'NONE', *, *, #7295, .T. ) ;
#5822 = DIRECTION ( 'NONE',  ( 0.000000000000000000, 0.000000000000000000, -1.000000000000000000 ) ) ;
#5823 = UNCERTAINTY_MEASURE_WITH_UNIT (LENGTH_MEASURE( 1.000000000000000082E-05 ), #2559, 'distance_accuracy_value', 'NONE');
#5824 = PRESENTATION_STYLE_ASSIGNMENT (( #6397 ) ) ;
#5825 = ADVANCED_FACE ( 'NONE', ( #2901 ), #3463, .F. ) ;
#5826 = CARTESIAN_POINT ( 'NONE',  ( -14.41203916644810512, 9.905235721931179071, 9.977103467344392129 ) ) ;
#5827 = CARTESIAN_POINT ( 'NONE',  ( -14.56239468533110504, 0.02000000000000000042, -5.737594740856408748 ) ) ;
#5828 = LINE ( 'NONE', #678, #3953 ) ;
#5829 = CARTESIAN_POINT ( 'NONE',  ( 13.21262653407595877, 0.02000000000000000042, -5.663480285920002189 ) ) ;
#5830 = CARTESIAN_POINT ( 'NONE',  ( 8.860000000000004761, 0.02000000000000000042, -7.610000000000041176 ) ) ;
#5831 = ORIENTED_EDGE ( 'NONE', *, *, #3872, .T. ) ;
#5832 = CARTESIAN_POINT ( 'NONE',  ( 1.239999999999946034, 0.000000000000000000, 7.609999999999910614 ) ) ;
#5833 = VECTOR ( 'NONE', #6026, 1000.000000000000000 ) ;
#5834 = FACE_OUTER_BOUND ( 'NONE', #3386, .T. ) ;
#5835 = FILL_AREA_STYLE ('',( #2272 ) ) ;
#5836 = EDGE_CURVE ( 'NONE', #4984, #139, #1037, .T. ) ;
#5837 = VECTOR ( 'NONE', #977, 1000.000000000000000 ) ;
#5838 = AXIS2_PLACEMENT_3D ( 'NONE', #3081, #4810, #3114 ) ;
#5839 = FILL_AREA_STYLE_COLOUR ( '', #4571 ) ;
#5840 = CARTESIAN_POINT ( 'NONE',  ( 15.60013702566405946, -0.01046825537320484126, -9.850137025664063017 ) ) ;
#5841 = VERTEX_POINT ( 'NONE', #5207 ) ;
#5842 = DIRECTION ( 'NONE',  ( 0.000000000000000000, 0.000000000000000000, -1.000000000000000000 ) ) ;
#5843 = ORIENTED_EDGE ( 'NONE', *, *, #4900, .T. ) ;
#5844 = VERTEX_POINT ( 'NONE', #9 ) ;
#5845 = CARTESIAN_POINT ( 'NONE',  ( 14.13321256358112699, 0.02000000000000000042, 6.538323072105847622 ) ) ;
#5846 = EDGE_CURVE ( 'NONE', #899, #2878, #2135, .T. ) ;
#5847 =( NAMED_UNIT ( * ) SI_UNIT ( $, .STERADIAN. ) SOLID_ANGLE_UNIT ( ) );
#5848 = CARTESIAN_POINT ( 'NONE',  ( 13.85925506437961197, 0.000000000000000000, 6.575631448484447361 ) ) ;
#5849 = CARTESIAN_POINT ( 'NONE',  ( -13.96792049710670724, 0.000000000000000000, -5.812657790116267265 ) ) ;
#5850 = DIRECTION ( 'NONE',  ( 0.000000000000000000, -1.000000000000000000, -0.000000000000000000 ) ) ;
#5851 = LINE ( 'NONE', #2481, #3974 ) ;
#5852 = VERTEX_POINT ( 'NONE', #7302 ) ;
#5853 = B_SPLINE_SURFACE_WITH_KNOTS ( 'NONE', 3, 1, ( 
 ( #1917, #4238 ),
 ( #1270, #4739 ),
 ( #6439, #2464 ),
 ( #6585, #4775 ),
 ( #7044, #3044 ),
 ( #73, #3642 ),
 ( #1874, #5345 ),
 ( #3606, #7079 ),
 ( #4850, #2427 ),
 ( #1235, #4811 ),
 ( #4203, #1838 ) ),
 .UNSPECIFIED., .F., .F., .F.,
 ( 4, 1, 1, 1, 1, 1, 1, 1, 4 ),
 ( 2, 2 ),
 ( 0.000000000000000000, 0.1249901170823661950, 0.2395654643902155045, 0.3480573452428470382, 0.4559505208701870038, 0.5713566491068770015, 0.6977519226627759696, 0.8396543720940530253, 1.000000000000000000 ),
 ( 0.000000000000000000, 1.000000000000000000 ),
 .UNSPECIFIED. ) ;
#5854 = VERTEX_POINT ( 'NONE', #4640 ) ;
#5855 = PLANE ( 'NONE',  #3870 ) ;
#5856 = DIRECTION ( 'NONE',  ( 0.000000000000000000, -1.000000000000000000, -0.000000000000000000 ) ) ;
#5857 = ADVANCED_FACE ( 'NONE', ( #6939 ), #6576, .T. ) ;
#5858 = SURFACE_STYLE_USAGE ( .BOTH. , #3557 ) ;
#5859 = CARTESIAN_POINT ( 'NONE',  ( 14.66474298671369425, 0.000000000000000000, -5.544691896416042098 ) ) ;
#5860 = CARTESIAN_POINT ( 'NONE',  ( -13.95958089280320458, 0.02000000000000000042, -5.400725913651478471 ) ) ;
#5861 = EDGE_CURVE ( 'NONE', #4764, #3223, #921, .T. ) ;
#5862 = VERTEX_POINT ( 'NONE', #7296 ) ;
#5863 = CARTESIAN_POINT ( 'NONE',  ( 14.24431727681534632, 0.02000000000000000042, -5.173843182759430448 ) ) ;
#5864 = SURFACE_SIDE_STYLE ('',( #6472 ) ) ;
#5865 = CARTESIAN_POINT ( 'NONE',  ( 14.02379132751690349, 1.355252715606880080E-17, 5.773504728512993900 ) ) ;
#5866 = AXIS2_PLACEMENT_3D ( 'NONE', #3009, #1844, #5314 ) ;
#5867 = CARTESIAN_POINT ( 'NONE',  ( 15.42714915879748183, 9.900000000000000355, 3.136679103919437939 ) ) ;
#5868 = DIRECTION ( 'NONE',  ( 0.000000000000000000, 0.000000000000000000, -1.000000000000000000 ) ) ;
#5869 = CARTESIAN_POINT ( 'NONE',  ( 14.20829252105329665, 0.02000000000000000042, 5.600749222434883379 ) ) ;
#5870 = CARTESIAN_POINT ( 'NONE',  ( 14.70413923532182032, 0.000000000000000000, -6.292964700570403025 ) ) ;
#5871 = CARTESIAN_POINT ( 'NONE',  ( -14.46481453297165487, 0.02000000000000000042, -6.548118722432458405 ) ) ;
#5872 = ORIENTED_EDGE ( 'NONE', *, *, #3438, .F. ) ;
#5873 = ADVANCED_FACE ( 'NONE', ( #3174 ), #3776, .T. ) ;
#5874 = AXIS2_PLACEMENT_3D ( 'NONE', #56, #1291, #696 ) ;
#5875 = CARTESIAN_POINT ( 'NONE',  ( -14.32815220875445306, 0.02000000000000000042, -5.829230950461168348 ) ) ;
#5876 = EDGE_CURVE ( 'NONE', #2798, #993, #3906, .T. ) ;
#5877 = CARTESIAN_POINT ( 'NONE',  ( -14.10184916938185395, 1.355252715606880080E-17, 6.882200037333486620 ) ) ;
#5878 = CARTESIAN_POINT ( 'NONE',  ( -13.98123764760225463, 0.02000000000000000042, -5.907919451787338794 ) ) ;
#5879 = ADVANCED_FACE ( 'NONE', ( #6686 ), #6647, .F. ) ;
#5880 = CARTESIAN_POINT ( 'NONE',  ( 14.37619253415495635, 0.000000000000000000, -6.455202587285661764 ) ) ;
#5881 = ORIENTED_EDGE ( 'NONE', *, *, #3722, .T. ) ;
#5882 = CARTESIAN_POINT ( 'NONE',  ( 14.48489571495687400, 0.02000000000000000042, -5.871170914351612424 ) ) ;
#5883 = ORIENTED_EDGE ( 'NONE', *, *, #831, .T. ) ;
#5884 = EDGE_CURVE ( 'NONE', #2116, #112, #2592, .T. ) ;
#5885 = ORIENTED_EDGE ( 'NONE', *, *, #5836, .T. ) ;
#5886 = CARTESIAN_POINT ( 'NONE',  ( 13.31594359954736539, 0.02000000000000000042, -5.206129548057402801 ) ) ;
#5887 = VECTOR ( 'NONE', #2671, 1000.000000000000000 ) ;
#5888 = CARTESIAN_POINT ( 'NONE',  ( 14.59322861891536149, 0.000000000000000000, -5.933847014097821670 ) ) ;
#5889 = CARTESIAN_POINT ( 'NONE',  ( 14.65600290707699216, 0.02000000000000000042, 5.267133358877227778 ) ) ;
#5890 = AXIS2_PLACEMENT_3D ( 'NONE', #5297, #7071, #1864 ) ;
#5891 = PLANE ( 'NONE',  #4100 ) ;
#5892 = EDGE_LOOP ( 'NONE', ( #1792, #6606, #4113, #2934 ) ) ;
#5893 = ORIENTED_EDGE ( 'NONE', *, *, #1643, .F. ) ;
#5894 = STYLED_ITEM ( 'NONE', ( #1167 ), #54 ) ;
#5895 = CYLINDRICAL_SURFACE ( 'NONE', #837, 0.2499999999999993616 ) ;
#5896 =( GEOMETRIC_REPRESENTATION_CONTEXT ( 3 ) GLOBAL_UNCERTAINTY_ASSIGNED_CONTEXT ( ( #149 ) ) GLOBAL_UNIT_ASSIGNED_CONTEXT ( ( #1411, #6687, #397 ) ) REPRESENTATION_CONTEXT ( 'NONE', 'WORKASPACE' ) );
#5897 = SURFACE_SIDE_STYLE ('',( #3036 ) ) ;
#5898 = CARTESIAN_POINT ( 'NONE',  ( 14.19424155937470466, 1.355252715606880080E-17, -6.012236514608062521 ) ) ;
#5899 = CARTESIAN_POINT ( 'NONE',  ( -14.01513962322180440, 1.355252715606880080E-17, -5.660154357259279401 ) ) ;
#5900 = CARTESIAN_POINT ( 'NONE',  ( 14.38368940136292551, 0.000000000000000000, -5.454342517221252074 ) ) ;
#5901 = VERTEX_POINT ( 'NONE', #4913 ) ;
#5902 = CARTESIAN_POINT ( 'NONE',  ( 14.07708072524104992, 0.02000000000000000042, -5.225808491702651715 ) ) ;
#5903 = UNCERTAINTY_MEASURE_WITH_UNIT (LENGTH_MEASURE( 1.000000000000000082E-05 ), #1372, 'distance_accuracy_value', 'NONE');
#5904 = FACE_OUTER_BOUND ( 'NONE', #4217, .T. ) ;
#5905 = CARTESIAN_POINT ( 'NONE',  ( 13.79847719263201000, 1.355252715606880080E-17, 5.292757148584162685 ) ) ;
#5906 = AXIS2_PLACEMENT_3D ( 'NONE', #2471, #4671, #4783 ) ;
#5907 = AXIS2_PLACEMENT_3D ( 'NONE', #5755, #2190, #2882 ) ;
#5908 = CARTESIAN_POINT ( 'NONE',  ( 14.19656643685713249, 1.355252715606880080E-17, 5.972797440089012255 ) ) ;
#5909 = B_SPLINE_CURVE_WITH_KNOTS ( 'NONE', 3,
 ( #1713, #5820, #1675, #1118, #6810, #6359, #631, #1153, #4009, #2838, #6285 ),
 .UNSPECIFIED., .F., .F.,
 ( 4, 1, 1, 1, 1, 1, 1, 1, 4 ),
 ( 0.000000000000000000, 0.1832338588759575004, 0.3505427301142050034, 0.5011988372408090475, 0.6339500770024639742, 0.7500925720805979857, 0.8504341224739819793, 0.9336827195019079539, 1.000000000000000000 ),
 .UNSPECIFIED. ) ;
#5910 = CARTESIAN_POINT ( 'NONE',  ( 14.36843230867816423, 0.02000000000000000042, 6.191797699477653794 ) ) ;
#5911 = VECTOR ( 'NONE', #6674, 1000.000000000000000 ) ;
#5912 = DIRECTION ( 'NONE',  ( 0.000000000000000000, -1.000000000000000000, -0.000000000000000000 ) ) ;
#5913 = EDGE_LOOP ( 'NONE', ( #5659, #2581, #2513, #7438 ) ) ;
#5914 = STYLED_ITEM ( 'NONE', ( #2353 ), #4742 ) ;
#5915 = LINE ( 'NONE', #1882, #1609 ) ;
#5916 = STYLED_ITEM ( 'NONE', ( #3771 ), #4670 ) ;
#5917 = CARTESIAN_POINT ( 'NONE',  ( -14.40670141625800227, 1.355252715606880080E-17, 6.606060801759786827 ) ) ;
#5918 =( NAMED_UNIT ( * ) SI_UNIT ( $, .STERADIAN. ) SOLID_ANGLE_UNIT ( ) );
#5919 = CARTESIAN_POINT ( 'NONE',  ( -13.96856477275760611, 0.02000000000000000042, -5.828459276733608085 ) ) ;
#5920 = AXIS2_PLACEMENT_3D ( 'NONE', #6607, #4369, #6537 ) ;
#5921 = DIRECTION ( 'NONE',  ( 0.000000000000000000, -1.000000000000000000, -0.000000000000000000 ) ) ;
#5922 = ORIENTED_EDGE ( 'NONE', *, *, #3963, .T. ) ;
#5923 = CARTESIAN_POINT ( 'NONE',  ( 14.65472426491371394, 0.02000000000000000042, -5.649784928889260982 ) ) ;
#5924 = EDGE_LOOP ( 'NONE', ( #700, #4306, #2675, #284 ) ) ;
#5925 = VERTEX_POINT ( 'NONE', #2090 ) ;
#5926 = CARTESIAN_POINT ( 'NONE',  ( 14.38368940136292551, 0.02000000000000000042, -5.454342517221252074 ) ) ;
#5927 = VECTOR ( 'NONE', #709, 1000.000000000000000 ) ;
#5928 = ADVANCED_FACE ( 'NONE', ( #4410 ), #7002, .T. ) ;
#5929 = EDGE_CURVE ( 'NONE', #457, #3802, #4685, .T. ) ;
#5930 = EDGE_CURVE ( 'NONE', #1602, #768, #439, .T. ) ;
#5931 = CARTESIAN_POINT ( 'NONE',  ( 14.15861717919390372, 0.000000000000000000, 6.802598878574403152 ) ) ;
#5932 = CARTESIAN_POINT ( 'NONE',  ( 13.88450952887732903, 0.02000000000000000042, -5.573166729281921583 ) ) ;
#5933 = VERTEX_POINT ( 'NONE', #5024 ) ;
#5934 = VERTEX_POINT ( 'NONE', #3850 ) ;
#5935 = CARTESIAN_POINT ( 'NONE',  ( 13.08602871528860767, 0.000000000000000000, 6.257657507038658196 ) ) ;
#5936 =( NAMED_UNIT ( * ) PLANE_ANGLE_UNIT ( ) SI_UNIT ( $, .RADIAN. ) );
#5937 = CARTESIAN_POINT ( 'NONE',  ( 14.21250262432702982, 1.355252715606880080E-17, -6.005723200925941363 ) ) ;
#5938 = FACE_OUTER_BOUND ( 'NONE', #6289, .T. ) ;
#5939 = CARTESIAN_POINT ( 'NONE',  ( -13.73383025472605645, 0.02000000000000000042, -5.715768445738429016 ) ) ;
#5940 = ORIENTED_EDGE ( 'NONE', *, *, #7087, .T. ) ;
#5941 = FILL_AREA_STYLE_COLOUR ( '', #5157 ) ;
#5942 = CARTESIAN_POINT ( 'NONE',  ( -13.72802878425380513, 0.02000000000000000042, -5.813089863277109082 ) ) ;
#5943 = AXIS2_PLACEMENT_3D ( 'NONE', #6932, #1169, #6300 ) ;
#5944 = CARTESIAN_POINT ( 'NONE',  ( 14.27538595210620009, 0.02000000000000000042, -5.413063746327371639 ) ) ;
#5945 = FACE_OUTER_BOUND ( 'NONE', #4957, .T. ) ;
#5946 = B_SPLINE_CURVE_WITH_KNOTS ( 'NONE', 3,
 ( #3790, #6092, #4314, #2729, #6022, #828, #260, #2062, #6699, #2572, #4889 ),
 .UNSPECIFIED., .F., .F.,
 ( 4, 1, 1, 1, 1, 1, 1, 1, 4 ),
 ( 0.000000000000000000, 0.1832338588759540032, 0.3505427301142020058, 0.5011988372408110459, 0.6339500770024649734, 0.7500925720806009833, 0.8504341224739849769, 0.9336827195019079539, 1.000000000000000000 ),
 .UNSPECIFIED. ) ;
#5947 = FACE_OUTER_BOUND ( 'NONE', #2053, .T. ) ;
#5948 = AXIS2_PLACEMENT_3D ( 'NONE', #6187, #2711, #2128 ) ;
#5949 = SURFACE_SIDE_STYLE ('',( #5385 ) ) ;
#5950 = CARTESIAN_POINT ( 'NONE',  ( 14.34935890738505293, 0.02000000000000000042, -6.008573445880973196 ) ) ;
#5951 = ORIENTED_EDGE ( 'NONE', *, *, #3848, .F. ) ;
#5952 = CARTESIAN_POINT ( 'NONE',  ( 14.24605171439455376, 0.02000000000000000042, 6.808124569814728133 ) ) ;
#5953 = EDGE_CURVE ( 'NONE', #5055, #3883, #6719, .T. ) ;
#5954 = CARTESIAN_POINT ( 'NONE',  ( 14.48489571495687400, 0.02000000000000000042, -5.871170914351612424 ) ) ;
#5955 = CARTESIAN_POINT ( 'NONE',  ( 14.67520857271508561, 1.355252715606880080E-17, -6.436258399384683138 ) ) ;
#5956 = CARTESIAN_POINT ( 'NONE',  ( 14.42065043018600612, 0.000000000000000000, -6.386917684473462309 ) ) ;
#5957 = VERTEX_POINT ( 'NONE', #6274 ) ;
#5958 = PRESENTATION_LAYER_ASSIGNMENT (  '', '', ( #1699 ) ) ;
#5959 = EDGE_CURVE ( 'NONE', #5474, #2556, #1170, .T. ) ;
#5960 = CARTESIAN_POINT ( 'NONE',  ( 14.66501157078073803, 1.355252715606880080E-17, -5.556593568937011618 ) ) ;
#5961 = VERTEX_POINT ( 'NONE', #612 ) ;
#5962 = ORIENTED_EDGE ( 'NONE', *, *, #5782, .T. ) ;
#5963 = CARTESIAN_POINT ( 'NONE',  ( 13.92186842399330793, 0.02000000000000000042, 6.679663226667317488 ) ) ;
#5964 = VECTOR ( 'NONE', #2228, 1000.000000000000000 ) ;
#5965 = AXIS2_PLACEMENT_3D ( 'NONE', #6293, #1644, #3980 ) ;
#5966 = CARTESIAN_POINT ( 'NONE',  ( 14.68130741563562225, 0.000000000000000000, -6.077785870231822152 ) ) ;
#5967 = PRESENTATION_STYLE_ASSIGNMENT (( #1442 ) ) ;
#5968 = CARTESIAN_POINT ( 'NONE',  ( 14.16474941836294832, 0.02000000000000000042, 5.527300706178363221 ) ) ;
#5969 = CARTESIAN_POINT ( 'NONE',  ( 14.21096951755808213, 0.02000000000000000042, -5.753282585105782942 ) ) ;
#5970 = ADVANCED_FACE ( 'NONE', ( #2754 ), #3285, .T. ) ;
#5971 = ORIENTED_EDGE ( 'NONE', *, *, #4181, .F. ) ;
#5972 = VERTEX_POINT ( 'NONE', #1769 ) ;
#5973 = CARTESIAN_POINT ( 'NONE',  ( -14.42397203356450319, 0.000000000000000000, 6.338217625344515938 ) ) ;
#5974 = CARTESIAN_POINT ( 'NONE',  ( 14.41217959236008639, 1.355252715606880080E-17, -5.648182018268481208 ) ) ;
#5975 = CARTESIAN_POINT ( 'NONE',  ( 14.65600290707699216, 0.02000000000000000042, 5.527300706178363221 ) ) ;
#5976 = DIRECTION ( 'NONE',  ( 0.000000000000000000, -1.000000000000000000, -0.000000000000000000 ) ) ;
#5977 = CARTESIAN_POINT ( 'NONE',  ( 8.860000000000004761, 0.000000000000000000, -7.360000000000041176 ) ) ;
#5978 = ADVANCED_FACE ( 'NONE', ( #396 ), #526, .T. ) ;
#5979 = ORIENTED_EDGE ( 'NONE', *, *, #1034, .F. ) ;
#5980 = CARTESIAN_POINT ( 'NONE',  ( 14.40041584206451475, 0.02000000000000000042, -6.424760191807822096 ) ) ;
#5981 = CARTESIAN_POINT ( 'NONE',  ( -13.80911952148585442, 0.02000000000000000042, -6.117403907331738999 ) ) ;
#5982 = EDGE_CURVE ( 'NONE', #41, #6572, #6926, .T. ) ;
#5983 = LINE ( 'NONE', #1759, #5144 ) ;
#5984 = DIRECTION ( 'NONE',  ( 0.000000000000000000, -1.000000000000000000, -0.000000000000000000 ) ) ;
#5985 = CARTESIAN_POINT ( 'NONE',  ( 14.33231409882431073, 0.02000000000000000042, 6.135535085960972523 ) ) ;
#5986 = CARTESIAN_POINT ( 'NONE',  ( -14.02681606355260691, 0.02000000000000000042, -6.403242636400988452 ) ) ;
#5987 = CARTESIAN_POINT ( 'NONE',  ( 14.26478486367958887, 1.016439536705160099E-17, -5.413639276479920603 ) ) ;
#5988 = EDGE_CURVE ( 'NONE', #4397, #2475, #6252, .T. ) ;
#5989 = CARTESIAN_POINT ( 'NONE',  ( -12.84719961642490560, 0.02000000000000000042, -6.589720119495258821 ) ) ;
#5990 = ORIENTED_EDGE ( 'NONE', *, *, #5630, .T. ) ;
#5991 = CARTESIAN_POINT ( 'NONE',  ( -14.00000000000000711, 0.02000000000000000042, -7.360000000000199272 ) ) ;
#5992 = AXIS2_PLACEMENT_3D ( 'NONE', #3610, #124, #798 ) ;
#5993 = CARTESIAN_POINT ( 'NONE',  ( -14.18655232239445496, 0.02000000000000000042, 6.767194352530786716 ) ) ;
#5994 = CARTESIAN_POINT ( 'NONE',  ( 13.91061330762594217, 0.02000000000000000042, -6.447867110161531023 ) ) ;
#5995 = PLANE ( 'NONE',  #3026 ) ;
#5996 = CARTESIAN_POINT ( 'NONE',  ( 14.66449804212675012, 0.02000000000000000042, -5.572581287802430339 ) ) ;
#5997 = ORIENTED_EDGE ( 'NONE', *, *, #3108, .F. ) ;
#5998 = EDGE_CURVE ( 'NONE', #7223, #3931, #1804, .T. ) ;
#5999 = ORIENTED_EDGE ( 'NONE', *, *, #6342, .F. ) ;
#6000 = CARTESIAN_POINT ( 'NONE',  ( -13.08735409085670476, 0.02000000000000000042, -6.909926085404358709 ) ) ;
#6001 = DIRECTION ( 'NONE',  ( 0.000000000000000000, 0.000000000000000000, -1.000000000000000000 ) ) ;
#6002 = FACE_BOUND ( 'NONE', #261, .T. ) ;
#6003 = LINE ( 'NONE', #5889, #5543 ) ;
#6004 = LINE ( 'NONE', #2707, #6873 ) ;
#6005 = ORIENTED_EDGE ( 'NONE', *, *, #19, .F. ) ;
#6006 =( GEOMETRIC_REPRESENTATION_CONTEXT ( 3 ) GLOBAL_UNCERTAINTY_ASSIGNED_CONTEXT ( ( #447 ) ) GLOBAL_UNIT_ASSIGNED_CONTEXT ( ( #6478, #2926, #3645 ) ) REPRESENTATION_CONTEXT ( 'NONE', 'WORKASPACE' ) );
#6007 = ORIENTED_EDGE ( 'NONE', *, *, #4879, .T. ) ;
#6008 =( NAMED_UNIT ( * ) SI_UNIT ( $, .STERADIAN. ) SOLID_ANGLE_UNIT ( ) );
#6009 = LINE ( 'NONE', #1942, #7032 ) ;
#6010 = CARTESIAN_POINT ( 'NONE',  ( 13.82137424442077034, 0.02000000000000000042, 6.439464703425167968 ) ) ;
#6011 = LINE ( 'NONE', #1791, #6272 ) ;
#6012 = ADVANCED_FACE ( 'NONE', ( #6817 ), #6367, .F. ) ;
#6013 = ORIENTED_EDGE ( 'NONE', *, *, #3334, .F. ) ;
#6014 =( NAMED_UNIT ( * ) SI_UNIT ( $, .STERADIAN. ) SOLID_ANGLE_UNIT ( ) );
#6015 = CARTESIAN_POINT ( 'NONE',  ( 14.12466400330914595, 0.02000000000000000042, -6.273617279708052941 ) ) ;
#6016 = CARTESIAN_POINT ( 'NONE',  ( -12.84719961642490560, 0.02000000000000000042, -6.329552772194127819 ) ) ;
#6017 = SHAPE_DEFINITION_REPRESENTATION ( #5793, #4742 ) ;
#6018 = CARTESIAN_POINT ( 'NONE',  ( 14.38368940136292551, 0.02000000000000000042, -5.454342517221252074 ) ) ;
#6019 = DIRECTION ( 'NONE',  ( 0.000000000000000000, 0.000000000000000000, -1.000000000000000000 ) ) ;
#6020 = ADVANCED_FACE ( 'NONE', ( #4585 ), #3383, .T. ) ;
#6021 = DIRECTION ( 'NONE',  ( 0.000000000000000000, -1.000000000000000000, -0.000000000000000000 ) ) ;
#6022 = CARTESIAN_POINT ( 'NONE',  ( -14.12095041506625748, 0.02000000000000000042, -6.128200059526067278 ) ) ;
#6023 = EDGE_LOOP ( 'NONE', ( #5270, #4074, #6454, #4189 ) ) ;
#6024 = DIRECTION ( 'NONE',  ( 0.000000000000000000, -1.000000000000000000, -0.000000000000000000 ) ) ;
#6025 = STYLED_ITEM ( 'NONE', ( #5006 ), #4380 ) ;
#6026 = DIRECTION ( 'NONE',  ( 0.000000000000000000, -1.000000000000000000, -0.000000000000000000 ) ) ;
#6027 = SURFACE_SIDE_STYLE ('',( #1394 ) ) ;
#6028 = CARTESIAN_POINT ( 'NONE',  ( 13.96423874525781805, 1.355252715606880080E-17, -6.560015095901742477 ) ) ;
#6029 = CARTESIAN_POINT ( 'NONE',  ( -14.25282628572220389, 1.355252715606880080E-17, 6.428162494386631565 ) ) ;
#6030 = AXIS2_PLACEMENT_3D ( 'NONE', #5968, #3625, #2480 ) ;
#6031 = CARTESIAN_POINT ( 'NONE',  ( -13.05608397699840673, 0.02000000000000000042, -5.368934874466847695 ) ) ;
#6032 = ORIENTED_EDGE ( 'NONE', *, *, #1690, .T. ) ;
#6033 = EDGE_LOOP ( 'NONE', ( #2, #947, #5360, #733 ) ) ;
#6034 = CARTESIAN_POINT ( 'NONE',  ( -14.00000000000005507, 0.000000000000000000, 7.359999999999806697 ) ) ;
#6035 = MECHANICAL_DESIGN_GEOMETRIC_PRESENTATION_REPRESENTATION (  '', ( #5916 ), #4713 ) ;
#6036 = CARTESIAN_POINT ( 'NONE',  ( -13.98123764760225463, 1.355252715606880080E-17, -5.907919451787338794 ) ) ;
#6037 = PLANE ( 'NONE',  #7085 ) ;
#6038 = CARTESIAN_POINT ( 'NONE',  ( -14.06092601166955802, 0.000000000000000000, 6.978629557162696173 ) ) ;
#6039 = CARTESIAN_POINT ( 'NONE',  ( 14.25062714839248912, 0.000000000000000000, -6.732791782971203176 ) ) ;
#6040 = EDGE_LOOP ( 'NONE', ( #1008, #3737, #2839, #6938 ) ) ;
#6041 = VECTOR ( 'NONE', #3409, 1000.000000000000000 ) ;
#6042 = ORIENTED_EDGE ( 'NONE', *, *, #1814, .F. ) ;
#6043 = DIRECTION ( 'NONE',  ( 1.000000000000000000, 0.000000000000000000, 0.000000000000000000 ) ) ;
#6044 = CARTESIAN_POINT ( 'NONE',  ( 1.239999999999946034, 0.02000000000000000042, 7.609999999999910614 ) ) ;
#6045 = CARTESIAN_POINT ( 'NONE',  ( 14.34866504825738431, 1.355252715606880080E-17, -6.477415699087773149 ) ) ;
#6046 =( NAMED_UNIT ( * ) SI_UNIT ( $, .STERADIAN. ) SOLID_ANGLE_UNIT ( ) );
#6047 = ORIENTED_EDGE ( 'NONE', *, *, #3979, .F. ) ;
#6048 = CARTESIAN_POINT ( 'NONE',  ( -13.60768878545895610, 0.02000000000000000042, -6.589720119495258821 ) ) ;
#6049 = CARTESIAN_POINT ( 'NONE',  ( -12.84719961642490560, 0.000000000000000000, -5.368934874466847695 ) ) ;
#6050 = CARTESIAN_POINT ( 'NONE',  ( 14.35695286619928446, 0.02000000000000000042, 5.773816807880593593 ) ) ;
#6051 = CARTESIAN_POINT ( 'NONE',  ( -14.53983156273745436, 1.355252715606880080E-17, -5.643211861252257933 ) ) ;
#6052 = CARTESIAN_POINT ( 'NONE',  ( 13.21262653407595877, 1.355252715606880080E-17, -5.663480285920002189 ) ) ;
#6053 = VECTOR ( 'NONE', #4940, 1000.000000000000000 ) ;
#6054 = CARTESIAN_POINT ( 'NONE',  ( 14.59654958719982254, 0.02000000000000000042, 6.104851689188293129 ) ) ;
#6055 = EDGE_LOOP ( 'NONE', ( #4574, #5165, #3920, #7203 ) ) ;
#6056 = LINE ( 'NONE', #6167, #6991 ) ;
#6057 = CARTESIAN_POINT ( 'NONE',  ( -6.380000000000054072, 0.02000000000000000042, 7.859999999999849329 ) ) ;
#6058 = CARTESIAN_POINT ( 'NONE',  ( 14.25320474560808925, 0.02000000000000000042, 6.567432010615037896 ) ) ;
#6059 = DIRECTION ( 'NONE',  ( 1.174997428309413820E-16, -0.000000000000000000, 1.000000000000000000 ) ) ;
#6060 = CIRCLE ( 'NONE', #6314, 0.2500000000000002220 ) ;
#6061 = DIRECTION ( 'NONE',  ( 0.000000000000000000, -1.000000000000000000, -0.000000000000000000 ) ) ;
#6062 = CARTESIAN_POINT ( 'NONE',  ( 13.84752055066211085, 0.000000000000000000, 5.492428435206497817 ) ) ;
#6063 = ORIENTED_EDGE ( 'NONE', *, *, #3775, .T. ) ;
#6064 = EDGE_LOOP ( 'NONE', ( #1222, #6785 ) ) ;
#6065 = LINE ( 'NONE', #879, #4135 ) ;
#6066 = CARTESIAN_POINT ( 'NONE',  ( -14.14613308756230481, 6.776263578034400401E-18, -6.539246881436707959 ) ) ;
#6067 = CARTESIAN_POINT ( 'NONE',  ( 13.19873365696637357, 0.000000000000000000, 6.652265571212817363 ) ) ;
#6068 = FACE_BOUND ( 'NONE', #4726, .T. ) ;
#6069 = SURFACE_SIDE_STYLE ('',( #4403 ) ) ;
#6070 = ORIENTED_EDGE ( 'NONE', *, *, #5836, .F. ) ;
#6071 = ORIENTED_EDGE ( 'NONE', *, *, #1392, .T. ) ;
#6072 = EDGE_CURVE ( 'NONE', #3704, #6354, #5828, .T. ) ;
#6073 = ORIENTED_EDGE ( 'NONE', *, *, #26, .F. ) ;
#6074 = CARTESIAN_POINT ( 'NONE',  ( 14.22721453308334638, 0.000000000000000000, 6.567379241010187663 ) ) ;
#6075 = VECTOR ( 'NONE', #6712, 1000.000000000000000 ) ;
#6076 = SURFACE_STYLE_USAGE ( .BOTH. , #359 ) ;
#6077 = CARTESIAN_POINT ( 'NONE',  ( 13.08602871528860767, 0.02000000000000000042, 6.257657507038658196 ) ) ;
#6078 = SURFACE_STYLE_FILL_AREA ( #1519 ) ;
#6079 = CARTESIAN_POINT ( 'NONE',  ( 14.59322861891536149, 0.02000000000000000042, -5.933847014097821670 ) ) ;
#6080 = DIRECTION ( 'NONE',  ( 0.000000000000000000, 0.000000000000000000, -1.000000000000000000 ) ) ;
#6081 = AXIS2_PLACEMENT_3D ( 'NONE', #4319, #1463, #3796 ) ;
#6082 = ORIENTED_EDGE ( 'NONE', *, *, #280, .T. ) ;
#6083 = CARTESIAN_POINT ( 'NONE',  ( 1.239999999999946034, 0.02000000000000000042, 7.859999999999910614 ) ) ;
#6084 = CARTESIAN_POINT ( 'NONE',  ( -14.25055636617075550, 0.000000000000000000, -5.638736372175738865 ) ) ;
#6085 = ADVANCED_FACE ( 'NONE', ( #756 ), #3684, .T. ) ;
#6086 = CARTESIAN_POINT ( 'NONE',  ( 6.320000000000002949, 0.000000000000000000, -7.860000000000061604 ) ) ;
#6087 = FACE_OUTER_BOUND ( 'NONE', #4535, .T. ) ;
#6088 = ADVANCED_FACE ( 'NONE', ( #3004 ), #5853, .T. ) ;
#6089 = CARTESIAN_POINT ( 'NONE',  ( -14.30431638929525562, 0.02000000000000000042, -5.393473355200468333 ) ) ;
#6090 = ORIENTED_EDGE ( 'NONE', *, *, #1558, .T. ) ;
#6091 = CARTESIAN_POINT ( 'NONE',  ( 14.13868691047797554, 1.016439536705160099E-17, -5.491998082166742456 ) ) ;
#6092 = CARTESIAN_POINT ( 'NONE',  ( -14.21199921853950698, 0.02000000000000000042, -6.231918047371327596 ) ) ;
#6093 = ORIENTED_EDGE ( 'NONE', *, *, #5189, .T. ) ;
#6094 = CARTESIAN_POINT ( 'NONE',  ( -14.53624837908975564, 0.02000000000000000042, -6.684631009075078012 ) ) ;
#6095 = CARTESIAN_POINT ( 'NONE',  ( 14.61622632465297222, 1.355252715606880080E-17, 6.575513996429742214 ) ) ;
#6096 = CARTESIAN_POINT ( 'NONE',  ( 14.17683042533668569, 0.02000000000000000042, -6.437042213418072478 ) ) ;
#6097 = LINE ( 'NONE', #418, #518 ) ;
#6098 = FACE_OUTER_BOUND ( 'NONE', #3773, .T. ) ;
#6099 = ORIENTED_EDGE ( 'NONE', *, *, #37, .T. ) ;
#6100 = ORIENTED_EDGE ( 'NONE', *, *, #2433, .F. ) ;
#6101 = DIRECTION ( 'NONE',  ( -1.174997428309413820E-16, 0.000000000000000000, -1.000000000000000000 ) ) ;
#6102 = CYLINDRICAL_SURFACE ( 'NONE', #2570, 0.2500000000000002220 ) ;
#6103 = VECTOR ( 'NONE', #1913, 1000.000000000000000 ) ;
#6104 = CARTESIAN_POINT ( 'NONE',  ( 3.779999999999946514, 0.000000000000000000, 7.609999999999923936 ) ) ;
#6105 = FACE_BOUND ( 'NONE', #5507, .T. ) ;
#6106 = EDGE_CURVE ( 'NONE', #3231, #6525, #5267, .T. ) ;
#6107 = CARTESIAN_POINT ( 'NONE',  ( -14.10184916938185395, 0.000000000000000000, 6.882200037333486620 ) ) ;
#6108 = EDGE_LOOP ( 'NONE', ( #5771, #2842, #4436, #5831 ) ) ;
#6109 = MECHANICAL_DESIGN_GEOMETRIC_PRESENTATION_REPRESENTATION (  '', ( #1748 ), #1502 ) ;
#6110 = DIRECTION ( 'NONE',  ( 0.000000000000000000, 0.01745240643728362268, -0.9998476951563913806 ) ) ;
#6111 = CARTESIAN_POINT ( 'NONE',  ( 15.42714915879748183, 9.900000000000000355, -9.677149158797481832 ) ) ;
#6112 = DIRECTION ( 'NONE',  ( -2.050653268161883277E-18, 0.9998476951563912696, -0.01745240643728355329 ) ) ;
#6113 = FACE_OUTER_BOUND ( 'NONE', #7282, .T. ) ;
#6114 = CIRCLE ( 'NONE', #1999, 0.2999999999999999334 ) ;
#6115 = CARTESIAN_POINT ( 'NONE',  ( 13.28412334279778406, 0.02000000000000000042, -5.593179602151232999 ) ) ;
#6116 = ORIENTED_EDGE ( 'NONE', *, *, #705, .F. ) ;
#6117 = DIRECTION ( 'NONE',  ( 1.174997428309413820E-16, 0.000000000000000000, 1.000000000000000000 ) ) ;
#6118 = CARTESIAN_POINT ( 'NONE',  ( 14.28539238854085802, 1.355252715606880080E-17, -6.493758881270553118 ) ) ;
#6119 = AXIS2_PLACEMENT_3D ( 'NONE', #4625, #6334, #4057 ) ;
#6120 = FACE_OUTER_BOUND ( 'NONE', #3780, .T. ) ;
#6121 = SURFACE_STYLE_FILL_AREA ( #406 ) ;
#6122 = CARTESIAN_POINT ( 'NONE',  ( -14.50634896147560404, 1.355252715606880080E-17, -5.563273113056558472 ) ) ;
#6123 = ORIENTED_EDGE ( 'NONE', *, *, #4323, .F. ) ;
#6124 = CARTESIAN_POINT ( 'NONE',  ( 14.21363960868039555, 1.016439536705160099E-17, -5.424700906433841396 ) ) ;
#6125 = CARTESIAN_POINT ( 'NONE',  ( 13.47524340778721985, 0.02000000000000000042, 5.267133358877227778 ) ) ;
#6126 = ORIENTED_EDGE ( 'NONE', *, *, #1356, .F. ) ;
#6127 = CARTESIAN_POINT ( 'NONE',  ( -14.57924432568585615, 0.02000000000000000042, -6.833124334879109085 ) ) ;
#6128 = CARTESIAN_POINT ( 'NONE',  ( 13.05225580246217909, 0.02000000000000000042, -5.773740444814933426 ) ) ;
#6129 = CARTESIAN_POINT ( 'NONE',  ( 14.27740565707272857, 1.355252715606880080E-17, 6.566387645112482296 ) ) ;
#6130 = CARTESIAN_POINT ( 'NONE',  ( 14.36862930653005499, 0.02000000000000000042, 6.516905087022298204 ) ) ;
#6131 = LINE ( 'NONE', #4359, #4341 ) ;
#6132 = CARTESIAN_POINT ( 'NONE',  ( -15.42714915879745341, 9.900000000000000355, 8.539925206221301579 ) ) ;
#6133 = ORIENTED_EDGE ( 'NONE', *, *, #2485, .T. ) ;
#6134 = ORIENTED_EDGE ( 'NONE', *, *, #5697, .T. ) ;
#6135 = MECHANICAL_DESIGN_GEOMETRIC_PRESENTATION_REPRESENTATION (  '', ( #220 ), #6407 ) ;
#6136 = DIRECTION ( 'NONE',  ( 0.9998476951563913806, -0.01745240643728082283, 0.000000000000000000 ) ) ;
#6137 = VECTOR ( 'NONE', #4841, 1000.000000000000000 ) ;
#6138 = CARTESIAN_POINT ( 'NONE',  ( -13.98123764760225463, 0.02000000000000000042, -5.907919451787338794 ) ) ;
#6139 = FACE_BOUND ( 'NONE', #7301, .T. ) ;
#6140 = AXIS2_PLACEMENT_3D ( 'NONE', #3324, #1105, #7333 ) ;
#6141 = DIRECTION ( 'NONE',  ( 0.000000000000000000, -1.000000000000000000, -0.000000000000000000 ) ) ;
#6142 = ORIENTED_EDGE ( 'NONE', *, *, #2843, .F. ) ;
#6143 = EDGE_CURVE ( 'NONE', #6573, #1602, #6514, .T. ) ;
#6144 = ORIENTED_EDGE ( 'NONE', *, *, #5929, .T. ) ;
#6145 = CARTESIAN_POINT ( 'NONE',  ( 13.12287318738971109, 1.355252715606880080E-17, -5.457230871974473096 ) ) ;
#6146 = AXIS2_PLACEMENT_3D ( 'NONE', #3820, #969, #4923 ) ;
#6147 = CARTESIAN_POINT ( 'NONE',  ( -15.90000000000000391, 0.000000000000000000, 8.735786437626920531 ) ) ;
#6148 = ADVANCED_FACE ( 'NONE', ( #5945 ), #3252, .T. ) ;
#6149 = CARTESIAN_POINT ( 'NONE',  ( -6.380000000000005222, 0.02000000000000000042, -7.860000000000161968 ) ) ;
#6150 = CARTESIAN_POINT ( 'NONE',  ( 3.780000000000003801, 0.02000000000000000042, -7.860000000000078479 ) ) ;
#6151 = DIRECTION ( 'NONE',  ( 0.000000000000000000, 0.000000000000000000, -1.000000000000000000 ) ) ;
#6152 = CARTESIAN_POINT ( 'NONE',  ( 14.64411485678757785, 1.355252715606880080E-17, -5.997468028966112641 ) ) ;
#6153 = PLANE ( 'NONE',  #4336 ) ;
#6154 = ORIENTED_EDGE ( 'NONE', *, *, #4776, .T. ) ;
#6155 = AXIS2_PLACEMENT_3D ( 'NONE', #1255, #5216, #1296 ) ;
#6156 = SURFACE_STYLE_FILL_AREA ( #3855 ) ;
#6157 = CARTESIAN_POINT ( 'NONE',  ( 14.66474298671369425, 0.02000000000000000042, -5.544691896416042098 ) ) ;
#6158 = CYLINDRICAL_SURFACE ( 'NONE', #1833, 0.2500000000000002220 ) ;
#6159 = EDGE_CURVE ( 'NONE', #2165, #87, #1798, .T. ) ;
#6160 = LINE ( 'NONE', #970, #2702 ) ;
#6161 = CARTESIAN_POINT ( 'NONE',  ( -14.43504489123765566, 1.355252715606880080E-17, -5.470154635684437494 ) ) ;
#6162 = CARTESIAN_POINT ( 'NONE',  ( 14.10620832200879704, 1.355252715606880080E-17, -6.690421299135781652 ) ) ;
#6163 = ORIENTED_EDGE ( 'NONE', *, *, #95, .T. ) ;
#6164 = CARTESIAN_POINT ( 'NONE',  ( 14.33686036041130407, 1.355252715606880080E-17, -5.729725107828390840 ) ) ;
#6165 = DIRECTION ( 'NONE',  ( 1.174997428309413820E-16, -0.000000000000000000, 1.000000000000000000 ) ) ;
#6166 = ORIENTED_EDGE ( 'NONE', *, *, #5534, .T. ) ;
#6167 = CARTESIAN_POINT ( 'NONE',  ( 14.16474941836294832, 0.02000000000000000042, 5.527300706178363221 ) ) ;
#6168 = CARTESIAN_POINT ( 'NONE',  ( 13.00883515088440312, 0.02000000000000000042, -5.795106271511771823 ) ) ;
#6169 = FACE_OUTER_BOUND ( 'NONE', #2115, .T. ) ;
#6170 = CARTESIAN_POINT ( 'NONE',  ( 14.41584843264517346, 0.02000000000000000042, 6.364401654165313005 ) ) ;
#6171 = CARTESIAN_POINT ( 'NONE',  ( 14.25661313213208814, 0.000000000000000000, -5.752632927666632590 ) ) ;
#6172 = DIRECTION ( 'NONE',  ( 0.000000000000000000, -1.000000000000000000, -0.000000000000000000 ) ) ;
#6173 = ORIENTED_EDGE ( 'NONE', *, *, #155, .T. ) ;
#6174 = ADVANCED_FACE ( 'NONE', ( #4421 ), #2569, .T. ) ;
#6175 = ORIENTED_EDGE ( 'NONE', *, *, #1801, .T. ) ;
#6176 = EDGE_CURVE ( 'NONE', #52, #4577, #2101, .T. ) ;
#6177 = CIRCLE ( 'NONE', #854, 0.2499999999999993616 ) ;
#6178 = CARTESIAN_POINT ( 'NONE',  ( -13.08735409085670476, 0.02000000000000000042, -5.812032387839098035 ) ) ;
#6179 = DIRECTION ( 'NONE',  ( 0.000000000000000000, -1.000000000000000000, -0.000000000000000000 ) ) ;
#6180 = ADVANCED_FACE ( 'NONE', ( #3219 ), #4460, .T. ) ;
#6181 = CARTESIAN_POINT ( 'NONE',  ( 12.91488296744631192, 0.02000000000000000042, 6.167712637996543457 ) ) ;
#6182 = FILL_AREA_STYLE_COLOUR ( '', #4109 ) ;
#6183 = ORIENTED_EDGE ( 'NONE', *, *, #3401, .F. ) ;
#6184 = ORIENTED_EDGE ( 'NONE', *, *, #4128, .F. ) ;
#6185 = ORIENTED_EDGE ( 'NONE', *, *, #2683, .T. ) ;
#6186 = DIRECTION ( 'NONE',  ( -1.174997428309413820E-16, 0.000000000000000000, -1.000000000000000000 ) ) ;
#6187 = CARTESIAN_POINT ( 'NONE',  ( 3.780000000000003801, 0.02000000000000000042, -7.610000000000079368 ) ) ;
#6188 = CARTESIAN_POINT ( 'NONE',  ( -15.72195833773215590, 10.20000000000000107, -9.677149158797478279 ) ) ;
#6189 = FACE_OUTER_BOUND ( 'NONE', #2636, .T. ) ;
#6190 = ADVANCED_FACE ( 'NONE', ( #3751 ), #2080, .T. ) ;
#6191 = CARTESIAN_POINT ( 'NONE',  ( -14.33563360799105624, 0.02000000000000000042, 6.377798384243321905 ) ) ;
#6192 =( LENGTH_UNIT ( ) NAMED_UNIT ( * ) SI_UNIT ( .MILLI., .METRE. ) );
#6193 = ORIENTED_EDGE ( 'NONE', *, *, #6316, .F. ) ;
#6194 = VECTOR ( 'NONE', #7504, 1000.000000000000000 ) ;
#6195 = DIRECTION ( 'NONE',  ( 0.000000000000000000, 0.000000000000000000, -1.000000000000000000 ) ) ;
#6196 = APPLICATION_CONTEXT ( 'automotive_design' ) ;
#6197 = CIRCLE ( 'NONE', #3787, 0.2499999999999993616 ) ;
#6198 = CARTESIAN_POINT ( 'NONE',  ( -14.13771721535730386, 1.355252715606880080E-17, -5.368934874466847695 ) ) ;
#6199 = AXIS2_PLACEMENT_3D ( 'NONE', #4928, #6165, #5489 ) ;
#6200 = EDGE_CURVE ( 'NONE', #899, #4836, #1272, .T. ) ;
#6201 = VECTOR ( 'NONE', #2884, 1000.000000000000000 ) ;
#6202 = CARTESIAN_POINT ( 'NONE',  ( 14.62840458952196521, 0.02000000000000000042, -5.974204713675140610 ) ) ;
#6203 = EDGE_CURVE ( 'NONE', #4234, #5716, #5455, .T. ) ;
#6204 = CARTESIAN_POINT ( 'NONE',  ( 14.29008290561960415, 1.355252715606880080E-17, -6.733913355702372705 ) ) ;
#6205 = ORIENTED_EDGE ( 'NONE', *, *, #380, .T. ) ;
#6206 = CARTESIAN_POINT ( 'NONE',  ( 3.779999999999946514, 0.000000000000000000, 7.859999999999929265 ) ) ;
#6207 = UNCERTAINTY_MEASURE_WITH_UNIT (LENGTH_MEASURE( 1.000000000000000082E-05 ), #3141, 'distance_accuracy_value', 'NONE');
#6208 = CARTESIAN_POINT ( 'NONE',  ( -14.42982554133315354, 1.355252715606880080E-17, -6.495385233731338026 ) ) ;
#6209 = ORIENTED_EDGE ( 'NONE', *, *, #606, .F. ) ;
#6210 = CARTESIAN_POINT ( 'NONE',  ( -14.56093247604305674, 0.02000000000000000042, -6.758010525301577864 ) ) ;
#6211 = CIRCLE ( 'NONE', #2952, 0.2500000000000002220 ) ;
#6212 = ADVANCED_FACE ( 'NONE', ( #1152 ), #556, .F. ) ;
#6213 = DIRECTION ( 'NONE',  ( 0.000000000000000000, -1.000000000000000000, -0.000000000000000000 ) ) ;
#6214 = DIRECTION ( 'NONE',  ( -0.9838699100999073188, -0.000000000000000000, 0.1788854381999841481 ) ) ;
#6215 = CARTESIAN_POINT ( 'NONE',  ( 14.18470262191710241, 0.000000000000000000, -6.015638840377001806 ) ) ;
#6216 = EDGE_CURVE ( 'NONE', #586, #5735, #917, .T. ) ;
#6217 = SURFACE_STYLE_USAGE ( .BOTH. , #40 ) ;
#6218 = VERTEX_POINT ( 'NONE', #5106 ) ;
#6219 = VERTEX_POINT ( 'NONE', #7461 ) ;
#6220 = DIRECTION ( 'NONE',  ( 0.000000000000000000, 0.000000000000000000, -1.000000000000000000 ) ) ;
#6221 = CARTESIAN_POINT ( 'NONE',  ( 14.36843230867816423, 0.000000000000000000, 6.191797699477653794 ) ) ;
#6222 = FILL_AREA_STYLE_COLOUR ( '', #6836 ) ;
#6223 = CARTESIAN_POINT ( 'NONE',  ( 14.24431727681534632, 0.02000000000000000042, -5.173843182759430448 ) ) ;
#6224 = ORIENTED_EDGE ( 'NONE', *, *, #3203, .F. ) ;
#6225 = EDGE_CURVE ( 'NONE', #6911, #2708, #6802, .T. ) ;
#6226 = LINE ( 'NONE', #5733, #708 ) ;
#6227 = EDGE_LOOP ( 'NONE', ( #6042, #6229, #4657, #886 ) ) ;
#6228 = B_SPLINE_CURVE_WITH_KNOTS ( 'NONE', 3,
 ( #2704, #7326, #5722, #3491, #2120, #4439, #529, #5797, #2924, #1646, #5230, #3982, #36, #2847, #5155, #5308, #7118, #1840, #1386 ),
 .UNSPECIFIED., .F., .F.,
 ( 4, 1, 1, 1, 1, 1, 1, 1, 1, 1, 1, 1, 1, 1, 1, 1, 4 ),
 ( 0.000000000000000000, 0.07411266103589370102, 0.1436507190320160110, 0.2100516928803514982, 0.2733649034018880153, 0.3349952740509110072, 0.3954468596327579966, 0.4559474902146560260, 0.5173725358256869855, 0.5790599188556799781, 0.6394314938812990512, 0.6987549640328690748, 0.7576826860457229751, 0.8173053891001100801, 0.8771506171663179252, 0.9376149219385280231, 1.000000000000000000 ),
 .UNSPECIFIED. ) ;
#6229 = ORIENTED_EDGE ( 'NONE', *, *, #415, .F. ) ;
#6230 = LINE ( 'NONE', #1584, #223 ) ;
#6231 = DIRECTION ( 'NONE',  ( -0.7069990853988146196, 0.01745240643728356023, 0.7069990853988338264 ) ) ;
#6232 = EDGE_CURVE ( 'NONE', #3712, #549, #2250, .T. ) ;
#6233 = VECTOR ( 'NONE', #1922, 1000.000000000000000 ) ;
#6234 = CARTESIAN_POINT ( 'NONE',  ( 14.42065043018600612, 1.355252715606880080E-17, -6.386917684473462309 ) ) ;
#6235 = CARTESIAN_POINT ( 'NONE',  ( -15.90000000000000391, 0.000000000000000000, 8.611541294934541568 ) ) ;
#6236 = CARTESIAN_POINT ( 'NONE',  ( 14.69028692416644866, 1.355252715606880080E-17, -6.107454873812082852 ) ) ;
#6237 = ORIENTED_EDGE ( 'NONE', *, *, #6781, .T. ) ;
#6238 = VECTOR ( 'NONE', #4224, 1000.000000000000000 ) ;
#6239 = CARTESIAN_POINT ( 'NONE',  ( 14.32454544628300930, 1.355252715606880080E-17, -5.173936800613121889 ) ) ;
#6240 = CARTESIAN_POINT ( 'NONE',  ( -6.380000000000054072, 0.02000000000000000042, 7.859999999999849329 ) ) ;
#6241 = AXIS2_PLACEMENT_3D ( 'NONE', #4464, #3970, #4011 ) ;
#6242 =( LENGTH_UNIT ( ) NAMED_UNIT ( * ) SI_UNIT ( .MILLI., .METRE. ) );
#6243 = EDGE_CURVE ( 'NONE', #1253, #5790, #2247, .T. ) ;
#6244 = CARTESIAN_POINT ( 'NONE',  ( 14.70450687090339237, 0.02000000000000000042, -6.206026499817313358 ) ) ;
#6245 = CARTESIAN_POINT ( 'NONE',  ( -8.920000000000005258, -4.100000000000000533, -7.610000000000159304 ) ) ;
#6246 = VERTEX_POINT ( 'NONE', #3447 ) ;
#6247 = DIRECTION ( 'NONE',  ( 0.000000000000000000, -1.000000000000000000, -0.000000000000000000 ) ) ;
#6248 = CARTESIAN_POINT ( 'NONE',  ( -14.27349001242275506, 1.355252715606880080E-17, -6.300678749490788100 ) ) ;
#6249 = ORIENTED_EDGE ( 'NONE', *, *, #5092, .F. ) ;
#6250 = AXIS2_PLACEMENT_3D ( 'NONE', #3865, #6287, #446 ) ;
#6251 =( LENGTH_UNIT ( ) NAMED_UNIT ( * ) SI_UNIT ( .MILLI., .METRE. ) );
#6252 = B_SPLINE_CURVE_WITH_KNOTS ( 'NONE', 3,
 ( #3981, #1645, #7397, #7435, #1203, #6893, #1087, #3490, #3420, #2774, #7507 ),
 .UNSPECIFIED., .F., .F.,
 ( 4, 1, 1, 1, 1, 1, 1, 1, 4 ),
 ( 0.000000000000000000, 0.1557263484003199860, 0.2947999542160744668, 0.4192464906763305188, 0.5369722552902830293, 0.6500409756076660495, 0.7614872025353299767, 0.8771118895206310162, 1.000000000000000000 ),
 .UNSPECIFIED. ) ;
#6253 = EDGE_CURVE ( 'NONE', #2708, #5844, #2098, .T. ) ;
#6254 = SURFACE_STYLE_USAGE ( .BOTH. , #7433 ) ;
#6255 = EDGE_CURVE ( 'NONE', #7448, #1638, #131, .T. ) ;
#6256 = DIRECTION ( 'NONE',  ( 0.000000000000000000, -1.000000000000000000, -0.000000000000000000 ) ) ;
#6257 = CARTESIAN_POINT ( 'NONE',  ( -14.26501622306350470, 0.02000000000000000042, 6.694307957083776905 ) ) ;
#6258 = VECTOR ( 'NONE', #7402, 1000.000000000000000 ) ;
#6259 = VERTEX_POINT ( 'NONE', #3674 ) ;
#6260 = PRESENTATION_LAYER_ASSIGNMENT (  '', '', ( #5311 ) ) ;
#6261 = CARTESIAN_POINT ( 'NONE',  ( 13.90561298209320462, 0.000000000000000000, -5.476106995637401553 ) ) ;
#6262 = LINE ( 'NONE', #4066, #5236 ) ;
#6263 = COLOUR_RGB ( '',0.2509803921568627416, 0.2509803921568627416, 0.2509803921568627416 ) ;
#6264 = LINE ( 'NONE', #6752, #458 ) ;
#6265 = CARTESIAN_POINT ( 'NONE',  ( 13.79544937369631086, 0.02000000000000000042, 5.267133358877227778 ) ) ;
#6266 = ORIENTED_EDGE ( 'NONE', *, *, #1198, .F. ) ;
#6267 = CARTESIAN_POINT ( 'NONE',  ( 14.29008290561960415, 1.016439536705160099E-17, -6.733913355702372705 ) ) ;
#6268 = VERTEX_POINT ( 'NONE', #5338 ) ;
#6269 = ORIENTED_EDGE ( 'NONE', *, *, #831, .F. ) ;
#6270 = DIRECTION ( 'NONE',  ( -1.174997428309413820E-16, 0.000000000000000000, -1.000000000000000000 ) ) ;
#6271 = CARTESIAN_POINT ( 'NONE',  ( -13.98716776791250460, 2.032879073410320197E-17, -6.359057999687237839 ) ) ;
#6272 = VECTOR ( 'NONE', #2995, 1000.000000000000000 ) ;
#6273 = PRESENTATION_LAYER_ASSIGNMENT (  '', '', ( #3136 ) ) ;
#6274 = CARTESIAN_POINT ( 'NONE',  ( -14.28992520622125539, 10.20000000000000107, 9.677149158797471173 ) ) ;
#6275 = CARTESIAN_POINT ( 'NONE',  ( 14.44356033031949771, 1.355252715606880080E-17, -6.290635902144102509 ) ) ;
#6276 = CARTESIAN_POINT ( 'NONE',  ( 13.23700583162897360, 0.02000000000000000042, 6.711695049985517691 ) ) ;
#6277 =( GEOMETRIC_REPRESENTATION_CONTEXT ( 3 ) GLOBAL_UNCERTAINTY_ASSIGNED_CONTEXT ( ( #6735 ) ) GLOBAL_UNIT_ASSIGNED_CONTEXT ( ( #4877, #4989, #288 ) ) REPRESENTATION_CONTEXT ( 'NONE', 'WORKASPACE' ) );
#6278 = EDGE_LOOP ( 'NONE', ( #521, #6998, #3172, #3550 ) ) ;
#6279 = VECTOR ( 'NONE', #664, 1000.000000000000000 ) ;
#6280 = CARTESIAN_POINT ( 'NONE',  ( 14.00279295163976023, 0.02000000000000000042, -6.608305891920761788 ) ) ;
#6281 = CIRCLE ( 'NONE', #7124, 0.2499999999999993616 ) ;
#6282 = CARTESIAN_POINT ( 'NONE',  ( -14.04293339422130416, 1.355252715606880080E-17, -5.376397262815318712 ) ) ;
#6283 = CARTESIAN_POINT ( 'NONE',  ( 1.239999999999946034, 0.02000000000000000042, 7.609999999999910614 ) ) ;
#6284 = VECTOR ( 'NONE', #1524, 1000.000000000000000 ) ;
#6285 = CARTESIAN_POINT ( 'NONE',  ( 14.35987492883880101, 0.000000000000000000, 6.176468269876868256 ) ) ;
#6286 = EDGE_LOOP ( 'NONE', ( #847, #6977, #6417 ) ) ;
#6287 = DIRECTION ( 'NONE',  ( 0.000000000000000000, -1.000000000000000000, -0.000000000000000000 ) ) ;
#6288 = DIRECTION ( 'NONE',  ( 0.000000000000000000, -1.000000000000000000, -0.000000000000000000 ) ) ;
#6289 = EDGE_LOOP ( 'NONE', ( #3815, #3416, #5368, #2619 ) ) ;
#6290 = CIRCLE ( 'NONE', #3373, 0.2500000000000002220 ) ;
#6291 = DIRECTION ( 'NONE',  ( 0.000000000000000000, 0.000000000000000000, -1.000000000000000000 ) ) ;
#6292 =( LENGTH_UNIT ( ) NAMED_UNIT ( * ) SI_UNIT ( .MILLI., .METRE. ) );
#6293 = CARTESIAN_POINT ( 'NONE',  ( 1.239999999999946034, 0.000000000000000000, 7.609999999999910614 ) ) ;
#6294 = PRESENTATION_STYLE_ASSIGNMENT (( #489 ) ) ;
#6295 = CARTESIAN_POINT ( 'NONE',  ( -12.68709663347035210, 0.02000000000000000042, -6.589720119495258821 ) ) ;
#6296 = PLANE ( 'NONE',  #3499 ) ;
#6297 = CARTESIAN_POINT ( 'NONE',  ( 14.02379132751690349, 0.000000000000000000, 5.773504728512993900 ) ) ;
#6298 = ORIENTED_EDGE ( 'NONE', *, *, #37, .F. ) ;
#6299 = SURFACE_SIDE_STYLE ('',( #7439 ) ) ;
#6300 = DIRECTION ( 'NONE',  ( 1.000000000000000000, 0.000000000000000000, -1.174997428309413820E-16 ) ) ;
#6301 = PRESENTATION_STYLE_ASSIGNMENT (( #4669 ) ) ;
#6302 = ADVANCED_FACE ( 'NONE', ( #6429 ), #1302, .T. ) ;
#6303 = SURFACE_STYLE_FILL_AREA ( #3392 ) ;
#6304 = CARTESIAN_POINT ( 'NONE',  ( 14.14227679647702907, 0.02000000000000000042, 5.912186538095762778 ) ) ;
#6305 = EDGE_LOOP ( 'NONE', ( #7429, #4938 ) ) ;
#6306 = DIRECTION ( 'NONE',  ( 0.000000000000000000, 1.000000000000000000, 0.000000000000000000 ) ) ;
#6307 = CARTESIAN_POINT ( 'NONE',  ( 13.27424273806219368, 1.355252715606880080E-17, 6.797012000259923248 ) ) ;
#6308 = ORIENTED_EDGE ( 'NONE', *, *, #2968, .F. ) ;
#6309 = ORIENTED_EDGE ( 'NONE', *, *, #2998, .F. ) ;
#6310 = MECHANICAL_DESIGN_GEOMETRIC_PRESENTATION_REPRESENTATION (  '', ( #3652 ), #619 ) ;
#6311 = SPHERICAL_SURFACE ( 'NONE', #6140, 0.2999999999999999889 ) ;
#6312 = DIRECTION ( 'NONE',  ( 0.000000000000000000, 0.000000000000000000, -1.000000000000000000 ) ) ;
#6313 = DIRECTION ( 'NONE',  ( 0.000000000000000000, -1.000000000000000000, 0.000000000000000000 ) ) ;
#6314 = AXIS2_PLACEMENT_3D ( 'NONE', #850, #2524, #7142 ) ;
#6315 = CARTESIAN_POINT ( 'NONE',  ( -14.13851311098320451, 0.02000000000000000042, 6.521897658863911929 ) ) ;
#6316 = EDGE_CURVE ( 'NONE', #2661, #5279, #7034, .T. ) ;
#6317 = ORIENTED_EDGE ( 'NONE', *, *, #6968, .T. ) ;
#6318 = CARTESIAN_POINT ( 'NONE',  ( 14.60713549931014654, 0.02000000000000000042, -5.353142225409853516 ) ) ;
#6319 = FILL_AREA_STYLE ('',( #4004 ) ) ;
#6320 = CARTESIAN_POINT ( 'NONE',  ( -13.76754260509890671, 1.355252715606880080E-17, -5.601545447851829174 ) ) ;
#6321 = CARTESIAN_POINT ( 'NONE',  ( 14.63952162447317384, 0.02000000000000000042, -5.417793471124092264 ) ) ;
#6322 = CARTESIAN_POINT ( 'NONE',  ( 14.32454544628300930, 0.000000000000000000, -5.173936800613121889 ) ) ;
#6323 = LINE ( 'NONE', #3482, #6041 ) ;
#6324 = COLOUR_RGB ( '',1.000000000000000000, 0.7725490196078431682, 0.000000000000000000 ) ;
#6325 = ORIENTED_EDGE ( 'NONE', *, *, #5998, .T. ) ;
#6326 = FACE_OUTER_BOUND ( 'NONE', #902, .T. ) ;
#6327 = EDGE_CURVE ( 'NONE', #500, #4553, #6994, .T. ) ;
#6328 = CARTESIAN_POINT ( 'NONE',  ( -1.300000000000054667, 0.000000000000000000, 7.609999999999890186 ) ) ;
#6329 = AXIS2_PLACEMENT_3D ( 'NONE', #6328, #1637, #4052 ) ;
#6330 = VECTOR ( 'NONE', #2111, 1000.000000000000000 ) ;
#6331 = EDGE_CURVE ( 'NONE', #6406, #3522, #707, .T. ) ;
#6332 = DIRECTION ( 'NONE',  ( 0.000000000000000000, 0.000000000000000000, -1.000000000000000000 ) ) ;
#6333 = CARTESIAN_POINT ( 'NONE',  ( 13.28604024107135473, 0.02000000000000000042, -5.269338791724763382 ) ) ;
#6334 = DIRECTION ( 'NONE',  ( 0.000000000000000000, -1.000000000000000000, -0.000000000000000000 ) ) ;
#6335 = CARTESIAN_POINT ( 'NONE',  ( -14.06461226294865519, 0.02000000000000000042, 6.967516987607896617 ) ) ;
#6336 = STYLED_ITEM ( 'NONE', ( #2802 ), #1326 ) ;
#6337 =( LENGTH_UNIT ( ) NAMED_UNIT ( * ) SI_UNIT ( .MILLI., .METRE. ) );
#6338 = ORIENTED_EDGE ( 'NONE', *, *, #3153, .T. ) ;
#6339 = SURFACE_STYLE_FILL_AREA ( #459 ) ;
#6340 = CARTESIAN_POINT ( 'NONE',  ( -14.18720249289475355, 1.355252715606880080E-17, -6.204262004192559132 ) ) ;
#6341 =( NAMED_UNIT ( * ) SI_UNIT ( $, .STERADIAN. ) SOLID_ANGLE_UNIT ( ) );
#6342 = EDGE_CURVE ( 'NONE', #2708, #1334, #6506, .T. ) ;
#6343 = CARTESIAN_POINT ( 'NONE',  ( 14.61150846832511796, 0.02000000000000000042, -6.558998405341221805 ) ) ;
#6344 = CARTESIAN_POINT ( 'NONE',  ( 8.860000000000004761, 0.000000000000000000, -7.610000000000041176 ) ) ;
#6345 = ORIENTED_EDGE ( 'NONE', *, *, #2760, .T. ) ;
#6346 = CARTESIAN_POINT ( 'NONE',  ( 13.11792053122264612, 1.355252715606880080E-17, 6.562373287208223438 ) ) ;
#6347 = VERTEX_POINT ( 'NONE', #110 ) ;
#6348 = VERTEX_POINT ( 'NONE', #5412 ) ;
#6349 = CARTESIAN_POINT ( 'NONE',  ( 14.30619017925580394, 0.02000000000000000042, -5.414309055619340505 ) ) ;
#6350 = CARTESIAN_POINT ( 'NONE',  ( -13.85000821845915198, 0.02000000000000000042, -6.185962563725999175 ) ) ;
#6351 = PRESENTATION_STYLE_ASSIGNMENT (( #998 ) ) ;
#6352 = CARTESIAN_POINT ( 'NONE',  ( 15.90000000000000391, 0.000000000000000000, 9.850045691453079399 ) ) ;
#6353 = CARTESIAN_POINT ( 'NONE',  ( 14.64986101392202755, 0.02000000000000000042, 6.286116415041247407 ) ) ;
#6354 = VERTEX_POINT ( 'NONE', #4767 ) ;
#6355 = CARTESIAN_POINT ( 'NONE',  ( 13.16359212463357586, 0.000000000000000000, 6.317553555790273556 ) ) ;
#6356 = CARTESIAN_POINT ( 'NONE',  ( 14.64993867502581004, 0.02000000000000000042, 6.461290998543143260 ) ) ;
#6357 = CARTESIAN_POINT ( 'NONE',  ( -13.80651061734505625, 0.02000000000000000042, -5.531561012463518168 ) ) ;
#6358 = DIRECTION ( 'NONE',  ( 0.000000000000000000, 0.000000000000000000, -1.000000000000000000 ) ) ;
#6359 = CARTESIAN_POINT ( 'NONE',  ( 14.28968659854293932, 0.000000000000000000, 6.081581094308099011 ) ) ;
#6360 = ORIENTED_EDGE ( 'NONE', *, *, #5534, .F. ) ;
#6361 = DIRECTION ( 'NONE',  ( 0.000000000000000000, 0.000000000000000000, -1.000000000000000000 ) ) ;
#6362 = UNCERTAINTY_MEASURE_WITH_UNIT (LENGTH_MEASURE( 1.000000000000000082E-05 ), #2583, 'distance_accuracy_value', 'NONE');
#6363 = CARTESIAN_POINT ( 'NONE',  ( -14.53624837908975564, 1.355252715606880080E-17, -6.684631009075078012 ) ) ;
#6364 =( GEOMETRIC_REPRESENTATION_CONTEXT ( 3 ) GLOBAL_UNCERTAINTY_ASSIGNED_CONTEXT ( ( #6434 ) ) GLOBAL_UNIT_ASSIGNED_CONTEXT ( ( #4723, #5214, #1896 ) ) REPRESENTATION_CONTEXT ( 'NONE', 'WORKASPACE' ) );
#6365 = LINE ( 'NONE', #33, #2817 ) ;
#6366 = CARTESIAN_POINT ( 'NONE',  ( -12.68709663347035210, 0.02000000000000000042, -6.589720119495258821 ) ) ;
#6367 = CYLINDRICAL_SURFACE ( 'NONE', #6119, 0.2499999999999993616 ) ;
#6368 = DIRECTION ( 'NONE',  ( 0.000000000000000000, 0.000000000000000000, -1.000000000000000000 ) ) ;
#6369 = CARTESIAN_POINT ( 'NONE',  ( -13.72776602267490453, 0.02000000000000000042, -5.797335434325698422 ) ) ;
#6370 = AXIS2_PLACEMENT_3D ( 'NONE', #6733, #6587, #4352 ) ;
#6371 = CARTESIAN_POINT ( 'NONE',  ( 13.98706521463594044, 0.000000000000000000, 5.726027571641468583 ) ) ;
#6372 = VERTEX_POINT ( 'NONE', #4124 ) ;
#6373 = FILL_AREA_STYLE_COLOUR ( '', #4560 ) ;
#6374 = CARTESIAN_POINT ( 'NONE',  ( 14.20745863101018536, 0.000000000000000000, -5.178237126875272267 ) ) ;
#6375 = VECTOR ( 'NONE', #1380, 1000.000000000000000 ) ;
#6376 = CARTESIAN_POINT ( 'NONE',  ( -14.14303313471325474, 0.02000000000000000042, -5.609089348898669058 ) ) ;
#6377 = B_SPLINE_SURFACE_WITH_KNOTS ( 'NONE', 3, 1, ( 
 ( #117, #1837 ),
 ( #4848, #6475 ),
 ( #3605, #7043 ),
 ( #677, #1873 ),
 ( #1915, #4273 ),
 ( #6018, #4237 ),
 ( #2534, #2381 ),
 ( #5382, #716 ),
 ( #4167, #4774 ),
 ( #3683, #185 ),
 ( #5944, #7115 ) ),
 .UNSPECIFIED., .F., .F., .F.,
 ( 4, 1, 1, 1, 1, 1, 1, 1, 4 ),
 ( 2, 2 ),
 ( 0.000000000000000000, 0.1424784121209466126, 0.2732037946192419908, 0.3945864827622340143, 0.5147545331308849281, 0.6339295835855970340, 0.7507431227064520485, 0.8715641172540000703, 1.000000000000000000 ),
 ( 0.000000000000000000, 1.000000000000000000 ),
 .UNSPECIFIED. ) ;
#6378 = DIRECTION ( 'NONE',  ( -0.8711112706824581942, -0.000000000000000000, 0.4910856891521002687 ) ) ;
#6379 = ORIENTED_EDGE ( 'NONE', *, *, #3732, .F. ) ;
#6380 = CARTESIAN_POINT ( 'NONE',  ( 13.17680118084451202, 0.02000000000000000042, 6.623717509147797777 ) ) ;
#6381 = ORIENTED_EDGE ( 'NONE', *, *, #5674, .F. ) ;
#6382 = ORIENTED_EDGE ( 'NONE', *, *, #5114, .T. ) ;
#6383 = LINE ( 'NONE', #6906, #1059 ) ;
#6384 = CARTESIAN_POINT ( 'NONE',  ( 14.65600290707699216, 0.000000000000000000, 5.267133358877227778 ) ) ;
#6385 = CIRCLE ( 'NONE', #2012, 0.2999999999999999334 ) ;
#6386 = DIRECTION ( 'NONE',  ( 0.000000000000000000, -1.000000000000000000, -0.000000000000000000 ) ) ;
#6387 = ADVANCED_FACE ( 'NONE', ( #1754 ), #216, .T. ) ;
#6388 = FACE_OUTER_BOUND ( 'NONE', #140, .T. ) ;
#6389 = ORIENTED_EDGE ( 'NONE', *, *, #7087, .F. ) ;
#6390 = CARTESIAN_POINT ( 'NONE',  ( -6.380000000000005222, 0.000000000000000000, -7.860000000000161968 ) ) ;
#6391 = CARTESIAN_POINT ( 'NONE',  ( 14.20164406456264672, 1.355252715606880080E-17, 6.807248725769498243 ) ) ;
#6392 = FILL_AREA_STYLE ('',( #1945 ) ) ;
#6393 = DIRECTION ( 'NONE',  ( 0.000000000000000000, -1.000000000000000000, -0.000000000000000000 ) ) ;
#6394 = CARTESIAN_POINT ( 'NONE',  ( 14.29008290561960415, 1.355252715606880080E-17, -6.733913355702372705 ) ) ;
#6395 = MECHANICAL_DESIGN_GEOMETRIC_PRESENTATION_REPRESENTATION (  '', ( #703 ), #4945 ) ;
#6396 = VERTEX_POINT ( 'NONE', #1192 ) ;
#6397 = SURFACE_STYLE_USAGE ( .BOTH. , #5864 ) ;
#6398 = B_SPLINE_SURFACE_WITH_KNOTS ( 'NONE', 3, 1, ( 
 ( #3468, #1218 ),
 ( #4602, #659 ),
 ( #6907, #1070 ),
 ( #3398, #1179 ),
 ( #93, #6943 ),
 ( #4561, #1664 ),
 ( #4038, #4116 ),
 ( #5211, #5131 ),
 ( #2403, #1698 ),
 ( #3507, #7450 ),
 ( #6350, #4721 ),
 ( #2240, #5776 ),
 ( #581, #2905 ),
 ( #5251, #3956 ),
 ( #5810, #14 ),
 ( #2358, #1741 ),
 ( #2321, #6271 ),
 ( #4077, #621 ),
 ( #2939, #4679 ) ),
 .UNSPECIFIED., .F., .F., .F.,
 ( 4, 1, 1, 1, 1, 1, 1, 1, 1, 1, 1, 1, 1, 1, 1, 1, 4 ),
 ( 2, 2 ),
 ( 0.000000000000000000, 0.06953552338552969336, 0.1380491094433504151, 0.2067556592868239895, 0.2751841688940784847, 0.3446084122002539551, 0.4162313271679294879, 0.4899227518536929948, 0.5661907044333730488, 0.6069271943486349574, 0.6516091837135840059, 0.6996604758182459749, 0.7518555105046909048, 0.8081376385094920511, 0.8682453807129199008, 0.9321950013282039871, 1.000000000000000000 ),
 ( 0.000000000000000000, 1.000000000000000000 ),
 .UNSPECIFIED. ) ;
#6399 = EDGE_CURVE ( 'NONE', #2281, #6692, #3634, .T. ) ;
#6400 = CARTESIAN_POINT ( 'NONE',  ( 13.90137280945023157, 0.02000000000000000042, 5.600423877256427652 ) ) ;
#6401 = VECTOR ( 'NONE', #1511, 1000.000000000000000 ) ;
#6402 = CARTESIAN_POINT ( 'NONE',  ( 14.05561672099744719, 0.02000000000000000042, 6.347828493820408369 ) ) ;
#6403 = CARTESIAN_POINT ( 'NONE',  ( -8.920000000000054996, 1.000000000000000000, 7.609999999999836007 ) ) ;
#6404 = CARTESIAN_POINT ( 'NONE',  ( 13.27247590172394709, 1.355252715606880080E-17, -5.605401763364651124 ) ) ;
#6405 = FACE_OUTER_BOUND ( 'NONE', #4676, .T. ) ;
#6406 = VERTEX_POINT ( 'NONE', #670 ) ;
#6407 =( GEOMETRIC_REPRESENTATION_CONTEXT ( 3 ) GLOBAL_UNCERTAINTY_ASSIGNED_CONTEXT ( ( #6207 ) ) GLOBAL_UNIT_ASSIGNED_CONTEXT ( ( #3141, #2628, #849 ) ) REPRESENTATION_CONTEXT ( 'NONE', 'WORKASPACE' ) );
#6408 = CARTESIAN_POINT ( 'NONE',  ( -13.86361159322360592, 0.000000000000000000, 6.978629557162696173 ) ) ;
#6409 = CARTESIAN_POINT ( 'NONE',  ( -14.12095041506625748, 1.355252715606880080E-17, -6.128200059526067278 ) ) ;
#6410 = CARTESIAN_POINT ( 'NONE',  ( -14.29775885924130563, 1.355252715606880080E-17, -5.695475477939758058 ) ) ;
#6411 = DIRECTION ( 'NONE',  ( 0.000000000000000000, -1.000000000000000000, -0.000000000000000000 ) ) ;
#6412 = FILL_AREA_STYLE_COLOUR ( '', #5673 ) ;
#6413 = ORIENTED_EDGE ( 'NONE', *, *, #4887, .T. ) ;
#6414 = DIRECTION ( 'NONE',  ( 0.000000000000000000, -1.000000000000000000, -0.000000000000000000 ) ) ;
#6415 = ORIENTED_EDGE ( 'NONE', *, *, #2452, .F. ) ;
#6416 = EDGE_CURVE ( 'NONE', #3609, #796, #4419, .T. ) ;
#6417 = ORIENTED_EDGE ( 'NONE', *, *, #2616, .F. ) ;
#6418 = CARTESIAN_POINT ( 'NONE',  ( 13.32696339878366665, 1.355252715606880080E-17, -5.172909271895553829 ) ) ;
#6419 = EDGE_CURVE ( 'NONE', #6528, #1166, #1227, .T. ) ;
#6420 = ADVANCED_FACE ( 'NONE', ( #5938 ), #939, .T. ) ;
#6421 = CARTESIAN_POINT ( 'NONE',  ( 14.07945254045662864, 0.000000000000000000, 6.783586089081108383 ) ) ;
#6422 = CARTESIAN_POINT ( 'NONE',  ( 14.42506150193593584, 0.000000000000000000, 5.850838708025182022 ) ) ;
#6423 = ORIENTED_EDGE ( 'NONE', *, *, #318, .T. ) ;
#6424 = ORIENTED_EDGE ( 'NONE', *, *, #1075, .F. ) ;
#6425 = CARTESIAN_POINT ( 'NONE',  ( 13.88622762831901625, 0.02000000000000000042, -6.329525856246662308 ) ) ;
#6426 = CARTESIAN_POINT ( 'NONE',  ( 14.42418803694869034, 0.02000000000000000042, 6.776333530630102686 ) ) ;
#6427 = PRESENTATION_LAYER_ASSIGNMENT (  '', '', ( #1216 ) ) ;
#6428 = CARTESIAN_POINT ( 'NONE',  ( 14.21096951755808213, 0.02000000000000000042, -5.753282585105782942 ) ) ;
#6429 = FACE_OUTER_BOUND ( 'NONE', #558, .T. ) ;
#6430 = CARTESIAN_POINT ( 'NONE',  ( 14.31305909728875569, 0.000000000000000000, 5.725019839120597531 ) ) ;
#6431 = EDGE_LOOP ( 'NONE', ( #5129, #1046, #3598, #4354 ) ) ;
#6432 = CARTESIAN_POINT ( 'NONE',  ( 14.04890014275442134, 2.710505431213759852E-17, -5.245493293220371278 ) ) ;
#6433 = EDGE_CURVE ( 'NONE', #5676, #4147, #2673, .T. ) ;
#6434 = UNCERTAINTY_MEASURE_WITH_UNIT (LENGTH_MEASURE( 1.000000000000000082E-05 ), #4723, 'distance_accuracy_value', 'NONE');
#6435 = DIRECTION ( 'NONE',  ( 0.000000000000000000, 0.000000000000000000, -1.000000000000000000 ) ) ;
#6436 = EDGE_CURVE ( 'NONE', #1295, #4598, #6649, .T. ) ;
#6437 = CARTESIAN_POINT ( 'NONE',  ( 14.14227679647702907, 1.355252715606880080E-17, 5.912186538095762778 ) ) ;
#6438 = EDGE_CURVE ( 'NONE', #1679, #1522, #4374, .T. ) ;
#6439 = CARTESIAN_POINT ( 'NONE',  ( 14.20129866489252990, 0.02000000000000000042, 6.566246765055358203 ) ) ;
#6440 = ADVANCED_FACE ( 'NONE', ( #248 ), #3743, .T. ) ;
#6441 = CARTESIAN_POINT ( 'NONE',  ( 14.44832369723021870, 0.000000000000000000, -6.699548632554831684 ) ) ;
#6442 = CARTESIAN_POINT ( 'NONE',  ( 14.44486996921823696, 1.355252715606880080E-17, -6.235155039662332754 ) ) ;
#6443 = ORIENTED_EDGE ( 'NONE', *, *, #2504, .T. ) ;
#6444 = CARTESIAN_POINT ( 'NONE',  ( 14.57725831240680847, 0.02000000000000000042, 6.645498431818062990 ) ) ;
#6445 = AXIS2_PLACEMENT_3D ( 'NONE', #3860, #4379, #2722 ) ;
#6446 = CARTESIAN_POINT ( 'NONE',  ( -14.18655232239445496, 1.355252715606880080E-17, 6.767194352530786716 ) ) ;
#6447 = CARTESIAN_POINT ( 'NONE',  ( -14.56629571858855066, 0.000000000000000000, -5.771649918295017834 ) ) ;
#6448 = PRESENTATION_LAYER_ASSIGNMENT (  '', '', ( #2826 ) ) ;
#6449 = FILL_AREA_STYLE ('',( #5839 ) ) ;
#6450 = CARTESIAN_POINT ( 'NONE',  ( -14.11377271093285302, 0.000000000000000000, -6.501422667547597456 ) ) ;
#6451 = ORIENTED_EDGE ( 'NONE', *, *, #95, .F. ) ;
#6452 = SURFACE_SIDE_STYLE ('',( #7057 ) ) ;
#6453 = CARTESIAN_POINT ( 'NONE',  ( 14.34935890738505293, 0.000000000000000000, -6.008573445880973196 ) ) ;
#6454 = ORIENTED_EDGE ( 'NONE', *, *, #1795, .T. ) ;
#6455 = ORIENTED_EDGE ( 'NONE', *, *, #5226, .T. ) ;
#6456 = CARTESIAN_POINT ( 'NONE',  ( 15.90009133421097687, -0.005232533442019779435, 9.850137025664047030 ) ) ;
#6457 =( NAMED_UNIT ( * ) PLANE_ANGLE_UNIT ( ) SI_UNIT ( $, .RADIAN. ) );
#6458 = EDGE_CURVE ( 'NONE', #7365, #683, #6718, .T. ) ;
#6459 = CARTESIAN_POINT ( 'NONE',  ( 14.48489571495687400, 0.000000000000000000, -5.871170914351612424 ) ) ;
#6460 = FILL_AREA_STYLE ('',( #5287 ) ) ;
#6461 = DIRECTION ( 'NONE',  ( -1.000000000000000000, 0.000000000000000000, 1.174997428309413820E-16 ) ) ;
#6462 = CARTESIAN_POINT ( 'NONE',  ( 3.780000000000003801, 0.02000000000000000042, -7.860000000000078479 ) ) ;
#6463 = ORIENTED_EDGE ( 'NONE', *, *, #3527, .F. ) ;
#6464 = EDGE_LOOP ( 'NONE', ( #8, #949 ) ) ;
#6465 = CARTESIAN_POINT ( 'NONE',  ( 12.95980074144202199, 0.000000000000000000, 6.185927570198503034 ) ) ;
#6466 = FACE_OUTER_BOUND ( 'NONE', #692, .T. ) ;
#6467 = DIRECTION ( 'NONE',  ( -0.9998476951563913806, 0.01745240643728352553, 0.000000000000000000 ) ) ;
#6468 = CARTESIAN_POINT ( 'NONE',  ( -13.96792049710670724, 0.02000000000000000042, -5.812657790116267265 ) ) ;
#6469 = CARTESIAN_POINT ( 'NONE',  ( -13.72802492801525531, 0.02000000000000000042, -5.783455385059608211 ) ) ;
#6470 = ORIENTED_EDGE ( 'NONE', *, *, #2391, .T. ) ;
#6471 = CARTESIAN_POINT ( 'NONE',  ( 13.97457722882667497, 2.710505431213759852E-17, -5.322801644473612370 ) ) ;
#6472 = SURFACE_STYLE_FILL_AREA ( #713 ) ;
#6473 = DIRECTION ( 'NONE',  ( 1.174997428309413820E-16, 0.000000000000000000, 1.000000000000000000 ) ) ;
#6474 = AXIS2_PLACEMENT_3D ( 'NONE', #1240, #5351, #79 ) ;
#6475 = CARTESIAN_POINT ( 'NONE',  ( 14.42444271225915919, 1.355252715606880080E-17, -5.558423434741592395 ) ) ;
#6476 = CARTESIAN_POINT ( 'NONE',  ( -6.380000000000005222, 0.02000000000000000042, -7.360000000000161080 ) ) ;
#6477 = CARTESIAN_POINT ( 'NONE',  ( -14.14613308756230481, 0.02000000000000000042, -6.539246881436707959 ) ) ;
#6478 =( LENGTH_UNIT ( ) NAMED_UNIT ( * ) SI_UNIT ( .MILLI., .METRE. ) );
#6479 = ADVANCED_FACE ( 'NONE', ( #6688 ), #1483, .T. ) ;
#6480 = DIRECTION ( 'NONE',  ( 0.000000000000000000, -1.000000000000000000, -0.000000000000000000 ) ) ;
#6481 = ORIENTED_EDGE ( 'NONE', *, *, #5336, .T. ) ;
#6482 = AXIS2_PLACEMENT_3D ( 'NONE', #855, #4915, #6112 ) ;
#6483 = DIRECTION ( 'NONE',  ( 1.174997428309413820E-16, 0.000000000000000000, 1.000000000000000000 ) ) ;
#6484 = ADVANCED_FACE ( 'NONE', ( #922 ), #3247, .T. ) ;
#6485 = EDGE_CURVE ( 'NONE', #3837, #3877, #7455, .T. ) ;
#6486 = CARTESIAN_POINT ( 'NONE',  ( -14.31814254702465483, 1.355252715606880080E-17, 6.654127248287011298 ) ) ;
#6487 = PRESENTATION_STYLE_ASSIGNMENT (( #5353 ) ) ;
#6488 = CARTESIAN_POINT ( 'NONE',  ( 14.43479870733505166, 0.000000000000000000, -6.341871534461972715 ) ) ;
#6489 = ORIENTED_EDGE ( 'NONE', *, *, #3097, .F. ) ;
#6490 = CARTESIAN_POINT ( 'NONE',  ( 14.66349032485870119, 0.02000000000000000042, -5.603954610892080801 ) ) ;
#6491 = VERTEX_POINT ( 'NONE', #5588 ) ;
#6492 = ORIENTED_EDGE ( 'NONE', *, *, #3757, .T. ) ;
#6493 = CARTESIAN_POINT ( 'NONE',  ( 13.32327714750457659, 0.02000000000000000042, -5.184021841450362267 ) ) ;
#6494 = AXIS2_PLACEMENT_3D ( 'NONE', #3717, #4925, #6019 ) ;
#6495 = CARTESIAN_POINT ( 'NONE',  ( 14.23103135947079778, 0.000000000000000000, 6.807828326071427405 ) ) ;
#6496 = DIRECTION ( 'NONE',  ( 0.000000000000000000, 0.000000000000000000, -1.000000000000000000 ) ) ;
#6497 = B_SPLINE_CURVE_WITH_KNOTS ( 'NONE', 3,
 ( #2580, #4321, #7202, #6632, #6062, #3913, #3942, #2195, #5725, #6371, #6297, #1090, #3493, #1, #607 ),
 .UNSPECIFIED., .F., .F.,
 ( 4, 1, 1, 1, 1, 1, 1, 1, 1, 1, 1, 1, 4 ),
 ( 0.000000000000000000, 0.1002236266426694000, 0.2001749505460100054, 0.2998639334848805515, 0.4008683731365180192, 0.4545499337922380145, 0.5143828091139079906, 0.5800153043773640382, 0.6515740227081510128, 0.7295439188579119216, 0.8133326772065809784, 0.9035606845620299810, 1.000000000000000000 ),
 .UNSPECIFIED. ) ;
#6498 = DIRECTION ( 'NONE',  ( 0.000000000000000000, -1.000000000000000000, -0.000000000000000000 ) ) ;
#6499 = CARTESIAN_POINT ( 'NONE',  ( -14.57364102055415600, 0.000000000000000000, 10.06214541707273114 ) ) ;
#6500 = ORIENTED_EDGE ( 'NONE', *, *, #1249, .F. ) ;
#6501 = ORIENTED_EDGE ( 'NONE', *, *, #5046, .F. ) ;
#6502 = CARTESIAN_POINT ( 'NONE',  ( 14.21218818323171718, 0.02000000000000000042, -6.727381584164942474 ) ) ;
#6503 = VECTOR ( 'NONE', #4692, 1000.000000000000000 ) ;
#6504 =( LENGTH_UNIT ( ) NAMED_UNIT ( * ) SI_UNIT ( .MILLI., .METRE. ) );
#6505 = CARTESIAN_POINT ( 'NONE',  ( 14.27538595210620009, 0.02000000000000000042, -5.413063746327371639 ) ) ;
#6506 = LINE ( 'NONE', #2419, #3601 ) ;
#6507 = CARTESIAN_POINT ( 'NONE',  ( 14.18706633563827069, 0.000000000000000000, 5.569777616164652834 ) ) ;
#6508 = ORIENTED_EDGE ( 'NONE', *, *, #3532, .T. ) ;
#6509 = CARTESIAN_POINT ( 'NONE',  ( -3.840000000000004743, 0.000000000000000000, -7.610000000000121112 ) ) ;
#6510 = DIRECTION ( 'NONE',  ( 0.000000000000000000, -1.000000000000000000, -0.000000000000000000 ) ) ;
#6511 = CARTESIAN_POINT ( 'NONE',  ( -14.42397203356450319, 0.02000000000000000042, 6.338217625344515938 ) ) ;
#6512 = AXIS2_PLACEMENT_3D ( 'NONE', #6181, #2818, #3992 ) ;
#6513 = CIRCLE ( 'NONE', #5663, 0.2500000000000002220 ) ;
#6514 = LINE ( 'NONE', #1312, #4921 ) ;
#6515 = CARTESIAN_POINT ( 'NONE',  ( -14.09329922471650498, 0.02000000000000000042, -6.478397827339078319 ) ) ;
#6516 = CARTESIAN_POINT ( 'NONE',  ( 14.41088559597720753, 0.000000000000000000, -6.714856523472812810 ) ) ;
#6517 = CARTESIAN_POINT ( 'NONE',  ( 14.44359259089570635, 1.355252715606880080E-17, -6.183397245227402195 ) ) ;
#6518 = ORIENTED_EDGE ( 'NONE', *, *, #3573, .F. ) ;
#6519 =( GEOMETRIC_REPRESENTATION_CONTEXT ( 3 ) GLOBAL_UNCERTAINTY_ASSIGNED_CONTEXT ( ( #69 ) ) GLOBAL_UNIT_ASSIGNED_CONTEXT ( ( #769, #730, #2316 ) ) REPRESENTATION_CONTEXT ( 'NONE', 'WORKASPACE' ) );
#6520 = CARTESIAN_POINT ( 'NONE',  ( -8.920000000000054996, -4.100000000000000533, 7.359999999999840448 ) ) ;
#6521 = CARTESIAN_POINT ( 'NONE',  ( -13.96986770900135255, 0.000000000000000000, -5.860415054652497346 ) ) ;
#6522 = CARTESIAN_POINT ( 'NONE',  ( -14.32815220875445306, 1.355252715606880080E-17, -5.829230950461168348 ) ) ;
#6523 = CARTESIAN_POINT ( 'NONE',  ( 13.94356295647481758, 0.02000000000000000042, -6.525052200873911801 ) ) ;
#6524 = AXIS2_PLACEMENT_3D ( 'NONE', #1156, #5110, #7428 ) ;
#6525 = VERTEX_POINT ( 'NONE', #7219 ) ;
#6526 = CYLINDRICAL_SURFACE ( 'NONE', #1954, 0.2499999999999993616 ) ;
#6527 = ORIENTED_EDGE ( 'NONE', *, *, #5548, .T. ) ;
#6528 = VERTEX_POINT ( 'NONE', #2015 ) ;
#6529 = CARTESIAN_POINT ( 'NONE',  ( -14.11377271093285302, 6.776263578034400401E-18, -6.501422667547597456 ) ) ;
#6530 = EDGE_CURVE ( 'NONE', #3396, #5649, #1626, .T. ) ;
#6531 = CARTESIAN_POINT ( 'NONE',  ( 13.84393736701444411, 0.000000000000000000, 6.533847583029323225 ) ) ;
#6532 = CARTESIAN_POINT ( 'NONE',  ( 13.47524340778721985, 0.000000000000000000, 5.267133358877227778 ) ) ;
#6533 = CARTESIAN_POINT ( 'NONE',  ( 13.28412334279778406, 0.000000000000000000, -6.713900482833050631 ) ) ;
#6534 = CARTESIAN_POINT ( 'NONE',  ( 15.42714915879748006, 9.900000000000000355, 9.677149158797467621 ) ) ;
#6535 = EDGE_LOOP ( 'NONE', ( #5444, #6455 ) ) ;
#6536 = ORIENTED_EDGE ( 'NONE', *, *, #368, .T. ) ;
#6537 = DIRECTION ( 'NONE',  ( 1.000000000000000000, 0.000000000000000000, -1.174997428309413820E-16 ) ) ;
#6538 = EDGE_CURVE ( 'NONE', #2282, #7253, #4523, .T. ) ;
#6539 = SURFACE_STYLE_USAGE ( .BOTH. , #6608 ) ;
#6540 = EDGE_CURVE ( 'NONE', #4577, #6528, #3025, .T. ) ;
#6541 = LINE ( 'NONE', #1338, #1041 ) ;
#6542 = CARTESIAN_POINT ( 'NONE',  ( 6.320000000000002949, 1.000000000000000000, -7.860000000000061604 ) ) ;
#6543 = CARTESIAN_POINT ( 'NONE',  ( -13.72776602267490453, 0.02000000000000000042, -5.797335434325698422 ) ) ;
#6544 = ORIENTED_EDGE ( 'NONE', *, *, #3853, .T. ) ;
#6545 = CARTESIAN_POINT ( 'NONE',  ( 14.37619253415495635, 0.02000000000000000042, -6.455202587285661764 ) ) ;
#6546 = CARTESIAN_POINT ( 'NONE',  ( -13.75355849716300227, 0.02000000000000000042, -5.982209301317019445 ) ) ;
#6547 = CIRCLE ( 'NONE', #3288, 0.2499999999999993616 ) ;
#6548 = PLANE ( 'NONE',  #3336 ) ;
#6549 = CARTESIAN_POINT ( 'NONE',  ( -14.58831955605555564, 0.02000000000000000042, -6.909926085404358709 ) ) ;
#6550 = DIRECTION ( 'NONE',  ( 0.000000000000000000, -1.000000000000000000, -0.000000000000000000 ) ) ;
#6551 = CARTESIAN_POINT ( 'NONE',  ( 14.31305909728875569, 0.02000000000000000042, 5.725019839120597531 ) ) ;
#6552 = EDGE_CURVE ( 'NONE', #4148, #5852, #3403, .T. ) ;
#6553 = MECHANICAL_DESIGN_GEOMETRIC_PRESENTATION_REPRESENTATION (  '', ( #5704 ), #4012 ) ;
#6554 = CARTESIAN_POINT ( 'NONE',  ( 14.51876505809151929, 0.000000000000000000, -6.655670105257762259 ) ) ;
#6555 = DIRECTION ( 'NONE',  ( 0.000000000000000000, 0.000000000000000000, -1.000000000000000000 ) ) ;
#6556 = ORIENTED_EDGE ( 'NONE', *, *, #1056, .T. ) ;
#6557 = CARTESIAN_POINT ( 'NONE',  ( -14.06461226294865519, 0.02000000000000000042, 6.967516987607896617 ) ) ;
#6558 = CARTESIAN_POINT ( 'NONE',  ( -14.32815220875445306, 0.02000000000000000042, -5.829230950461168348 ) ) ;
#6559 = CARTESIAN_POINT ( 'NONE',  ( 14.69780816437837068, 1.355252715606880080E-17, -6.342899462098562147 ) ) ;
#6560 = CARTESIAN_POINT ( 'NONE',  ( -11.46000000000005592, -4.100000000000000533, 7.859999999999821796 ) ) ;
#6561 = AXIS2_PLACEMENT_3D ( 'NONE', #5794, #1604, #5718 ) ;
#6562 = DIRECTION ( 'NONE',  ( 0.000000000000000000, 0.000000000000000000, -1.000000000000000000 ) ) ;
#6563 = ORIENTED_EDGE ( 'NONE', *, *, #1941, .T. ) ;
#6564 = AXIS2_PLACEMENT_3D ( 'NONE', #968, #824, #861 ) ;
#6565 = ORIENTED_EDGE ( 'NONE', *, *, #7270, .F. ) ;
#6566 = CARTESIAN_POINT ( 'NONE',  ( 14.20164406456264672, 0.02000000000000000042, 6.807248725769498243 ) ) ;
#6567 = AXIS2_PLACEMENT_3D ( 'NONE', #5312, #722, #5423 ) ;
#6568 = COLOUR_RGB ( '',0.2509803921568627416, 0.2509803921568627416, 0.2509803921568627416 ) ;
#6569 = EDGE_CURVE ( 'NONE', #5732, #4488, #2242, .T. ) ;
#6570 = CARTESIAN_POINT ( 'NONE',  ( 14.24387751639817346, 0.02000000000000000042, -5.414774330569292360 ) ) ;
#6571 = CARTESIAN_POINT ( 'NONE',  ( -14.00000000000000711, 0.000000000000000000, -7.610000000000199272 ) ) ;
#6572 = VERTEX_POINT ( 'NONE', #6235 ) ;
#6573 = VERTEX_POINT ( 'NONE', #4563 ) ;
#6574 = FACE_OUTER_BOUND ( 'NONE', #2523, .T. ) ;
#6575 = EDGE_CURVE ( 'NONE', #3279, #383, #5184, .T. ) ;
#6576 = CYLINDRICAL_SURFACE ( 'NONE', #4801, 0.2999999999999996003 ) ;
#6577 = CARTESIAN_POINT ( 'NONE',  ( 14.29626214590372690, 1.355252715606880080E-17, -6.492915423375080763 ) ) ;
#6578 = CARTESIAN_POINT ( 'NONE',  ( -13.72776602267490453, 0.02000000000000000042, -6.909926085404358709 ) ) ;
#6579 = CARTESIAN_POINT ( 'NONE',  ( 14.42485709634891933, 0.000000000000000000, -5.570039717896082543 ) ) ;
#6580 = ORIENTED_EDGE ( 'NONE', *, *, #4515, .T. ) ;
#6581 = CARTESIAN_POINT ( 'NONE',  ( -13.05608397699840673, 0.000000000000000000, -5.368934874466847695 ) ) ;
#6582 = CARTESIAN_POINT ( 'NONE',  ( -13.98716776791250460, 0.02000000000000000042, -6.359057999687237839 ) ) ;
#6583 = DIRECTION ( 'NONE',  ( 0.000000000000000000, -1.000000000000000000, -0.000000000000000000 ) ) ;
#6584 = FACE_OUTER_BOUND ( 'NONE', #6864, .T. ) ;
#6585 = CARTESIAN_POINT ( 'NONE',  ( 14.16484899910689776, 0.02000000000000000042, 6.555703306810642950 ) ) ;
#6586 = DIRECTION ( 'NONE',  ( 1.000000000000000000, -7.228014483236700500E-16, -1.301162890416388049E-16 ) ) ;
#6587 = DIRECTION ( 'NONE',  ( 0.000000000000000000, -1.000000000000000000, -0.000000000000000000 ) ) ;
#6588 = CARTESIAN_POINT ( 'NONE',  ( -15.90000000000001457, 0.000000000000000000, 8.692158085132710710 ) ) ;
#6589 = ORIENTED_EDGE ( 'NONE', *, *, #6225, .F. ) ;
#6590 = CARTESIAN_POINT ( 'NONE',  ( 14.52621315999520313, 1.355252715606880080E-17, 6.709324084604742389 ) ) ;
#6591 = VECTOR ( 'NONE', #6473, 1000.000000000000000 ) ;
#6592 = CARTESIAN_POINT ( 'NONE',  ( -14.10184916938185395, 0.02000000000000000042, 6.882200037333486620 ) ) ;
#6593 = FACE_OUTER_BOUND ( 'NONE', #7355, .T. ) ;
#6594 = CARTESIAN_POINT ( 'NONE',  ( 14.21218818323171718, 1.355252715606880080E-17, -6.727381584164942474 ) ) ;
#6595 = FILL_AREA_STYLE_COLOUR ( '', #4222 ) ;
#6596 = CARTESIAN_POINT ( 'NONE',  ( 14.44359259089570635, 0.000000000000000000, -6.183397245227402195 ) ) ;
#6597 = ORIENTED_EDGE ( 'NONE', *, *, #4636, .T. ) ;
#6598 = EDGE_LOOP ( 'NONE', ( #2318, #5574, #3102, #6589, #4854, #3627, #4198, #2548, #6640, #4250, #6565, #2749, #5333, #2397, #7275, #5128, #4176 ) ) ;
#6599 = VECTOR ( 'NONE', #2082, 1000.000000000000000 ) ;
#6600 = CARTESIAN_POINT ( 'NONE',  ( -14.11377271093285302, 0.02000000000000000042, -6.501422667547597456 ) ) ;
#6601 = FACE_OUTER_BOUND ( 'NONE', #4340, .T. ) ;
#6602 = FACE_BOUND ( 'NONE', #5076, .T. ) ;
#6603 = CARTESIAN_POINT ( 'NONE',  ( -13.86361159322360592, 0.02000000000000000042, 5.437638346225195818 ) ) ;
#6604 = DIRECTION ( 'NONE',  ( 1.000000000000000000, 0.000000000000000000, -1.174997428309413820E-16 ) ) ;
#6605 = VERTEX_POINT ( 'NONE', #2210 ) ;
#6606 = ORIENTED_EDGE ( 'NONE', *, *, #6243, .F. ) ;
#6607 = CARTESIAN_POINT ( 'NONE',  ( 11.39999999999995595, -4.100000000000000533, 7.609999999999978115 ) ) ;
#6608 = SURFACE_SIDE_STYLE ('',( #3069 ) ) ;
#6609 = CARTESIAN_POINT ( 'NONE',  ( -13.60768878545895610, 0.02000000000000000042, -6.589720119495258821 ) ) ;
#6610 = PRESENTATION_LAYER_ASSIGNMENT (  '', '', ( #561 ) ) ;
#6611 = CARTESIAN_POINT ( 'NONE',  ( -13.83068507748875220, 0.000000000000000000, -6.154851603172788010 ) ) ;
#6612 = PRESENTATION_LAYER_ASSIGNMENT (  '', '', ( #5894 ) ) ;
#6613 = ORIENTED_EDGE ( 'NONE', *, *, #4534, .F. ) ;
#6614 = CARTESIAN_POINT ( 'NONE',  ( 11.39999999999995595, 1.000000000000000000, 7.609999999999978115 ) ) ;
#6615 = AXIS2_PLACEMENT_3D ( 'NONE', #3889, #4562, #7414 ) ;
#6616 = CARTESIAN_POINT ( 'NONE',  ( -14.31312070209260590, 0.000000000000000000, -5.734213565625140063 ) ) ;
#6617 = CARTESIAN_POINT ( 'NONE',  ( 14.29046970503539171, 1.355252715606880080E-17, 5.698661616942497510 ) ) ;
#6618 = VECTOR ( 'NONE', #668, 1000.000000000000114 ) ;
#6619 = DIRECTION ( 'NONE',  ( 0.000000000000000000, 0.000000000000000000, -1.000000000000000000 ) ) ;
#6620 = CARTESIAN_POINT ( 'NONE',  ( 13.22583559028689493, 0.000000000000000000, -5.357316332562480632 ) ) ;
#6621 = B_SPLINE_CURVE_WITH_KNOTS ( 'NONE', 3,
 ( #4917, #4452, #4413, #5028, #3211, #3852, #2717, #819, #856, #6611, #2635, #3290, #5514, #328, #400, #6723, #7340, #891, #362 ),
 .UNSPECIFIED., .F., .F.,
 ( 4, 1, 1, 1, 1, 1, 1, 1, 1, 1, 1, 1, 1, 1, 1, 1, 4 ),
 ( 0.000000000000000000, 0.06953552338552969336, 0.1380491094433504151, 0.2067556592868239895, 0.2751841688940784847, 0.3446084122002539551, 0.4162313271679294879, 0.4899227518536929948, 0.5661907044333730488, 0.6069271943486349574, 0.6516091837135840059, 0.6996604758182459749, 0.7518555105046909048, 0.8081376385094920511, 0.8682453807129199008, 0.9321950013282039871, 1.000000000000000000 ),
 .UNSPECIFIED. ) ;
#6622 = CARTESIAN_POINT ( 'NONE',  ( -12.84719961642490560, 0.02000000000000000042, -6.589720119495258821 ) ) ;
#6623 = CARTESIAN_POINT ( 'NONE',  ( 14.44359259089570635, 0.02000000000000000042, -6.183397245227402195 ) ) ;
#6624 = EDGE_LOOP ( 'NONE', ( #6737, #3501, #2814, #4368 ) ) ;
#6625 = CARTESIAN_POINT ( 'NONE',  ( 6.320000000000002949, -4.100000000000000533, -7.610000000000060716 ) ) ;
#6626 = VECTOR ( 'NONE', #7221, 1000.000000000000000 ) ;
#6627 = AXIS2_PLACEMENT_3D ( 'NONE', #2258, #1640, #6291 ) ;
#6628 = CARTESIAN_POINT ( 'NONE',  ( 14.33231409882431073, 0.02000000000000000042, 6.135535085960972523 ) ) ;
#6629 = CARTESIAN_POINT ( 'NONE',  ( -6.380000000000054072, 0.02000000000000000042, 7.609999999999855547 ) ) ;
#6630 = EDGE_CURVE ( 'NONE', #1335, #4589, #3469, .T. ) ;
#6631 = AXIS2_PLACEMENT_3D ( 'NONE', #278, #352, #6001 ) ;
#6632 = CARTESIAN_POINT ( 'NONE',  ( 13.82283645370883995, 0.000000000000000000, 5.419048918980007734 ) ) ;
#6633 = EDGE_LOOP ( 'NONE', ( #3101, #5667 ) ) ;
#6634 = LINE ( 'NONE', #910, #4932 ) ;
#6635 = CARTESIAN_POINT ( 'NONE',  ( -14.05145483092755576, 0.000000000000000000, -6.041524358320597088 ) ) ;
#6636 = CARTESIAN_POINT ( 'NONE',  ( 14.23103135947079778, 0.02000000000000000042, 6.807828326071427405 ) ) ;
#6637 = PRESENTATION_LAYER_ASSIGNMENT (  '', '', ( #2414 ) ) ;
#6638 = CARTESIAN_POINT ( 'NONE',  ( -13.96792049710670724, 1.355252715606880080E-17, -5.812657790116267265 ) ) ;
#6639 = FACE_BOUND ( 'NONE', #2850, .T. ) ;
#6640 = ORIENTED_EDGE ( 'NONE', *, *, #4281, .F. ) ;
#6641 = EDGE_CURVE ( 'NONE', #2987, #469, #1277, .T. ) ;
#6642 = EDGE_LOOP ( 'NONE', ( #1939, #1961, #4215, #3894 ) ) ;
#6643 = COLOUR_RGB ( '',1.000000000000000000, 0.7725490196078431682, 0.000000000000000000 ) ;
#6644 = ORIENTED_EDGE ( 'NONE', *, *, #2384, .T. ) ;
#6645 = EDGE_CURVE ( 'NONE', #4034, #3076, #4184, .T. ) ;
#6646 = PLANE ( 'NONE',  #2443 ) ;
#6647 = CYLINDRICAL_SURFACE ( 'NONE', #1157, 0.2500000000000002220 ) ;
#6648 = CARTESIAN_POINT ( 'NONE',  ( 14.37619253415495635, 1.355252715606880080E-17, -6.455202587285661764 ) ) ;
#6649 = LINE ( 'NONE', #2050, #5271 ) ;
#6650 =( LENGTH_UNIT ( ) NAMED_UNIT ( * ) SI_UNIT ( .MILLI., .METRE. ) );
#6651 = VERTEX_POINT ( 'NONE', #5849 ) ;
#6652 = CARTESIAN_POINT ( 'NONE',  ( 14.31795174937210824, 0.02000000000000000042, -6.491232380535731927 ) ) ;
#6653 = FACE_OUTER_BOUND ( 'NONE', #6846, .T. ) ;
#6654 = CARTESIAN_POINT ( 'NONE',  ( 14.16474941836294832, 0.02000000000000000042, 5.527300706178363221 ) ) ;
#6655 = EDGE_CURVE ( 'NONE', #6348, #3198, #1144, .T. ) ;
#6656 = CARTESIAN_POINT ( 'NONE',  ( -14.24149213327485342, 0.000000000000000000, -6.264872906185806833 ) ) ;
#6657 = CARTESIAN_POINT ( 'NONE',  ( -14.48527530561185195, 0.02000000000000000042, -5.528789271373059755 ) ) ;
#6658 = ADVANCED_FACE ( 'NONE', ( #135 ), #738, .T. ) ;
#6659 = ORIENTED_EDGE ( 'NONE', *, *, #4345, .T. ) ;
#6660 = CARTESIAN_POINT ( 'NONE',  ( 14.21363960868039555, 0.02000000000000000042, -5.424700906433841396 ) ) ;
#6661 = CYLINDRICAL_SURFACE ( 'NONE', #1585, 0.2499999999999993616 ) ;
#6662 = ORIENTED_EDGE ( 'NONE', *, *, #941, .T. ) ;
#6663 = CARTESIAN_POINT ( 'NONE',  ( 14.31183444390651083, 0.000000000000000000, 6.556493907527443099 ) ) ;
#6664 = DIRECTION ( 'NONE',  ( 0.000000000000000000, -1.000000000000000000, -0.000000000000000000 ) ) ;
#6665 = CARTESIAN_POINT ( 'NONE',  ( 14.17176971121236129, 0.02000000000000000042, 5.945141396910243792 ) ) ;
#6666 = EDGE_CURVE ( 'NONE', #3954, #2441, #1820, .T. ) ;
#6667 = CARTESIAN_POINT ( 'NONE',  ( -14.57354300101625633, 0.01355710212323179946, 10.06190877697492958 ) ) ;
#6668 = CIRCLE ( 'NONE', #5347, 0.2500000000000002220 ) ;
#6669 =( NAMED_UNIT ( * ) SI_UNIT ( $, .STERADIAN. ) SOLID_ANGLE_UNIT ( ) );
#6670 = VERTEX_POINT ( 'NONE', #1855 ) ;
#6671 = CARTESIAN_POINT ( 'NONE',  ( -13.60768878545895610, 0.000000000000000000, -6.330490875609867452 ) ) ;
#6672 = CARTESIAN_POINT ( 'NONE',  ( -14.00000000000000711, 0.000000000000000000, -7.610000000000199272 ) ) ;
#6673 = CARTESIAN_POINT ( 'NONE',  ( 13.94000000000000661, 0.000000000000000000, -7.860000000000002096 ) ) ;
#6674 = DIRECTION ( 'NONE',  ( 0.000000000000000000, -1.000000000000000000, -0.000000000000000000 ) ) ;
#6675 = FACE_BOUND ( 'NONE', #475, .T. ) ;
#6676 = CARTESIAN_POINT ( 'NONE',  ( 14.41390122075054236, 0.02000000000000000042, 6.316644389629077594 ) ) ;
#6677 = VERTEX_POINT ( 'NONE', #3029 ) ;
#6678 = ORIENTED_EDGE ( 'NONE', *, *, #1795, .F. ) ;
#6679 = B_SPLINE_CURVE_WITH_KNOTS ( 'NONE', 3,
 ( #4653, #2415, #2912, #5217, #4729, #6426, #7031, #589, #2367, #4610, #4159, #2873, #4045, #2291, #515, #6356, #3478, #20, #5785 ),
 .UNSPECIFIED., .F., .F.,
 ( 4, 1, 1, 1, 1, 1, 1, 1, 1, 1, 1, 1, 1, 1, 1, 1, 4 ),
 ( 0.000000000000000000, 0.07411266103589370102, 0.1436507190320160110, 0.2100516928803514982, 0.2733649034018880153, 0.3349952740509110072, 0.3954468596327579966, 0.4559474902146560260, 0.5173725358256869855, 0.5790599188556799781, 0.6394314938812990512, 0.6987549640328690748, 0.7576826860457229751, 0.8173053891001100801, 0.8771506171663179252, 0.9376149219385280231, 1.000000000000000000 ),
 .UNSPECIFIED. ) ;
#6680 = ORIENTED_EDGE ( 'NONE', *, *, #6552, .F. ) ;
#6681 = SURFACE_STYLE_FILL_AREA ( #3670 ) ;
#6682 = AXIS2_PLACEMENT_3D ( 'NONE', #4177, #4216, #4753 ) ;
#6683 = CIRCLE ( 'NONE', #5965, 0.2500000000000002220 ) ;
#6684 = SURFACE_STYLE_FILL_AREA ( #2630 ) ;
#6685 = STYLED_ITEM ( 'NONE', ( #3356 ), #736 ) ;
#6686 = FACE_OUTER_BOUND ( 'NONE', #3240, .T. ) ;
#6687 =( NAMED_UNIT ( * ) PLANE_ANGLE_UNIT ( ) SI_UNIT ( $, .RADIAN. ) );
#6688 = FACE_OUTER_BOUND ( 'NONE', #1286, .T. ) ;
#6689 = CARTESIAN_POINT ( 'NONE',  ( 14.68130741563562225, 1.355252715606880080E-17, -6.077785870231822152 ) ) ;
#6690 = LINE ( 'NONE', #6762, #6626 ) ;
#6691 = AXIS2_PLACEMENT_3D ( 'NONE', #1629, #2418, #1226 ) ;
#6692 = VERTEX_POINT ( 'NONE', #6532 ) ;
#6693 = DIRECTION ( 'NONE',  ( 0.000000000000000000, -1.000000000000000000, -0.000000000000000000 ) ) ;
#6694 = CARTESIAN_POINT ( 'NONE',  ( 14.22679218829629910, 1.355252715606880080E-17, -6.480522831572431919 ) ) ;
#6695 = CYLINDRICAL_SURFACE ( 'NONE', #514, 0.2499999999999993616 ) ;
#6696 = CARTESIAN_POINT ( 'NONE',  ( 12.96391737688869306, 0.000000000000000000, -5.553153856412601286 ) ) ;
#6697 = VERTEX_POINT ( 'NONE', #1330 ) ;
#6698 = DIRECTION ( 'NONE',  ( 0.000000000000000000, -1.000000000000000000, -0.000000000000000000 ) ) ;
#6699 = CARTESIAN_POINT ( 'NONE',  ( -14.03589689348920366, 0.02000000000000000042, -6.020072398927027280 ) ) ;
#6700 = ORIENTED_EDGE ( 'NONE', *, *, #1932, .T. ) ;
#6701 = CARTESIAN_POINT ( 'NONE',  ( 15.90000000000000746, 0.000000000000000000, -10.15000000000000213 ) ) ;
#6702 = DIRECTION ( 'NONE',  ( 0.000000000000000000, -1.000000000000000000, -0.000000000000000000 ) ) ;
#6703 = FACE_OUTER_BOUND ( 'NONE', #848, .T. ) ;
#6704 = CARTESIAN_POINT ( 'NONE',  ( 14.41424744540326053, 0.02000000000000000042, 6.410077638335497596 ) ) ;
#6705 = EDGE_CURVE ( 'NONE', #5774, #3788, #3665, .T. ) ;
#6706 = CARTESIAN_POINT ( 'NONE',  ( -15.72710346734440634, 9.905235721931179071, -9.971958337732178990 ) ) ;
#6707 = CARTESIAN_POINT ( 'NONE',  ( 11.39999999999995595, 0.000000000000000000, 7.609999999999978115 ) ) ;
#6708 = ORIENTED_EDGE ( 'NONE', *, *, #7106, .T. ) ;
#6709 = EDGE_CURVE ( 'NONE', #3688, #2281, #1475, .T. ) ;
#6710 = CARTESIAN_POINT ( 'NONE',  ( -15.42714915879745341, 9.900000000000000355, -9.677149158797478279 ) ) ;
#6711 = PLANE ( 'NONE',  #7273 ) ;
#6712 = DIRECTION ( 'NONE',  ( -1.000000000000000000, 0.000000000000000000, 1.174997428309413820E-16 ) ) ;
#6713 = CARTESIAN_POINT ( 'NONE',  ( 15.42714915879748006, 9.905235721931179071, 9.977103467344388577 ) ) ;
#6714 = DIRECTION ( 'NONE',  ( 0.000000000000000000, -1.000000000000000000, -0.000000000000000000 ) ) ;
#6715 =( LENGTH_UNIT ( ) NAMED_UNIT ( * ) SI_UNIT ( .MILLI., .METRE. ) );
#6716 = VERTEX_POINT ( 'NONE', #7286 ) ;
#6717 = CARTESIAN_POINT ( 'NONE',  ( 13.32696339878366665, 0.02000000000000000042, -5.172909271895553829 ) ) ;
#6718 = CIRCLE ( 'NONE', #2489, 0.2500000000000002220 ) ;
#6719 = LINE ( 'NONE', #6149, #2124 ) ;
#6720 = FACE_OUTER_BOUND ( 'NONE', #6286, .T. ) ;
#6721 = FILL_AREA_STYLE_COLOUR ( '', #2736 ) ;
#6722 = STYLED_ITEM ( 'NONE', ( #4240 ), #5235 ) ;
#6723 = CARTESIAN_POINT ( 'NONE',  ( -13.95870742781595197, 0.000000000000000000, -6.326220736256399135 ) ) ;
#6724 = ORIENTED_EDGE ( 'NONE', *, *, #859, .T. ) ;
#6725 = CARTESIAN_POINT ( 'NONE',  ( 13.26690919010498249, 0.02000000000000000042, 6.774904293652883602 ) ) ;
#6726 = CARTESIAN_POINT ( 'NONE',  ( 14.27539355318209857, 0.02000000000000000042, -6.493131107329651819 ) ) ;
#6727 = CIRCLE ( 'NONE', #5161, 0.2499999999999993616 ) ;
#6728 = CARTESIAN_POINT ( 'NONE',  ( 14.22596687055511566, 0.02000000000000000042, 5.622752314492868386 ) ) ;
#6729 = LINE ( 'NONE', #4997, #4391 ) ;
#6730 = DIRECTION ( 'NONE',  ( 1.000000000000000000, 0.000000000000000000, -1.174997428309413820E-16 ) ) ;
#6731 = CARTESIAN_POINT ( 'NONE',  ( 13.88958226483438985, 0.02000000000000000042, -6.360537521157482388 ) ) ;
#6732 = ORIENTED_EDGE ( 'NONE', *, *, #4348, .T. ) ;
#6733 = CARTESIAN_POINT ( 'NONE',  ( 8.859999999999956799, 0.02000000000000000042, 7.609999999999958575 ) ) ;
#6734 = ADVANCED_FACE ( 'NONE', ( #1366 ), #845, .F. ) ;
#6735 = UNCERTAINTY_MEASURE_WITH_UNIT (LENGTH_MEASURE( 1.000000000000000082E-05 ), #4877, 'distance_accuracy_value', 'NONE');
#6736 = FACE_OUTER_BOUND ( 'NONE', #6642, .T. ) ;
#6737 = ORIENTED_EDGE ( 'NONE', *, *, #2547, .F. ) ;
#6738 = CARTESIAN_POINT ( 'NONE',  ( 14.59814329932657095, 0.02000000000000000042, 6.610932018057162907 ) ) ;
#6739 = MECHANICAL_DESIGN_GEOMETRIC_PRESENTATION_REPRESENTATION (  '', ( #3368 ), #5298 ) ;
#6740 = ADVANCED_FACE ( 'NONE', ( #7173 ), #2586, .F. ) ;
#6741 = CARTESIAN_POINT ( 'NONE',  ( 14.25543367088621061, 0.02000000000000000042, -6.491877931982791949 ) ) ;
#6742 = LINE ( 'NONE', #7360, #6330 ) ;
#6743 = LINE ( 'NONE', #3228, #588 ) ;
#6744 = FILL_AREA_STYLE_COLOUR ( '', #632 ) ;
#6745 = ORIENTED_EDGE ( 'NONE', *, *, #6630, .T. ) ;
#6746 = EDGE_LOOP ( 'NONE', ( #6183, #5750 ) ) ;
#6747 = AXIS2_PLACEMENT_3D ( 'NONE', #6875, #2759, #3962 ) ;
#6748 = EDGE_CURVE ( 'NONE', #1305, #1737, #5471, .T. ) ;
#6749 = CARTESIAN_POINT ( 'NONE',  ( 6.320000000000002949, 0.000000000000000000, -7.610000000000060716 ) ) ;
#6750 = CARTESIAN_POINT ( 'NONE',  ( -3.840000000000053593, 0.000000000000000000, 7.859999999999870646 ) ) ;
#6751 = AXIS2_PLACEMENT_3D ( 'NONE', #6534, #5330, #3667 ) ;
#6752 = CARTESIAN_POINT ( 'NONE',  ( -14.32815220875445306, 0.02000000000000000042, -5.829230950461168348 ) ) ;
#6753 = VECTOR ( 'NONE', #6270, 1000.000000000000000 ) ;
#6754 = ORIENTED_EDGE ( 'NONE', *, *, #4846, .F. ) ;
#6755 = ORIENTED_EDGE ( 'NONE', *, *, #4583, .F. ) ;
#6756 = CARTESIAN_POINT ( 'NONE',  ( 13.26809387855397837, 0.02000000000000000042, -5.299719329583881589 ) ) ;
#6757 = EDGE_CURVE ( 'NONE', #2539, #1444, #5756, .T. ) ;
#6758 = VECTOR ( 'NONE', #2848, 1000.000000000000000 ) ;
#6759 = CARTESIAN_POINT ( 'NONE',  ( 13.16359212463357586, 1.355252715606880080E-17, 6.317553555790273556 ) ) ;
#6760 = DIRECTION ( 'NONE',  ( 0.000000000000000000, 0.000000000000000000, -1.000000000000000000 ) ) ;
#6761 = CARTESIAN_POINT ( 'NONE',  ( 13.26690919010498249, 0.02000000000000000042, 6.774904293652883602 ) ) ;
#6762 = CARTESIAN_POINT ( 'NONE',  ( 12.96391737688869306, 0.02000000000000000042, -5.553153856412601286 ) ) ;
#6763 = ADVANCED_FACE ( 'NONE', ( #4402 ), #6037, .F. ) ;
#6764 = ORIENTED_EDGE ( 'NONE', *, *, #6243, .T. ) ;
#6765 = VECTOR ( 'NONE', #4378, 1000.000000000000000 ) ;
#6766 = CARTESIAN_POINT ( 'NONE',  ( 12.93215358475282706, 1.355252715606880080E-17, 6.435555814411813458 ) ) ;
#6767 = LINE ( 'NONE', #2366, #3508 ) ;
#6768 = CARTESIAN_POINT ( 'NONE',  ( -14.25118698696870467, 0.02000000000000000042, 6.429787022199966451 ) ) ;
#6769 = SURFACE_SIDE_STYLE ('',( #6121 ) ) ;
#6770 = ADVANCED_FACE ( 'NONE', ( #4365, #1975, #3202, #1934, #4255, #6675, #6002, #2625, #3135, #3166, #5440, #6602, #6639, #7251, #3770, #6068, #883, #3805, #6105, #5655, #3843, #5125, #5730, #7406, #1096, #3429, #1578, #2162, #2747, #6139, #5053, #7371 ), #954, .F. ) ;
#6771 = CARTESIAN_POINT ( 'NONE',  ( -14.13771721535730386, 0.02000000000000000042, -5.368934874466847695 ) ) ;
#6772 = CARTESIAN_POINT ( 'NONE',  ( 14.70473373134464801, 0.02000000000000000042, -6.258836804440402801 ) ) ;
#6773 = ORIENTED_EDGE ( 'NONE', *, *, #4609, .F. ) ;
#6774 = CARTESIAN_POINT ( 'NONE',  ( 15.60013702566405946, -0.005232533442019779435, -10.15009133421098220 ) ) ;
#6775 = CARTESIAN_POINT ( 'NONE',  ( -14.45840105868620284, 0.02000000000000000042, -6.537272050013808844 ) ) ;
#6776 = VERTEX_POINT ( 'NONE', #6790 ) ;
#6777 = DIRECTION ( 'NONE',  ( 2.312964634635743213E-14, 1.000000000000000000, 0.000000000000000000 ) ) ;
#6778 = CARTESIAN_POINT ( 'NONE',  ( 13.21262653407595877, 0.02000000000000000042, -5.663480285920002189 ) ) ;
#6779 =( BOUNDED_CURVE ( )  B_SPLINE_CURVE ( 3, ( #3902, #1677, #2145, #3377 ),
 .UNSPECIFIED., .F., .F. ) 
 B_SPLINE_CURVE_WITH_KNOTS ( ( 4, 4 ),
 ( 5.497939437029719656, 7.068431177329470572 ),
 .UNSPECIFIED. ) 
 CURVE ( )  GEOMETRIC_REPRESENTATION_ITEM ( )  RATIONAL_B_SPLINE_CURVE ( ( 1.000000000000000000, 0.8048096403827820211, 0.8048096403827820211, 1.000000000000000000 ) ) 
 REPRESENTATION_ITEM ( '' )  );
#6780 = CARTESIAN_POINT ( 'NONE',  ( 14.15658520145643706, 0.02000000000000000042, -6.405187503340413535 ) ) ;
#6781 = EDGE_CURVE ( 'NONE', #1468, #7234, #2785, .T. ) ;
#6782 = CYLINDRICAL_SURFACE ( 'NONE', #5119, 0.2500000000000002220 ) ;
#6783 = DIRECTION ( 'NONE',  ( 0.000000000000000000, 0.000000000000000000, -1.000000000000000000 ) ) ;
#6784 = DIRECTION ( 'NONE',  ( 1.000000000000000000, 0.000000000000000000, -1.174997428309413820E-16 ) ) ;
#6785 = ORIENTED_EDGE ( 'NONE', *, *, #6655, .T. ) ;
#6786 = CARTESIAN_POINT ( 'NONE',  ( 14.18470262191710241, 0.02000000000000000042, -6.015638840377001806 ) ) ;
#6787 = AXIS2_PLACEMENT_3D ( 'NONE', #4399, #1574, #5499 ) ;
#6788 = DIRECTION ( 'NONE',  ( 0.000000000000000000, -1.000000000000000000, -0.000000000000000000 ) ) ;
#6789 = CARTESIAN_POINT ( 'NONE',  ( 14.35987492883880101, 0.000000000000000000, 6.176468269876868256 ) ) ;
#6790 = CARTESIAN_POINT ( 'NONE',  ( -13.08735409085670476, 0.02000000000000000042, -6.329552772194127819 ) ) ;
#6791 = CARTESIAN_POINT ( 'NONE',  ( 14.13895249898269313, 0.02000000000000000042, -5.196042004833483219 ) ) ;
#6792 = ORIENTED_EDGE ( 'NONE', *, *, #3171, .F. ) ;
#6793 = ORIENTED_EDGE ( 'NONE', *, *, #5166, .T. ) ;
#6794 = CARTESIAN_POINT ( 'NONE',  ( -14.10636327267915213, 0.000000000000000000, -5.610671799169098861 ) ) ;
#6795 = EDGE_CURVE ( 'NONE', #1119, #6692, #3879, .T. ) ;
#6796 = CARTESIAN_POINT ( 'NONE',  ( -3.840000000000053593, 0.02000000000000000042, 7.859999999999870646 ) ) ;
#6797 = PLANE ( 'NONE',  #6615 ) ;
#6798 = DIRECTION ( 'NONE',  ( -1.000000000000000000, 0.000000000000000000, 1.174997428309413820E-16 ) ) ;
#6799 = EDGE_LOOP ( 'NONE', ( #4042, #538, #814, #3410, #7014, #7056, #7255, #2107, #3772, #5377, #6700, #6745, #918 ) ) ;
#6800 = AXIS2_PLACEMENT_3D ( 'NONE', #3937, #3346, #6332 ) ;
#6801 = CARTESIAN_POINT ( 'NONE',  ( 12.96391737688869306, 0.02000000000000000042, -5.813321203713732288 ) ) ;
#6802 = B_SPLINE_CURVE_WITH_KNOTS ( 'NONE', 3,
 ( #1559, #1596, #4492, #2837, #3481, #1078, #5143, #593, #7496, #2915, #1631 ),
 .UNSPECIFIED., .F., .F.,
 ( 4, 1, 1, 1, 1, 1, 1, 1, 4 ),
 ( 0.000000000000000000, 0.1264126829649633854, 0.2480645286968735097, 0.3677857399335054955, 0.4869373622728259687, 0.6077221292347519954, 0.7316345723975909987, 0.8624064927808079428, 1.000000000000000000 ),
 .UNSPECIFIED. ) ;
#6803 = PRESENTATION_LAYER_ASSIGNMENT (  '', '', ( #4759 ) ) ;
#6804 = EDGE_CURVE ( 'NONE', #90, #6396, #6264, .T. ) ;
#6805 = DIRECTION ( 'NONE',  ( 0.000000000000000000, -1.000000000000000000, -0.000000000000000000 ) ) ;
#6806 = DIRECTION ( 'NONE',  ( 0.000000000000000000, -1.000000000000000000, -0.000000000000000000 ) ) ;
#6807 = VECTOR ( 'NONE', #5912, 1000.000000000000000 ) ;
#6808 = STYLED_ITEM ( 'NONE', ( #3716 ), #1187 ) ;
#6809 = CARTESIAN_POINT ( 'NONE',  ( 14.57377322695514543, 0.02000000000000000042, -5.916996375736200520 ) ) ;
#6810 = CARTESIAN_POINT ( 'NONE',  ( 14.26281851468563389, 0.000000000000000000, 6.048859384755512991 ) ) ;
#6811 = ORIENTED_EDGE ( 'NONE', *, *, #5166, .F. ) ;
#6812 = DIRECTION ( 'NONE',  ( -1.000000000000000000, 0.000000000000000000, 1.174997428309413820E-16 ) ) ;
#6813 = CARTESIAN_POINT ( 'NONE',  ( -14.31883494451155592, 1.355252715606880080E-17, -6.353451715364009544 ) ) ;
#6814 = EDGE_LOOP ( 'NONE', ( #2546, #5583, #1011, #4414 ) ) ;
#6815 = DIRECTION ( 'NONE',  ( 0.000000000000000000, -1.000000000000000000, -0.000000000000000000 ) ) ;
#6816 = DIRECTION ( 'NONE',  ( 1.174997428309413820E-16, 0.000000000000000000, 1.000000000000000000 ) ) ;
#6817 = FACE_OUTER_BOUND ( 'NONE', #657, .T. ) ;
#6818 = CARTESIAN_POINT ( 'NONE',  ( -14.42397203356450319, 0.02000000000000000042, 6.338217625344515938 ) ) ;
#6819 = DIRECTION ( 'NONE',  ( -1.000000000000000000, 0.000000000000000000, 1.174997428309413820E-16 ) ) ;
#6820 = ORIENTED_EDGE ( 'NONE', *, *, #4744, .T. ) ;
#6821 = LINE ( 'NONE', #4023, #3930 ) ;
#6822 = DIRECTION ( 'NONE',  ( 0.000000000000000000, -1.000000000000000000, -0.000000000000000000 ) ) ;
#6823 = CARTESIAN_POINT ( 'NONE',  ( 14.41584843264517346, 0.000000000000000000, 6.364401654165313005 ) ) ;
#6824 = FACE_OUTER_BOUND ( 'NONE', #3475, .T. ) ;
#6825 = CARTESIAN_POINT ( 'NONE',  ( 3.780000000000003801, 0.02000000000000000042, -7.610000000000079368 ) ) ;
#6826 = VERTEX_POINT ( 'NONE', #4514 ) ;
#6827 = EDGE_LOOP ( 'NONE', ( #3448, #4463, #6134, #778 ) ) ;
#6828 = ORIENTED_EDGE ( 'NONE', *, *, #2413, .T. ) ;
#6829 = DIRECTION ( 'NONE',  ( 0.000000000000000000, -1.000000000000000000, -0.000000000000000000 ) ) ;
#6830 = LINE ( 'NONE', #3774, #745 ) ;
#6831 = COLOUR_RGB ( '',1.000000000000000000, 0.7725490196078431682, 0.000000000000000000 ) ;
#6832 = SURFACE_SIDE_STYLE ('',( #1666 ) ) ;
#6833 = CARTESIAN_POINT ( 'NONE',  ( 12.96811003370314985, 0.02000000000000000042, 6.451536456724448421 ) ) ;
#6834 = PRESENTATION_STYLE_ASSIGNMENT (( #2797 ) ) ;
#6835 = ORIENTED_EDGE ( 'NONE', *, *, #5930, .T. ) ;
#6836 = COLOUR_RGB ( '',0.2509803921568627416, 0.2509803921568627416, 0.2509803921568627416 ) ;
#6837 = CARTESIAN_POINT ( 'NONE',  ( 14.62504708865772862, 0.02000000000000000042, -5.384993846471292755 ) ) ;
#6838 = FACE_OUTER_BOUND ( 'NONE', #3919, .T. ) ;
#6839 = AXIS2_PLACEMENT_3D ( 'NONE', #3561, #4199, #6361 ) ;
#6840 = CARTESIAN_POINT ( 'NONE',  ( 14.18470262191710241, 0.000000000000000000, -6.015638840377001806 ) ) ;
#6841 = CARTESIAN_POINT ( 'NONE',  ( 14.56186138679349718, 0.000000000000000000, -5.292064800712472206 ) ) ;
#6842 =( NAMED_UNIT ( * ) SI_UNIT ( $, .STERADIAN. ) SOLID_ANGLE_UNIT ( ) );
#6843 = EDGE_LOOP ( 'NONE', ( #4675, #1572, #480 ) ) ;
#6844 = CARTESIAN_POINT ( 'NONE',  ( 13.47524340778721985, 0.02000000000000000042, 6.808124569814728133 ) ) ;
#6845 = CARTESIAN_POINT ( 'NONE',  ( 14.28726859537235683, 0.02000000000000000042, -5.993437059537591871 ) ) ;
#6846 = EDGE_LOOP ( 'NONE', ( #245, #6423 ) ) ;
#6847 = AXIS2_PLACEMENT_3D ( 'NONE', #7381, #1518, #3957 ) ;
#6848 = CARTESIAN_POINT ( 'NONE',  ( -14.00000000000005507, 0.02000000000000000042, 7.859999999999801368 ) ) ;
#6849 = DIRECTION ( 'NONE',  ( -1.174997428309413820E-16, 0.000000000000000000, -1.000000000000000000 ) ) ;
#6850 = CARTESIAN_POINT ( 'NONE',  ( -14.56629571858855066, 0.02000000000000000042, -5.771649918295017834 ) ) ;
#6851 = DIRECTION ( 'NONE',  ( 0.000000000000000000, -1.000000000000000000, -0.000000000000000000 ) ) ;
#6852 = FACE_OUTER_BOUND ( 'NONE', #7425, .T. ) ;
#6853 = VECTOR ( 'NONE', #6393, 1000.000000000000000 ) ;
#6854 = CARTESIAN_POINT ( 'NONE',  ( -14.37905425956880379, 0.02000000000000000042, 6.356432557546476403 ) ) ;
#6855 = FILL_AREA_STYLE ('',( #5120 ) ) ;
#6856 = ORIENTED_EDGE ( 'NONE', *, *, #859, .F. ) ;
#6857 = DIRECTION ( 'NONE',  ( 0.7071067811865531239, 0.000000000000000000, 0.7071067811865419106 ) ) ;
#6858 = CARTESIAN_POINT ( 'NONE',  ( -14.03589689348920366, 1.355252715606880080E-17, -6.020072398927027280 ) ) ;
#6859 = EDGE_CURVE ( 'NONE', #4035, #283, #4551, .T. ) ;
#6860 = DIRECTION ( 'NONE',  ( 0.000000000000000000, -0.01745240643728362268, -0.9998476951563913806 ) ) ;
#6861 = CARTESIAN_POINT ( 'NONE',  ( 14.11027891732911321, 0.02000000000000000042, 5.876380694790782400 ) ) ;
#6862 = VERTEX_POINT ( 'NONE', #6899 ) ;
#6863 = ORIENTED_EDGE ( 'NONE', *, *, #181, .T. ) ;
#6864 = EDGE_LOOP ( 'NONE', ( #3655, #1851, #102, #2742 ) ) ;
#6865 = CARTESIAN_POINT ( 'NONE',  ( -14.13056418414380389, 0.000000000000000000, -5.609627433666537932 ) ) ;
#6866 = DIRECTION ( 'NONE',  ( 0.000000000000000000, -1.000000000000000000, -0.000000000000000000 ) ) ;
#6867 = ADVANCED_FACE ( 'NONE', ( #6824 ), #3277, .T. ) ;
#6868 = DIRECTION ( 'NONE',  ( 0.000000000000000000, -1.000000000000000000, -0.000000000000000000 ) ) ;
#6869 = CARTESIAN_POINT ( 'NONE',  ( 13.07383877794733174, 0.02000000000000000042, 6.523802969735803536 ) ) ;
#6870 =( NAMED_UNIT ( * ) PLANE_ANGLE_UNIT ( ) SI_UNIT ( $, .RADIAN. ) );
#6871 = AXIS2_PLACEMENT_3D ( 'NONE', #1863, #215, #6467 ) ;
#6872 = ORIENTED_EDGE ( 'NONE', *, *, #3621, .F. ) ;
#6873 = VECTOR ( 'NONE', #2043, 1000.000000000000000 ) ;
#6874 = B_SPLINE_SURFACE_WITH_KNOTS ( 'NONE', 3, 1, ( 
 ( #3955, #4559 ),
 ( #1069, #4483 ),
 ( #470, #5701 ),
 ( #4445, #7291 ),
 ( #3922, #6145 ),
 ( #394, #7449 ),
 ( #2791, #5095 ),
 ( #957, #7412 ),
 ( #3282, #2710 ),
 ( #6756, #1549 ),
 ( #5620, #3886 ),
 ( #994, #13 ),
 ( #5886, #1217 ),
 ( #6493, #1740 ),
 ( #7061, #6418 ) ),
 .UNSPECIFIED., .F., .F., .F.,
 ( 4, 1, 1, 1, 1, 1, 1, 1, 1, 1, 1, 1, 4 ),
 ( 2, 2 ),
 ( 0.000000000000000000, 0.1046725881823602072, 0.2179224116127560229, 0.3405185375579570239, 0.4735651107347250144, 0.5421968301606590046, 0.6097031823113799875, 0.6755753979924270514, 0.7416019791549900431, 0.8061045072963630709, 0.8709579598542409595, 0.9351362548769770466, 1.000000000000000000 ),
 ( 0.000000000000000000, 1.000000000000000000 ),
 .UNSPECIFIED. ) ;
#6876 = EDGE_CURVE ( 'NONE', #244, #5972, #3631, .T. ) ;
#6875 = CARTESIAN_POINT ( 'NONE',  ( 13.94000000000000661, 0.02000000000000000042, -7.610000000000001208 ) ) ;
#6877 = CIRCLE ( 'NONE', #2897, 0.2500000000000002220 ) ;
#6878 = FACE_OUTER_BOUND ( 'NONE', #787, .T. ) ;
#6879 = CARTESIAN_POINT ( 'NONE',  ( -13.83083469003710597, 0.02000000000000000042, -5.498763802690008973 ) ) ;
#6880 = CARTESIAN_POINT ( 'NONE',  ( 14.53545869722471018, 0.02000000000000000042, -5.263771305652753085 ) ) ;
#6881 = DIRECTION ( 'NONE',  ( 0.000000000000000000, -1.000000000000000000, -0.000000000000000000 ) ) ;
#6882 = AXIS2_PLACEMENT_3D ( 'NONE', #599, #6288, #483 ) ;
#6883 = ORIENTED_EDGE ( 'NONE', *, *, #1558, .F. ) ;
#6884 = CARTESIAN_POINT ( 'NONE',  ( 14.35770515053850183, 0.02000000000000000042, -5.714278506787742629 ) ) ;
#6885 = UNCERTAINTY_MEASURE_WITH_UNIT (LENGTH_MEASURE( 1.000000000000000082E-05 ), #1621, 'distance_accuracy_value', 'NONE');
#6886 = CARTESIAN_POINT ( 'NONE',  ( -14.31312070209260590, 0.02000000000000000042, -5.734213565625140063 ) ) ;
#6887 = EDGE_LOOP ( 'NONE', ( #7028, #4114 ) ) ;
#6888 = PRESENTATION_LAYER_ASSIGNMENT (  '', '', ( #3990 ) ) ;
#6889 = LINE ( 'NONE', #5112, #3375 ) ;
#6890 = ADVANCED_FACE ( 'NONE', ( #3319 ), #2705, .F. ) ;
#6891 = CARTESIAN_POINT ( 'NONE',  ( 11.40000000000000391, 1.000000000000000000, -7.610000000000022524 ) ) ;
#6892 = CARTESIAN_POINT ( 'NONE',  ( -14.30431638929525562, 0.02000000000000000042, -5.393473355200468333 ) ) ;
#6893 = CARTESIAN_POINT ( 'NONE',  ( -14.01513962322180440, 0.02000000000000000042, -5.660154357259279401 ) ) ;
#6894 = DIRECTION ( 'NONE',  ( -1.174997428309413820E-16, 0.000000000000000000, -1.000000000000000000 ) ) ;
#6895 = CARTESIAN_POINT ( 'NONE',  ( -14.10184916938185395, 0.02000000000000000042, 6.882200037333486620 ) ) ;
#6896 = FACE_OUTER_BOUND ( 'NONE', #5913, .T. ) ;
#6897 = EDGE_LOOP ( 'NONE', ( #4890, #374, #5805, #2588 ) ) ;
#6898 = CARTESIAN_POINT ( 'NONE',  ( 13.88450952887732903, 0.000000000000000000, -5.573166729281921583 ) ) ;
#6899 = CARTESIAN_POINT ( 'NONE',  ( -14.00000000000005507, 0.02000000000000000042, 7.359999999999806697 ) ) ;
#6900 = DIRECTION ( 'NONE',  ( 0.000000000000000000, -1.000000000000000000, -0.000000000000000000 ) ) ;
#6901 = VERTEX_POINT ( 'NONE', #426 ) ;
#6902 = CARTESIAN_POINT ( 'NONE',  ( -3.840000000000004743, 0.000000000000000000, -7.610000000000121112 ) ) ;
#6903 = VERTEX_POINT ( 'NONE', #5354 ) ;
#6904 = EDGE_LOOP ( 'NONE', ( #166, #3552, #5707, #6163 ) ) ;
#6905 = CIRCLE ( 'NONE', #2435, 0.2999999999999996003 ) ;
#6906 = CARTESIAN_POINT ( 'NONE',  ( -13.08735409085670476, 0.000000000000000000, -6.589720119495258821 ) ) ;
#6907 = CARTESIAN_POINT ( 'NONE',  ( -13.72855044570395400, 0.02000000000000000042, -5.844367184287169614 ) ) ;
#6908 =( GEOMETRIC_REPRESENTATION_CONTEXT ( 3 ) GLOBAL_UNCERTAINTY_ASSIGNED_CONTEXT ( ( #4619 ) ) GLOBAL_UNIT_ASSIGNED_CONTEXT ( ( #7215, #5936, #1299 ) ) REPRESENTATION_CONTEXT ( 'NONE', 'WORKASPACE' ) );
#6909 = CARTESIAN_POINT ( 'NONE',  ( 13.15230267861637969, 0.02000000000000000042, 6.596689365182813347 ) ) ;
#6910 = CARTESIAN_POINT ( 'NONE',  ( -14.00000000000000711, 0.02000000000000000042, -7.610000000000199272 ) ) ;
#6911 = VERTEX_POINT ( 'NONE', #613 ) ;
#6912 = CARTESIAN_POINT ( 'NONE',  ( 14.44005403852747449, 1.355252715606880080E-17, -5.201803584140252568 ) ) ;
#6913 = CARTESIAN_POINT ( 'NONE',  ( -13.85755576975670600, 0.02000000000000000042, -5.467735359676828999 ) ) ;
#6914 = LINE ( 'NONE', #6952, #1116 ) ;
#6915 = CARTESIAN_POINT ( 'NONE',  ( 14.70503731651937329, 0.02000000000000000042, -6.241409062433993071 ) ) ;
#6916 = PLANE ( 'NONE',  #1417 ) ;
#6917 = VECTOR ( 'NONE', #6172, 1000.000000000000000 ) ;
#6918 = ORIENTED_EDGE ( 'NONE', *, *, #474, .F. ) ;
#6919 = CARTESIAN_POINT ( 'NONE',  ( 14.28226537715502609, 2.710505431213759852E-17, -5.172909271895553829 ) ) ;
#6920 = CARTESIAN_POINT ( 'NONE',  ( -14.58529173711985294, 0.02000000000000000042, -6.884302295697417584 ) ) ;
#6921 =( NAMED_UNIT ( * ) SI_UNIT ( $, .STERADIAN. ) SOLID_ANGLE_UNIT ( ) );
#6922 = AXIS2_PLACEMENT_3D ( 'NONE', #4061, #1687, #4545 ) ;
#6923 = AXIS2_PLACEMENT_3D ( 'NONE', #687, #5428, #834 ) ;
#6924 = CARTESIAN_POINT ( 'NONE',  ( -15.72710346734440634, 9.905235721931179071, 8.539925206221310461 ) ) ;
#6925 = CARTESIAN_POINT ( 'NONE',  ( -14.52451386537225453, 0.02000000000000000042, -5.601427995797128467 ) ) ;
#6926 = LINE ( 'NONE', #1162, #2376 ) ;
#6927 = LINE ( 'NONE', #1088, #4438 ) ;
#6928 = CARTESIAN_POINT ( 'NONE',  ( -13.86361159322360592, 0.02000000000000000042, 6.978629557162696173 ) ) ;
#6929 = CARTESIAN_POINT ( 'NONE',  ( -14.06092601166955802, 0.02000000000000000042, 6.978629557162696173 ) ) ;
#6930 = ORIENTED_EDGE ( 'NONE', *, *, #5669, .T. ) ;
#6931 = LINE ( 'NONE', #3388, #2976 ) ;
#6932 = CARTESIAN_POINT ( 'NONE',  ( 13.94000000000000661, 0.02000000000000000042, -7.610000000000001208 ) ) ;
#6933 = EDGE_CURVE ( 'NONE', #7330, #4397, #660, .T. ) ;
#6934 = DIRECTION ( 'NONE',  ( 0.000000000000000000, -1.000000000000000000, -0.000000000000000000 ) ) ;
#6935 = B_SPLINE_SURFACE_WITH_KNOTS ( 'NONE', 3, 1, ( 
 ( #2686, #1992 ),
 ( #3118, #5987 ),
 ( #900, #4888 ),
 ( #6660, #6124 ),
 ( #4965, #336 ),
 ( #3186, #5565 ),
 ( #2104, #6091 ),
 ( #1387, #5422 ),
 ( #5488, #298 ),
 ( #372, #259 ),
 ( #7272, #2537 ) ),
 .UNSPECIFIED., .F., .F., .F.,
 ( 4, 1, 1, 1, 1, 1, 1, 1, 4 ),
 ( 2, 2 ),
 ( 0.000000000000000000, 0.1091472446530391965, 0.2152589674700639832, 0.3246390711331714751, 0.4396674703298379949, 0.5616255148480180370, 0.6934057302043250548, 0.8380270563770000347, 1.000000000000000000 ),
 ( 0.000000000000000000, 1.000000000000000000 ),
 .UNSPECIFIED. ) ;
#6936 = FACE_OUTER_BOUND ( 'NONE', #4479, .T. ) ;
#6937 = CARTESIAN_POINT ( 'NONE',  ( 13.89381584268822323, 0.02000000000000000042, -5.523367484010882400 ) ) ;
#6938 = ORIENTED_EDGE ( 'NONE', *, *, #6327, .F. ) ;
#6939 = FACE_OUTER_BOUND ( 'NONE', #932, .T. ) ;
#6940 = EDGE_LOOP ( 'NONE', ( #4426, #3515, #935, #3196 ) ) ;
#6941 = EDGE_LOOP ( 'NONE', ( #91, #445, #6680, #6184 ) ) ;
#6942 = CARTESIAN_POINT ( 'NONE',  ( 13.32696339878366665, 0.02000000000000000042, -5.172909271895553829 ) ) ;
#6943 = CARTESIAN_POINT ( 'NONE',  ( -13.74182067338605506, 2.032879073410320197E-17, -5.936869812603148056 ) ) ;
#6944 = LINE ( 'NONE', #661, #4705 ) ;
#6945 = CARTESIAN_POINT ( 'NONE',  ( -14.08924932474335634, 0.000000000000000000, -5.369715419920589206 ) ) ;
#6946 = DIRECTION ( 'NONE',  ( 0.000000000000000000, -1.000000000000000000, 0.000000000000000000 ) ) ;
#6947 = VERTEX_POINT ( 'NONE', #4108 ) ;
#6948 = ADVANCED_FACE ( 'NONE', ( #5317 ), #572, .T. ) ;
#6949 = FACE_OUTER_BOUND ( 'NONE', #7060, .T. ) ;
#6950 = VECTOR ( 'NONE', #5459, 1000.000000000000000 ) ;
#6951 = CARTESIAN_POINT ( 'NONE',  ( -14.02681606355260691, 6.776263578034400401E-18, -6.403242636400988452 ) ) ;
#6952 = CARTESIAN_POINT ( 'NONE',  ( -12.84719961642490560, 0.000000000000000000, -6.329552772194127819 ) ) ;
#6953 = CARTESIAN_POINT ( 'NONE',  ( 13.47524340778721985, 0.02000000000000000042, 5.267133358877227778 ) ) ;
#6954 = CARTESIAN_POINT ( 'NONE',  ( 14.44832369723021870, 1.355252715606880080E-17, -6.699548632554831684 ) ) ;
#6955 = ORIENTED_EDGE ( 'NONE', *, *, #3979, .T. ) ;
#6956 = CARTESIAN_POINT ( 'NONE',  ( 14.02202630088261515, 0.02000000000000000042, -5.267690227799032066 ) ) ;
#6957 = UNCERTAINTY_MEASURE_WITH_UNIT (LENGTH_MEASURE( 1.000000000000000082E-05 ), #1124, 'distance_accuracy_value', 'NONE');
#6958 = CARTESIAN_POINT ( 'NONE',  ( -13.85000821845915198, 0.02000000000000000042, -6.185962563725999175 ) ) ;
#6959 = CYLINDRICAL_SURFACE ( 'NONE', #4631, 0.2499999999999993616 ) ;
#6960 = CARTESIAN_POINT ( 'NONE',  ( 13.24776806640875293, 0.02000000000000000042, -5.328768270497461046 ) ) ;
#6961 =( NAMED_UNIT ( * ) SI_UNIT ( $, .STERADIAN. ) SOLID_ANGLE_UNIT ( ) );
#6962 = EDGE_CURVE ( 'NONE', #5844, #4746, #5089, .T. ) ;
#6963 = CARTESIAN_POINT ( 'NONE',  ( 13.27247590172394709, 0.02000000000000000042, -5.605401763364651124 ) ) ;
#6964 = VECTOR ( 'NONE', #6247, 1000.000000000000000 ) ;
#6965 = DIRECTION ( 'NONE',  ( -0.7071067811865532349, 0.000000000000000000, 0.7071067811865416886 ) ) ;
#6966 = EDGE_LOOP ( 'NONE', ( #3619, #665, #710, #608 ) ) ;
#6967 =( LENGTH_UNIT ( ) NAMED_UNIT ( * ) SI_UNIT ( .MILLI., .METRE. ) );
#6968 = EDGE_CURVE ( 'NONE', #3809, #3926, #121, .T. ) ;
#6969 = ADVANCED_FACE ( 'NONE', ( #6936 ), #2896, .T. ) ;
#6970 = CARTESIAN_POINT ( 'NONE',  ( -14.21199921853950698, 0.02000000000000000042, -6.231918047371327596 ) ) ;
#6971 = CARTESIAN_POINT ( 'NONE',  ( -14.25055636617075550, 1.355252715606880080E-17, -5.638736372175738865 ) ) ;
#6972 = B_SPLINE_SURFACE_WITH_KNOTS ( 'NONE', 3, 1, ( 
 ( #414, #7114 ),
 ( #2495, #5905 ),
 ( #7003, #4093 ),
 ( #3043, #1201 ),
 ( #3113, #5344 ),
 ( #4737, #1796 ),
 ( #6400, #5418 ),
 ( #7076, #1309 ),
 ( #1268, #7042 ),
 ( #4131, #4773 ),
 ( #5265, #5865 ),
 ( #221, #70 ),
 ( #3640, #5381 ),
 ( #790, #6437 ),
 ( #151, #3526 ) ),
 .UNSPECIFIED., .F., .F., .F.,
 ( 4, 1, 1, 1, 1, 1, 1, 1, 1, 1, 1, 1, 4 ),
 ( 2, 2 ),
 ( 0.000000000000000000, 0.1002236266426694000, 0.2001749505460100054, 0.2998639334848805515, 0.4008683731365180192, 0.4545499337922380145, 0.5143828091139079906, 0.5800153043773640382, 0.6515740227081510128, 0.7295439188579119216, 0.8133326772065809784, 0.9035606845620299810, 1.000000000000000000 ),
 ( 0.000000000000000000, 1.000000000000000000 ),
 .UNSPECIFIED. ) ;
#6973 = DIRECTION ( 'NONE',  ( 1.000000000000000000, 0.000000000000000000, -1.174997428309413820E-16 ) ) ;
#6974 = LINE ( 'NONE', #2472, #472 ) ;
#6975 = ORIENTED_EDGE ( 'NONE', *, *, #5861, .F. ) ;
#6976 = CARTESIAN_POINT ( 'NONE',  ( 13.17680118084451202, 1.355252715606880080E-17, 6.623717509147797777 ) ) ;
#6977 = ORIENTED_EDGE ( 'NONE', *, *, #1957, .T. ) ;
#6978 = ORIENTED_EDGE ( 'NONE', *, *, #7182, .F. ) ;
#6979 = CARTESIAN_POINT ( 'NONE',  ( 13.93999999999995332, 0.000000000000000000, 7.609999999999993214 ) ) ;
#6980 = DIRECTION ( 'NONE',  ( 0.000000000000000000, -1.000000000000000000, -0.000000000000000000 ) ) ;
#6981 =( GEOMETRIC_REPRESENTATION_CONTEXT ( 3 ) GLOBAL_UNCERTAINTY_ASSIGNED_CONTEXT ( ( #2255 ) ) GLOBAL_UNIT_ASSIGNED_CONTEXT ( ( #4122, #1750, #1225 ) ) REPRESENTATION_CONTEXT ( 'NONE', 'WORKASPACE' ) );
#6982 = DIRECTION ( 'NONE',  ( 1.000000000000000000, 0.000000000000000000, -1.174997428309413820E-16 ) ) ;
#6983 = B_SPLINE_CURVE_WITH_KNOTS ( 'NONE', 3,
 ( #2014, #3777, #3851, #7180, #326, #6077, #7218, #3143, #2048, #2633, #961 ),
 .UNSPECIFIED., .F., .F.,
 ( 4, 1, 1, 1, 1, 1, 1, 1, 4 ),
 ( 0.000000000000000000, 0.1291850431602390159, 0.2562041821241475281, 0.3820429862809624488, 0.5053841222052810611, 0.6299573653232359849, 0.7528488117954780234, 0.8762905154439999400, 1.000000000000000000 ),
 .UNSPECIFIED. ) ;
#6984 = DIRECTION ( 'NONE',  ( 0.000000000000000000, -1.000000000000000000, -0.000000000000000000 ) ) ;
#6985 = CARTESIAN_POINT ( 'NONE',  ( 14.65574014549807913, 0.02000000000000000042, 6.363969581004468523 ) ) ;
#6986 = CARTESIAN_POINT ( 'NONE',  ( -14.42397203356450319, 0.000000000000000000, 6.338217625344515938 ) ) ;
#6987 = ORIENTED_EDGE ( 'NONE', *, *, #1075, .T. ) ;
#6988 = EDGE_CURVE ( 'NONE', #6573, #7454, #5304, .T. ) ;
#6989 = CARTESIAN_POINT ( 'NONE',  ( 13.94356295647481758, 0.02000000000000000042, -6.525052200873911801 ) ) ;
#6990 = ADVANCED_FACE ( 'NONE', ( #5277 ), #2895, .T. ) ;
#6991 = VECTOR ( 'NONE', #2108, 1000.000000000000000 ) ;
#6992 = DIRECTION ( 'NONE',  ( 0.000000000000000000, -1.000000000000000000, -0.000000000000000000 ) ) ;
#6993 = CARTESIAN_POINT ( 'NONE',  ( 14.28726859537235683, 0.02000000000000000042, -5.993437059537591871 ) ) ;
#6994 = LINE ( 'NONE', #6542, #686 ) ;
#6995 = STYLED_ITEM ( 'NONE', ( #6834 ), #7265 ) ;
#6996 = CARTESIAN_POINT ( 'NONE',  ( 14.41581754757175382, 0.000000000000000000, -5.504716682281962647 ) ) ;
#6997 = VECTOR ( 'NONE', #7137, 1000.000000000000000 ) ;
#6998 = ORIENTED_EDGE ( 'NONE', *, *, #2956, .F. ) ;
#6999 = FACE_OUTER_BOUND ( 'NONE', #4171, .T. ) ;
#7000 = PLANE ( 'NONE',  #952 ) ;
#7001 = B_SPLINE_CURVE_WITH_KNOTS ( 'NONE', 3,
 ( #262, #3830, #339, #6778, #2653, #1534, #2065, #6128, #6168, #980, #3305 ),
 .UNSPECIFIED., .F., .F.,
 ( 4, 1, 1, 1, 1, 1, 1, 1, 4 ),
 ( 0.000000000000000000, 0.1291850431602390159, 0.2562041821241475281, 0.3820429862809604504, 0.5053841222052810611, 0.6299573653232349857, 0.7528488117954780234, 0.8762905154439999400, 1.000000000000000000 ),
 .UNSPECIFIED. ) ;
#7002 = B_SPLINE_SURFACE_WITH_KNOTS ( 'NONE', 3, 1, ( 
 ( #4839, #3142 ),
 ( #2013, #4337 ),
 ( #7258, #1446 ),
 ( #214, #5974 ),
 ( #782, #3104 ),
 ( #2526, #7143 ),
 ( #1943, #4876 ) ),
 .UNSPECIFIED., .F., .F., .F.,
 ( 4, 1, 1, 1, 4 ),
 ( 2, 2 ),
 ( 0.000000000000000000, 0.2387690697432955089, 0.4777833542648540210, 0.7270131220759089574, 1.000000000000000000 ),
 ( 0.000000000000000000, 1.000000000000000000 ),
 .UNSPECIFIED. ) ;
#7003 = CARTESIAN_POINT ( 'NONE',  ( 13.80452460406600856, 0.02000000000000000042, 5.343935109402467631 ) ) ;
#7004 = AXIS2_PLACEMENT_3D ( 'NONE', #5695, #1098, #573 ) ;
#7005 = CARTESIAN_POINT ( 'NONE',  ( 14.35987492883880101, 1.355252715606880080E-17, 6.176468269876868256 ) ) ;
#7006 = FILL_AREA_STYLE ('',( #7472 ) ) ;
#7007 = CARTESIAN_POINT ( 'NONE',  ( 14.61150846832511796, 0.000000000000000000, -6.558998405341221805 ) ) ;
#7008 = CARTESIAN_POINT ( 'NONE',  ( 14.42054704185722080, 0.02000000000000000042, -6.093609078583901884 ) ) ;
#7009 = ORIENTED_EDGE ( 'NONE', *, *, #2300, .F. ) ;
#7010 = CARTESIAN_POINT ( 'NONE',  ( 14.29451960500849772, 0.02000000000000000042, 6.807344024360987511 ) ) ;
#7011 = ADVANCED_FACE ( 'NONE', ( #1885 ), #1720, .T. ) ;
#7012 = CARTESIAN_POINT ( 'NONE',  ( 8.860000000000004761, 0.000000000000000000, -7.860000000000040288 ) ) ;
#7013 = CARTESIAN_POINT ( 'NONE',  ( 14.44486996921823696, 0.000000000000000000, -6.235155039662332754 ) ) ;
#7014 = ORIENTED_EDGE ( 'NONE', *, *, #7033, .T. ) ;
#7015 = ADVANCED_FACE ( 'NONE', ( #2295 ), #6916, .T. ) ;
#7016 =( NAMED_UNIT ( * ) PLANE_ANGLE_UNIT ( ) SI_UNIT ( $, .RADIAN. ) );
#7017 = CARTESIAN_POINT ( 'NONE',  ( 14.66349032485870119, 1.355252715606880080E-17, -5.603954610892080801 ) ) ;
#7018 = ORIENTED_EDGE ( 'NONE', *, *, #1916, .F. ) ;
#7019 = ORIENTED_EDGE ( 'NONE', *, *, #1028, .T. ) ;
#7020 = CARTESIAN_POINT ( 'NONE',  ( 14.36116556295682578, 0.02000000000000000042, -5.435767970249521852 ) ) ;
#7021 =( BOUNDED_CURVE ( )  B_SPLINE_CURVE ( 3, ( #4292, #1404, #3733, #3165 ),
 .UNSPECIFIED., .F., .T. ) 
 B_SPLINE_CURVE_WITH_KNOTS ( ( 4, 4 ),
 ( 5.497939437029719656, 7.068431177329450144 ),
 .UNSPECIFIED. ) 
 CURVE ( )  GEOMETRIC_REPRESENTATION_ITEM ( )  RATIONAL_B_SPLINE_CURVE ( ( 1.000000000000000000, 0.8048096403827870171, 0.8048096403827870171, 1.000000000000000000 ) ) 
 REPRESENTATION_ITEM ( '' )  );
#7022 = CARTESIAN_POINT ( 'NONE',  ( 14.18470262191710241, 0.02000000000000000042, -6.015638840377001806 ) ) ;
#7023 = CARTESIAN_POINT ( 'NONE',  ( 14.39660116183937077, 0.000000000000000000, 5.818001444594337990 ) ) ;
#7024 = DIRECTION ( 'NONE',  ( -1.000000000000000000, 0.000000000000000000, 1.174997428309413820E-16 ) ) ;
#7025 = CARTESIAN_POINT ( 'NONE',  ( -14.13851311098320451, 0.000000000000000000, 6.521897658863911929 ) ) ;
#7026 = AXIS2_PLACEMENT_3D ( 'NONE', #4819, #3123, #4856 ) ;
#7027 = ORIENTED_EDGE ( 'NONE', *, *, #1716, .T. ) ;
#7028 = ORIENTED_EDGE ( 'NONE', *, *, #4103, .F. ) ;
#7029 = EDGE_CURVE ( 'NONE', #1737, #625, #3390, .T. ) ;
#7030 = CARTESIAN_POINT ( 'NONE',  ( -14.01732727700285253, 0.02000000000000000042, -6.392718402187909099 ) ) ;
#7031 = CARTESIAN_POINT ( 'NONE',  ( 14.46149703405366793, 0.02000000000000000042, 6.758520432341232897 ) ) ;
#7032 = VECTOR ( 'NONE', #744, 1000.000000000000000 ) ;
#7033 = EDGE_CURVE ( 'NONE', #7068, #2441, #5909, .T. ) ;
#7034 = LINE ( 'NONE', #3038, #6853 ) ;
#7035 = LINE ( 'NONE', #7072, #2417 ) ;
#7036 = EDGE_CURVE ( 'NONE', #4985, #7483, #6290, .T. ) ;
#7037 = ORIENTED_EDGE ( 'NONE', *, *, #783, .F. ) ;
#7038 = CARTESIAN_POINT ( 'NONE',  ( -8.920000000000005258, 0.000000000000000000, -7.610000000000159304 ) ) ;
#7039 = EDGE_CURVE ( 'NONE', #4002, #806, #6323, .T. ) ;
#7040 = UNCERTAINTY_MEASURE_WITH_UNIT (LENGTH_MEASURE( 1.000000000000000082E-05 ), #7141, 'distance_accuracy_value', 'NONE');
#7041 = CARTESIAN_POINT ( 'NONE',  ( -8.920000000000054996, 0.000000000000000000, 7.859999999999841336 ) ) ;
#7042 = CARTESIAN_POINT ( 'NONE',  ( 13.95394338841870230, 1.355252715606880080E-17, 5.681674210550237802 ) ) ;
#7043 = CARTESIAN_POINT ( 'NONE',  ( 14.42364812658075657, 1.355252715606880080E-17, -5.536149094440222740 ) ) ;
#7044 = CARTESIAN_POINT ( 'NONE',  ( 14.13321256358112699, 0.02000000000000000042, 6.538323072105847622 ) ) ;
#7045 = CYLINDRICAL_SURFACE ( 'NONE', #94, 0.2499999999999993616 ) ;
#7046 = SURFACE_STYLE_USAGE ( .BOTH. , #5949 ) ;
#7047 = DIRECTION ( 'NONE',  ( 1.000000000000000000, 0.000000000000000000, -1.174997428309413820E-16 ) ) ;
#7048 = ORIENTED_EDGE ( 'NONE', *, *, #3797, .T. ) ;
#7049 = CARTESIAN_POINT ( 'NONE',  ( 6.319999999999954099, 0.02000000000000000042, 7.859999999999939924 ) ) ;
#7050 = CARTESIAN_POINT ( 'NONE',  ( -14.06461226294865519, 1.355252715606880080E-17, 6.967516987607896617 ) ) ;
#7051 = CARTESIAN_POINT ( 'NONE',  ( -14.32365310925915480, 1.355252715606880080E-17, -5.779439592489328703 ) ) ;
#7052 = CARTESIAN_POINT ( 'NONE',  ( 13.04541664876672513, 0.02000000000000000042, 6.231186746895458484 ) ) ;
#7053 = AXIS2_PLACEMENT_3D ( 'NONE', #2930, #1768, #5162 ) ;
#7054 = DIRECTION ( 'NONE',  ( 0.000000000000000000, -1.000000000000000000, -0.000000000000000000 ) ) ;
#7055 =( NAMED_UNIT ( * ) SI_UNIT ( $, .STERADIAN. ) SOLID_ANGLE_UNIT ( ) );
#7056 = ORIENTED_EDGE ( 'NONE', *, *, #783, .T. ) ;
#7057 = SURFACE_STYLE_FILL_AREA ( #4145 ) ;
#7058 = CARTESIAN_POINT ( 'NONE',  ( 14.10465113043982832, 0.02000000000000000042, -5.613192475020550631 ) ) ;
#7059 = ORIENTED_EDGE ( 'NONE', *, *, #3707, .F. ) ;
#7060 = EDGE_LOOP ( 'NONE', ( #4407, #4295, #6597, #421 ) ) ;
#7061 = CARTESIAN_POINT ( 'NONE',  ( 13.32696339878366665, 0.02000000000000000042, -5.172909271895553829 ) ) ;
#7062 = EDGE_CURVE ( 'NONE', #6525, #3883, #7254, .T. ) ;
#7063 = DIRECTION ( 'NONE',  ( 0.000000000000000000, 0.000000000000000000, -1.000000000000000000 ) ) ;
#7064 = CARTESIAN_POINT ( 'NONE',  ( -13.76754260509890671, 0.000000000000000000, -5.601545447851829174 ) ) ;
#7065 = CARTESIAN_POINT ( 'NONE',  ( 14.36644165274904417, 0.000000000000000000, 5.784341042093668506 ) ) ;
#7066 = CARTESIAN_POINT ( 'NONE',  ( -14.00000000000005507, 0.000000000000000000, 7.859999999999801368 ) ) ;
#7067 = ORIENTED_EDGE ( 'NONE', *, *, #7168, .F. ) ;
#7068 = VERTEX_POINT ( 'NONE', #25 ) ;
#7069 = CARTESIAN_POINT ( 'NONE',  ( -13.72776602267490453, 0.02000000000000000042, -6.909926085404358709 ) ) ;
#7070 =( NAMED_UNIT ( * ) SI_UNIT ( $, .STERADIAN. ) SOLID_ANGLE_UNIT ( ) );
#7071 = DIRECTION ( 'NONE',  ( 0.000000000000000000, -1.000000000000000000, 0.000000000000000000 ) ) ;
#7072 = CARTESIAN_POINT ( 'NONE',  ( 14.18470262191710241, 0.02000000000000000042, -6.015638840377001806 ) ) ;
#7073 = ORIENTED_EDGE ( 'NONE', *, *, #4197, .T. ) ;
#7074 = CARTESIAN_POINT ( 'NONE',  ( 14.26943299741427928, 2.710505431213759852E-17, -5.173225079504950585 ) ) ;
#7075 = CARTESIAN_POINT ( 'NONE',  ( -14.00000000000005507, 0.02000000000000000042, 7.359999999999806697 ) ) ;
#7076 = CARTESIAN_POINT ( 'NONE',  ( 13.92536787106570628, 0.02000000000000000042, 5.639787394267767873 ) ) ;
#7077 = CIRCLE ( 'NONE', #29, 0.2499999999999993616 ) ;
#7078 = LINE ( 'NONE', #930, #162 ) ;
#7079 = CARTESIAN_POINT ( 'NONE',  ( 14.07064822765927126, 1.355252715606880080E-17, 6.442845878656438430 ) ) ;
#7080 = CARTESIAN_POINT ( 'NONE',  ( 14.29046970503539171, 0.02000000000000000042, 5.698661616942497510 ) ) ;
#7081 = B_SPLINE_CURVE_WITH_KNOTS ( 'NONE', 3,
 ( #3938, #602, #4663, #1086, #5795, #7506, #4018, #1682, #6960, #3382, #6333, #563, #1202, #7470, #528 ),
 .UNSPECIFIED., .F., .F.,
 ( 4, 1, 1, 1, 1, 1, 1, 1, 1, 1, 1, 1, 4 ),
 ( 0.000000000000000000, 0.1046725881823602072, 0.2179224116127560229, 0.3405185375579570239, 0.4735651107347250144, 0.5421968301606590046, 0.6097031823113799875, 0.6755753979924270514, 0.7416019791549900431, 0.8061045072963630709, 0.8709579598542409595, 0.9351362548769770466, 1.000000000000000000 ),
 .UNSPECIFIED. ) ;
#7082 = CARTESIAN_POINT ( 'NONE',  ( -14.48578643762690277, 0.000000000000000000, 10.15000000000000036 ) ) ;
#7083 = DIRECTION ( 'NONE',  ( 0.000000000000000000, -1.000000000000000000, 0.000000000000000000 ) ) ;
#7084 = ORIENTED_EDGE ( 'NONE', *, *, #1382, .T. ) ;
#7085 = AXIS2_PLACEMENT_3D ( 'NONE', #5503, #7136, #4944 ) ;
#7086 = CARTESIAN_POINT ( 'NONE',  ( 14.46149703405366793, 0.02000000000000000042, 6.758520432341232897 ) ) ;
#7087 = EDGE_CURVE ( 'NONE', #6670, #3877, #2183, .T. ) ;
#7088 = CARTESIAN_POINT ( 'NONE',  ( -14.37074496730770257, 0.02000000000000000042, 6.622041444072416461 ) ) ;
#7089 = CARTESIAN_POINT ( 'NONE',  ( -14.28992520622125539, 9.900000000000000355, 9.677149158797471173 ) ) ;
#7090 = CARTESIAN_POINT ( 'NONE',  ( 13.88958226483438985, 1.355252715606880080E-17, -6.360537521157482388 ) ) ;
#7091 = ORIENTED_EDGE ( 'NONE', *, *, #2175, .T. ) ;
#7092 = CARTESIAN_POINT ( 'NONE',  ( 14.65472426491371394, 1.355252715606880080E-17, -5.649784928889260982 ) ) ;
#7093 = ORIENTED_EDGE ( 'NONE', *, *, #3621, .T. ) ;
#7094 = VERTEX_POINT ( 'NONE', #5675 ) ;
#7095 = CARTESIAN_POINT ( 'NONE',  ( -14.35997760223495412, 0.02000000000000000042, -6.403554715768577488 ) ) ;
#7096 = VECTOR ( 'NONE', #4342, 1000.000000000000000 ) ;
#7097 = EDGE_CURVE ( 'NONE', #7417, #5245, #4768, .T. ) ;
#7098 = CARTESIAN_POINT ( 'NONE',  ( 13.94872403851419840, 1.355252715606880080E-17, 6.706904808597138334 ) ) ;
#7099 = CARTESIAN_POINT ( 'NONE',  ( 13.82137424442077034, 0.000000000000000000, 6.439464703425167968 ) ) ;
#7100 = LINE ( 'NONE', #4225, #825 ) ;
#7101 = CARTESIAN_POINT ( 'NONE',  ( 14.33686036041130407, 0.02000000000000000042, -5.729725107828390840 ) ) ;
#7102 = ORIENTED_EDGE ( 'NONE', *, *, #7029, .T. ) ;
#7103 = EDGE_LOOP ( 'NONE', ( #7091, #2196 ) ) ;
#7104 = DIRECTION ( 'NONE',  ( 1.174997428309413820E-16, -0.000000000000000000, 1.000000000000000000 ) ) ;
#7105 = STYLED_ITEM ( 'NONE', ( #3286 ), #1491 ) ;
#7106 = EDGE_CURVE ( 'NONE', #5961, #6372, #7035, .T. ) ;
#7107 = CARTESIAN_POINT ( 'NONE',  ( 14.27974159575182078, 1.355252715606880080E-17, -5.993647788383673181 ) ) ;
#7108 = CARTESIAN_POINT ( 'NONE',  ( -13.97848711260990306, 1.355252715606880080E-17, -5.725223350669908839 ) ) ;
#7109 = DIRECTION ( 'NONE',  ( 0.000000000000000000, -1.000000000000000000, -0.000000000000000000 ) ) ;
#7110 = EDGE_CURVE ( 'NONE', #4896, #5934, #938, .T. ) ;
#7111 = ORIENTED_EDGE ( 'NONE', *, *, #1577, .T. ) ;
#7112 = CARTESIAN_POINT ( 'NONE',  ( 13.32696339878366665, 0.000000000000000000, -5.172909271895553829 ) ) ;
#7113 = AXIS2_PLACEMENT_3D ( 'NONE', #5302, #5380, #6435 ) ;
#7114 = CARTESIAN_POINT ( 'NONE',  ( 13.79544937369631086, 1.355252715606880080E-17, 5.267133358877227778 ) ) ;
#7115 = CARTESIAN_POINT ( 'NONE',  ( 14.27538595210620009, 1.355252715606880080E-17, -5.413063746327371639 ) ) ;
#7116 = VECTOR ( 'NONE', #1178, 1000.000000000000114 ) ;
#7117 = DIRECTION ( 'NONE',  ( 0.000000000000000000, -1.000000000000000000, -0.000000000000000000 ) ) ;
#7118 = CARTESIAN_POINT ( 'NONE',  ( 14.65523416248881894, 0.000000000000000000, 6.420936805112888557 ) ) ;
#7119 = DIRECTION ( 'NONE',  ( -1.000000000000000000, 0.000000000000000000, -4.615341528007860262E-17 ) ) ;
#7120 = CARTESIAN_POINT ( 'NONE',  ( 14.44442901538611146, 1.355252715606880080E-17, -6.217288134145022127 ) ) ;
#7121 = EDGE_LOOP ( 'NONE', ( #3503, #5971 ) ) ;
#7122 = DIRECTION ( 'NONE',  ( 1.174997428309413820E-16, 0.000000000000000000, 1.000000000000000000 ) ) ;
#7123 = EDGE_CURVE ( 'NONE', #283, #690, #7146, .T. ) ;
#7124 = AXIS2_PLACEMENT_3D ( 'NONE', #6825, #3054, #4672 ) ;
#7125 = CARTESIAN_POINT ( 'NONE',  ( -14.42397203356450319, 0.02000000000000000042, 6.598384972645651381 ) ) ;
#7126 = LINE ( 'NONE', #5462, #3912 ) ;
#7127 = CARTESIAN_POINT ( 'NONE',  ( 14.17531980631084032, 0.02000000000000000042, -6.718618150315252890 ) ) ;
#7128 = AXIS2_PLACEMENT_3D ( 'NONE', #331, #4845, #7264 ) ;
#7129 =( LENGTH_UNIT ( ) NAMED_UNIT ( * ) SI_UNIT ( .MILLI., .METRE. ) );
#7130 = EDGE_LOOP ( 'NONE', ( #4218, #6005, #3176, #1978 ) ) ;
#7131 = CARTESIAN_POINT ( 'NONE',  ( 14.48489571495687400, 1.355252715606880080E-17, -5.871170914351612424 ) ) ;
#7132 = EDGE_LOOP ( 'NONE', ( #1066, #2483 ) ) ;
#7133 = VERTEX_POINT ( 'NONE', #5299 ) ;
#7134 = CARTESIAN_POINT ( 'NONE',  ( 14.04338514128971482, 0.02000000000000000042, 6.769040619792587421 ) ) ;
#7135 = CARTESIAN_POINT ( 'NONE',  ( -14.01533662107370404, 0.02000000000000000042, -5.985261744803919370 ) ) ;
#7136 = DIRECTION ( 'NONE',  ( -0.000000000000000000, 1.000000000000000000, 0.000000000000000000 ) ) ;
#7137 = DIRECTION ( 'NONE',  ( -0.7071067811865571207, 0.000000000000000000, -0.7071067811865379138 ) ) ;
#7138 = FACE_OUTER_BOUND ( 'NONE', #4974, .T. ) ;
#7139 = ORIENTED_EDGE ( 'NONE', *, *, #7097, .F. ) ;
#7140 = VERTEX_POINT ( 'NONE', #1907 ) ;
#7141 =( LENGTH_UNIT ( ) NAMED_UNIT ( * ) SI_UNIT ( .MILLI., .METRE. ) );
#7142 = DIRECTION ( 'NONE',  ( 0.000000000000000000, 0.000000000000000000, -1.000000000000000000 ) ) ;
#7143 = CARTESIAN_POINT ( 'NONE',  ( 14.42430657998244392, 1.355252715606880080E-17, -5.583989978246891361 ) ) ;
#7144 = SURFACE_SIDE_STYLE ('',( #108 ) ) ;
#7145 = CARTESIAN_POINT ( 'NONE',  ( 13.83170398051869654, 0.02000000000000000042, 6.488380233490777194 ) ) ;
#7146 = LINE ( 'NONE', #2528, #5927 ) ;
#7147 = ORIENTED_EDGE ( 'NONE', *, *, #1426, .T. ) ;
#7148 = CARTESIAN_POINT ( 'NONE',  ( 14.27539355318209857, 0.000000000000000000, -6.493131107329651819 ) ) ;
#7149 = CARTESIAN_POINT ( 'NONE',  ( 14.12466400330914595, 1.355252715606880080E-17, -6.273617279708052941 ) ) ;
#7150 = VECTOR ( 'NONE', #3207, 1000.000000000000000 ) ;
#7151 = CARTESIAN_POINT ( 'NONE',  ( -13.86361159322360592, 0.02000000000000000042, 5.437638346225195818 ) ) ;
#7152 = DIRECTION ( 'NONE',  ( 0.000000000000000000, -1.000000000000000000, -0.000000000000000000 ) ) ;
#7153 = CARTESIAN_POINT ( 'NONE',  ( 14.26281851468563389, 0.02000000000000000042, 6.048859384755512991 ) ) ;
#7154 = CARTESIAN_POINT ( 'NONE',  ( -14.13123560024510361, 0.02000000000000000042, -6.521790048795217842 ) ) ;
#7155 = LINE ( 'NONE', #3719, #1032 ) ;
#7156 = CARTESIAN_POINT ( 'NONE',  ( 14.61503217550127331, 0.02000000000000000042, 6.149867308982837066 ) ) ;
#7157 = ORIENTED_EDGE ( 'NONE', *, *, #1615, .F. ) ;
#7158 = DIRECTION ( 'NONE',  ( 0.000000000000000000, 0.000000000000000000, -1.000000000000000000 ) ) ;
#7159 = B_SPLINE_CURVE_WITH_KNOTS ( 'NONE', 3,
 ( #1886, #198, #3578, #3090, #5880, #3015, #5956, #6488, #3693, #1810, #7013 ),
 .UNSPECIFIED., .F., .F.,
 ( 4, 1, 1, 1, 1, 1, 1, 1, 4 ),
 ( 0.000000000000000000, 0.09669301318225040354, 0.1929420357854829959, 0.2949267169060294513, 0.4099877910103180145, 0.5377559460081979825, 0.6757195198396210856, 0.8295651592730750590, 1.000000000000000000 ),
 .UNSPECIFIED. ) ;
#7160 = DIRECTION ( 'NONE',  ( 0.000000000000000000, -1.000000000000000000, -0.000000000000000000 ) ) ;
#7161 = CARTESIAN_POINT ( 'NONE',  ( 14.70413923532182032, 0.02000000000000000042, -6.292964700570403025 ) ) ;
#7162 = CYLINDRICAL_SURFACE ( 'NONE', #5191, 0.2499999999999993616 ) ;
#7163 = VECTOR ( 'NONE', #4716, 1000.000000000000000 ) ;
#7164 = CARTESIAN_POINT ( 'NONE',  ( 14.44486996921823696, 0.000000000000000000, -6.235155039662332754 ) ) ;
#7165 = ORIENTED_EDGE ( 'NONE', *, *, #2720, .F. ) ;
#7166 = MECHANICAL_DESIGN_GEOMETRIC_PRESENTATION_REPRESENTATION (  '', ( #6685 ), #4874 ) ;
#7167 = ORIENTED_EDGE ( 'NONE', *, *, #5998, .F. ) ;
#7168 = EDGE_CURVE ( 'NONE', #3212, #5094, #2833, .T. ) ;
#7169 = CARTESIAN_POINT ( 'NONE',  ( -14.13123560024510361, 6.776263578034400401E-18, -6.521790048795217842 ) ) ;
#7170 = AXIS2_PLACEMENT_3D ( 'NONE', #5871, #7083, #7047 ) ;
#7171 = MECHANICAL_DESIGN_GEOMETRIC_PRESENTATION_REPRESENTATION (  '', ( #3794 ), #3075 ) ;
#7172 = CARTESIAN_POINT ( 'NONE',  ( -11.46000000000000618, -4.100000000000000533, -7.610000000000177955 ) ) ;
#7173 = FACE_OUTER_BOUND ( 'NONE', #3579, .T. ) ;
#7174 = CARTESIAN_POINT ( 'NONE',  ( 6.320000000000002949, -4.100000000000000533, -7.860000000000061604 ) ) ;
#7175 = EDGE_LOOP ( 'NONE', ( #924, #6755, #1091, #3464 ) ) ;
#7176 = VERTEX_POINT ( 'NONE', #5977 ) ;
#7177 = VECTOR ( 'NONE', #478, 1000.000000000000000 ) ;
#7178 =( NAMED_UNIT ( * ) SI_UNIT ( $, .STERADIAN. ) SOLID_ANGLE_UNIT ( ) );
#7179 = PRESENTATION_STYLE_ASSIGNMENT (( #6076 ) ) ;
#7180 = CARTESIAN_POINT ( 'NONE',  ( 13.16359212463357586, 0.02000000000000000042, 6.317553555790273556 ) ) ;
#7181 = DIRECTION ( 'NONE',  ( -1.000000000000000000, 0.000000000000000000, 1.174997428309413820E-16 ) ) ;
#7182 = EDGE_CURVE ( 'NONE', #1688, #7223, #3295, .T. ) ;
#7183 = CYLINDRICAL_SURFACE ( 'NONE', #1434, 0.2500000000000002220 ) ;
#7184 = ORIENTED_EDGE ( 'NONE', *, *, #5595, .F. ) ;
#7185 = DIRECTION ( 'NONE',  ( 0.000000000000000000, 0.000000000000000000, -1.000000000000000000 ) ) ;
#7186 = CARTESIAN_POINT ( 'NONE',  ( 14.22679218829629910, 0.02000000000000000042, -6.480522831572431919 ) ) ;
#7187 = EDGE_CURVE ( 'NONE', #1634, #3139, #6011, .T. ) ;
#7188 = DIRECTION ( 'NONE',  ( 1.000000000000000000, 0.000000000000000000, -1.174997428309413820E-16 ) ) ;
#7189 = DIRECTION ( 'NONE',  ( -1.000000000000000000, 0.000000000000000000, 1.174997428309413820E-16 ) ) ;
#7190 = CARTESIAN_POINT ( 'NONE',  ( -14.43504489123765566, 0.02000000000000000042, -5.470154635684437494 ) ) ;
#7191 = FACE_OUTER_BOUND ( 'NONE', #2861, .T. ) ;
#7192 = CARTESIAN_POINT ( 'NONE',  ( 14.53376071129271985, 0.02000000000000000042, 5.991096880555577542 ) ) ;
#7193 = ORIENTED_EDGE ( 'NONE', *, *, #6795, .F. ) ;
#7194 = CARTESIAN_POINT ( 'NONE',  ( 14.65523416248881894, 1.355252715606880080E-17, 6.420936805112888557 ) ) ;
#7195 =( GEOMETRIC_REPRESENTATION_CONTEXT ( 3 ) GLOBAL_UNCERTAINTY_ASSIGNED_CONTEXT ( ( #5224 ) ) GLOBAL_UNIT_ASSIGNED_CONTEXT ( ( #6967, #2308, #2198 ) ) REPRESENTATION_CONTEXT ( 'NONE', 'WORKASPACE' ) );
#7196 = CARTESIAN_POINT ( 'NONE',  ( 11.40000000000000391, 0.000000000000000000, -7.610000000000022524 ) ) ;
#7197 = EDGE_CURVE ( 'NONE', #4589, #4641, #1101, .T. ) ;
#7198 = CARTESIAN_POINT ( 'NONE',  ( -8.920000000000005258, 0.000000000000000000, -7.860000000000158416 ) ) ;
#7199 = CARTESIAN_POINT ( 'NONE',  ( 6.320000000000002949, 1.000000000000000000, -7.610000000000060716 ) ) ;
#7200 = EDGE_CURVE ( 'NONE', #210, #2661, #1057, .T. ) ;
#7201 = EDGE_CURVE ( 'NONE', #469, #1459, #6621, .T. ) ;
#7202 = CARTESIAN_POINT ( 'NONE',  ( 13.80452460406600856, 0.000000000000000000, 5.343935109402467631 ) ) ;
#7203 = ORIENTED_EDGE ( 'NONE', *, *, #5692, .T. ) ;
#7204 = ORIENTED_EDGE ( 'NONE', *, *, #6804, .F. ) ;
#7205 = DIRECTION ( 'NONE',  ( -1.000000000000000000, 0.000000000000000000, 0.000000000000000000 ) ) ;
#7206 = CIRCLE ( 'NONE', #5762, 0.2500000000000002220 ) ;
#7207 = CARTESIAN_POINT ( 'NONE',  ( -14.04490659361465532, 6.776263578034400401E-18, -6.423307264729717581 ) ) ;
#7208 = CARTESIAN_POINT ( 'NONE',  ( -13.96856477275760611, 0.02000000000000000042, -5.828459276733608085 ) ) ;
#7209 = FILL_AREA_STYLE ('',( #2007 ) ) ;
#7210 = CARTESIAN_POINT ( 'NONE',  ( -8.920000000000005258, -4.100000000000000533, -7.610000000000159304 ) ) ;
#7211 = CIRCLE ( 'NONE', #3119, 0.2500000000000002220 ) ;
#7212 = EDGE_LOOP ( 'NONE', ( #6918, #6269, #3541, #742 ) ) ;
#7213 = LINE ( 'NONE', #429, #1535 ) ;
#7214 = EDGE_CURVE ( 'NONE', #5049, #4234, #6690, .T. ) ;
#7215 =( LENGTH_UNIT ( ) NAMED_UNIT ( * ) SI_UNIT ( .MILLI., .METRE. ) );
#7216 = EDGE_CURVE ( 'NONE', #4443, #5474, #2052, .T. ) ;
#7217 = CARTESIAN_POINT ( 'NONE',  ( 13.21262653407595877, 0.000000000000000000, -5.663480285920002189 ) ) ;
#7218 = CARTESIAN_POINT ( 'NONE',  ( 13.04541664876672513, 0.02000000000000000042, 6.231186746895458484 ) ) ;
#7219 = CARTESIAN_POINT ( 'NONE',  ( -6.380000000000005222, 0.000000000000000000, -7.360000000000161080 ) ) ;
#7220 = CARTESIAN_POINT ( 'NONE',  ( -13.08735409085670476, 0.000000000000000000, -6.909926085404358709 ) ) ;
#7221 = DIRECTION ( 'NONE',  ( 0.000000000000000000, -1.000000000000000000, -0.000000000000000000 ) ) ;
#7222 = ADVANCED_FACE ( 'NONE', ( #1413 ), #7183, .T. ) ;
#7223 = VERTEX_POINT ( 'NONE', #7299 ) ;
#7224 = CARTESIAN_POINT ( 'NONE',  ( 14.14104925511513500, 0.000000000000000000, -6.366818266689962869 ) ) ;
#7225 = CIRCLE ( 'NONE', #1632, 0.2499999999999993616 ) ;
#7226 = CARTESIAN_POINT ( 'NONE',  ( -13.90828712914905196, 0.02000000000000000042, -6.265369839040768163 ) ) ;
#7227 = ADVANCED_FACE ( 'NONE', ( #7261 ), #5590, .T. ) ;
#7228 = CARTESIAN_POINT ( 'NONE',  ( 14.25253332950675933, 0.02000000000000000042, 5.655269395486352657 ) ) ;
#7229 = VECTOR ( 'NONE', #5856, 1000.000000000000000 ) ;
#7230 = CARTESIAN_POINT ( 'NONE',  ( -14.35997760223495412, 0.000000000000000000, -6.403554715768577488 ) ) ;
#7231 = CARTESIAN_POINT ( 'NONE',  ( 12.91488296744631192, 0.02000000000000000042, 6.167712637996543457 ) ) ;
#7232 = CARTESIAN_POINT ( 'NONE',  ( 13.17460577040884218, 1.355252715606880080E-17, -5.694678193333271743 ) ) ;
#7233 = CARTESIAN_POINT ( 'NONE',  ( 14.28726859537235683, 0.000000000000000000, -5.993437059537591871 ) ) ;
#7234 = VERTEX_POINT ( 'NONE', #6115 ) ;
#7235 = CARTESIAN_POINT ( 'NONE',  ( 14.40528181714196876, 0.000000000000000000, 6.451836093611673206 ) ) ;
#7236 = CARTESIAN_POINT ( 'NONE',  ( -1.300000000000054667, 0.02000000000000000042, 7.359999999999890186 ) ) ;
#7237 = AXIS2_PLACEMENT_3D ( 'NONE', #5579, #989, #388 ) ;
#7238 = AXIS2_PLACEMENT_3D ( 'NONE', #3397, #4408, #5737 ) ;
#7239 = CARTESIAN_POINT ( 'NONE',  ( 14.36862930653005499, 0.02000000000000000042, 6.516905087022298204 ) ) ;
#7240 = CARTESIAN_POINT ( 'NONE',  ( -1.300000000000006040, 0.02000000000000000042, -7.860000000000099796 ) ) ;
#7241 = COLOUR_RGB ( '',0.2509803921568627416, 0.2509803921568627416, 0.2509803921568627416 ) ;
#7242 = CARTESIAN_POINT ( 'NONE',  ( -6.380000000000005222, 0.02000000000000000042, -7.860000000000161968 ) ) ;
#7243 = SURFACE_STYLE_USAGE ( .BOTH. , #420 ) ;
#7244 = ORIENTED_EDGE ( 'NONE', *, *, #6200, .T. ) ;
#7245 = MECHANICAL_DESIGN_GEOMETRIC_PRESENTATION_REPRESENTATION (  '', ( #1071 ), #948 ) ;
#7246 = EDGE_CURVE ( 'NONE', #5039, #308, #1984, .T. ) ;
#7247 = VERTEX_POINT ( 'NONE', #2094 ) ;
#7248 = CARTESIAN_POINT ( 'NONE',  ( 15.42714915879748006, 9.900000000000000355, 9.677149158797467621 ) ) ;
#7249 = DIRECTION ( 'NONE',  ( 0.000000000000000000, -1.000000000000000000, 0.000000000000000000 ) ) ;
#7250 = LINE ( 'NONE', #2585, #5911 ) ;
#7251 = FACE_BOUND ( 'NONE', #6746, .T. ) ;
#7252 = FACE_OUTER_BOUND ( 'NONE', #805, .T. ) ;
#7253 = VERTEX_POINT ( 'NONE', #5481 ) ;
#7254 = CIRCLE ( 'NONE', #1668, 0.2499999999999993616 ) ;
#7255 = ORIENTED_EDGE ( 'NONE', *, *, #4305, .T. ) ;
#7256 = CARTESIAN_POINT ( 'NONE',  ( -1.300000000000054667, 0.02000000000000000042, 7.609999999999890186 ) ) ;
#7257 = B_SPLINE_CURVE_WITH_KNOTS ( 'NONE', 3,
 ( #2980, #4036, #5283, #3020, #5845, #5809, #5249, #4719, #1697, #3584, #2938 ),
 .UNSPECIFIED., .F., .F.,
 ( 4, 1, 1, 1, 1, 1, 1, 1, 4 ),
 ( 0.000000000000000000, 0.1249901170823661950, 0.2395654643902155045, 0.3480573452428470382, 0.4559505208701870038, 0.5713566491068770015, 0.6977519226627759696, 0.8396543720940530253, 1.000000000000000000 ),
 .UNSPECIFIED. ) ;
#7258 = CARTESIAN_POINT ( 'NONE',  ( 14.39448642271454304, 0.02000000000000000042, -5.681313981440982097 ) ) ;
#7259 = CARTESIAN_POINT ( 'NONE',  ( -14.10636327267915213, 1.355252715606880080E-17, -5.610671799169098861 ) ) ;
#7260 = CARTESIAN_POINT ( 'NONE',  ( 14.65864283645421295, 1.355252715606880080E-17, -6.022549802279941744 ) ) ;
#7261 = FACE_OUTER_BOUND ( 'NONE', #1614, .T. ) ;
#7262 = ORIENTED_EDGE ( 'NONE', *, *, #3097, .T. ) ;
#7263 = DIRECTION ( 'NONE',  ( 0.000000000000000000, -1.000000000000000000, -0.000000000000000000 ) ) ;
#7264 = DIRECTION ( 'NONE',  ( 1.000000000000000000, 0.000000000000000000, -1.174997428309413820E-16 ) ) ;
#7265 = ADVANCED_FACE ( 'NONE', ( #290 ), #6153, .T. ) ;
#7266 = CYLINDRICAL_SURFACE ( 'NONE', #5364, 0.2499999999999993616 ) ;
#7267 = FILL_AREA_STYLE ('',( #2603 ) ) ;
#7268 = EDGE_CURVE ( 'NONE', #383, #5039, #2757, .T. ) ;
#7269 = CARTESIAN_POINT ( 'NONE',  ( 13.01714444314553099, 0.000000000000000000, -5.529497384985831765 ) ) ;
#7270 = EDGE_CURVE ( 'NONE', #1456, #5841, #4912, .T. ) ;
#7271 = EDGE_LOOP ( 'NONE', ( #7244, #4031 ) ) ;
#7272 = CARTESIAN_POINT ( 'NONE',  ( 14.10465113043982832, 0.02000000000000000042, -5.613192475020550631 ) ) ;
#7273 = AXIS2_PLACEMENT_3D ( 'NONE', #2160, #7283, #2077 ) ;
#7274 = CARTESIAN_POINT ( 'NONE',  ( 14.44486996921823696, 0.000000000000000000, -6.235155039662332754 ) ) ;
#7275 = ORIENTED_EDGE ( 'NONE', *, *, #5697, .F. ) ;
#7276 = CARTESIAN_POINT ( 'NONE',  ( 14.34225513069230118, 0.000000000000000000, 6.539792446049772501 ) ) ;
#7277 = CARTESIAN_POINT ( 'NONE',  ( 14.65523416248881894, 0.02000000000000000042, 6.420936805112888557 ) ) ;
#7278 = CARTESIAN_POINT ( 'NONE',  ( 14.41529504453981581, 1.355252715606880080E-17, 6.380189753956837961 ) ) ;
#7279 = FACE_OUTER_BOUND ( 'NONE', #5281, .T. ) ;
#7280 = DIRECTION ( 'NONE',  ( -1.000000000000000000, 0.000000000000000000, 1.174997428309413820E-16 ) ) ;
#7281 = ORIENTED_EDGE ( 'NONE', *, *, #1414, .F. ) ;
#7282 = EDGE_LOOP ( 'NONE', ( #7289, #6070, #5807, #1496 ) ) ;
#7283 = DIRECTION ( 'NONE',  ( -1.000000000000000000, 0.000000000000000000, 1.174997428309413820E-16 ) ) ;
#7284 = SURFACE_SIDE_STYLE ('',( #2078 ) ) ;
#7285 = CARTESIAN_POINT ( 'NONE',  ( -13.99863242632505411, 1.355252715606880080E-17, -5.955338359113000024 ) ) ;
#7286 = CARTESIAN_POINT ( 'NONE',  ( -15.42714915879745341, 9.905235721931179071, -9.977103467344397458 ) ) ;
#7287 = CARTESIAN_POINT ( 'NONE',  ( 14.38513650342679995, 0.02000000000000000042, 6.221721085168573140 ) ) ;
#7288 = ORIENTED_EDGE ( 'NONE', *, *, #2746, .F. ) ;
#7289 = ORIENTED_EDGE ( 'NONE', *, *, #1466, .F. ) ;
#7290 = ORIENTED_EDGE ( 'NONE', *, *, #1015, .F. ) ;
#7291 = CARTESIAN_POINT ( 'NONE',  ( 13.06974686342859471, 1.355252715606880080E-17, -5.497411580771241368 ) ) ;
#7292 = VECTOR ( 'NONE', #759, 1000.000000000000000 ) ;
#7293 = VECTOR ( 'NONE', #1760, 1000.000000000000000 ) ;
#7294 = PLANE ( 'NONE',  #3294 ) ;
#7295 = EDGE_CURVE ( 'NONE', #1485, #4126, #3064, .T. ) ;
#7296 = CARTESIAN_POINT ( 'NONE',  ( 14.24605171439455376, 0.000000000000000000, 6.808124569814728133 ) ) ;
#7297 = DIRECTION ( 'NONE',  ( 1.000000000000000000, 0.000000000000000000, -1.174997428309413820E-16 ) ) ;
#7298 = DIRECTION ( 'NONE',  ( 0.000000000000000000, 0.000000000000000000, -1.000000000000000000 ) ) ;
#7299 = CARTESIAN_POINT ( 'NONE',  ( 14.27538595210620009, 0.000000000000000000, -5.413063746327371639 ) ) ;
#7300 = AXIS2_PLACEMENT_3D ( 'NONE', #592, #6806, #7460 ) ;
#7301 = EDGE_LOOP ( 'NONE', ( #3238, #1565, #436, #5300, #6443, #363, #7499, #6063, #2978, #3658, #5591, #2204, #5843 ) ) ;
#7302 = CARTESIAN_POINT ( 'NONE',  ( 15.60004569145308650, 0.000000000000000000, 10.14999999999998970 ) ) ;
#7303 = PRODUCT ( 'ten6win_single_3d_drawing', 'ten6win_single_3d_drawing', '', ( #1952 ) ) ;
#7304 = EDGE_CURVE ( 'NONE', #2220, #3279, #5851, .T. ) ;
#7305 = CARTESIAN_POINT ( 'NONE',  ( 13.93999999999995332, 0.000000000000000000, 7.859999999999998543 ) ) ;
#7306 = PLANE ( 'NONE',  #6564 ) ;
#7307 = CARTESIAN_POINT ( 'NONE',  ( -14.39670371511595448, 0.000000000000000000, -6.451031872640108134 ) ) ;
#7308 = CARTESIAN_POINT ( 'NONE',  ( -14.26577501539955684, 0.02000000000000000042, -5.382704566964908288 ) ) ;
#7309 = CARTESIAN_POINT ( 'NONE',  ( 14.63660113202530688, 0.02000000000000000042, -6.520466270162281752 ) ) ;
#7310 = ORIENTED_EDGE ( 'NONE', *, *, #5467, .F. ) ;
#7311 = CARTESIAN_POINT ( 'NONE',  ( 13.13506312473099058, 1.355252715606880080E-17, -5.723376334671621990 ) ) ;
#7312 = LINE ( 'NONE', #2106, #274 ) ;
#7313 = EDGE_LOOP ( 'NONE', ( #5350, #6082, #4178, #3018 ) ) ;
#7314 = LINE ( 'NONE', #6057, #3214 ) ;
#7315 = CARTESIAN_POINT ( 'NONE',  ( 14.20077547890414671, 0.02000000000000000042, -6.461972702760921727 ) ) ;
#7316 = LINE ( 'NONE', #6667, #2072 ) ;
#7317 = B_SPLINE_CURVE_WITH_KNOTS ( 'NONE', 3,
 ( #1543, #5051, #5652, #461, #4363, #4437, #4898, #6635, #2003, #1439, #3767 ),
 .UNSPECIFIED., .F., .F.,
 ( 4, 1, 1, 1, 1, 1, 1, 1, 4 ),
 ( 0.000000000000000000, 0.1832338588759540032, 0.3505427301142020058, 0.5011988372408110459, 0.6339500770024649734, 0.7500925720806009833, 0.8504341224739849769, 0.9336827195019079539, 1.000000000000000000 ),
 .UNSPECIFIED. ) ;
#7318 = CARTESIAN_POINT ( 'NONE',  ( -14.21328364004435585, 1.355252715606880080E-17, 6.456860635724976483 ) ) ;
#7319 = ADVANCED_FACE ( 'NONE', ( #3031 ), #3589, .T. ) ;
#7320 = EDGE_LOOP ( 'NONE', ( #2910, #5999, #2457, #6154 ) ) ;
#7321 =( GEOMETRIC_REPRESENTATION_CONTEXT ( 3 ) GLOBAL_UNCERTAINTY_ASSIGNED_CONTEXT ( ( #1636 ) ) GLOBAL_UNIT_ASSIGNED_CONTEXT ( ( #494, #3425, #3087 ) ) REPRESENTATION_CONTEXT ( 'NONE', 'WORKASPACE' ) );
#7322 = ORIENTED_EDGE ( 'NONE', *, *, #6143, .F. ) ;
#7323 = CARTESIAN_POINT ( 'NONE',  ( 14.35987492883880101, 0.000000000000000000, 6.176468269876868256 ) ) ;
#7324 = CARTESIAN_POINT ( 'NONE',  ( -15.81216109149980653, -0.0008979873256007029139, 8.823647513114471153 ) ) ;
#7325 = EDGE_CURVE ( 'NONE', #7417, #7482, #777, .T. ) ;
#7326 = CARTESIAN_POINT ( 'NONE',  ( 14.26254706979855058, 0.000000000000000000, 6.807858922300352056 ) ) ;
#7327 = DIRECTION ( 'NONE',  ( 0.000000000000000000, 0.000000000000000000, -1.000000000000000000 ) ) ;
#7328 = CARTESIAN_POINT ( 'NONE',  ( -14.16205382016630487, 0.000000000000000000, 6.794222496495766705 ) ) ;
#7329 = ORIENTED_EDGE ( 'NONE', *, *, #1944, .T. ) ;
#7330 = VERTEX_POINT ( 'NONE', #3100 ) ;
#7331 = EDGE_CURVE ( 'NONE', #2556, #6259, #4833, .T. ) ;
#7332 = EDGE_LOOP ( 'NONE', ( #955, #1055 ) ) ;
#7333 = DIRECTION ( 'NONE',  ( 1.000000000000000000, 0.000000000000000000, 0.000000000000000000 ) ) ;
#7334 = DIRECTION ( 'NONE',  ( 0.000000000000000000, 0.000000000000000000, -1.000000000000000000 ) ) ;
#7335 = CARTESIAN_POINT ( 'NONE',  ( 13.22344149228156951, 0.02000000000000000042, 6.375632078345628173 ) ) ;
#7336 = CARTESIAN_POINT ( 'NONE',  ( 14.29626214590372690, 0.02000000000000000042, -6.492915423375080763 ) ) ;
#7337 = CARTESIAN_POINT ( 'NONE',  ( 14.55308385226313383, 0.000000000000000000, 6.022207841108783377 ) ) ;
#7338 = CARTESIAN_POINT ( 'NONE',  ( 14.50889433844907828, 1.355252715606880080E-17, -5.878755026029711672 ) ) ;
#7339 = PRESENTATION_LAYER_ASSIGNMENT (  '', '', ( #6722 ) ) ;
#7340 = CARTESIAN_POINT ( 'NONE',  ( -13.98716776791250460, 0.000000000000000000, -6.359057999687237839 ) ) ;
#7341 = EDGE_LOOP ( 'NONE', ( #6090, #6662, #2805, #577 ) ) ;
#7342 = DIRECTION ( 'NONE',  ( 0.000000000000000000, 0.000000000000000000, -1.000000000000000000 ) ) ;
#7343 = CARTESIAN_POINT ( 'NONE',  ( 14.66501157078073803, 1.355252715606880080E-17, -5.556593568937011618 ) ) ;
#7344 = EDGE_CURVE ( 'NONE', #4687, #3994, #2276, .T. ) ;
#7345 = CIRCLE ( 'NONE', #3473, 0.2499999999999993616 ) ;
#7346 = FACE_OUTER_BOUND ( 'NONE', #1662, .T. ) ;
#7347 = B_SPLINE_CURVE_WITH_KNOTS ( 'NONE', 3,
 ( #2706, #2163, #4478, #5020, #3806, #2083, #3844, #7328, #3167, #5472, #6107, #2121, #3735, #281, #6038 ),
 .UNSPECIFIED., .F., .F.,
 ( 4, 1, 1, 1, 1, 1, 1, 1, 1, 1, 1, 1, 4 ),
 ( 0.000000000000000000, 0.1046725881823576121, 0.2179224116127555233, 0.3405185375579560247, 0.4735651107347250144, 0.5421968301606570062, 0.6097031823113819859, 0.6755753979924270514, 0.7416019791549910423, 0.8061045072963650693, 0.8709579598542409595, 0.9351362548769800442, 1.000000000000000000 ),
 .UNSPECIFIED. ) ;
#7348 = CARTESIAN_POINT ( 'NONE',  ( -14.45840105868620284, 0.000000000000000000, -6.537272050013808844 ) ) ;
#7349 = CARTESIAN_POINT ( 'NONE',  ( -14.56830668318625577, 0.02000000000000000042, -5.789205204722538411 ) ) ;
#7350 = CARTESIAN_POINT ( 'NONE',  ( 13.89891722993113632, 1.355252715606880080E-17, -6.405430323673741988 ) ) ;
#7351 = ORIENTED_EDGE ( 'NONE', *, *, #4264, .T. ) ;
#7352 = CARTESIAN_POINT ( 'NONE',  ( 14.35770515053850183, 1.355252715606880080E-17, -5.714278506787742629 ) ) ;
#7353 = UNCERTAINTY_MEASURE_WITH_UNIT (LENGTH_MEASURE( 1.000000000000000082E-05 ), #6251, 'distance_accuracy_value', 'NONE');
#7354 = CARTESIAN_POINT ( 'NONE',  ( 14.37650162566719736, 0.02000000000000000042, -6.029577660570501152 ) ) ;
#7355 = EDGE_LOOP ( 'NONE', ( #1693, #7111 ) ) ;
#7356 = DIRECTION ( 'NONE',  ( 0.1788854381999841481, -0.000000000000000000, 0.9838699100999073188 ) ) ;
#7357 = CARTESIAN_POINT ( 'NONE',  ( 14.65574400173664138, 0.02000000000000000042, 6.393604059221968505 ) ) ;
#7358 = VECTOR ( 'NONE', #5018, 1000.000000000000000 ) ;
#7359 = CARTESIAN_POINT ( 'NONE',  ( 14.27740565707272857, 0.02000000000000000042, 6.566387645112482296 ) ) ;
#7360 = CARTESIAN_POINT ( 'NONE',  ( -13.86361159322360592, 0.02000000000000000042, 5.437638346225195818 ) ) ;
#7361 = B_SPLINE_CURVE_WITH_KNOTS ( 'NONE', 3,
 ( #5684, #6850, #5827, #5153, #2261, #6925, #488, #1605, #4584, #2962, #2301, #5228, #5758, #6892, #1050, #4624, #1722, #2811, #1123 ),
 .UNSPECIFIED., .F., .F.,
 ( 4, 1, 1, 1, 1, 1, 1, 1, 1, 1, 1, 1, 1, 1, 1, 1, 4 ),
 ( 0.000000000000000000, 0.07856962044363090258, 0.1524157624279564860, 0.2221662873459989973, 0.2878931881657485481, 0.3501160166683509600, 0.4098419974164504986, 0.4674363432541009944, 0.5238385366738970150, 0.5795328812304100241, 0.6350938630033680088, 0.6915074927775949343, 0.7489429418877879829, 0.8077984992902640382, 0.8692755760138980436, 0.9331844849411520260, 1.000000000000000000 ),
 .UNSPECIFIED. ) ;
#7362 = CARTESIAN_POINT ( 'NONE',  ( 3.779999999999946514, 0.02000000000000000042, 7.859999999999929265 ) ) ;
#7363 = EDGE_CURVE ( 'NONE', #2529, #2356, #3158, .T. ) ;
#7364 = CARTESIAN_POINT ( 'NONE',  ( -13.72776602267490453, 0.000000000000000000, -6.649758738103208167 ) ) ;
#7365 = VERTEX_POINT ( 'NONE', #7066 ) ;
#7366 = ORIENTED_EDGE ( 'NONE', *, *, #2919, .T. ) ;
#7367 = MECHANICAL_DESIGN_GEOMETRIC_PRESENTATION_REPRESENTATION (  '', ( #6025 ), #3495 ) ;
#7368 = CARTESIAN_POINT ( 'NONE',  ( -14.57364102055415600, 0.000000000000000000, 10.06214541707273114 ) ) ;
#7369 =( NAMED_UNIT ( * ) SI_UNIT ( $, .STERADIAN. ) SOLID_ANGLE_UNIT ( ) );
#7370 = ADVANCED_FACE ( 'NONE', ( #7138 ), #5891, .T. ) ;
#7371 = FACE_OUTER_BOUND ( 'NONE', #4062, .T. ) ;
#7372 = AXIS2_PLACEMENT_3D ( 'NONE', #4832, #1367, #1897 ) ;
#7373 = CARTESIAN_POINT ( 'NONE',  ( 14.40253128214963851, 0.02000000000000000042, 6.269139992494237923 ) ) ;
#7374 = ORIENTED_EDGE ( 'NONE', *, *, #6641, .F. ) ;
#7375 = EDGE_CURVE ( 'NONE', #1985, #1782, #4455, .T. ) ;
#7376 = EDGE_LOOP ( 'NONE', ( #2234, #1398, #1908, #2205 ) ) ;
#7377 = ORIENTED_EDGE ( 'NONE', *, *, #6433, .T. ) ;
#7378 = CARTESIAN_POINT ( 'NONE',  ( -13.97848711260990306, 0.000000000000000000, -5.725223350669908839 ) ) ;
#7379 = CARTESIAN_POINT ( 'NONE',  ( 14.05717621245918103, 0.000000000000000000, 6.365087324772478183 ) ) ;
#7380 = AXIS2_PLACEMENT_3D ( 'NONE', #3349, #2155, #7509 ) ;
#7381 = CARTESIAN_POINT ( 'NONE',  ( -14.28992520622125539, 9.900000000000000355, 9.677149158797471173 ) ) ;
#7382 = CARTESIAN_POINT ( 'NONE',  ( 14.40041584206451475, 0.02000000000000000042, -6.424760191807822096 ) ) ;
#7383 = CARTESIAN_POINT ( 'NONE',  ( -14.37905425956880379, 0.02000000000000000042, 6.356432557546476403 ) ) ;
#7384 = ORIENTED_EDGE ( 'NONE', *, *, #368, .F. ) ;
#7385 = COLOUR_RGB ( '',0.2509803921568627416, 0.2509803921568627416, 0.2509803921568627416 ) ;
#7386 = FACE_OUTER_BOUND ( 'NONE', #6055, .T. ) ;
#7387 = CARTESIAN_POINT ( 'NONE',  ( -13.85755576975670600, 1.355252715606880080E-17, -5.467735359676828999 ) ) ;
#7388 = SURFACE_STYLE_FILL_AREA ( #7267 ) ;
#7389 = CARTESIAN_POINT ( 'NONE',  ( -6.380000000000054072, 0.02000000000000000042, 7.609999999999855547 ) ) ;
#7390 = ORIENTED_EDGE ( 'NONE', *, *, #4659, .T. ) ;
#7391 = CARTESIAN_POINT ( 'NONE',  ( 14.25661313213208814, 1.355252715606880080E-17, -5.752632927666632590 ) ) ;
#7392 = CARTESIAN_POINT ( 'NONE',  ( 14.34935890738505293, 0.02000000000000000042, -6.008573445880973196 ) ) ;
#7393 = ORIENTED_EDGE ( 'NONE', *, *, #5237, .T. ) ;
#7394 = CARTESIAN_POINT ( 'NONE',  ( -14.21901951138890396, 0.000000000000000000, -6.649758738103208167 ) ) ;
#7395 = LINE ( 'NONE', #4501, #988 ) ;
#7396 = DIRECTION ( 'NONE',  ( 0.01744974916067969575, 0.9996954598818875715, 0.01744974916067999066 ) ) ;
#7397 = CARTESIAN_POINT ( 'NONE',  ( -13.96952148434860241, 0.02000000000000000042, -5.766981805946079120 ) ) ;
#7398 = AXIS2_PLACEMENT_3D ( 'NONE', #2621, #385, #6220 ) ;
#7399 = CARTESIAN_POINT ( 'NONE',  ( -14.33563360799105624, 1.355252715606880080E-17, 6.377798384243321905 ) ) ;
#7400 = DIRECTION ( 'NONE',  ( -1.174997428309413820E-16, 0.000000000000000000, -1.000000000000000000 ) ) ;
#7401 = ORIENTED_EDGE ( 'NONE', *, *, #3569, .T. ) ;
#7402 = DIRECTION ( 'NONE',  ( -1.174997428309413820E-16, 0.000000000000000000, -1.000000000000000000 ) ) ;
#7403 = CIRCLE ( 'NONE', #7398, 0.2499999999999993616 ) ;
#7404 = CARTESIAN_POINT ( 'NONE',  ( -14.12095041506625748, 0.02000000000000000042, -6.128200059526067278 ) ) ;
#7405 = FACE_OUTER_BOUND ( 'NONE', #2787, .T. ) ;
#7406 = FACE_BOUND ( 'NONE', #4949, .T. ) ;
#7407 = DIRECTION ( 'NONE',  ( 0.000000000000000000, -1.000000000000000000, -0.000000000000000000 ) ) ;
#7408 = ORIENTED_EDGE ( 'NONE', *, *, #1369, .F. ) ;
#7409 = ORIENTED_EDGE ( 'NONE', *, *, #7268, .F. ) ;
#7410 = ORIENTED_EDGE ( 'NONE', *, *, #7344, .F. ) ;
#7411 = B_SPLINE_CURVE_WITH_KNOTS ( 'NONE', 3,
 ( #901, #4387, #6623, #3826, #5792, #5679, #7354, #7392, #2881, #3342, #6845 ),
 .UNSPECIFIED., .F., .F.,
 ( 4, 1, 1, 1, 1, 1, 1, 1, 4 ),
 ( 0.000000000000000000, 0.1673861978402894912, 0.3175069701829464908, 0.4541492594670060168, 0.5810943830083230566, 0.6968750927347350244, 0.8022517942932859691, 0.9004566555579890386, 1.000000000000000000 ),
 .UNSPECIFIED. ) ;
#7412 = CARTESIAN_POINT ( 'NONE',  ( 13.22583559028689493, 1.355252715606880080E-17, -5.357316332562480632 ) ) ;
#7413 = DIRECTION ( 'NONE',  ( 0.000000000000000000, -1.000000000000000000, -0.000000000000000000 ) ) ;
#7414 = DIRECTION ( 'NONE',  ( 1.000000000000000000, 0.000000000000000000, -1.174997428309413820E-16 ) ) ;
#7415 = CARTESIAN_POINT ( 'NONE',  ( -14.17526287637725524, 0.02000000000000000042, 6.488058543138246037 ) ) ;
#7416 = CARTESIAN_POINT ( 'NONE',  ( 14.59654958719982254, 0.02000000000000000042, 6.104851689188293129 ) ) ;
#7417 = VERTEX_POINT ( 'NONE', #137 ) ;
#7418 = COLOUR_RGB ( '',1.000000000000000000, 0.7725490196078431682, 0.000000000000000000 ) ;
#7419 = CARTESIAN_POINT ( 'NONE',  ( 14.58602346708251218, 1.355252715606880080E-17, -5.321956519314822387 ) ) ;
#7420 = COLOUR_RGB ( '',0.2509803921568627416, 0.2509803921568627416, 0.2509803921568627416 ) ;
#7421 = CARTESIAN_POINT ( 'NONE',  ( 13.81747321116333360, 0.02000000000000000042, 6.405409525986563324 ) ) ;
#7422 = CARTESIAN_POINT ( 'NONE',  ( 14.65600290707699216, 0.02000000000000000042, 5.527300706178363221 ) ) ;
#7423 = CARTESIAN_POINT ( 'NONE',  ( 14.28226537715502609, 0.000000000000000000, -5.172909271895553829 ) ) ;
#7424 = CARTESIAN_POINT ( 'NONE',  ( 14.29008290561960415, 0.02000000000000000042, -6.733913355702372705 ) ) ;
#7425 = EDGE_LOOP ( 'NONE', ( #5658, #4050, #3590, #5584 ) ) ;
#7426 = CARTESIAN_POINT ( 'NONE',  ( 13.89381584268822323, 0.02000000000000000042, -5.523367484010882400 ) ) ;
#7427 = PRODUCT_DEFINITION_CONTEXT ( 'detailed design', #6196, 'design' ) ;
#7428 = DIRECTION ( 'NONE',  ( 0.000000000000000000, 0.000000000000000000, -1.000000000000000000 ) ) ;
#7429 = ORIENTED_EDGE ( 'NONE', *, *, #4406, .T. ) ;
#7430 = ADVANCED_FACE ( 'NONE', ( #6388 ), #1184, .T. ) ;
#7431 =( NAMED_UNIT ( * ) SI_UNIT ( $, .STERADIAN. ) SOLID_ANGLE_UNIT ( ) );
#7432 = B_SPLINE_SURFACE_WITH_KNOTS ( 'NONE', 3, 1, ( 
 ( #5715, #1718 ),
 ( #6920, #524 ),
 ( #3378, #2188 ),
 ( #2298, #7466 ),
 ( #4576, #6363 ),
 ( #4538, #1678 ),
 ( #2147, #4465 ),
 ( #6775, #1564 ),
 ( #3903, #6208 ),
 ( #1010, #448 ),
 ( #2769, #5075 ),
 ( #4496, #6813 ),
 ( #3933, #6248 ),
 ( #2375, #2424 ),
 ( #2337, #1200 ) ),
 .UNSPECIFIED., .F., .F., .F.,
 ( 4, 1, 1, 1, 1, 1, 1, 1, 1, 1, 1, 1, 4 ),
 ( 2, 2 ),
 ( 0.000000000000000000, 0.1002236266426686090, 0.2001749505460100054, 0.2998639334848815508, 0.4008683731365195180, 0.4545499337922390137, 0.5143828091139079906, 0.5800153043773640382, 0.6515740227081510128, 0.7295439188579119216, 0.8133326772065809784, 0.9035606845620299810, 1.000000000000000000 ),
 ( 0.000000000000000000, 1.000000000000000000 ),
 .UNSPECIFIED. ) ;
#7433 = SURFACE_SIDE_STYLE ('',( #601 ) ) ;
#7434 = LINE ( 'NONE', #6402, #1706 ) ;
#7435 = CARTESIAN_POINT ( 'NONE',  ( -13.97848711260990306, 0.02000000000000000042, -5.725223350669908839 ) ) ;
#7436 = CARTESIAN_POINT ( 'NONE',  ( -14.42397203356450319, 1.355252715606880080E-17, 6.338217625344515938 ) ) ;
#7437 = CARTESIAN_POINT ( 'NONE',  ( 8.860000000000004761, 0.02000000000000000042, -7.860000000000040288 ) ) ;
#7438 = ORIENTED_EDGE ( 'NONE', *, *, #7097, .T. ) ;
#7439 = SURFACE_STYLE_FILL_AREA ( #5690 ) ;
#7440 = EDGE_CURVE ( 'NONE', #7480, #5063, #213, .T. ) ;
#7441 = CARTESIAN_POINT ( 'NONE',  ( -14.02389400091310634, 1.355252715606880080E-17, -6.000591174404708461 ) ) ;
#7442 = CARTESIAN_POINT ( 'NONE',  ( -14.14303313471325474, 1.355252715606880080E-17, -5.609089348898669058 ) ) ;
#7443 =( LENGTH_UNIT ( ) NAMED_UNIT ( * ) SI_UNIT ( .MILLI., .METRE. ) );
#7444 = EDGE_CURVE ( 'NONE', #4147, #3800, #6004, .T. ) ;
#7445 = CARTESIAN_POINT ( 'NONE',  ( 13.80452460406600856, 0.02000000000000000042, 5.343935109402467631 ) ) ;
#7446 = ORIENTED_EDGE ( 'NONE', *, *, #7110, .F. ) ;
#7447 = ORIENTED_EDGE ( 'NONE', *, *, #1287, .T. ) ;
#7448 = VERTEX_POINT ( 'NONE', #3138 ) ;
#7449 = CARTESIAN_POINT ( 'NONE',  ( 13.16695494066502725, 1.355252715606880080E-17, -5.418660554502062077 ) ) ;
#7450 = CARTESIAN_POINT ( 'NONE',  ( -13.83068507748875220, 2.032879073410320197E-17, -6.154851603172788010 ) ) ;
#7451 = VECTOR ( 'NONE', #1352, 1000.000000000000000 ) ;
#7452 = DIRECTION ( 'NONE',  ( 0.000000000000000000, 0.000000000000000000, -1.000000000000000000 ) ) ;
#7453 = CARTESIAN_POINT ( 'NONE',  ( 13.94872403851419840, 0.02000000000000000042, 6.706904808597138334 ) ) ;
#7454 = VERTEX_POINT ( 'NONE', #2667 ) ;
#7455 = CIRCLE ( 'NONE', #191, 0.2500000000000002220 ) ;
#7456 = CARTESIAN_POINT ( 'NONE',  ( 14.65890716181901787, 1.355252715606880080E-17, -5.485837925021411543 ) ) ;
#7457 = ADVANCED_FACE ( 'NONE', ( #4294 ), #4367, .T. ) ;
#7458 = DIRECTION ( 'NONE',  ( 0.000000000000000000, -1.000000000000000000, 0.000000000000000000 ) ) ;
#7459 = VECTOR ( 'NONE', #3747, 1000.000000000000000 ) ;
#7460 = DIRECTION ( 'NONE',  ( 0.000000000000000000, 0.000000000000000000, -1.000000000000000000 ) ) ;
#7461 = CARTESIAN_POINT ( 'NONE',  ( -14.21901951138890396, 1.016439536705160099E-17, -6.649758738103208167 ) ) ;
#7462 = DIRECTION ( 'NONE',  ( 0.000000000000000000, -1.000000000000000000, -0.000000000000000000 ) ) ;
#7463 = ADVANCED_FACE ( 'NONE', ( #2235 ), #4554, .T. ) ;
#7464 = ORIENTED_EDGE ( 'NONE', *, *, #5953, .F. ) ;
#7465 = LINE ( 'NONE', #1081, #6964 ) ;
#7466 = CARTESIAN_POINT ( 'NONE',  ( -14.56093247604305674, 1.355252715606880080E-17, -6.758010525301577864 ) ) ;
#7467 = EDGE_LOOP ( 'NONE', ( #5208, #1043 ) ) ;
#7468 = DIRECTION ( 'NONE',  ( 1.000000000000000000, 0.000000000000000000, -1.174997428309413820E-16 ) ) ;
#7469 = CARTESIAN_POINT ( 'NONE',  ( 13.52427781722960098, 0.02000000000000000042, -5.172909271895553829 ) ) ;
#7470 = CARTESIAN_POINT ( 'NONE',  ( 13.32327714750457659, 0.02000000000000000042, -5.184021841450362267 ) ) ;
#7471 = CARTESIAN_POINT ( 'NONE',  ( 14.10648759738613833, 0.000000000000000000, -5.597578098254281542 ) ) ;
#7472 = FILL_AREA_STYLE_COLOUR ( '', #212 ) ;
#7473 = CARTESIAN_POINT ( 'NONE',  ( 8.859999999999956799, 0.000000000000000000, 7.609999999999958575 ) ) ;
#7474 = CARTESIAN_POINT ( 'NONE',  ( -6.380000000000005222, 0.02000000000000000042, -7.360000000000161080 ) ) ;
#7475 = VERTEX_POINT ( 'NONE', #2900 ) ;
#7476 = MECHANICAL_DESIGN_GEOMETRIC_PRESENTATION_REPRESENTATION (  '', ( #4334 ), #343 ) ;
#7477 = CARTESIAN_POINT ( 'NONE',  ( 12.91488296744631192, 0.02000000000000000042, 6.167712637996543457 ) ) ;
#7478 = CARTESIAN_POINT ( 'NONE',  ( 14.62075104423736427, 0.000000000000000000, -5.734256216330761546 ) ) ;
#7479 = CARTESIAN_POINT ( 'NONE',  ( 14.06493398524032656, 0.02000000000000000042, 5.823607728917568060 ) ) ;
#7480 = VERTEX_POINT ( 'NONE', #6267 ) ;
#7481 = CARTESIAN_POINT ( 'NONE',  ( 13.23700583162897360, 1.355252715606880080E-17, 6.711695049985517691 ) ) ;
#7482 = VERTEX_POINT ( 'NONE', #502 ) ;
#7483 = VERTEX_POINT ( 'NONE', #2822 ) ;
#7484 = LINE ( 'NONE', #5041, #3616 ) ;
#7485 = FACE_OUTER_BOUND ( 'NONE', #5150, .T. ) ;
#7486 = VECTOR ( 'NONE', #1022, 1000.000000000000000 ) ;
#7487 = CIRCLE ( 'NONE', #6627, 0.2499999999999993616 ) ;
#7488 = CARTESIAN_POINT ( 'NONE',  ( 14.43479870733505166, 1.355252715606880080E-17, -6.341871534461972715 ) ) ;
#7489 = CARTESIAN_POINT ( 'NONE',  ( 13.11792053122264612, 0.02000000000000000042, 6.562373287208223438 ) ) ;
#7490 = EDGE_LOOP ( 'NONE', ( #4565, #3066, #3659, #3943 ) ) ;
#7491 = B_SPLINE_SURFACE_WITH_KNOTS ( 'NONE', 3, 1, ( 
 ( #476, #1111 ),
 ( #1035, #5744 ),
 ( #7492, #6239 ),
 ( #5064, #4608 ),
 ( #2177, #1591 ),
 ( #5629, #6912 ),
 ( #3927, #4003 ),
 ( #3293, #3404 ),
 ( #5668, #2799 ),
 ( #437, #1074 ),
 ( #5103, #7419 ),
 ( #6318, #5593 ),
 ( #6837, #5708 ),
 ( #404, #513 ),
 ( #2832, #1707 ),
 ( #5137, #7456 ),
 ( #2245, #4566 ),
 ( #6157, #3443 ),
 ( #2721, #7343 ) ),
 .UNSPECIFIED., .F., .F., .F.,
 ( 4, 1, 1, 1, 1, 1, 1, 1, 1, 1, 1, 1, 1, 1, 1, 1, 4 ),
 ( 2, 2 ),
 ( 0.000000000000000000, 0.07100693462297520686, 0.1389634504224013800, 0.2040172446691760066, 0.2672358126575070103, 0.3297592516517954819, 0.3922333557121824854, 0.4551522122437309803, 0.5196097778754109608, 0.5840611037659669824, 0.6459596159144179728, 0.7064627874602600333, 0.7653467385920149635, 0.8238034009888789422, 0.8823311130496610533, 0.9409137721218200356, 1.000000000000000000 ),
 ( 0.000000000000000000, 1.000000000000000000 ),
 .UNSPECIFIED. ) ;
#7492 = CARTESIAN_POINT ( 'NONE',  ( 14.32454544628300930, 0.02000000000000000042, -5.173936800613121889 ) ) ;
#7493 = B_SPLINE_CURVE_WITH_KNOTS ( 'NONE', 3,
 ( #2965, #5269, #1802, #2386, #864, #5525, #7156, #6054, #3262, #934, #7192, #2606, #3187, #5605, #5457, #1458, #1495, #5566, #373 ),
 .UNSPECIFIED., .F., .F.,
 ( 4, 1, 1, 1, 1, 1, 1, 1, 1, 1, 1, 1, 1, 1, 1, 1, 4 ),
 ( 0.000000000000000000, 0.06953552338552959622, 0.1380491094433502208, 0.2067556592868234899, 0.2751841688940784847, 0.3446084122002534555, 0.4162313271679284887, 0.4899227518536919956, 0.5661907044333730488, 0.6069271943486329590, 0.6516091837135820075, 0.6996604758182439765, 0.7518555105046909048, 0.8081376385094900527, 0.8682453807129189016, 0.9321950013282009895, 1.000000000000000000 ),
 .UNSPECIFIED. ) ;
#7494 = CARTESIAN_POINT ( 'NONE',  ( -13.75313296404620367, 0.02000000000000000042, -5.638448450440277426 ) ) ;
#7495 = CARTESIAN_POINT ( 'NONE',  ( 14.66501157078073803, 0.02000000000000000042, -5.556593568937011618 ) ) ;
#7496 = CARTESIAN_POINT ( 'NONE',  ( 14.52719772859253133, 0.02000000000000000042, -5.842034644576262536 ) ) ;
#7497 = PRESENTATION_LAYER_ASSIGNMENT (  '', '', ( #5557 ) ) ;
#7498 = CARTESIAN_POINT ( 'NONE',  ( 14.41088559597720753, 1.355252715606880080E-17, -6.714856523472812810 ) ) ;
#7499 = ORIENTED_EDGE ( 'NONE', *, *, #4092, .T. ) ;
#7500 = CARTESIAN_POINT ( 'NONE',  ( 6.319999999999954099, 0.02000000000000000042, 7.859999999999939924 ) ) ;
#7501 = DIRECTION ( 'NONE',  ( 1.174997428309413820E-16, 0.000000000000000000, 1.000000000000000000 ) ) ;
#7502 = EDGE_CURVE ( 'NONE', #4397, #6651, #6226, .T. ) ;
#7503 = SURFACE_STYLE_USAGE ( .BOTH. , #2224 ) ;
#7504 = DIRECTION ( 'NONE',  ( 0.000000000000000000, -1.000000000000000000, -0.000000000000000000 ) ) ;
#7505 = EDGE_CURVE ( 'NONE', #1849, #4896, #3432, .T. ) ;
#7506 = CARTESIAN_POINT ( 'NONE',  ( 13.16695494066502725, 0.02000000000000000042, -5.418660554502062077 ) ) ;
#7507 = CARTESIAN_POINT ( 'NONE',  ( -14.14303313471325474, 0.02000000000000000042, -5.609089348898669058 ) ) ;
#7508 = CARTESIAN_POINT ( 'NONE',  ( -12.84719961642490560, 0.02000000000000000042, -5.368934874466847695 ) ) ;
#7509 = DIRECTION ( 'NONE',  ( 0.000000000000000000, 0.000000000000000000, -1.000000000000000000 ) ) ;
ENDSEC;
END-ISO-10303-21;
