ISO-10303-21;
HEADER;
FILE_DESCRIPTION(('FreeCAD Model'),'2;1');
FILE_NAME('Open CASCADE Shape Model','2026-03-05T17:56:36',(''),(''),
  'Open CASCADE STEP processor 7.8','FreeCAD','Unknown');
FILE_SCHEMA(('AUTOMOTIVE_DESIGN { 1 0 10303 214 1 1 1 1 }'));
ENDSEC;
DATA;
#1 = APPLICATION_PROTOCOL_DEFINITION('international standard',
  'automotive_design',2000,#2);
#2 = APPLICATION_CONTEXT(
  'core data for automotive mechanical design processes');
#3 = SHAPE_DEFINITION_REPRESENTATION(#4,#10);
#4 = PRODUCT_DEFINITION_SHAPE('','',#5);
#5 = PRODUCT_DEFINITION('design','',#6,#9);
#6 = PRODUCT_DEFINITION_FORMATION('','',#7);
#7 = PRODUCT('tmp_RVS002','tmp_RVS002','',(#8));
#8 = PRODUCT_CONTEXT('',#2,'mechanical');
#9 = PRODUCT_DEFINITION_CONTEXT('part definition',#2,'design');
#10 = SHAPE_REPRESENTATION('',(#11,#15,#19,#23,#27,#31,#35,#39,#43,#47,
    #51,#55,#59,#63,#67,#71,#75,#79,#83,#87,#91),#95);
#11 = AXIS2_PLACEMENT_3D('',#12,#13,#14);
#12 = CARTESIAN_POINT('',(0.,0.,0.));
#13 = DIRECTION('',(0.,0.,1.));
#14 = DIRECTION('',(1.,0.,-0.));
#15 = AXIS2_PLACEMENT_3D('',#16,#17,#18);
#16 = CARTESIAN_POINT('',(4.440892098501E-18,2.E-02,0.));
#17 = DIRECTION('',(2.22044604925E-16,1.,4.930380657631E-32));
#18 = DIRECTION('',(-2.22044604925E-16,0.,1.));
#19 = AXIS2_PLACEMENT_3D('',#20,#21,#22);
#20 = CARTESIAN_POINT('',(-4.758401132129E-32,0.,2.142993356553E-16));
#21 = DIRECTION('',(2.22044604925E-16,1.,4.930380657631E-32));
#22 = DIRECTION('',(-2.22044604925E-16,0.,1.));
#23 = AXIS2_PLACEMENT_3D('',#24,#25,#26);
#24 = CARTESIAN_POINT('',(-4.758401132129E-32,0.,2.142993356553E-16));
#25 = DIRECTION('',(2.22044604925E-16,1.,4.930380657631E-32));
#26 = DIRECTION('',(-2.22044604925E-16,0.,1.));
#27 = AXIS2_PLACEMENT_3D('',#28,#29,#30);
#28 = CARTESIAN_POINT('',(-4.758401132129E-32,0.,2.142993356553E-16));
#29 = DIRECTION('',(2.22044604925E-16,1.,4.930380657631E-32));
#30 = DIRECTION('',(-2.22044604925E-16,0.,1.));
#31 = AXIS2_PLACEMENT_3D('',#32,#33,#34);
#32 = CARTESIAN_POINT('',(-4.758401132129E-32,0.,2.142993356553E-16));
#33 = DIRECTION('',(2.22044604925E-16,1.,4.930380657631E-32));
#34 = DIRECTION('',(-2.22044604925E-16,0.,1.));
#35 = AXIS2_PLACEMENT_3D('',#36,#37,#38);
#36 = CARTESIAN_POINT('',(-4.758401132129E-32,0.,2.142993356553E-16));
#37 = DIRECTION('',(2.22044604925E-16,1.,4.930380657631E-32));
#38 = DIRECTION('',(-2.22044604925E-16,0.,1.));
#39 = AXIS2_PLACEMENT_3D('',#40,#41,#42);
#40 = CARTESIAN_POINT('',(-4.758401132129E-32,0.,2.142993356553E-16));
#41 = DIRECTION('',(2.22044604925E-16,1.,4.930380657631E-32));
#42 = DIRECTION('',(-2.22044604925E-16,0.,1.));
#43 = AXIS2_PLACEMENT_3D('',#44,#45,#46);
#44 = CARTESIAN_POINT('',(-4.758401132129E-32,0.,2.142993356553E-16));
#45 = DIRECTION('',(2.22044604925E-16,1.,4.930380657631E-32));
#46 = DIRECTION('',(-2.22044604925E-16,0.,1.));
#47 = AXIS2_PLACEMENT_3D('',#48,#49,#50);
#48 = CARTESIAN_POINT('',(4.440892098501E-18,2.E-02,0.));
#49 = DIRECTION('',(2.22044604925E-16,1.,4.930380657631E-32));
#50 = DIRECTION('',(-2.22044604925E-16,0.,1.));
#51 = AXIS2_PLACEMENT_3D('',#52,#53,#54);
#52 = CARTESIAN_POINT('',(4.440892098501E-18,2.E-02,0.));
#53 = DIRECTION('',(-3.330669073875E-16,1.110223024625E-16,1.));
#54 = DIRECTION('',(1.,-3.330669073875E-16,3.330669073875E-16));
#55 = AXIS2_PLACEMENT_3D('',#56,#57,#58);
#56 = CARTESIAN_POINT('',(4.440892098501E-18,2.E-02,0.));
#57 = DIRECTION('',(-1.,2.22044604925E-16,-3.330669073875E-16));
#58 = DIRECTION('',(2.22044604925E-16,1.,-1.110223024625E-16));
#59 = AXIS2_PLACEMENT_3D('',#60,#61,#62);
#60 = CARTESIAN_POINT('',(4.440892098501E-18,2.E-02,0.));
#61 = DIRECTION('',(2.22044604925E-16,1.,4.930380657631E-32));
#62 = DIRECTION('',(-2.22044604925E-16,0.,1.));
#63 = AXIS2_PLACEMENT_3D('',#64,#65,#66);
#64 = CARTESIAN_POINT('',(4.440892098501E-18,2.E-02,0.));
#65 = DIRECTION('',(-1.,1.570092458684E-16,-2.22044604925E-16));
#66 = DIRECTION('',(-2.22044604925E-16,0.,1.));
#67 = AXIS2_PLACEMENT_3D('',#68,#69,#70);
#68 = CARTESIAN_POINT('',(4.440892098501E-18,2.E-02,0.));
#69 = DIRECTION('',(-3.330669073875E-16,1.110223024625E-16,1.));
#70 = DIRECTION('',(1.,-3.330669073875E-16,3.330669073875E-16));
#71 = AXIS2_PLACEMENT_3D('',#72,#73,#74);
#72 = CARTESIAN_POINT('',(4.440892098501E-18,2.E-02,0.));
#73 = DIRECTION('',(2.22044604925E-16,1.,4.930380657631E-32));
#74 = DIRECTION('',(-2.22044604925E-16,0.,1.));
#75 = AXIS2_PLACEMENT_3D('',#76,#77,#78);
#76 = CARTESIAN_POINT('',(4.440892098501E-18,2.E-02,0.));
#77 = DIRECTION('',(-3.330669073875E-16,1.110223024625E-16,1.));
#78 = DIRECTION('',(1.,-3.330669073875E-16,3.330669073875E-16));
#79 = AXIS2_PLACEMENT_3D('',#80,#81,#82);
#80 = CARTESIAN_POINT('',(4.440892098501E-18,2.E-02,0.));
#81 = DIRECTION('',(-1.,2.22044604925E-16,-3.330669073875E-16));
#82 = DIRECTION('',(2.22044604925E-16,1.,-1.110223024625E-16));
#83 = AXIS2_PLACEMENT_3D('',#84,#85,#86);
#84 = CARTESIAN_POINT('',(4.440892098501E-18,2.E-02,0.));
#85 = DIRECTION('',(2.22044604925E-16,1.,4.930380657631E-32));
#86 = DIRECTION('',(-2.22044604925E-16,0.,1.));
#87 = AXIS2_PLACEMENT_3D('',#88,#89,#90);
#88 = CARTESIAN_POINT('',(4.440892098501E-18,2.E-02,0.));
#89 = DIRECTION('',(-1.,1.570092458684E-16,-2.22044604925E-16));
#90 = DIRECTION('',(-2.22044604925E-16,0.,1.));
#91 = AXIS2_PLACEMENT_3D('',#92,#93,#94);
#92 = CARTESIAN_POINT('',(4.440892098501E-18,2.E-02,0.));
#93 = DIRECTION('',(-3.330669073875E-16,1.110223024625E-16,1.));
#94 = DIRECTION('',(1.,-3.330669073875E-16,3.330669073875E-16));
#95 = ( GEOMETRIC_REPRESENTATION_CONTEXT(3) 
GLOBAL_UNCERTAINTY_ASSIGNED_CONTEXT((#99)) GLOBAL_UNIT_ASSIGNED_CONTEXT(
(#96,#97,#98)) REPRESENTATION_CONTEXT('Context #1',
  '3D Context with UNIT and UNCERTAINTY') );
#96 = ( LENGTH_UNIT() NAMED_UNIT(*) SI_UNIT(.MILLI.,.METRE.) );
#97 = ( NAMED_UNIT(*) PLANE_ANGLE_UNIT() SI_UNIT($,.RADIAN.) );
#98 = ( NAMED_UNIT(*) SI_UNIT($,.STERADIAN.) SOLID_ANGLE_UNIT() );
#99 = UNCERTAINTY_MEASURE_WITH_UNIT(LENGTH_MEASURE(1.E-07),#96,
  'distance_accuracy_value','confusion accuracy');
#100 = PRODUCT_RELATED_PRODUCT_CATEGORY('part',$,(#7));
#101 = SHAPE_DEFINITION_REPRESENTATION(#102,#108);
#102 = PRODUCT_DEFINITION_SHAPE('','',#103);
#103 = PRODUCT_DEFINITION('design','',#104,#107);
#104 = PRODUCT_DEFINITION_FORMATION('','',#105);
#105 = PRODUCT('RPV001-body_默认','RPV001-body_默认','',(#106));
#106 = PRODUCT_CONTEXT('',#2,'mechanical');
#107 = PRODUCT_DEFINITION_CONTEXT('part definition',#2,'design');
#108 = ADVANCED_BREP_SHAPE_REPRESENTATION('',(#11,#109),#1318);
#109 = MANIFOLD_SOLID_BREP('',#110);
#110 = CLOSED_SHELL('',(#111,#153,#193,#320,#351,#469,#491,#689,#707,
    #717,#741,#766,#783,#795,#819,#843,#861,#873,#897,#921,#939,#951,
    #975,#999,#1017,#1029,#1060,#1084,#1108,#1132,#1149,#1162,#1186,
    #1211,#1228,#1240,#1264,#1289,#1306));
#111 = ADVANCED_FACE('',(#112),#148,.F.);
#112 = FACE_BOUND('',#113,.F.);
#113 = EDGE_LOOP('',(#114,#124,#133,#141));
#114 = ORIENTED_EDGE('',*,*,#115,.T.);
#115 = EDGE_CURVE('',#116,#118,#120,.T.);
#116 = VERTEX_POINT('',#117);
#117 = CARTESIAN_POINT('',(-0.575,-0.7,0.72));
#118 = VERTEX_POINT('',#119);
#119 = CARTESIAN_POINT('',(-0.575,-0.7,0.73));
#120 = LINE('',#121,#122);
#121 = CARTESIAN_POINT('',(-0.575,-0.7,0.72));
#122 = VECTOR('',#123,1.);
#123 = DIRECTION('',(-0.,-0.,1.));
#124 = ORIENTED_EDGE('',*,*,#125,.F.);
#125 = EDGE_CURVE('',#126,#118,#128,.T.);
#126 = VERTEX_POINT('',#127);
#127 = CARTESIAN_POINT('',(-0.825,-0.7,0.73));
#128 = CIRCLE('',#129,0.125);
#129 = AXIS2_PLACEMENT_3D('',#130,#131,#132);
#130 = CARTESIAN_POINT('',(-0.7,-0.7,0.73));
#131 = DIRECTION('',(0.,0.,1.));
#132 = DIRECTION('',(1.,0.,-0.));
#133 = ORIENTED_EDGE('',*,*,#134,.F.);
#134 = EDGE_CURVE('',#135,#126,#137,.T.);
#135 = VERTEX_POINT('',#136);
#136 = CARTESIAN_POINT('',(-0.825,-0.7,0.72));
#137 = LINE('',#138,#139);
#138 = CARTESIAN_POINT('',(-0.825,-0.7,0.72));
#139 = VECTOR('',#140,1.);
#140 = DIRECTION('',(-0.,-0.,1.));
#141 = ORIENTED_EDGE('',*,*,#142,.T.);
#142 = EDGE_CURVE('',#135,#116,#143,.T.);
#143 = CIRCLE('',#144,0.125);
#144 = AXIS2_PLACEMENT_3D('',#145,#146,#147);
#145 = CARTESIAN_POINT('',(-0.7,-0.7,0.72));
#146 = DIRECTION('',(0.,0.,1.));
#147 = DIRECTION('',(1.,0.,-0.));
#148 = CYLINDRICAL_SURFACE('',#149,0.125);
#149 = AXIS2_PLACEMENT_3D('',#150,#151,#152);
#150 = CARTESIAN_POINT('',(-0.7,-0.7,0.72));
#151 = DIRECTION('',(-0.,-0.,1.));
#152 = DIRECTION('',(1.,0.,0.));
#153 = ADVANCED_FACE('',(#154),#188,.F.);
#154 = FACE_BOUND('',#155,.T.);
#155 = EDGE_LOOP('',(#156,#166,#174,#182));
#156 = ORIENTED_EDGE('',*,*,#157,.T.);
#157 = EDGE_CURVE('',#158,#160,#162,.T.);
#158 = VERTEX_POINT('',#159);
#159 = CARTESIAN_POINT('',(-1.,1.,0.));
#160 = VERTEX_POINT('',#161);
#161 = CARTESIAN_POINT('',(-1.,-1.,0.));
#162 = LINE('',#163,#164);
#163 = CARTESIAN_POINT('',(-1.,1.,0.));
#164 = VECTOR('',#165,1.);
#165 = DIRECTION('',(-1.084202172486E-16,-1.,0.));
#166 = ORIENTED_EDGE('',*,*,#167,.F.);
#167 = EDGE_CURVE('',#168,#160,#170,.T.);
#168 = VERTEX_POINT('',#169);
#169 = CARTESIAN_POINT('',(-1.,-1.,0.73));
#170 = LINE('',#171,#172);
#171 = CARTESIAN_POINT('',(-1.,-1.,0.73));
#172 = VECTOR('',#173,1.);
#173 = DIRECTION('',(-0.,-0.,-1.));
#174 = ORIENTED_EDGE('',*,*,#175,.F.);
#175 = EDGE_CURVE('',#176,#168,#178,.T.);
#176 = VERTEX_POINT('',#177);
#177 = CARTESIAN_POINT('',(-1.,1.,0.73));
#178 = LINE('',#179,#180);
#179 = CARTESIAN_POINT('',(-1.,1.,0.73));
#180 = VECTOR('',#181,1.);
#181 = DIRECTION('',(-1.084202172486E-16,-1.,0.));
#182 = ORIENTED_EDGE('',*,*,#183,.T.);
#183 = EDGE_CURVE('',#176,#158,#184,.T.);
#184 = LINE('',#185,#186);
#185 = CARTESIAN_POINT('',(-1.,1.,0.73));
#186 = VECTOR('',#187,1.);
#187 = DIRECTION('',(-0.,-0.,-1.));
#188 = PLANE('',#189);
#189 = AXIS2_PLACEMENT_3D('',#190,#191,#192);
#190 = CARTESIAN_POINT('',(-1.,1.,0.73));
#191 = DIRECTION('',(1.,-1.084202172486E-16,0.));
#192 = DIRECTION('',(1.084202172486E-16,1.,0.));
#193 = ADVANCED_FACE('',(#194),#315,.F.);
#194 = FACE_BOUND('',#195,.T.);
#195 = EDGE_LOOP('',(#196,#206,#214,#222,#230,#238,#246,#254,#262,#268,
    #269,#277,#285,#293,#301,#309));
#196 = ORIENTED_EDGE('',*,*,#197,.F.);
#197 = EDGE_CURVE('',#198,#200,#202,.T.);
#198 = VERTEX_POINT('',#199);
#199 = CARTESIAN_POINT('',(0.15,-1.,0.183));
#200 = VERTEX_POINT('',#201);
#201 = CARTESIAN_POINT('',(-0.15,-1.,0.183));
#202 = LINE('',#203,#204);
#203 = CARTESIAN_POINT('',(0.15,-1.,0.183));
#204 = VECTOR('',#205,1.);
#205 = DIRECTION('',(-1.,0.,0.));
#206 = ORIENTED_EDGE('',*,*,#207,.T.);
#207 = EDGE_CURVE('',#198,#208,#210,.T.);
#208 = VERTEX_POINT('',#209);
#209 = CARTESIAN_POINT('',(0.15,-1.,0.));
#210 = LINE('',#211,#212);
#211 = CARTESIAN_POINT('',(0.15,-1.,0.183));
#212 = VECTOR('',#213,1.);
#213 = DIRECTION('',(-0.,-0.,-1.));
#214 = ORIENTED_EDGE('',*,*,#215,.T.);
#215 = EDGE_CURVE('',#208,#216,#218,.T.);
#216 = VERTEX_POINT('',#217);
#217 = CARTESIAN_POINT('',(0.5,-1.,0.));
#218 = LINE('',#219,#220);
#219 = CARTESIAN_POINT('',(-1.,-1.,0.));
#220 = VECTOR('',#221,1.);
#221 = DIRECTION('',(1.,0.,0.));
#222 = ORIENTED_EDGE('',*,*,#223,.F.);
#223 = EDGE_CURVE('',#224,#216,#226,.T.);
#224 = VERTEX_POINT('',#225);
#225 = CARTESIAN_POINT('',(0.5,-1.,0.183));
#226 = LINE('',#227,#228);
#227 = CARTESIAN_POINT('',(0.5,-1.,0.183));
#228 = VECTOR('',#229,1.);
#229 = DIRECTION('',(-0.,-0.,-1.));
#230 = ORIENTED_EDGE('',*,*,#231,.F.);
#231 = EDGE_CURVE('',#232,#224,#234,.T.);
#232 = VERTEX_POINT('',#233);
#233 = CARTESIAN_POINT('',(0.8,-1.,0.183));
#234 = LINE('',#235,#236);
#235 = CARTESIAN_POINT('',(0.8,-1.,0.183));
#236 = VECTOR('',#237,1.);
#237 = DIRECTION('',(-1.,0.,0.));
#238 = ORIENTED_EDGE('',*,*,#239,.T.);
#239 = EDGE_CURVE('',#232,#240,#242,.T.);
#240 = VERTEX_POINT('',#241);
#241 = CARTESIAN_POINT('',(0.8,-1.,0.));
#242 = LINE('',#243,#244);
#243 = CARTESIAN_POINT('',(0.8,-1.,0.183));
#244 = VECTOR('',#245,1.);
#245 = DIRECTION('',(-0.,-0.,-1.));
#246 = ORIENTED_EDGE('',*,*,#247,.T.);
#247 = EDGE_CURVE('',#240,#248,#250,.T.);
#248 = VERTEX_POINT('',#249);
#249 = CARTESIAN_POINT('',(1.,-1.,0.));
#250 = LINE('',#251,#252);
#251 = CARTESIAN_POINT('',(-1.,-1.,0.));
#252 = VECTOR('',#253,1.);
#253 = DIRECTION('',(1.,0.,0.));
#254 = ORIENTED_EDGE('',*,*,#255,.F.);
#255 = EDGE_CURVE('',#256,#248,#258,.T.);
#256 = VERTEX_POINT('',#257);
#257 = CARTESIAN_POINT('',(1.,-1.,0.73));
#258 = LINE('',#259,#260);
#259 = CARTESIAN_POINT('',(1.,-1.,0.73));
#260 = VECTOR('',#261,1.);
#261 = DIRECTION('',(-0.,-0.,-1.));
#262 = ORIENTED_EDGE('',*,*,#263,.F.);
#263 = EDGE_CURVE('',#168,#256,#264,.T.);
#264 = LINE('',#265,#266);
#265 = CARTESIAN_POINT('',(-1.,-1.,0.73));
#266 = VECTOR('',#267,1.);
#267 = DIRECTION('',(1.,0.,0.));
#268 = ORIENTED_EDGE('',*,*,#167,.T.);
#269 = ORIENTED_EDGE('',*,*,#270,.T.);
#270 = EDGE_CURVE('',#160,#271,#273,.T.);
#271 = VERTEX_POINT('',#272);
#272 = CARTESIAN_POINT('',(-0.8,-1.,0.));
#273 = LINE('',#274,#275);
#274 = CARTESIAN_POINT('',(-1.,-1.,0.));
#275 = VECTOR('',#276,1.);
#276 = DIRECTION('',(1.,0.,0.));
#277 = ORIENTED_EDGE('',*,*,#278,.F.);
#278 = EDGE_CURVE('',#279,#271,#281,.T.);
#279 = VERTEX_POINT('',#280);
#280 = CARTESIAN_POINT('',(-0.8,-1.,0.183));
#281 = LINE('',#282,#283);
#282 = CARTESIAN_POINT('',(-0.8,-1.,0.183));
#283 = VECTOR('',#284,1.);
#284 = DIRECTION('',(-0.,-0.,-1.));
#285 = ORIENTED_EDGE('',*,*,#286,.F.);
#286 = EDGE_CURVE('',#287,#279,#289,.T.);
#287 = VERTEX_POINT('',#288);
#288 = CARTESIAN_POINT('',(-0.5,-1.,0.183));
#289 = LINE('',#290,#291);
#290 = CARTESIAN_POINT('',(-0.5,-1.,0.183));
#291 = VECTOR('',#292,1.);
#292 = DIRECTION('',(-1.,0.,0.));
#293 = ORIENTED_EDGE('',*,*,#294,.T.);
#294 = EDGE_CURVE('',#287,#295,#297,.T.);
#295 = VERTEX_POINT('',#296);
#296 = CARTESIAN_POINT('',(-0.5,-1.,0.));
#297 = LINE('',#298,#299);
#298 = CARTESIAN_POINT('',(-0.5,-1.,0.183));
#299 = VECTOR('',#300,1.);
#300 = DIRECTION('',(-0.,-0.,-1.));
#301 = ORIENTED_EDGE('',*,*,#302,.T.);
#302 = EDGE_CURVE('',#295,#303,#305,.T.);
#303 = VERTEX_POINT('',#304);
#304 = CARTESIAN_POINT('',(-0.15,-1.,0.));
#305 = LINE('',#306,#307);
#306 = CARTESIAN_POINT('',(-1.,-1.,0.));
#307 = VECTOR('',#308,1.);
#308 = DIRECTION('',(1.,0.,0.));
#309 = ORIENTED_EDGE('',*,*,#310,.F.);
#310 = EDGE_CURVE('',#200,#303,#311,.T.);
#311 = LINE('',#312,#313);
#312 = CARTESIAN_POINT('',(-0.15,-1.,0.183));
#313 = VECTOR('',#314,1.);
#314 = DIRECTION('',(-0.,-0.,-1.));
#315 = PLANE('',#316);
#316 = AXIS2_PLACEMENT_3D('',#317,#318,#319);
#317 = CARTESIAN_POINT('',(-1.,-1.,0.73));
#318 = DIRECTION('',(0.,1.,0.));
#319 = DIRECTION('',(0.,-0.,1.));
#320 = ADVANCED_FACE('',(#321),#346,.F.);
#321 = FACE_BOUND('',#322,.T.);
#322 = EDGE_LOOP('',(#323,#331,#339,#345));
#323 = ORIENTED_EDGE('',*,*,#324,.T.);
#324 = EDGE_CURVE('',#248,#325,#327,.T.);
#325 = VERTEX_POINT('',#326);
#326 = CARTESIAN_POINT('',(1.,1.,0.));
#327 = LINE('',#328,#329);
#328 = CARTESIAN_POINT('',(1.,1.,0.));
#329 = VECTOR('',#330,1.);
#330 = DIRECTION('',(-1.084202172486E-16,1.,-0.));
#331 = ORIENTED_EDGE('',*,*,#332,.F.);
#332 = EDGE_CURVE('',#333,#325,#335,.T.);
#333 = VERTEX_POINT('',#334);
#334 = CARTESIAN_POINT('',(1.,1.,0.73));
#335 = LINE('',#336,#337);
#336 = CARTESIAN_POINT('',(1.,1.,0.73));
#337 = VECTOR('',#338,1.);
#338 = DIRECTION('',(-0.,-0.,-1.));
#339 = ORIENTED_EDGE('',*,*,#340,.F.);
#340 = EDGE_CURVE('',#256,#333,#341,.T.);
#341 = LINE('',#342,#343);
#342 = CARTESIAN_POINT('',(1.,1.,0.73));
#343 = VECTOR('',#344,1.);
#344 = DIRECTION('',(-1.084202172486E-16,1.,-0.));
#345 = ORIENTED_EDGE('',*,*,#255,.T.);
#346 = PLANE('',#347);
#347 = AXIS2_PLACEMENT_3D('',#348,#349,#350);
#348 = CARTESIAN_POINT('',(1.,1.,0.73));
#349 = DIRECTION('',(-1.,-1.084202172486E-16,0.));
#350 = DIRECTION('',(1.084202172486E-16,-1.,0.));
#351 = ADVANCED_FACE('',(#352),#464,.F.);
#352 = FACE_BOUND('',#353,.T.);
#353 = EDGE_LOOP('',(#354,#364,#372,#380,#388,#394,#395,#401,#402,#410,
    #418,#426,#434,#442,#450,#458));
#354 = ORIENTED_EDGE('',*,*,#355,.T.);
#355 = EDGE_CURVE('',#356,#358,#360,.T.);
#356 = VERTEX_POINT('',#357);
#357 = CARTESIAN_POINT('',(-0.15,1.,0.));
#358 = VERTEX_POINT('',#359);
#359 = CARTESIAN_POINT('',(-0.5,1.,0.));
#360 = LINE('',#361,#362);
#361 = CARTESIAN_POINT('',(-1.,1.,0.));
#362 = VECTOR('',#363,1.);
#363 = DIRECTION('',(-1.,-0.,-0.));
#364 = ORIENTED_EDGE('',*,*,#365,.F.);
#365 = EDGE_CURVE('',#366,#358,#368,.T.);
#366 = VERTEX_POINT('',#367);
#367 = CARTESIAN_POINT('',(-0.5,1.,0.183));
#368 = LINE('',#369,#370);
#369 = CARTESIAN_POINT('',(-0.5,1.,0.183));
#370 = VECTOR('',#371,1.);
#371 = DIRECTION('',(-0.,-0.,-1.));
#372 = ORIENTED_EDGE('',*,*,#373,.F.);
#373 = EDGE_CURVE('',#374,#366,#376,.T.);
#374 = VERTEX_POINT('',#375);
#375 = CARTESIAN_POINT('',(-0.8,1.,0.183));
#376 = LINE('',#377,#378);
#377 = CARTESIAN_POINT('',(-0.8,1.,0.183));
#378 = VECTOR('',#379,1.);
#379 = DIRECTION('',(1.,0.,0.));
#380 = ORIENTED_EDGE('',*,*,#381,.T.);
#381 = EDGE_CURVE('',#374,#382,#384,.T.);
#382 = VERTEX_POINT('',#383);
#383 = CARTESIAN_POINT('',(-0.8,1.,0.));
#384 = LINE('',#385,#386);
#385 = CARTESIAN_POINT('',(-0.8,1.,0.183));
#386 = VECTOR('',#387,1.);
#387 = DIRECTION('',(-0.,-0.,-1.));
#388 = ORIENTED_EDGE('',*,*,#389,.T.);
#389 = EDGE_CURVE('',#382,#158,#390,.T.);
#390 = LINE('',#391,#392);
#391 = CARTESIAN_POINT('',(-1.,1.,0.));
#392 = VECTOR('',#393,1.);
#393 = DIRECTION('',(-1.,-0.,-0.));
#394 = ORIENTED_EDGE('',*,*,#183,.F.);
#395 = ORIENTED_EDGE('',*,*,#396,.F.);
#396 = EDGE_CURVE('',#333,#176,#397,.T.);
#397 = LINE('',#398,#399);
#398 = CARTESIAN_POINT('',(-1.,1.,0.73));
#399 = VECTOR('',#400,1.);
#400 = DIRECTION('',(-1.,-0.,-0.));
#401 = ORIENTED_EDGE('',*,*,#332,.T.);
#402 = ORIENTED_EDGE('',*,*,#403,.T.);
#403 = EDGE_CURVE('',#325,#404,#406,.T.);
#404 = VERTEX_POINT('',#405);
#405 = CARTESIAN_POINT('',(0.8,1.,0.));
#406 = LINE('',#407,#408);
#407 = CARTESIAN_POINT('',(-1.,1.,0.));
#408 = VECTOR('',#409,1.);
#409 = DIRECTION('',(-1.,-0.,-0.));
#410 = ORIENTED_EDGE('',*,*,#411,.F.);
#411 = EDGE_CURVE('',#412,#404,#414,.T.);
#412 = VERTEX_POINT('',#413);
#413 = CARTESIAN_POINT('',(0.8,1.,0.183));
#414 = LINE('',#415,#416);
#415 = CARTESIAN_POINT('',(0.8,1.,0.183));
#416 = VECTOR('',#417,1.);
#417 = DIRECTION('',(-0.,-0.,-1.));
#418 = ORIENTED_EDGE('',*,*,#419,.F.);
#419 = EDGE_CURVE('',#420,#412,#422,.T.);
#420 = VERTEX_POINT('',#421);
#421 = CARTESIAN_POINT('',(0.5,1.,0.183));
#422 = LINE('',#423,#424);
#423 = CARTESIAN_POINT('',(0.5,1.,0.183));
#424 = VECTOR('',#425,1.);
#425 = DIRECTION('',(1.,0.,0.));
#426 = ORIENTED_EDGE('',*,*,#427,.T.);
#427 = EDGE_CURVE('',#420,#428,#430,.T.);
#428 = VERTEX_POINT('',#429);
#429 = CARTESIAN_POINT('',(0.5,1.,0.));
#430 = LINE('',#431,#432);
#431 = CARTESIAN_POINT('',(0.5,1.,0.183));
#432 = VECTOR('',#433,1.);
#433 = DIRECTION('',(-0.,-0.,-1.));
#434 = ORIENTED_EDGE('',*,*,#435,.T.);
#435 = EDGE_CURVE('',#428,#436,#438,.T.);
#436 = VERTEX_POINT('',#437);
#437 = CARTESIAN_POINT('',(0.15,1.,0.));
#438 = LINE('',#439,#440);
#439 = CARTESIAN_POINT('',(-1.,1.,0.));
#440 = VECTOR('',#441,1.);
#441 = DIRECTION('',(-1.,-0.,-0.));
#442 = ORIENTED_EDGE('',*,*,#443,.F.);
#443 = EDGE_CURVE('',#444,#436,#446,.T.);
#444 = VERTEX_POINT('',#445);
#445 = CARTESIAN_POINT('',(0.15,1.,0.183));
#446 = LINE('',#447,#448);
#447 = CARTESIAN_POINT('',(0.15,1.,0.183));
#448 = VECTOR('',#449,1.);
#449 = DIRECTION('',(-0.,-0.,-1.));
#450 = ORIENTED_EDGE('',*,*,#451,.F.);
#451 = EDGE_CURVE('',#452,#444,#454,.T.);
#452 = VERTEX_POINT('',#453);
#453 = CARTESIAN_POINT('',(-0.15,1.,0.183));
#454 = LINE('',#455,#456);
#455 = CARTESIAN_POINT('',(-0.15,1.,0.183));
#456 = VECTOR('',#457,1.);
#457 = DIRECTION('',(1.,0.,0.));
#458 = ORIENTED_EDGE('',*,*,#459,.T.);
#459 = EDGE_CURVE('',#452,#356,#460,.T.);
#460 = LINE('',#461,#462);
#461 = CARTESIAN_POINT('',(-0.15,1.,0.183));
#462 = VECTOR('',#463,1.);
#463 = DIRECTION('',(-0.,-0.,-1.));
#464 = PLANE('',#465);
#465 = AXIS2_PLACEMENT_3D('',#466,#467,#468);
#466 = CARTESIAN_POINT('',(-1.,1.,0.73));
#467 = DIRECTION('',(0.,-1.,0.));
#468 = DIRECTION('',(0.,-0.,-1.));
#469 = ADVANCED_FACE('',(#470,#480),#486,.T.);
#470 = FACE_BOUND('',#471,.T.);
#471 = EDGE_LOOP('',(#472,#479));
#472 = ORIENTED_EDGE('',*,*,#473,.F.);
#473 = EDGE_CURVE('',#118,#126,#474,.T.);
#474 = CIRCLE('',#475,0.125);
#475 = AXIS2_PLACEMENT_3D('',#476,#477,#478);
#476 = CARTESIAN_POINT('',(-0.7,-0.7,0.73));
#477 = DIRECTION('',(0.,0.,1.));
#478 = DIRECTION('',(1.,0.,-0.));
#479 = ORIENTED_EDGE('',*,*,#125,.F.);
#480 = FACE_BOUND('',#481,.T.);
#481 = EDGE_LOOP('',(#482,#483,#484,#485));
#482 = ORIENTED_EDGE('',*,*,#175,.T.);
#483 = ORIENTED_EDGE('',*,*,#263,.T.);
#484 = ORIENTED_EDGE('',*,*,#340,.T.);
#485 = ORIENTED_EDGE('',*,*,#396,.T.);
#486 = PLANE('',#487);
#487 = AXIS2_PLACEMENT_3D('',#488,#489,#490);
#488 = CARTESIAN_POINT('',(0.,0.,0.73));
#489 = DIRECTION('',(-0.,0.,1.));
#490 = DIRECTION('',(1.,0.,0.));
#491 = ADVANCED_FACE('',(#492,#534),#684,.F.);
#492 = FACE_BOUND('',#493,.T.);
#493 = EDGE_LOOP('',(#494,#504,#512,#520,#528));
#494 = ORIENTED_EDGE('',*,*,#495,.F.);
#495 = EDGE_CURVE('',#496,#498,#500,.T.);
#496 = VERTEX_POINT('',#497);
#497 = CARTESIAN_POINT('',(-0.8,-0.225,0.));
#498 = VERTEX_POINT('',#499);
#499 = CARTESIAN_POINT('',(-0.8,0.475,0.));
#500 = LINE('',#501,#502);
#501 = CARTESIAN_POINT('',(-0.8,-0.225,0.));
#502 = VECTOR('',#503,1.);
#503 = DIRECTION('',(-1.548860246408E-16,1.,0.));
#504 = ORIENTED_EDGE('',*,*,#505,.F.);
#505 = EDGE_CURVE('',#506,#496,#508,.T.);
#506 = VERTEX_POINT('',#507);
#507 = CARTESIAN_POINT('',(-0.55,-0.475,0.));
#508 = LINE('',#509,#510);
#509 = CARTESIAN_POINT('',(-0.55,-0.475,0.));
#510 = VECTOR('',#511,1.);
#511 = DIRECTION('',(-0.707106781187,0.707106781187,0.));
#512 = ORIENTED_EDGE('',*,*,#513,.F.);
#513 = EDGE_CURVE('',#514,#506,#516,.T.);
#514 = VERTEX_POINT('',#515);
#515 = CARTESIAN_POINT('',(0.8,-0.475,0.));
#516 = LINE('',#517,#518);
#517 = CARTESIAN_POINT('',(0.8,-0.475,0.));
#518 = VECTOR('',#519,1.);
#519 = DIRECTION('',(-1.,4.015563601798E-17,0.));
#520 = ORIENTED_EDGE('',*,*,#521,.F.);
#521 = EDGE_CURVE('',#522,#514,#524,.T.);
#522 = VERTEX_POINT('',#523);
#523 = CARTESIAN_POINT('',(0.8,0.475,0.));
#524 = LINE('',#525,#526);
#525 = CARTESIAN_POINT('',(0.8,0.475,0.));
#526 = VECTOR('',#527,1.);
#527 = DIRECTION('',(2.282530889443E-16,-1.,0.));
#528 = ORIENTED_EDGE('',*,*,#529,.F.);
#529 = EDGE_CURVE('',#498,#522,#530,.T.);
#530 = LINE('',#531,#532);
#531 = CARTESIAN_POINT('',(-0.8,0.475,0.));
#532 = VECTOR('',#533,1.);
#533 = DIRECTION('',(1.,0.,0.));
#534 = FACE_BOUND('',#535,.T.);
#535 = EDGE_LOOP('',(#536,#537,#545,#554,#560,#561,#569,#578,#584,#585,
    #586,#587,#595,#604,#610,#611,#619,#628,#634,#635,#643,#652,#658,
    #659,#660,#661,#669,#678));
#536 = ORIENTED_EDGE('',*,*,#215,.F.);
#537 = ORIENTED_EDGE('',*,*,#538,.F.);
#538 = EDGE_CURVE('',#539,#208,#541,.T.);
#539 = VERTEX_POINT('',#540);
#540 = CARTESIAN_POINT('',(0.15,-0.85,0.));
#541 = LINE('',#542,#543);
#542 = CARTESIAN_POINT('',(0.15,-0.85,0.));
#543 = VECTOR('',#544,1.);
#544 = DIRECTION('',(0.,-1.,0.));
#545 = ORIENTED_EDGE('',*,*,#546,.F.);
#546 = EDGE_CURVE('',#547,#539,#549,.T.);
#547 = VERTEX_POINT('',#548);
#548 = CARTESIAN_POINT('',(-0.15,-0.85,0.));
#549 = CIRCLE('',#550,0.15);
#550 = AXIS2_PLACEMENT_3D('',#551,#552,#553);
#551 = CARTESIAN_POINT('',(1.329841727189E-16,-0.85,0.));
#552 = DIRECTION('',(0.,0.,-1.));
#553 = DIRECTION('',(-1.,0.,0.));
#554 = ORIENTED_EDGE('',*,*,#555,.F.);
#555 = EDGE_CURVE('',#303,#547,#556,.T.);
#556 = LINE('',#557,#558);
#557 = CARTESIAN_POINT('',(-0.15,-1.,0.));
#558 = VECTOR('',#559,1.);
#559 = DIRECTION('',(0.,1.,0.));
#560 = ORIENTED_EDGE('',*,*,#302,.F.);
#561 = ORIENTED_EDGE('',*,*,#562,.F.);
#562 = EDGE_CURVE('',#563,#295,#565,.T.);
#563 = VERTEX_POINT('',#564);
#564 = CARTESIAN_POINT('',(-0.5,-0.85,0.));
#565 = LINE('',#566,#567);
#566 = CARTESIAN_POINT('',(-0.5,-0.85,0.));
#567 = VECTOR('',#568,1.);
#568 = DIRECTION('',(7.228014483237E-16,-1.,0.));
#569 = ORIENTED_EDGE('',*,*,#570,.F.);
#570 = EDGE_CURVE('',#571,#563,#573,.T.);
#571 = VERTEX_POINT('',#572);
#572 = CARTESIAN_POINT('',(-0.8,-0.85,0.));
#573 = CIRCLE('',#574,0.15);
#574 = AXIS2_PLACEMENT_3D('',#575,#576,#577);
#575 = CARTESIAN_POINT('',(-0.65,-0.85,0.));
#576 = DIRECTION('',(0.,0.,-1.));
#577 = DIRECTION('',(-1.,0.,0.));
#578 = ORIENTED_EDGE('',*,*,#579,.F.);
#579 = EDGE_CURVE('',#271,#571,#580,.T.);
#580 = LINE('',#581,#582);
#581 = CARTESIAN_POINT('',(-0.8,-1.,0.));
#582 = VECTOR('',#583,1.);
#583 = DIRECTION('',(7.228014483237E-16,1.,0.));
#584 = ORIENTED_EDGE('',*,*,#270,.F.);
#585 = ORIENTED_EDGE('',*,*,#157,.F.);
#586 = ORIENTED_EDGE('',*,*,#389,.F.);
#587 = ORIENTED_EDGE('',*,*,#588,.F.);
#588 = EDGE_CURVE('',#589,#382,#591,.T.);
#589 = VERTEX_POINT('',#590);
#590 = CARTESIAN_POINT('',(-0.8,0.85,0.));
#591 = LINE('',#592,#593);
#592 = CARTESIAN_POINT('',(-0.8,0.85,0.));
#593 = VECTOR('',#594,1.);
#594 = DIRECTION('',(-7.228014483237E-16,1.,0.));
#595 = ORIENTED_EDGE('',*,*,#596,.F.);
#596 = EDGE_CURVE('',#597,#589,#599,.T.);
#597 = VERTEX_POINT('',#598);
#598 = CARTESIAN_POINT('',(-0.5,0.85,0.));
#599 = CIRCLE('',#600,0.15);
#600 = AXIS2_PLACEMENT_3D('',#601,#602,#603);
#601 = CARTESIAN_POINT('',(-0.65,0.85,0.));
#602 = DIRECTION('',(0.,0.,-1.));
#603 = DIRECTION('',(-1.,0.,0.));
#604 = ORIENTED_EDGE('',*,*,#605,.F.);
#605 = EDGE_CURVE('',#358,#597,#606,.T.);
#606 = LINE('',#607,#608);
#607 = CARTESIAN_POINT('',(-0.5,1.,0.));
#608 = VECTOR('',#609,1.);
#609 = DIRECTION('',(-7.228014483237E-16,-1.,0.));
#610 = ORIENTED_EDGE('',*,*,#355,.F.);
#611 = ORIENTED_EDGE('',*,*,#612,.F.);
#612 = EDGE_CURVE('',#613,#356,#615,.T.);
#613 = VERTEX_POINT('',#614);
#614 = CARTESIAN_POINT('',(-0.15,0.85,0.));
#615 = LINE('',#616,#617);
#616 = CARTESIAN_POINT('',(-0.15,0.85,0.));
#617 = VECTOR('',#618,1.);
#618 = DIRECTION('',(0.,1.,0.));
#619 = ORIENTED_EDGE('',*,*,#620,.F.);
#620 = EDGE_CURVE('',#621,#613,#623,.T.);
#621 = VERTEX_POINT('',#622);
#622 = CARTESIAN_POINT('',(0.15,0.85,0.));
#623 = CIRCLE('',#624,0.15);
#624 = AXIS2_PLACEMENT_3D('',#625,#626,#627);
#625 = CARTESIAN_POINT('',(1.871942813432E-16,0.85,0.));
#626 = DIRECTION('',(0.,0.,-1.));
#627 = DIRECTION('',(-1.,0.,0.));
#628 = ORIENTED_EDGE('',*,*,#629,.F.);
#629 = EDGE_CURVE('',#436,#621,#630,.T.);
#630 = LINE('',#631,#632);
#631 = CARTESIAN_POINT('',(0.15,1.,0.));
#632 = VECTOR('',#633,1.);
#633 = DIRECTION('',(0.,-1.,0.));
#634 = ORIENTED_EDGE('',*,*,#435,.F.);
#635 = ORIENTED_EDGE('',*,*,#636,.F.);
#636 = EDGE_CURVE('',#637,#428,#639,.T.);
#637 = VERTEX_POINT('',#638);
#638 = CARTESIAN_POINT('',(0.5,0.85,0.));
#639 = LINE('',#640,#641);
#640 = CARTESIAN_POINT('',(0.5,0.85,0.));
#641 = VECTOR('',#642,1.);
#642 = DIRECTION('',(-7.228014483237E-16,1.,0.));
#643 = ORIENTED_EDGE('',*,*,#644,.F.);
#644 = EDGE_CURVE('',#645,#637,#647,.T.);
#645 = VERTEX_POINT('',#646);
#646 = CARTESIAN_POINT('',(0.8,0.85,0.));
#647 = CIRCLE('',#648,0.15);
#648 = AXIS2_PLACEMENT_3D('',#649,#650,#651);
#649 = CARTESIAN_POINT('',(0.65,0.85,0.));
#650 = DIRECTION('',(0.,0.,-1.));
#651 = DIRECTION('',(-1.,0.,0.));
#652 = ORIENTED_EDGE('',*,*,#653,.F.);
#653 = EDGE_CURVE('',#404,#645,#654,.T.);
#654 = LINE('',#655,#656);
#655 = CARTESIAN_POINT('',(0.8,1.,0.));
#656 = VECTOR('',#657,1.);
#657 = DIRECTION('',(-7.228014483237E-16,-1.,0.));
#658 = ORIENTED_EDGE('',*,*,#403,.F.);
#659 = ORIENTED_EDGE('',*,*,#324,.F.);
#660 = ORIENTED_EDGE('',*,*,#247,.F.);
#661 = ORIENTED_EDGE('',*,*,#662,.F.);
#662 = EDGE_CURVE('',#663,#240,#665,.T.);
#663 = VERTEX_POINT('',#664);
#664 = CARTESIAN_POINT('',(0.8,-0.85,0.));
#665 = LINE('',#666,#667);
#666 = CARTESIAN_POINT('',(0.8,-0.85,0.));
#667 = VECTOR('',#668,1.);
#668 = DIRECTION('',(7.228014483237E-16,-1.,0.));
#669 = ORIENTED_EDGE('',*,*,#670,.F.);
#670 = EDGE_CURVE('',#671,#663,#673,.T.);
#671 = VERTEX_POINT('',#672);
#672 = CARTESIAN_POINT('',(0.5,-0.85,0.));
#673 = CIRCLE('',#674,0.15);
#674 = AXIS2_PLACEMENT_3D('',#675,#676,#677);
#675 = CARTESIAN_POINT('',(0.65,-0.85,0.));
#676 = DIRECTION('',(0.,0.,-1.));
#677 = DIRECTION('',(-1.,0.,0.));
#678 = ORIENTED_EDGE('',*,*,#679,.F.);
#679 = EDGE_CURVE('',#216,#671,#680,.T.);
#680 = LINE('',#681,#682);
#681 = CARTESIAN_POINT('',(0.5,-1.,0.));
#682 = VECTOR('',#683,1.);
#683 = DIRECTION('',(7.228014483237E-16,1.,0.));
#684 = PLANE('',#685);
#685 = AXIS2_PLACEMENT_3D('',#686,#687,#688);
#686 = CARTESIAN_POINT('',(0.,0.,0.));
#687 = DIRECTION('',(-0.,0.,1.));
#688 = DIRECTION('',(1.,0.,0.));
#689 = ADVANCED_FACE('',(#690),#702,.F.);
#690 = FACE_BOUND('',#691,.F.);
#691 = EDGE_LOOP('',(#692,#693,#694,#701));
#692 = ORIENTED_EDGE('',*,*,#473,.F.);
#693 = ORIENTED_EDGE('',*,*,#115,.F.);
#694 = ORIENTED_EDGE('',*,*,#695,.T.);
#695 = EDGE_CURVE('',#116,#135,#696,.T.);
#696 = CIRCLE('',#697,0.125);
#697 = AXIS2_PLACEMENT_3D('',#698,#699,#700);
#698 = CARTESIAN_POINT('',(-0.7,-0.7,0.72));
#699 = DIRECTION('',(0.,0.,1.));
#700 = DIRECTION('',(1.,0.,-0.));
#701 = ORIENTED_EDGE('',*,*,#134,.T.);
#702 = CYLINDRICAL_SURFACE('',#703,0.125);
#703 = AXIS2_PLACEMENT_3D('',#704,#705,#706);
#704 = CARTESIAN_POINT('',(-0.7,-0.7,0.72));
#705 = DIRECTION('',(-0.,-0.,1.));
#706 = DIRECTION('',(1.,0.,0.));
#707 = ADVANCED_FACE('',(#708),#712,.T.);
#708 = FACE_BOUND('',#709,.T.);
#709 = EDGE_LOOP('',(#710,#711));
#710 = ORIENTED_EDGE('',*,*,#695,.T.);
#711 = ORIENTED_EDGE('',*,*,#142,.T.);
#712 = PLANE('',#713);
#713 = AXIS2_PLACEMENT_3D('',#714,#715,#716);
#714 = CARTESIAN_POINT('',(-0.7,-0.7,0.72));
#715 = DIRECTION('',(0.,0.,1.));
#716 = DIRECTION('',(1.,0.,-0.));
#717 = ADVANCED_FACE('',(#718),#736,.F.);
#718 = FACE_BOUND('',#719,.T.);
#719 = EDGE_LOOP('',(#720,#721,#722,#730));
#720 = ORIENTED_EDGE('',*,*,#562,.T.);
#721 = ORIENTED_EDGE('',*,*,#294,.F.);
#722 = ORIENTED_EDGE('',*,*,#723,.F.);
#723 = EDGE_CURVE('',#724,#287,#726,.T.);
#724 = VERTEX_POINT('',#725);
#725 = CARTESIAN_POINT('',(-0.5,-0.85,0.183));
#726 = LINE('',#727,#728);
#727 = CARTESIAN_POINT('',(-0.5,-0.85,0.183));
#728 = VECTOR('',#729,1.);
#729 = DIRECTION('',(7.228014483237E-16,-1.,0.));
#730 = ORIENTED_EDGE('',*,*,#731,.T.);
#731 = EDGE_CURVE('',#724,#563,#732,.T.);
#732 = LINE('',#733,#734);
#733 = CARTESIAN_POINT('',(-0.5,-0.85,0.183));
#734 = VECTOR('',#735,1.);
#735 = DIRECTION('',(-0.,-0.,-1.));
#736 = PLANE('',#737);
#737 = AXIS2_PLACEMENT_3D('',#738,#739,#740);
#738 = CARTESIAN_POINT('',(-0.5,-0.85,0.183));
#739 = DIRECTION('',(1.,7.228014483237E-16,-0.));
#740 = DIRECTION('',(-7.228014483237E-16,1.,0.));
#741 = ADVANCED_FACE('',(#742),#761,.F.);
#742 = FACE_BOUND('',#743,.F.);
#743 = EDGE_LOOP('',(#744,#752,#759,#760));
#744 = ORIENTED_EDGE('',*,*,#745,.F.);
#745 = EDGE_CURVE('',#746,#571,#748,.T.);
#746 = VERTEX_POINT('',#747);
#747 = CARTESIAN_POINT('',(-0.8,-0.85,0.183));
#748 = LINE('',#749,#750);
#749 = CARTESIAN_POINT('',(-0.8,-0.85,0.183));
#750 = VECTOR('',#751,1.);
#751 = DIRECTION('',(-0.,-0.,-1.));
#752 = ORIENTED_EDGE('',*,*,#753,.T.);
#753 = EDGE_CURVE('',#746,#724,#754,.T.);
#754 = CIRCLE('',#755,0.15);
#755 = AXIS2_PLACEMENT_3D('',#756,#757,#758);
#756 = CARTESIAN_POINT('',(-0.65,-0.85,0.183));
#757 = DIRECTION('',(0.,0.,-1.));
#758 = DIRECTION('',(-1.,0.,0.));
#759 = ORIENTED_EDGE('',*,*,#731,.T.);
#760 = ORIENTED_EDGE('',*,*,#570,.F.);
#761 = CYLINDRICAL_SURFACE('',#762,0.15);
#762 = AXIS2_PLACEMENT_3D('',#763,#764,#765);
#763 = CARTESIAN_POINT('',(-0.65,-0.85,0.183));
#764 = DIRECTION('',(-0.,-0.,-1.));
#765 = DIRECTION('',(-1.,0.,0.));
#766 = ADVANCED_FACE('',(#767),#778,.F.);
#767 = FACE_BOUND('',#768,.T.);
#768 = EDGE_LOOP('',(#769,#770,#771,#777));
#769 = ORIENTED_EDGE('',*,*,#579,.T.);
#770 = ORIENTED_EDGE('',*,*,#745,.F.);
#771 = ORIENTED_EDGE('',*,*,#772,.F.);
#772 = EDGE_CURVE('',#279,#746,#773,.T.);
#773 = LINE('',#774,#775);
#774 = CARTESIAN_POINT('',(-0.8,-1.,0.183));
#775 = VECTOR('',#776,1.);
#776 = DIRECTION('',(7.228014483237E-16,1.,0.));
#777 = ORIENTED_EDGE('',*,*,#278,.T.);
#778 = PLANE('',#779);
#779 = AXIS2_PLACEMENT_3D('',#780,#781,#782);
#780 = CARTESIAN_POINT('',(-0.8,-1.,0.183));
#781 = DIRECTION('',(-1.,7.228014483237E-16,0.));
#782 = DIRECTION('',(-7.228014483237E-16,-1.,0.));
#783 = ADVANCED_FACE('',(#784),#790,.T.);
#784 = FACE_BOUND('',#785,.T.);
#785 = EDGE_LOOP('',(#786,#787,#788,#789));
#786 = ORIENTED_EDGE('',*,*,#286,.T.);
#787 = ORIENTED_EDGE('',*,*,#772,.T.);
#788 = ORIENTED_EDGE('',*,*,#753,.T.);
#789 = ORIENTED_EDGE('',*,*,#723,.T.);
#790 = PLANE('',#791);
#791 = AXIS2_PLACEMENT_3D('',#792,#793,#794);
#792 = CARTESIAN_POINT('',(-0.65,-0.85,0.183));
#793 = DIRECTION('',(0.,0.,-1.));
#794 = DIRECTION('',(-1.,0.,-0.));
#795 = ADVANCED_FACE('',(#796),#814,.F.);
#796 = FACE_BOUND('',#797,.T.);
#797 = EDGE_LOOP('',(#798,#799,#807,#813));
#798 = ORIENTED_EDGE('',*,*,#653,.T.);
#799 = ORIENTED_EDGE('',*,*,#800,.F.);
#800 = EDGE_CURVE('',#801,#645,#803,.T.);
#801 = VERTEX_POINT('',#802);
#802 = CARTESIAN_POINT('',(0.8,0.85,0.183));
#803 = LINE('',#804,#805);
#804 = CARTESIAN_POINT('',(0.8,0.85,0.183));
#805 = VECTOR('',#806,1.);
#806 = DIRECTION('',(-0.,-0.,-1.));
#807 = ORIENTED_EDGE('',*,*,#808,.F.);
#808 = EDGE_CURVE('',#412,#801,#809,.T.);
#809 = LINE('',#810,#811);
#810 = CARTESIAN_POINT('',(0.8,1.,0.183));
#811 = VECTOR('',#812,1.);
#812 = DIRECTION('',(-7.228014483237E-16,-1.,0.));
#813 = ORIENTED_EDGE('',*,*,#411,.T.);
#814 = PLANE('',#815);
#815 = AXIS2_PLACEMENT_3D('',#816,#817,#818);
#816 = CARTESIAN_POINT('',(0.8,1.,0.183));
#817 = DIRECTION('',(1.,-7.228014483237E-16,0.));
#818 = DIRECTION('',(7.228014483237E-16,1.,0.));
#819 = ADVANCED_FACE('',(#820),#838,.F.);
#820 = FACE_BOUND('',#821,.T.);
#821 = EDGE_LOOP('',(#822,#823,#824,#832));
#822 = ORIENTED_EDGE('',*,*,#636,.T.);
#823 = ORIENTED_EDGE('',*,*,#427,.F.);
#824 = ORIENTED_EDGE('',*,*,#825,.F.);
#825 = EDGE_CURVE('',#826,#420,#828,.T.);
#826 = VERTEX_POINT('',#827);
#827 = CARTESIAN_POINT('',(0.5,0.85,0.183));
#828 = LINE('',#829,#830);
#829 = CARTESIAN_POINT('',(0.5,0.85,0.183));
#830 = VECTOR('',#831,1.);
#831 = DIRECTION('',(-7.228014483237E-16,1.,0.));
#832 = ORIENTED_EDGE('',*,*,#833,.T.);
#833 = EDGE_CURVE('',#826,#637,#834,.T.);
#834 = LINE('',#835,#836);
#835 = CARTESIAN_POINT('',(0.5,0.85,0.183));
#836 = VECTOR('',#837,1.);
#837 = DIRECTION('',(-0.,-0.,-1.));
#838 = PLANE('',#839);
#839 = AXIS2_PLACEMENT_3D('',#840,#841,#842);
#840 = CARTESIAN_POINT('',(0.5,0.85,0.183));
#841 = DIRECTION('',(-1.,-7.228014483237E-16,0.));
#842 = DIRECTION('',(7.228014483237E-16,-1.,0.));
#843 = ADVANCED_FACE('',(#844),#856,.F.);
#844 = FACE_BOUND('',#845,.F.);
#845 = EDGE_LOOP('',(#846,#847,#854,#855));
#846 = ORIENTED_EDGE('',*,*,#800,.F.);
#847 = ORIENTED_EDGE('',*,*,#848,.T.);
#848 = EDGE_CURVE('',#801,#826,#849,.T.);
#849 = CIRCLE('',#850,0.15);
#850 = AXIS2_PLACEMENT_3D('',#851,#852,#853);
#851 = CARTESIAN_POINT('',(0.65,0.85,0.183));
#852 = DIRECTION('',(0.,0.,-1.));
#853 = DIRECTION('',(-1.,0.,0.));
#854 = ORIENTED_EDGE('',*,*,#833,.T.);
#855 = ORIENTED_EDGE('',*,*,#644,.F.);
#856 = CYLINDRICAL_SURFACE('',#857,0.15);
#857 = AXIS2_PLACEMENT_3D('',#858,#859,#860);
#858 = CARTESIAN_POINT('',(0.65,0.85,0.183));
#859 = DIRECTION('',(-0.,-0.,-1.));
#860 = DIRECTION('',(-1.,0.,0.));
#861 = ADVANCED_FACE('',(#862),#868,.T.);
#862 = FACE_BOUND('',#863,.T.);
#863 = EDGE_LOOP('',(#864,#865,#866,#867));
#864 = ORIENTED_EDGE('',*,*,#848,.T.);
#865 = ORIENTED_EDGE('',*,*,#825,.T.);
#866 = ORIENTED_EDGE('',*,*,#419,.T.);
#867 = ORIENTED_EDGE('',*,*,#808,.T.);
#868 = PLANE('',#869);
#869 = AXIS2_PLACEMENT_3D('',#870,#871,#872);
#870 = CARTESIAN_POINT('',(0.65,0.85,0.183));
#871 = DIRECTION('',(0.,0.,-1.));
#872 = DIRECTION('',(-1.,0.,-0.));
#873 = ADVANCED_FACE('',(#874),#892,.F.);
#874 = FACE_BOUND('',#875,.T.);
#875 = EDGE_LOOP('',(#876,#877,#885,#891));
#876 = ORIENTED_EDGE('',*,*,#629,.T.);
#877 = ORIENTED_EDGE('',*,*,#878,.F.);
#878 = EDGE_CURVE('',#879,#621,#881,.T.);
#879 = VERTEX_POINT('',#880);
#880 = CARTESIAN_POINT('',(0.15,0.85,0.183));
#881 = LINE('',#882,#883);
#882 = CARTESIAN_POINT('',(0.15,0.85,0.183));
#883 = VECTOR('',#884,1.);
#884 = DIRECTION('',(-0.,-0.,-1.));
#885 = ORIENTED_EDGE('',*,*,#886,.F.);
#886 = EDGE_CURVE('',#444,#879,#887,.T.);
#887 = LINE('',#888,#889);
#888 = CARTESIAN_POINT('',(0.15,1.,0.183));
#889 = VECTOR('',#890,1.);
#890 = DIRECTION('',(0.,-1.,0.));
#891 = ORIENTED_EDGE('',*,*,#443,.T.);
#892 = PLANE('',#893);
#893 = AXIS2_PLACEMENT_3D('',#894,#895,#896);
#894 = CARTESIAN_POINT('',(0.15,1.,0.183));
#895 = DIRECTION('',(1.,0.,-0.));
#896 = DIRECTION('',(-0.,0.,-1.));
#897 = ADVANCED_FACE('',(#898),#916,.F.);
#898 = FACE_BOUND('',#899,.T.);
#899 = EDGE_LOOP('',(#900,#901,#902,#910));
#900 = ORIENTED_EDGE('',*,*,#612,.T.);
#901 = ORIENTED_EDGE('',*,*,#459,.F.);
#902 = ORIENTED_EDGE('',*,*,#903,.F.);
#903 = EDGE_CURVE('',#904,#452,#906,.T.);
#904 = VERTEX_POINT('',#905);
#905 = CARTESIAN_POINT('',(-0.15,0.85,0.183));
#906 = LINE('',#907,#908);
#907 = CARTESIAN_POINT('',(-0.15,0.85,0.183));
#908 = VECTOR('',#909,1.);
#909 = DIRECTION('',(0.,1.,0.));
#910 = ORIENTED_EDGE('',*,*,#911,.T.);
#911 = EDGE_CURVE('',#904,#613,#912,.T.);
#912 = LINE('',#913,#914);
#913 = CARTESIAN_POINT('',(-0.15,0.85,0.183));
#914 = VECTOR('',#915,1.);
#915 = DIRECTION('',(-0.,-0.,-1.));
#916 = PLANE('',#917);
#917 = AXIS2_PLACEMENT_3D('',#918,#919,#920);
#918 = CARTESIAN_POINT('',(-0.15,0.85,0.183));
#919 = DIRECTION('',(-1.,0.,0.));
#920 = DIRECTION('',(0.,0.,1.));
#921 = ADVANCED_FACE('',(#922),#934,.F.);
#922 = FACE_BOUND('',#923,.F.);
#923 = EDGE_LOOP('',(#924,#925,#932,#933));
#924 = ORIENTED_EDGE('',*,*,#878,.F.);
#925 = ORIENTED_EDGE('',*,*,#926,.T.);
#926 = EDGE_CURVE('',#879,#904,#927,.T.);
#927 = CIRCLE('',#928,0.15);
#928 = AXIS2_PLACEMENT_3D('',#929,#930,#931);
#929 = CARTESIAN_POINT('',(1.871942813432E-16,0.85,0.183));
#930 = DIRECTION('',(0.,0.,-1.));
#931 = DIRECTION('',(-1.,0.,0.));
#932 = ORIENTED_EDGE('',*,*,#911,.T.);
#933 = ORIENTED_EDGE('',*,*,#620,.F.);
#934 = CYLINDRICAL_SURFACE('',#935,0.15);
#935 = AXIS2_PLACEMENT_3D('',#936,#937,#938);
#936 = CARTESIAN_POINT('',(1.871942813432E-16,0.85,0.183));
#937 = DIRECTION('',(-0.,-0.,-1.));
#938 = DIRECTION('',(-1.,0.,0.));
#939 = ADVANCED_FACE('',(#940),#946,.T.);
#940 = FACE_BOUND('',#941,.T.);
#941 = EDGE_LOOP('',(#942,#943,#944,#945));
#942 = ORIENTED_EDGE('',*,*,#926,.T.);
#943 = ORIENTED_EDGE('',*,*,#903,.T.);
#944 = ORIENTED_EDGE('',*,*,#451,.T.);
#945 = ORIENTED_EDGE('',*,*,#886,.T.);
#946 = PLANE('',#947);
#947 = AXIS2_PLACEMENT_3D('',#948,#949,#950);
#948 = CARTESIAN_POINT('',(1.871942813432E-16,0.85,0.183));
#949 = DIRECTION('',(0.,0.,-1.));
#950 = DIRECTION('',(-1.,0.,-0.));
#951 = ADVANCED_FACE('',(#952),#970,.F.);
#952 = FACE_BOUND('',#953,.T.);
#953 = EDGE_LOOP('',(#954,#955,#963,#969));
#954 = ORIENTED_EDGE('',*,*,#605,.T.);
#955 = ORIENTED_EDGE('',*,*,#956,.F.);
#956 = EDGE_CURVE('',#957,#597,#959,.T.);
#957 = VERTEX_POINT('',#958);
#958 = CARTESIAN_POINT('',(-0.5,0.85,0.183));
#959 = LINE('',#960,#961);
#960 = CARTESIAN_POINT('',(-0.5,0.85,0.183));
#961 = VECTOR('',#962,1.);
#962 = DIRECTION('',(-0.,-0.,-1.));
#963 = ORIENTED_EDGE('',*,*,#964,.F.);
#964 = EDGE_CURVE('',#366,#957,#965,.T.);
#965 = LINE('',#966,#967);
#966 = CARTESIAN_POINT('',(-0.5,1.,0.183));
#967 = VECTOR('',#968,1.);
#968 = DIRECTION('',(-7.228014483237E-16,-1.,0.));
#969 = ORIENTED_EDGE('',*,*,#365,.T.);
#970 = PLANE('',#971);
#971 = AXIS2_PLACEMENT_3D('',#972,#973,#974);
#972 = CARTESIAN_POINT('',(-0.5,1.,0.183));
#973 = DIRECTION('',(1.,-7.228014483237E-16,0.));
#974 = DIRECTION('',(7.228014483237E-16,1.,0.));
#975 = ADVANCED_FACE('',(#976),#994,.F.);
#976 = FACE_BOUND('',#977,.T.);
#977 = EDGE_LOOP('',(#978,#979,#980,#988));
#978 = ORIENTED_EDGE('',*,*,#588,.T.);
#979 = ORIENTED_EDGE('',*,*,#381,.F.);
#980 = ORIENTED_EDGE('',*,*,#981,.F.);
#981 = EDGE_CURVE('',#982,#374,#984,.T.);
#982 = VERTEX_POINT('',#983);
#983 = CARTESIAN_POINT('',(-0.8,0.85,0.183));
#984 = LINE('',#985,#986);
#985 = CARTESIAN_POINT('',(-0.8,0.85,0.183));
#986 = VECTOR('',#987,1.);
#987 = DIRECTION('',(-7.228014483237E-16,1.,0.));
#988 = ORIENTED_EDGE('',*,*,#989,.T.);
#989 = EDGE_CURVE('',#982,#589,#990,.T.);
#990 = LINE('',#991,#992);
#991 = CARTESIAN_POINT('',(-0.8,0.85,0.183));
#992 = VECTOR('',#993,1.);
#993 = DIRECTION('',(-0.,-0.,-1.));
#994 = PLANE('',#995);
#995 = AXIS2_PLACEMENT_3D('',#996,#997,#998);
#996 = CARTESIAN_POINT('',(-0.8,0.85,0.183));
#997 = DIRECTION('',(-1.,-7.228014483237E-16,0.));
#998 = DIRECTION('',(7.228014483237E-16,-1.,0.));
#999 = ADVANCED_FACE('',(#1000),#1012,.F.);
#1000 = FACE_BOUND('',#1001,.F.);
#1001 = EDGE_LOOP('',(#1002,#1003,#1010,#1011));
#1002 = ORIENTED_EDGE('',*,*,#956,.F.);
#1003 = ORIENTED_EDGE('',*,*,#1004,.T.);
#1004 = EDGE_CURVE('',#957,#982,#1005,.T.);
#1005 = CIRCLE('',#1006,0.15);
#1006 = AXIS2_PLACEMENT_3D('',#1007,#1008,#1009);
#1007 = CARTESIAN_POINT('',(-0.65,0.85,0.183));
#1008 = DIRECTION('',(0.,0.,-1.));
#1009 = DIRECTION('',(-1.,0.,0.));
#1010 = ORIENTED_EDGE('',*,*,#989,.T.);
#1011 = ORIENTED_EDGE('',*,*,#596,.F.);
#1012 = CYLINDRICAL_SURFACE('',#1013,0.15);
#1013 = AXIS2_PLACEMENT_3D('',#1014,#1015,#1016);
#1014 = CARTESIAN_POINT('',(-0.65,0.85,0.183));
#1015 = DIRECTION('',(-0.,-0.,-1.));
#1016 = DIRECTION('',(-1.,0.,0.));
#1017 = ADVANCED_FACE('',(#1018),#1024,.T.);
#1018 = FACE_BOUND('',#1019,.T.);
#1019 = EDGE_LOOP('',(#1020,#1021,#1022,#1023));
#1020 = ORIENTED_EDGE('',*,*,#1004,.T.);
#1021 = ORIENTED_EDGE('',*,*,#981,.T.);
#1022 = ORIENTED_EDGE('',*,*,#373,.T.);
#1023 = ORIENTED_EDGE('',*,*,#964,.T.);
#1024 = PLANE('',#1025);
#1025 = AXIS2_PLACEMENT_3D('',#1026,#1027,#1028);
#1026 = CARTESIAN_POINT('',(-0.65,0.85,0.183));
#1027 = DIRECTION('',(0.,0.,-1.));
#1028 = DIRECTION('',(-1.,0.,-0.));
#1029 = ADVANCED_FACE('',(#1030),#1055,.F.);
#1030 = FACE_BOUND('',#1031,.T.);
#1031 = EDGE_LOOP('',(#1032,#1033,#1041,#1049));
#1032 = ORIENTED_EDGE('',*,*,#505,.T.);
#1033 = ORIENTED_EDGE('',*,*,#1034,.F.);
#1034 = EDGE_CURVE('',#1035,#496,#1037,.T.);
#1035 = VERTEX_POINT('',#1036);
#1036 = CARTESIAN_POINT('',(-0.8,-0.225,0.183));
#1037 = LINE('',#1038,#1039);
#1038 = CARTESIAN_POINT('',(-0.8,-0.225,0.183));
#1039 = VECTOR('',#1040,1.);
#1040 = DIRECTION('',(-0.,-0.,-1.));
#1041 = ORIENTED_EDGE('',*,*,#1042,.F.);
#1042 = EDGE_CURVE('',#1043,#1035,#1045,.T.);
#1043 = VERTEX_POINT('',#1044);
#1044 = CARTESIAN_POINT('',(-0.55,-0.475,0.183));
#1045 = LINE('',#1046,#1047);
#1046 = CARTESIAN_POINT('',(-0.55,-0.475,0.183));
#1047 = VECTOR('',#1048,1.);
#1048 = DIRECTION('',(-0.707106781187,0.707106781187,0.));
#1049 = ORIENTED_EDGE('',*,*,#1050,.T.);
#1050 = EDGE_CURVE('',#1043,#506,#1051,.T.);
#1051 = LINE('',#1052,#1053);
#1052 = CARTESIAN_POINT('',(-0.55,-0.475,0.183));
#1053 = VECTOR('',#1054,1.);
#1054 = DIRECTION('',(-0.,-0.,-1.));
#1055 = PLANE('',#1056);
#1056 = AXIS2_PLACEMENT_3D('',#1057,#1058,#1059);
#1057 = CARTESIAN_POINT('',(-0.55,-0.475,0.183));
#1058 = DIRECTION('',(-0.707106781187,-0.707106781187,0.));
#1059 = DIRECTION('',(0.707106781187,-0.707106781187,0.));
#1060 = ADVANCED_FACE('',(#1061),#1079,.F.);
#1061 = FACE_BOUND('',#1062,.T.);
#1062 = EDGE_LOOP('',(#1063,#1064,#1065,#1073));
#1063 = ORIENTED_EDGE('',*,*,#513,.T.);
#1064 = ORIENTED_EDGE('',*,*,#1050,.F.);
#1065 = ORIENTED_EDGE('',*,*,#1066,.F.);
#1066 = EDGE_CURVE('',#1067,#1043,#1069,.T.);
#1067 = VERTEX_POINT('',#1068);
#1068 = CARTESIAN_POINT('',(0.8,-0.475,0.183));
#1069 = LINE('',#1070,#1071);
#1070 = CARTESIAN_POINT('',(0.8,-0.475,0.183));
#1071 = VECTOR('',#1072,1.);
#1072 = DIRECTION('',(-1.,4.015563601798E-17,0.));
#1073 = ORIENTED_EDGE('',*,*,#1074,.T.);
#1074 = EDGE_CURVE('',#1067,#514,#1075,.T.);
#1075 = LINE('',#1076,#1077);
#1076 = CARTESIAN_POINT('',(0.8,-0.475,0.183));
#1077 = VECTOR('',#1078,1.);
#1078 = DIRECTION('',(-0.,-0.,-1.));
#1079 = PLANE('',#1080);
#1080 = AXIS2_PLACEMENT_3D('',#1081,#1082,#1083);
#1081 = CARTESIAN_POINT('',(0.8,-0.475,0.183));
#1082 = DIRECTION('',(-4.015563601798E-17,-1.,0.));
#1083 = DIRECTION('',(1.,-4.015563601798E-17,0.));
#1084 = ADVANCED_FACE('',(#1085),#1103,.F.);
#1085 = FACE_BOUND('',#1086,.T.);
#1086 = EDGE_LOOP('',(#1087,#1088,#1089,#1097));
#1087 = ORIENTED_EDGE('',*,*,#521,.T.);
#1088 = ORIENTED_EDGE('',*,*,#1074,.F.);
#1089 = ORIENTED_EDGE('',*,*,#1090,.F.);
#1090 = EDGE_CURVE('',#1091,#1067,#1093,.T.);
#1091 = VERTEX_POINT('',#1092);
#1092 = CARTESIAN_POINT('',(0.8,0.475,0.183));
#1093 = LINE('',#1094,#1095);
#1094 = CARTESIAN_POINT('',(0.8,0.475,0.183));
#1095 = VECTOR('',#1096,1.);
#1096 = DIRECTION('',(2.282530889443E-16,-1.,0.));
#1097 = ORIENTED_EDGE('',*,*,#1098,.T.);
#1098 = EDGE_CURVE('',#1091,#522,#1099,.T.);
#1099 = LINE('',#1100,#1101);
#1100 = CARTESIAN_POINT('',(0.8,0.475,0.183));
#1101 = VECTOR('',#1102,1.);
#1102 = DIRECTION('',(-0.,-0.,-1.));
#1103 = PLANE('',#1104);
#1104 = AXIS2_PLACEMENT_3D('',#1105,#1106,#1107);
#1105 = CARTESIAN_POINT('',(0.8,0.475,0.183));
#1106 = DIRECTION('',(1.,2.282530889443E-16,-0.));
#1107 = DIRECTION('',(-2.282530889443E-16,1.,0.));
#1108 = ADVANCED_FACE('',(#1109),#1127,.F.);
#1109 = FACE_BOUND('',#1110,.T.);
#1110 = EDGE_LOOP('',(#1111,#1112,#1113,#1121));
#1111 = ORIENTED_EDGE('',*,*,#529,.T.);
#1112 = ORIENTED_EDGE('',*,*,#1098,.F.);
#1113 = ORIENTED_EDGE('',*,*,#1114,.F.);
#1114 = EDGE_CURVE('',#1115,#1091,#1117,.T.);
#1115 = VERTEX_POINT('',#1116);
#1116 = CARTESIAN_POINT('',(-0.8,0.475,0.183));
#1117 = LINE('',#1118,#1119);
#1118 = CARTESIAN_POINT('',(-0.8,0.475,0.183));
#1119 = VECTOR('',#1120,1.);
#1120 = DIRECTION('',(1.,0.,0.));
#1121 = ORIENTED_EDGE('',*,*,#1122,.T.);
#1122 = EDGE_CURVE('',#1115,#498,#1123,.T.);
#1123 = LINE('',#1124,#1125);
#1124 = CARTESIAN_POINT('',(-0.8,0.475,0.183));
#1125 = VECTOR('',#1126,1.);
#1126 = DIRECTION('',(-0.,-0.,-1.));
#1127 = PLANE('',#1128);
#1128 = AXIS2_PLACEMENT_3D('',#1129,#1130,#1131);
#1129 = CARTESIAN_POINT('',(-0.8,0.475,0.183));
#1130 = DIRECTION('',(0.,1.,0.));
#1131 = DIRECTION('',(0.,-0.,1.));
#1132 = ADVANCED_FACE('',(#1133),#1144,.F.);
#1133 = FACE_BOUND('',#1134,.T.);
#1134 = EDGE_LOOP('',(#1135,#1136,#1137,#1143));
#1135 = ORIENTED_EDGE('',*,*,#495,.T.);
#1136 = ORIENTED_EDGE('',*,*,#1122,.F.);
#1137 = ORIENTED_EDGE('',*,*,#1138,.F.);
#1138 = EDGE_CURVE('',#1035,#1115,#1139,.T.);
#1139 = LINE('',#1140,#1141);
#1140 = CARTESIAN_POINT('',(-0.8,-0.225,0.183));
#1141 = VECTOR('',#1142,1.);
#1142 = DIRECTION('',(-1.548860246408E-16,1.,0.));
#1143 = ORIENTED_EDGE('',*,*,#1034,.T.);
#1144 = PLANE('',#1145);
#1145 = AXIS2_PLACEMENT_3D('',#1146,#1147,#1148);
#1146 = CARTESIAN_POINT('',(-0.8,-0.225,0.183));
#1147 = DIRECTION('',(-1.,-1.548860246408E-16,0.));
#1148 = DIRECTION('',(1.548860246408E-16,-1.,0.));
#1149 = ADVANCED_FACE('',(#1150),#1157,.T.);
#1150 = FACE_BOUND('',#1151,.T.);
#1151 = EDGE_LOOP('',(#1152,#1153,#1154,#1155,#1156));
#1152 = ORIENTED_EDGE('',*,*,#1042,.T.);
#1153 = ORIENTED_EDGE('',*,*,#1138,.T.);
#1154 = ORIENTED_EDGE('',*,*,#1114,.T.);
#1155 = ORIENTED_EDGE('',*,*,#1090,.T.);
#1156 = ORIENTED_EDGE('',*,*,#1066,.T.);
#1157 = PLANE('',#1158);
#1158 = AXIS2_PLACEMENT_3D('',#1159,#1160,#1161);
#1159 = CARTESIAN_POINT('',(0.,0.,0.183));
#1160 = DIRECTION('',(0.,0.,-1.));
#1161 = DIRECTION('',(-1.,0.,-0.));
#1162 = ADVANCED_FACE('',(#1163),#1181,.F.);
#1163 = FACE_BOUND('',#1164,.T.);
#1164 = EDGE_LOOP('',(#1165,#1166,#1167,#1175));
#1165 = ORIENTED_EDGE('',*,*,#662,.T.);
#1166 = ORIENTED_EDGE('',*,*,#239,.F.);
#1167 = ORIENTED_EDGE('',*,*,#1168,.F.);
#1168 = EDGE_CURVE('',#1169,#232,#1171,.T.);
#1169 = VERTEX_POINT('',#1170);
#1170 = CARTESIAN_POINT('',(0.8,-0.85,0.183));
#1171 = LINE('',#1172,#1173);
#1172 = CARTESIAN_POINT('',(0.8,-0.85,0.183));
#1173 = VECTOR('',#1174,1.);
#1174 = DIRECTION('',(7.228014483237E-16,-1.,0.));
#1175 = ORIENTED_EDGE('',*,*,#1176,.T.);
#1176 = EDGE_CURVE('',#1169,#663,#1177,.T.);
#1177 = LINE('',#1178,#1179);
#1178 = CARTESIAN_POINT('',(0.8,-0.85,0.183));
#1179 = VECTOR('',#1180,1.);
#1180 = DIRECTION('',(-0.,-0.,-1.));
#1181 = PLANE('',#1182);
#1182 = AXIS2_PLACEMENT_3D('',#1183,#1184,#1185);
#1183 = CARTESIAN_POINT('',(0.8,-0.85,0.183));
#1184 = DIRECTION('',(1.,7.228014483237E-16,-0.));
#1185 = DIRECTION('',(-7.228014483237E-16,1.,0.));
#1186 = ADVANCED_FACE('',(#1187),#1206,.F.);
#1187 = FACE_BOUND('',#1188,.F.);
#1188 = EDGE_LOOP('',(#1189,#1197,#1204,#1205));
#1189 = ORIENTED_EDGE('',*,*,#1190,.F.);
#1190 = EDGE_CURVE('',#1191,#671,#1193,.T.);
#1191 = VERTEX_POINT('',#1192);
#1192 = CARTESIAN_POINT('',(0.5,-0.85,0.183));
#1193 = LINE('',#1194,#1195);
#1194 = CARTESIAN_POINT('',(0.5,-0.85,0.183));
#1195 = VECTOR('',#1196,1.);
#1196 = DIRECTION('',(-0.,-0.,-1.));
#1197 = ORIENTED_EDGE('',*,*,#1198,.T.);
#1198 = EDGE_CURVE('',#1191,#1169,#1199,.T.);
#1199 = CIRCLE('',#1200,0.15);
#1200 = AXIS2_PLACEMENT_3D('',#1201,#1202,#1203);
#1201 = CARTESIAN_POINT('',(0.65,-0.85,0.183));
#1202 = DIRECTION('',(0.,0.,-1.));
#1203 = DIRECTION('',(-1.,0.,0.));
#1204 = ORIENTED_EDGE('',*,*,#1176,.T.);
#1205 = ORIENTED_EDGE('',*,*,#670,.F.);
#1206 = CYLINDRICAL_SURFACE('',#1207,0.15);
#1207 = AXIS2_PLACEMENT_3D('',#1208,#1209,#1210);
#1208 = CARTESIAN_POINT('',(0.65,-0.85,0.183));
#1209 = DIRECTION('',(-0.,-0.,-1.));
#1210 = DIRECTION('',(-1.,0.,0.));
#1211 = ADVANCED_FACE('',(#1212),#1223,.F.);
#1212 = FACE_BOUND('',#1213,.T.);
#1213 = EDGE_LOOP('',(#1214,#1215,#1216,#1222));
#1214 = ORIENTED_EDGE('',*,*,#679,.T.);
#1215 = ORIENTED_EDGE('',*,*,#1190,.F.);
#1216 = ORIENTED_EDGE('',*,*,#1217,.F.);
#1217 = EDGE_CURVE('',#224,#1191,#1218,.T.);
#1218 = LINE('',#1219,#1220);
#1219 = CARTESIAN_POINT('',(0.5,-1.,0.183));
#1220 = VECTOR('',#1221,1.);
#1221 = DIRECTION('',(7.228014483237E-16,1.,0.));
#1222 = ORIENTED_EDGE('',*,*,#223,.T.);
#1223 = PLANE('',#1224);
#1224 = AXIS2_PLACEMENT_3D('',#1225,#1226,#1227);
#1225 = CARTESIAN_POINT('',(0.5,-1.,0.183));
#1226 = DIRECTION('',(-1.,7.228014483237E-16,0.));
#1227 = DIRECTION('',(-7.228014483237E-16,-1.,0.));
#1228 = ADVANCED_FACE('',(#1229),#1235,.T.);
#1229 = FACE_BOUND('',#1230,.T.);
#1230 = EDGE_LOOP('',(#1231,#1232,#1233,#1234));
#1231 = ORIENTED_EDGE('',*,*,#231,.T.);
#1232 = ORIENTED_EDGE('',*,*,#1217,.T.);
#1233 = ORIENTED_EDGE('',*,*,#1198,.T.);
#1234 = ORIENTED_EDGE('',*,*,#1168,.T.);
#1235 = PLANE('',#1236);
#1236 = AXIS2_PLACEMENT_3D('',#1237,#1238,#1239);
#1237 = CARTESIAN_POINT('',(0.65,-0.85,0.183));
#1238 = DIRECTION('',(0.,0.,-1.));
#1239 = DIRECTION('',(-1.,0.,-0.));
#1240 = ADVANCED_FACE('',(#1241),#1259,.F.);
#1241 = FACE_BOUND('',#1242,.T.);
#1242 = EDGE_LOOP('',(#1243,#1244,#1245,#1253));
#1243 = ORIENTED_EDGE('',*,*,#538,.T.);
#1244 = ORIENTED_EDGE('',*,*,#207,.F.);
#1245 = ORIENTED_EDGE('',*,*,#1246,.F.);
#1246 = EDGE_CURVE('',#1247,#198,#1249,.T.);
#1247 = VERTEX_POINT('',#1248);
#1248 = CARTESIAN_POINT('',(0.15,-0.85,0.183));
#1249 = LINE('',#1250,#1251);
#1250 = CARTESIAN_POINT('',(0.15,-0.85,0.183));
#1251 = VECTOR('',#1252,1.);
#1252 = DIRECTION('',(0.,-1.,0.));
#1253 = ORIENTED_EDGE('',*,*,#1254,.T.);
#1254 = EDGE_CURVE('',#1247,#539,#1255,.T.);
#1255 = LINE('',#1256,#1257);
#1256 = CARTESIAN_POINT('',(0.15,-0.85,0.183));
#1257 = VECTOR('',#1258,1.);
#1258 = DIRECTION('',(-0.,-0.,-1.));
#1259 = PLANE('',#1260);
#1260 = AXIS2_PLACEMENT_3D('',#1261,#1262,#1263);
#1261 = CARTESIAN_POINT('',(0.15,-0.85,0.183));
#1262 = DIRECTION('',(1.,0.,-0.));
#1263 = DIRECTION('',(-0.,0.,-1.));
#1264 = ADVANCED_FACE('',(#1265),#1284,.F.);
#1265 = FACE_BOUND('',#1266,.F.);
#1266 = EDGE_LOOP('',(#1267,#1275,#1282,#1283));
#1267 = ORIENTED_EDGE('',*,*,#1268,.F.);
#1268 = EDGE_CURVE('',#1269,#547,#1271,.T.);
#1269 = VERTEX_POINT('',#1270);
#1270 = CARTESIAN_POINT('',(-0.15,-0.85,0.183));
#1271 = LINE('',#1272,#1273);
#1272 = CARTESIAN_POINT('',(-0.15,-0.85,0.183));
#1273 = VECTOR('',#1274,1.);
#1274 = DIRECTION('',(-0.,-0.,-1.));
#1275 = ORIENTED_EDGE('',*,*,#1276,.T.);
#1276 = EDGE_CURVE('',#1269,#1247,#1277,.T.);
#1277 = CIRCLE('',#1278,0.15);
#1278 = AXIS2_PLACEMENT_3D('',#1279,#1280,#1281);
#1279 = CARTESIAN_POINT('',(1.329841727189E-16,-0.85,0.183));
#1280 = DIRECTION('',(0.,0.,-1.));
#1281 = DIRECTION('',(-1.,0.,0.));
#1282 = ORIENTED_EDGE('',*,*,#1254,.T.);
#1283 = ORIENTED_EDGE('',*,*,#546,.F.);
#1284 = CYLINDRICAL_SURFACE('',#1285,0.15);
#1285 = AXIS2_PLACEMENT_3D('',#1286,#1287,#1288);
#1286 = CARTESIAN_POINT('',(1.329841727189E-16,-0.85,0.183));
#1287 = DIRECTION('',(-0.,-0.,-1.));
#1288 = DIRECTION('',(-1.,0.,0.));
#1289 = ADVANCED_FACE('',(#1290),#1301,.F.);
#1290 = FACE_BOUND('',#1291,.T.);
#1291 = EDGE_LOOP('',(#1292,#1293,#1294,#1300));
#1292 = ORIENTED_EDGE('',*,*,#555,.T.);
#1293 = ORIENTED_EDGE('',*,*,#1268,.F.);
#1294 = ORIENTED_EDGE('',*,*,#1295,.F.);
#1295 = EDGE_CURVE('',#200,#1269,#1296,.T.);
#1296 = LINE('',#1297,#1298);
#1297 = CARTESIAN_POINT('',(-0.15,-1.,0.183));
#1298 = VECTOR('',#1299,1.);
#1299 = DIRECTION('',(0.,1.,0.));
#1300 = ORIENTED_EDGE('',*,*,#310,.T.);
#1301 = PLANE('',#1302);
#1302 = AXIS2_PLACEMENT_3D('',#1303,#1304,#1305);
#1303 = CARTESIAN_POINT('',(-0.15,-1.,0.183));
#1304 = DIRECTION('',(-1.,0.,0.));
#1305 = DIRECTION('',(0.,0.,1.));
#1306 = ADVANCED_FACE('',(#1307),#1313,.T.);
#1307 = FACE_BOUND('',#1308,.T.);
#1308 = EDGE_LOOP('',(#1309,#1310,#1311,#1312));
#1309 = ORIENTED_EDGE('',*,*,#197,.T.);
#1310 = ORIENTED_EDGE('',*,*,#1295,.T.);
#1311 = ORIENTED_EDGE('',*,*,#1276,.T.);
#1312 = ORIENTED_EDGE('',*,*,#1246,.T.);
#1313 = PLANE('',#1314);
#1314 = AXIS2_PLACEMENT_3D('',#1315,#1316,#1317);
#1315 = CARTESIAN_POINT('',(1.329841727189E-16,-0.85,0.183));
#1316 = DIRECTION('',(0.,0.,-1.));
#1317 = DIRECTION('',(-1.,0.,-0.));
#1318 = ( GEOMETRIC_REPRESENTATION_CONTEXT(3) 
GLOBAL_UNCERTAINTY_ASSIGNED_CONTEXT((#1322)) 
GLOBAL_UNIT_ASSIGNED_CONTEXT((#1319,#1320,#1321)) REPRESENTATION_CONTEXT
('Context #1','3D Context with UNIT and UNCERTAINTY') );
#1319 = ( LENGTH_UNIT() NAMED_UNIT(*) SI_UNIT(.MILLI.,.METRE.) );
#1320 = ( NAMED_UNIT(*) PLANE_ANGLE_UNIT() SI_UNIT($,.RADIAN.) );
#1321 = ( NAMED_UNIT(*) SI_UNIT($,.STERADIAN.) SOLID_ANGLE_UNIT() );
#1322 = UNCERTAINTY_MEASURE_WITH_UNIT(LENGTH_MEASURE(1.E-07),#1319,
  'distance_accuracy_value','confusion accuracy');
#1323 = CONTEXT_DEPENDENT_SHAPE_REPRESENTATION(#1324,#1326);
#1324 = ( REPRESENTATION_RELATIONSHIP('','',#108,#10) 
REPRESENTATION_RELATIONSHIP_WITH_TRANSFORMATION(#1325) 
SHAPE_REPRESENTATION_RELATIONSHIP() );
#1325 = ITEM_DEFINED_TRANSFORMATION('','',#11,#15);
#1326 = PRODUCT_DEFINITION_SHAPE('Placement','Placement of an item',
  #1327);
#1327 = NEXT_ASSEMBLY_USAGE_OCCURRENCE('2838','RPV001-body_默认','',#5
  ,#103,$);
#1328 = PRODUCT_RELATED_PRODUCT_CATEGORY('part',$,(#105));
#1329 = SHAPE_DEFINITION_REPRESENTATION(#1330,#1336);
#1330 = PRODUCT_DEFINITION_SHAPE('','',#1331);
#1331 = PRODUCT_DEFINITION('design','',#1332,#1335);
#1332 = PRODUCT_DEFINITION_FORMATION('','',#1333);
#1333 = PRODUCT('RPV001-frame_默认','RPV001-frame_默认','',(#1334));
#1334 = PRODUCT_CONTEXT('',#2,'mechanical');
#1335 = PRODUCT_DEFINITION_CONTEXT('part definition',#2,'design');
#1336 = ADVANCED_BREP_SHAPE_REPRESENTATION('',(#11,#1337),#1524);
#1337 = MANIFOLD_SOLID_BREP('',#1338);
#1338 = CLOSED_SHELL('',(#1339,#1379,#1419,#1441,#1468,#1495,#1512));
#1339 = ADVANCED_FACE('',(#1340),#1374,.F.);
#1340 = FACE_BOUND('',#1341,.T.);
#1341 = EDGE_LOOP('',(#1342,#1352,#1360,#1368));
#1342 = ORIENTED_EDGE('',*,*,#1343,.T.);
#1343 = EDGE_CURVE('',#1344,#1346,#1348,.T.);
#1344 = VERTEX_POINT('',#1345);
#1345 = CARTESIAN_POINT('',(0.5,1.,0.));
#1346 = VERTEX_POINT('',#1347);
#1347 = CARTESIAN_POINT('',(0.5,0.85,0.));
#1348 = LINE('',#1349,#1350);
#1349 = CARTESIAN_POINT('',(0.5,1.,0.));
#1350 = VECTOR('',#1351,1.);
#1351 = DIRECTION('',(3.614007241618E-16,-1.,0.));
#1352 = ORIENTED_EDGE('',*,*,#1353,.T.);
#1353 = EDGE_CURVE('',#1346,#1354,#1356,.T.);
#1354 = VERTEX_POINT('',#1355);
#1355 = CARTESIAN_POINT('',(0.5,0.85,0.203));
#1356 = LINE('',#1357,#1358);
#1357 = CARTESIAN_POINT('',(0.5,0.85,0.203));
#1358 = VECTOR('',#1359,1.);
#1359 = DIRECTION('',(0.,-0.,1.));
#1360 = ORIENTED_EDGE('',*,*,#1361,.F.);
#1361 = EDGE_CURVE('',#1362,#1354,#1364,.T.);
#1362 = VERTEX_POINT('',#1363);
#1363 = CARTESIAN_POINT('',(0.5,1.,0.203));
#1364 = LINE('',#1365,#1366);
#1365 = CARTESIAN_POINT('',(0.5,1.,0.203));
#1366 = VECTOR('',#1367,1.);
#1367 = DIRECTION('',(3.614007241618E-16,-1.,0.));
#1368 = ORIENTED_EDGE('',*,*,#1369,.T.);
#1369 = EDGE_CURVE('',#1362,#1344,#1370,.T.);
#1370 = LINE('',#1371,#1372);
#1371 = CARTESIAN_POINT('',(0.5,1.,0.203));
#1372 = VECTOR('',#1373,1.);
#1373 = DIRECTION('',(-0.,-0.,-1.));
#1374 = PLANE('',#1375);
#1375 = AXIS2_PLACEMENT_3D('',#1376,#1377,#1378);
#1376 = CARTESIAN_POINT('',(0.5,1.,0.203));
#1377 = DIRECTION('',(1.,3.614007241618E-16,-0.));
#1378 = DIRECTION('',(-3.614007241618E-16,1.,0.));
#1379 = ADVANCED_FACE('',(#1380),#1414,.F.);
#1380 = FACE_BOUND('',#1381,.T.);
#1381 = EDGE_LOOP('',(#1382,#1392,#1400,#1408));
#1382 = ORIENTED_EDGE('',*,*,#1383,.F.);
#1383 = EDGE_CURVE('',#1384,#1386,#1388,.T.);
#1384 = VERTEX_POINT('',#1385);
#1385 = CARTESIAN_POINT('',(0.8,0.85,0.203));
#1386 = VERTEX_POINT('',#1387);
#1387 = CARTESIAN_POINT('',(0.8,1.,0.203));
#1388 = LINE('',#1389,#1390);
#1389 = CARTESIAN_POINT('',(0.8,1.,0.203));
#1390 = VECTOR('',#1391,1.);
#1391 = DIRECTION('',(7.228014483237E-16,1.,-0.));
#1392 = ORIENTED_EDGE('',*,*,#1393,.T.);
#1393 = EDGE_CURVE('',#1384,#1394,#1396,.T.);
#1394 = VERTEX_POINT('',#1395);
#1395 = CARTESIAN_POINT('',(0.8,0.85,0.));
#1396 = LINE('',#1397,#1398);
#1397 = CARTESIAN_POINT('',(0.8,0.85,0.203));
#1398 = VECTOR('',#1399,1.);
#1399 = DIRECTION('',(0.,0.,-1.));
#1400 = ORIENTED_EDGE('',*,*,#1401,.T.);
#1401 = EDGE_CURVE('',#1394,#1402,#1404,.T.);
#1402 = VERTEX_POINT('',#1403);
#1403 = CARTESIAN_POINT('',(0.8,1.,0.));
#1404 = LINE('',#1405,#1406);
#1405 = CARTESIAN_POINT('',(0.8,1.,0.));
#1406 = VECTOR('',#1407,1.);
#1407 = DIRECTION('',(7.228014483237E-16,1.,-0.));
#1408 = ORIENTED_EDGE('',*,*,#1409,.F.);
#1409 = EDGE_CURVE('',#1386,#1402,#1410,.T.);
#1410 = LINE('',#1411,#1412);
#1411 = CARTESIAN_POINT('',(0.8,1.,0.203));
#1412 = VECTOR('',#1413,1.);
#1413 = DIRECTION('',(-0.,-0.,-1.));
#1414 = PLANE('',#1415);
#1415 = AXIS2_PLACEMENT_3D('',#1416,#1417,#1418);
#1416 = CARTESIAN_POINT('',(0.8,1.,0.203));
#1417 = DIRECTION('',(-1.,7.228014483237E-16,0.));
#1418 = DIRECTION('',(-7.228014483237E-16,-1.,0.));
#1419 = ADVANCED_FACE('',(#1420),#1436,.F.);
#1420 = FACE_BOUND('',#1421,.T.);
#1421 = EDGE_LOOP('',(#1422,#1428,#1429,#1435));
#1422 = ORIENTED_EDGE('',*,*,#1423,.T.);
#1423 = EDGE_CURVE('',#1402,#1344,#1424,.T.);
#1424 = LINE('',#1425,#1426);
#1425 = CARTESIAN_POINT('',(0.5,1.,0.));
#1426 = VECTOR('',#1427,1.);
#1427 = DIRECTION('',(-1.,-0.,-0.));
#1428 = ORIENTED_EDGE('',*,*,#1369,.F.);
#1429 = ORIENTED_EDGE('',*,*,#1430,.F.);
#1430 = EDGE_CURVE('',#1386,#1362,#1431,.T.);
#1431 = LINE('',#1432,#1433);
#1432 = CARTESIAN_POINT('',(0.5,1.,0.203));
#1433 = VECTOR('',#1434,1.);
#1434 = DIRECTION('',(-1.,-0.,-0.));
#1435 = ORIENTED_EDGE('',*,*,#1409,.T.);
#1436 = PLANE('',#1437);
#1437 = AXIS2_PLACEMENT_3D('',#1438,#1439,#1440);
#1438 = CARTESIAN_POINT('',(0.5,1.,0.203));
#1439 = DIRECTION('',(0.,-1.,0.));
#1440 = DIRECTION('',(0.,-0.,-1.));
#1441 = ADVANCED_FACE('',(#1442),#1463,.T.);
#1442 = FACE_BOUND('',#1443,.T.);
#1443 = EDGE_LOOP('',(#1444,#1445,#1454,#1461,#1462));
#1444 = ORIENTED_EDGE('',*,*,#1361,.T.);
#1445 = ORIENTED_EDGE('',*,*,#1446,.T.);
#1446 = EDGE_CURVE('',#1354,#1447,#1449,.T.);
#1447 = VERTEX_POINT('',#1448);
#1448 = CARTESIAN_POINT('',(0.65,0.7,0.203));
#1449 = CIRCLE('',#1450,0.15);
#1450 = AXIS2_PLACEMENT_3D('',#1451,#1452,#1453);
#1451 = CARTESIAN_POINT('',(0.65,0.85,0.203));
#1452 = DIRECTION('',(-0.,0.,1.));
#1453 = DIRECTION('',(1.,0.,0.));
#1454 = ORIENTED_EDGE('',*,*,#1455,.T.);
#1455 = EDGE_CURVE('',#1447,#1384,#1456,.T.);
#1456 = CIRCLE('',#1457,0.15);
#1457 = AXIS2_PLACEMENT_3D('',#1458,#1459,#1460);
#1458 = CARTESIAN_POINT('',(0.65,0.85,0.203));
#1459 = DIRECTION('',(-0.,0.,1.));
#1460 = DIRECTION('',(1.,0.,0.));
#1461 = ORIENTED_EDGE('',*,*,#1383,.T.);
#1462 = ORIENTED_EDGE('',*,*,#1430,.T.);
#1463 = PLANE('',#1464);
#1464 = AXIS2_PLACEMENT_3D('',#1465,#1466,#1467);
#1465 = CARTESIAN_POINT('',(0.,0.,0.203));
#1466 = DIRECTION('',(-0.,0.,1.));
#1467 = DIRECTION('',(1.,0.,0.));
#1468 = ADVANCED_FACE('',(#1469),#1490,.F.);
#1469 = FACE_BOUND('',#1470,.T.);
#1470 = EDGE_LOOP('',(#1471,#1480,#1487,#1488,#1489));
#1471 = ORIENTED_EDGE('',*,*,#1472,.T.);
#1472 = EDGE_CURVE('',#1394,#1473,#1475,.T.);
#1473 = VERTEX_POINT('',#1474);
#1474 = CARTESIAN_POINT('',(0.65,0.7,0.));
#1475 = CIRCLE('',#1476,0.15);
#1476 = AXIS2_PLACEMENT_3D('',#1477,#1478,#1479);
#1477 = CARTESIAN_POINT('',(0.65,0.85,0.));
#1478 = DIRECTION('',(0.,-0.,-1.));
#1479 = DIRECTION('',(1.,-7.228014483237E-16,0.));
#1480 = ORIENTED_EDGE('',*,*,#1481,.T.);
#1481 = EDGE_CURVE('',#1473,#1346,#1482,.T.);
#1482 = CIRCLE('',#1483,0.15);
#1483 = AXIS2_PLACEMENT_3D('',#1484,#1485,#1486);
#1484 = CARTESIAN_POINT('',(0.65,0.85,0.));
#1485 = DIRECTION('',(0.,0.,-1.));
#1486 = DIRECTION('',(1.,0.,0.));
#1487 = ORIENTED_EDGE('',*,*,#1343,.F.);
#1488 = ORIENTED_EDGE('',*,*,#1423,.F.);
#1489 = ORIENTED_EDGE('',*,*,#1401,.F.);
#1490 = PLANE('',#1491);
#1491 = AXIS2_PLACEMENT_3D('',#1492,#1493,#1494);
#1492 = CARTESIAN_POINT('',(0.,0.,0.));
#1493 = DIRECTION('',(-0.,0.,1.));
#1494 = DIRECTION('',(1.,0.,0.));
#1495 = ADVANCED_FACE('',(#1496),#1507,.T.);
#1496 = FACE_BOUND('',#1497,.T.);
#1497 = EDGE_LOOP('',(#1498,#1499,#1500,#1506));
#1498 = ORIENTED_EDGE('',*,*,#1393,.F.);
#1499 = ORIENTED_EDGE('',*,*,#1455,.F.);
#1500 = ORIENTED_EDGE('',*,*,#1501,.F.);
#1501 = EDGE_CURVE('',#1473,#1447,#1502,.T.);
#1502 = LINE('',#1503,#1504);
#1503 = CARTESIAN_POINT('',(0.65,0.7,0.203));
#1504 = VECTOR('',#1505,1.);
#1505 = DIRECTION('',(-0.,-0.,1.));
#1506 = ORIENTED_EDGE('',*,*,#1472,.F.);
#1507 = CYLINDRICAL_SURFACE('',#1508,0.15);
#1508 = AXIS2_PLACEMENT_3D('',#1509,#1510,#1511);
#1509 = CARTESIAN_POINT('',(0.65,0.85,0.203));
#1510 = DIRECTION('',(0.,0.,-1.));
#1511 = DIRECTION('',(-1.,0.,0.));
#1512 = ADVANCED_FACE('',(#1513),#1519,.T.);
#1513 = FACE_BOUND('',#1514,.T.);
#1514 = EDGE_LOOP('',(#1515,#1516,#1517,#1518));
#1515 = ORIENTED_EDGE('',*,*,#1446,.F.);
#1516 = ORIENTED_EDGE('',*,*,#1353,.F.);
#1517 = ORIENTED_EDGE('',*,*,#1481,.F.);
#1518 = ORIENTED_EDGE('',*,*,#1501,.T.);
#1519 = CYLINDRICAL_SURFACE('',#1520,0.15);
#1520 = AXIS2_PLACEMENT_3D('',#1521,#1522,#1523);
#1521 = CARTESIAN_POINT('',(0.65,0.85,0.203));
#1522 = DIRECTION('',(-0.,0.,-1.));
#1523 = DIRECTION('',(-1.,0.,0.));
#1524 = ( GEOMETRIC_REPRESENTATION_CONTEXT(3) 
GLOBAL_UNCERTAINTY_ASSIGNED_CONTEXT((#1528)) 
GLOBAL_UNIT_ASSIGNED_CONTEXT((#1525,#1526,#1527)) REPRESENTATION_CONTEXT
('Context #1','3D Context with UNIT and UNCERTAINTY') );
#1525 = ( LENGTH_UNIT() NAMED_UNIT(*) SI_UNIT(.MILLI.,.METRE.) );
#1526 = ( NAMED_UNIT(*) PLANE_ANGLE_UNIT() SI_UNIT($,.RADIAN.) );
#1527 = ( NAMED_UNIT(*) SI_UNIT($,.STERADIAN.) SOLID_ANGLE_UNIT() );
#1528 = UNCERTAINTY_MEASURE_WITH_UNIT(LENGTH_MEASURE(1.E-07),#1525,
  'distance_accuracy_value','confusion accuracy');
#1529 = CONTEXT_DEPENDENT_SHAPE_REPRESENTATION(#1530,#1532);
#1530 = ( REPRESENTATION_RELATIONSHIP('','',#1336,#10) 
REPRESENTATION_RELATIONSHIP_WITH_TRANSFORMATION(#1531) 
SHAPE_REPRESENTATION_RELATIONSHIP() );
#1531 = ITEM_DEFINED_TRANSFORMATION('','',#11,#19);
#1532 = PRODUCT_DEFINITION_SHAPE('Placement','Placement of an item',
  #1533);
#1533 = NEXT_ASSEMBLY_USAGE_OCCURRENCE('2839','RPV001-frame_默认','',
  #5,#1331,$);
#1534 = PRODUCT_RELATED_PRODUCT_CATEGORY('part',$,(#1333));
#1535 = SHAPE_DEFINITION_REPRESENTATION(#1536,#1542);
#1536 = PRODUCT_DEFINITION_SHAPE('','',#1537);
#1537 = PRODUCT_DEFINITION('design','',#1538,#1541);
#1538 = PRODUCT_DEFINITION_FORMATION('','',#1539);
#1539 = PRODUCT('RPV001-frame_默认001','RPV001-frame_默认001','',(
    #1540));
#1540 = PRODUCT_CONTEXT('',#2,'mechanical');
#1541 = PRODUCT_DEFINITION_CONTEXT('part definition',#2,'design');
#1542 = ADVANCED_BREP_SHAPE_REPRESENTATION('',(#11,#1543),#1730);
#1543 = MANIFOLD_SOLID_BREP('',#1544);
#1544 = CLOSED_SHELL('',(#1545,#1585,#1616,#1647,#1674,#1701,#1718));
#1545 = ADVANCED_FACE('',(#1546),#1580,.F.);
#1546 = FACE_BOUND('',#1547,.T.);
#1547 = EDGE_LOOP('',(#1548,#1558,#1566,#1574));
#1548 = ORIENTED_EDGE('',*,*,#1549,.T.);
#1549 = EDGE_CURVE('',#1550,#1552,#1554,.T.);
#1550 = VERTEX_POINT('',#1551);
#1551 = CARTESIAN_POINT('',(-0.5,1.,0.));
#1552 = VERTEX_POINT('',#1553);
#1553 = CARTESIAN_POINT('',(-0.8,1.,0.));
#1554 = LINE('',#1555,#1556);
#1555 = CARTESIAN_POINT('',(-0.5,1.,0.));
#1556 = VECTOR('',#1557,1.);
#1557 = DIRECTION('',(-1.,0.,0.));
#1558 = ORIENTED_EDGE('',*,*,#1559,.F.);
#1559 = EDGE_CURVE('',#1560,#1552,#1562,.T.);
#1560 = VERTEX_POINT('',#1561);
#1561 = CARTESIAN_POINT('',(-0.8,1.,0.203));
#1562 = LINE('',#1563,#1564);
#1563 = CARTESIAN_POINT('',(-0.8,1.,0.203));
#1564 = VECTOR('',#1565,1.);
#1565 = DIRECTION('',(-0.,-0.,-1.));
#1566 = ORIENTED_EDGE('',*,*,#1567,.F.);
#1567 = EDGE_CURVE('',#1568,#1560,#1570,.T.);
#1568 = VERTEX_POINT('',#1569);
#1569 = CARTESIAN_POINT('',(-0.5,1.,0.203));
#1570 = LINE('',#1571,#1572);
#1571 = CARTESIAN_POINT('',(-0.5,1.,0.203));
#1572 = VECTOR('',#1573,1.);
#1573 = DIRECTION('',(-1.,0.,0.));
#1574 = ORIENTED_EDGE('',*,*,#1575,.T.);
#1575 = EDGE_CURVE('',#1568,#1550,#1576,.T.);
#1576 = LINE('',#1577,#1578);
#1577 = CARTESIAN_POINT('',(-0.5,1.,0.203));
#1578 = VECTOR('',#1579,1.);
#1579 = DIRECTION('',(-0.,-0.,-1.));
#1580 = PLANE('',#1581);
#1581 = AXIS2_PLACEMENT_3D('',#1582,#1583,#1584);
#1582 = CARTESIAN_POINT('',(-0.5,1.,0.203));
#1583 = DIRECTION('',(0.,-1.,0.));
#1584 = DIRECTION('',(0.,-0.,-1.));
#1585 = ADVANCED_FACE('',(#1586),#1611,.F.);
#1586 = FACE_BOUND('',#1587,.T.);
#1587 = EDGE_LOOP('',(#1588,#1596,#1604,#1610));
#1588 = ORIENTED_EDGE('',*,*,#1589,.T.);
#1589 = EDGE_CURVE('',#1552,#1590,#1592,.T.);
#1590 = VERTEX_POINT('',#1591);
#1591 = CARTESIAN_POINT('',(-0.8,0.85,0.));
#1592 = LINE('',#1593,#1594);
#1593 = CARTESIAN_POINT('',(-0.8,1.,0.));
#1594 = VECTOR('',#1595,1.);
#1595 = DIRECTION('',(7.228014483237E-16,-1.,0.));
#1596 = ORIENTED_EDGE('',*,*,#1597,.T.);
#1597 = EDGE_CURVE('',#1590,#1598,#1600,.T.);
#1598 = VERTEX_POINT('',#1599);
#1599 = CARTESIAN_POINT('',(-0.8,0.85,0.203));
#1600 = LINE('',#1601,#1602);
#1601 = CARTESIAN_POINT('',(-0.8,0.85,0.203));
#1602 = VECTOR('',#1603,1.);
#1603 = DIRECTION('',(-0.,-0.,1.));
#1604 = ORIENTED_EDGE('',*,*,#1605,.F.);
#1605 = EDGE_CURVE('',#1560,#1598,#1606,.T.);
#1606 = LINE('',#1607,#1608);
#1607 = CARTESIAN_POINT('',(-0.8,1.,0.203));
#1608 = VECTOR('',#1609,1.);
#1609 = DIRECTION('',(7.228014483237E-16,-1.,0.));
#1610 = ORIENTED_EDGE('',*,*,#1559,.T.);
#1611 = PLANE('',#1612);
#1612 = AXIS2_PLACEMENT_3D('',#1613,#1614,#1615);
#1613 = CARTESIAN_POINT('',(-0.8,1.,0.203));
#1614 = DIRECTION('',(1.,7.228014483237E-16,-0.));
#1615 = DIRECTION('',(-7.228014483237E-16,1.,0.));
#1616 = ADVANCED_FACE('',(#1617),#1642,.F.);
#1617 = FACE_BOUND('',#1618,.T.);
#1618 = EDGE_LOOP('',(#1619,#1627,#1635,#1641));
#1619 = ORIENTED_EDGE('',*,*,#1620,.F.);
#1620 = EDGE_CURVE('',#1621,#1568,#1623,.T.);
#1621 = VERTEX_POINT('',#1622);
#1622 = CARTESIAN_POINT('',(-0.5,0.85,0.203));
#1623 = LINE('',#1624,#1625);
#1624 = CARTESIAN_POINT('',(-0.5,1.,0.203));
#1625 = VECTOR('',#1626,1.);
#1626 = DIRECTION('',(3.614007241618E-16,1.,-0.));
#1627 = ORIENTED_EDGE('',*,*,#1628,.T.);
#1628 = EDGE_CURVE('',#1621,#1629,#1631,.T.);
#1629 = VERTEX_POINT('',#1630);
#1630 = CARTESIAN_POINT('',(-0.5,0.85,0.));
#1631 = LINE('',#1632,#1633);
#1632 = CARTESIAN_POINT('',(-0.5,0.85,0.203));
#1633 = VECTOR('',#1634,1.);
#1634 = DIRECTION('',(0.,0.,-1.));
#1635 = ORIENTED_EDGE('',*,*,#1636,.T.);
#1636 = EDGE_CURVE('',#1629,#1550,#1637,.T.);
#1637 = LINE('',#1638,#1639);
#1638 = CARTESIAN_POINT('',(-0.5,1.,0.));
#1639 = VECTOR('',#1640,1.);
#1640 = DIRECTION('',(3.614007241618E-16,1.,-0.));
#1641 = ORIENTED_EDGE('',*,*,#1575,.F.);
#1642 = PLANE('',#1643);
#1643 = AXIS2_PLACEMENT_3D('',#1644,#1645,#1646);
#1644 = CARTESIAN_POINT('',(-0.5,1.,0.203));
#1645 = DIRECTION('',(-1.,3.614007241618E-16,0.));
#1646 = DIRECTION('',(-3.614007241618E-16,-1.,0.));
#1647 = ADVANCED_FACE('',(#1648),#1669,.T.);
#1648 = FACE_BOUND('',#1649,.T.);
#1649 = EDGE_LOOP('',(#1650,#1651,#1660,#1667,#1668));
#1650 = ORIENTED_EDGE('',*,*,#1605,.T.);
#1651 = ORIENTED_EDGE('',*,*,#1652,.T.);
#1652 = EDGE_CURVE('',#1598,#1653,#1655,.T.);
#1653 = VERTEX_POINT('',#1654);
#1654 = CARTESIAN_POINT('',(-0.65,0.7,0.203));
#1655 = CIRCLE('',#1656,0.15);
#1656 = AXIS2_PLACEMENT_3D('',#1657,#1658,#1659);
#1657 = CARTESIAN_POINT('',(-0.65,0.85,0.203));
#1658 = DIRECTION('',(0.,0.,1.));
#1659 = DIRECTION('',(1.,0.,-0.));
#1660 = ORIENTED_EDGE('',*,*,#1661,.T.);
#1661 = EDGE_CURVE('',#1653,#1621,#1662,.T.);
#1662 = CIRCLE('',#1663,0.15);
#1663 = AXIS2_PLACEMENT_3D('',#1664,#1665,#1666);
#1664 = CARTESIAN_POINT('',(-0.65,0.85,0.203));
#1665 = DIRECTION('',(0.,0.,1.));
#1666 = DIRECTION('',(1.,0.,-0.));
#1667 = ORIENTED_EDGE('',*,*,#1620,.T.);
#1668 = ORIENTED_EDGE('',*,*,#1567,.T.);
#1669 = PLANE('',#1670);
#1670 = AXIS2_PLACEMENT_3D('',#1671,#1672,#1673);
#1671 = CARTESIAN_POINT('',(0.,0.,0.203));
#1672 = DIRECTION('',(0.,0.,1.));
#1673 = DIRECTION('',(1.,0.,-0.));
#1674 = ADVANCED_FACE('',(#1675),#1696,.F.);
#1675 = FACE_BOUND('',#1676,.T.);
#1676 = EDGE_LOOP('',(#1677,#1686,#1693,#1694,#1695));
#1677 = ORIENTED_EDGE('',*,*,#1678,.T.);
#1678 = EDGE_CURVE('',#1629,#1679,#1681,.T.);
#1679 = VERTEX_POINT('',#1680);
#1680 = CARTESIAN_POINT('',(-0.65,0.7,0.));
#1681 = CIRCLE('',#1682,0.15);
#1682 = AXIS2_PLACEMENT_3D('',#1683,#1684,#1685);
#1683 = CARTESIAN_POINT('',(-0.65,0.85,0.));
#1684 = DIRECTION('',(0.,-0.,-1.));
#1685 = DIRECTION('',(1.,-7.228014483237E-16,0.));
#1686 = ORIENTED_EDGE('',*,*,#1687,.T.);
#1687 = EDGE_CURVE('',#1679,#1590,#1688,.T.);
#1688 = CIRCLE('',#1689,0.15);
#1689 = AXIS2_PLACEMENT_3D('',#1690,#1691,#1692);
#1690 = CARTESIAN_POINT('',(-0.65,0.85,0.));
#1691 = DIRECTION('',(0.,0.,-1.));
#1692 = DIRECTION('',(1.,0.,0.));
#1693 = ORIENTED_EDGE('',*,*,#1589,.F.);
#1694 = ORIENTED_EDGE('',*,*,#1549,.F.);
#1695 = ORIENTED_EDGE('',*,*,#1636,.F.);
#1696 = PLANE('',#1697);
#1697 = AXIS2_PLACEMENT_3D('',#1698,#1699,#1700);
#1698 = CARTESIAN_POINT('',(0.,0.,0.));
#1699 = DIRECTION('',(0.,0.,1.));
#1700 = DIRECTION('',(1.,0.,-0.));
#1701 = ADVANCED_FACE('',(#1702),#1713,.T.);
#1702 = FACE_BOUND('',#1703,.T.);
#1703 = EDGE_LOOP('',(#1704,#1705,#1706,#1712));
#1704 = ORIENTED_EDGE('',*,*,#1628,.F.);
#1705 = ORIENTED_EDGE('',*,*,#1661,.F.);
#1706 = ORIENTED_EDGE('',*,*,#1707,.F.);
#1707 = EDGE_CURVE('',#1679,#1653,#1708,.T.);
#1708 = LINE('',#1709,#1710);
#1709 = CARTESIAN_POINT('',(-0.65,0.7,0.203));
#1710 = VECTOR('',#1711,1.);
#1711 = DIRECTION('',(-0.,0.,1.));
#1712 = ORIENTED_EDGE('',*,*,#1678,.F.);
#1713 = CYLINDRICAL_SURFACE('',#1714,0.15);
#1714 = AXIS2_PLACEMENT_3D('',#1715,#1716,#1717);
#1715 = CARTESIAN_POINT('',(-0.65,0.85,0.203));
#1716 = DIRECTION('',(0.,0.,-1.));
#1717 = DIRECTION('',(-1.,0.,0.));
#1718 = ADVANCED_FACE('',(#1719),#1725,.T.);
#1719 = FACE_BOUND('',#1720,.T.);
#1720 = EDGE_LOOP('',(#1721,#1722,#1723,#1724));
#1721 = ORIENTED_EDGE('',*,*,#1652,.F.);
#1722 = ORIENTED_EDGE('',*,*,#1597,.F.);
#1723 = ORIENTED_EDGE('',*,*,#1687,.F.);
#1724 = ORIENTED_EDGE('',*,*,#1707,.T.);
#1725 = CYLINDRICAL_SURFACE('',#1726,0.15);
#1726 = AXIS2_PLACEMENT_3D('',#1727,#1728,#1729);
#1727 = CARTESIAN_POINT('',(-0.65,0.85,0.203));
#1728 = DIRECTION('',(0.,0.,-1.));
#1729 = DIRECTION('',(-1.,0.,0.));
#1730 = ( GEOMETRIC_REPRESENTATION_CONTEXT(3) 
GLOBAL_UNCERTAINTY_ASSIGNED_CONTEXT((#1734)) 
GLOBAL_UNIT_ASSIGNED_CONTEXT((#1731,#1732,#1733)) REPRESENTATION_CONTEXT
('Context #1','3D Context with UNIT and UNCERTAINTY') );
#1731 = ( LENGTH_UNIT() NAMED_UNIT(*) SI_UNIT(.MILLI.,.METRE.) );
#1732 = ( NAMED_UNIT(*) PLANE_ANGLE_UNIT() SI_UNIT($,.RADIAN.) );
#1733 = ( NAMED_UNIT(*) SI_UNIT($,.STERADIAN.) SOLID_ANGLE_UNIT() );
#1734 = UNCERTAINTY_MEASURE_WITH_UNIT(LENGTH_MEASURE(1.E-07),#1731,
  'distance_accuracy_value','confusion accuracy');
#1735 = CONTEXT_DEPENDENT_SHAPE_REPRESENTATION(#1736,#1738);
#1736 = ( REPRESENTATION_RELATIONSHIP('','',#1542,#10) 
REPRESENTATION_RELATIONSHIP_WITH_TRANSFORMATION(#1737) 
SHAPE_REPRESENTATION_RELATIONSHIP() );
#1737 = ITEM_DEFINED_TRANSFORMATION('','',#11,#23);
#1738 = PRODUCT_DEFINITION_SHAPE('Placement','Placement of an item',
  #1739);
#1739 = NEXT_ASSEMBLY_USAGE_OCCURRENCE('2840','RPV001-frame_默认001',
  '',#5,#1537,$);
#1740 = PRODUCT_RELATED_PRODUCT_CATEGORY('part',$,(#1539));
#1741 = SHAPE_DEFINITION_REPRESENTATION(#1742,#1748);
#1742 = PRODUCT_DEFINITION_SHAPE('','',#1743);
#1743 = PRODUCT_DEFINITION('design','',#1744,#1747);
#1744 = PRODUCT_DEFINITION_FORMATION('','',#1745);
#1745 = PRODUCT('RPV001-frame_默认002','RPV001-frame_默认002','',(
    #1746));
#1746 = PRODUCT_CONTEXT('',#2,'mechanical');
#1747 = PRODUCT_DEFINITION_CONTEXT('part definition',#2,'design');
#1748 = ADVANCED_BREP_SHAPE_REPRESENTATION('',(#11,#1749),#1936);
#1749 = MANIFOLD_SOLID_BREP('',#1750);
#1750 = CLOSED_SHELL('',(#1751,#1791,#1831,#1853,#1880,#1907,#1924));
#1751 = ADVANCED_FACE('',(#1752),#1786,.F.);
#1752 = FACE_BOUND('',#1753,.T.);
#1753 = EDGE_LOOP('',(#1754,#1764,#1772,#1780));
#1754 = ORIENTED_EDGE('',*,*,#1755,.T.);
#1755 = EDGE_CURVE('',#1756,#1758,#1760,.T.);
#1756 = VERTEX_POINT('',#1757);
#1757 = CARTESIAN_POINT('',(-0.5,-1.,0.));
#1758 = VERTEX_POINT('',#1759);
#1759 = CARTESIAN_POINT('',(-0.5,-0.85,0.));
#1760 = LINE('',#1761,#1762);
#1761 = CARTESIAN_POINT('',(-0.5,-1.,0.));
#1762 = VECTOR('',#1763,1.);
#1763 = DIRECTION('',(-3.614007241618E-16,1.,0.));
#1764 = ORIENTED_EDGE('',*,*,#1765,.T.);
#1765 = EDGE_CURVE('',#1758,#1766,#1768,.T.);
#1766 = VERTEX_POINT('',#1767);
#1767 = CARTESIAN_POINT('',(-0.5,-0.85,0.203));
#1768 = LINE('',#1769,#1770);
#1769 = CARTESIAN_POINT('',(-0.5,-0.85,0.203));
#1770 = VECTOR('',#1771,1.);
#1771 = DIRECTION('',(-0.,-0.,1.));
#1772 = ORIENTED_EDGE('',*,*,#1773,.F.);
#1773 = EDGE_CURVE('',#1774,#1766,#1776,.T.);
#1774 = VERTEX_POINT('',#1775);
#1775 = CARTESIAN_POINT('',(-0.5,-1.,0.203));
#1776 = LINE('',#1777,#1778);
#1777 = CARTESIAN_POINT('',(-0.5,-1.,0.203));
#1778 = VECTOR('',#1779,1.);
#1779 = DIRECTION('',(-3.614007241618E-16,1.,0.));
#1780 = ORIENTED_EDGE('',*,*,#1781,.T.);
#1781 = EDGE_CURVE('',#1774,#1756,#1782,.T.);
#1782 = LINE('',#1783,#1784);
#1783 = CARTESIAN_POINT('',(-0.5,-1.,0.203));
#1784 = VECTOR('',#1785,1.);
#1785 = DIRECTION('',(-0.,-0.,-1.));
#1786 = PLANE('',#1787);
#1787 = AXIS2_PLACEMENT_3D('',#1788,#1789,#1790);
#1788 = CARTESIAN_POINT('',(-0.5,-1.,0.203));
#1789 = DIRECTION('',(-1.,-3.614007241618E-16,0.));
#1790 = DIRECTION('',(3.614007241618E-16,-1.,0.));
#1791 = ADVANCED_FACE('',(#1792),#1826,.F.);
#1792 = FACE_BOUND('',#1793,.T.);
#1793 = EDGE_LOOP('',(#1794,#1804,#1812,#1820));
#1794 = ORIENTED_EDGE('',*,*,#1795,.F.);
#1795 = EDGE_CURVE('',#1796,#1798,#1800,.T.);
#1796 = VERTEX_POINT('',#1797);
#1797 = CARTESIAN_POINT('',(-0.8,-0.85,0.203));
#1798 = VERTEX_POINT('',#1799);
#1799 = CARTESIAN_POINT('',(-0.8,-1.,0.203));
#1800 = LINE('',#1801,#1802);
#1801 = CARTESIAN_POINT('',(-0.8,-1.,0.203));
#1802 = VECTOR('',#1803,1.);
#1803 = DIRECTION('',(-7.228014483237E-16,-1.,-0.));
#1804 = ORIENTED_EDGE('',*,*,#1805,.T.);
#1805 = EDGE_CURVE('',#1796,#1806,#1808,.T.);
#1806 = VERTEX_POINT('',#1807);
#1807 = CARTESIAN_POINT('',(-0.8,-0.85,0.));
#1808 = LINE('',#1809,#1810);
#1809 = CARTESIAN_POINT('',(-0.8,-0.85,0.203));
#1810 = VECTOR('',#1811,1.);
#1811 = DIRECTION('',(0.,0.,-1.));
#1812 = ORIENTED_EDGE('',*,*,#1813,.T.);
#1813 = EDGE_CURVE('',#1806,#1814,#1816,.T.);
#1814 = VERTEX_POINT('',#1815);
#1815 = CARTESIAN_POINT('',(-0.8,-1.,0.));
#1816 = LINE('',#1817,#1818);
#1817 = CARTESIAN_POINT('',(-0.8,-1.,0.));
#1818 = VECTOR('',#1819,1.);
#1819 = DIRECTION('',(-7.228014483237E-16,-1.,-0.));
#1820 = ORIENTED_EDGE('',*,*,#1821,.F.);
#1821 = EDGE_CURVE('',#1798,#1814,#1822,.T.);
#1822 = LINE('',#1823,#1824);
#1823 = CARTESIAN_POINT('',(-0.8,-1.,0.203));
#1824 = VECTOR('',#1825,1.);
#1825 = DIRECTION('',(-0.,-0.,-1.));
#1826 = PLANE('',#1827);
#1827 = AXIS2_PLACEMENT_3D('',#1828,#1829,#1830);
#1828 = CARTESIAN_POINT('',(-0.8,-1.,0.203));
#1829 = DIRECTION('',(1.,-7.228014483237E-16,0.));
#1830 = DIRECTION('',(7.228014483237E-16,1.,0.));
#1831 = ADVANCED_FACE('',(#1832),#1848,.F.);
#1832 = FACE_BOUND('',#1833,.T.);
#1833 = EDGE_LOOP('',(#1834,#1840,#1841,#1847));
#1834 = ORIENTED_EDGE('',*,*,#1835,.T.);
#1835 = EDGE_CURVE('',#1814,#1756,#1836,.T.);
#1836 = LINE('',#1837,#1838);
#1837 = CARTESIAN_POINT('',(-0.5,-1.,0.));
#1838 = VECTOR('',#1839,1.);
#1839 = DIRECTION('',(1.,-0.,-0.));
#1840 = ORIENTED_EDGE('',*,*,#1781,.F.);
#1841 = ORIENTED_EDGE('',*,*,#1842,.F.);
#1842 = EDGE_CURVE('',#1798,#1774,#1843,.T.);
#1843 = LINE('',#1844,#1845);
#1844 = CARTESIAN_POINT('',(-0.5,-1.,0.203));
#1845 = VECTOR('',#1846,1.);
#1846 = DIRECTION('',(1.,-0.,-0.));
#1847 = ORIENTED_EDGE('',*,*,#1821,.T.);
#1848 = PLANE('',#1849);
#1849 = AXIS2_PLACEMENT_3D('',#1850,#1851,#1852);
#1850 = CARTESIAN_POINT('',(-0.5,-1.,0.203));
#1851 = DIRECTION('',(0.,1.,-0.));
#1852 = DIRECTION('',(0.,0.,1.));
#1853 = ADVANCED_FACE('',(#1854),#1875,.T.);
#1854 = FACE_BOUND('',#1855,.T.);
#1855 = EDGE_LOOP('',(#1856,#1865,#1872,#1873,#1874));
#1856 = ORIENTED_EDGE('',*,*,#1857,.T.);
#1857 = EDGE_CURVE('',#1766,#1858,#1860,.T.);
#1858 = VERTEX_POINT('',#1859);
#1859 = CARTESIAN_POINT('',(-0.65,-0.7,0.203));
#1860 = CIRCLE('',#1861,0.15);
#1861 = AXIS2_PLACEMENT_3D('',#1862,#1863,#1864);
#1862 = CARTESIAN_POINT('',(-0.65,-0.85,0.203));
#1863 = DIRECTION('',(0.,0.,1.));
#1864 = DIRECTION('',(1.,0.,-0.));
#1865 = ORIENTED_EDGE('',*,*,#1866,.T.);
#1866 = EDGE_CURVE('',#1858,#1796,#1867,.T.);
#1867 = CIRCLE('',#1868,0.15);
#1868 = AXIS2_PLACEMENT_3D('',#1869,#1870,#1871);
#1869 = CARTESIAN_POINT('',(-0.65,-0.85,0.203));
#1870 = DIRECTION('',(0.,0.,1.));
#1871 = DIRECTION('',(1.,0.,-0.));
#1872 = ORIENTED_EDGE('',*,*,#1795,.T.);
#1873 = ORIENTED_EDGE('',*,*,#1842,.T.);
#1874 = ORIENTED_EDGE('',*,*,#1773,.T.);
#1875 = PLANE('',#1876);
#1876 = AXIS2_PLACEMENT_3D('',#1877,#1878,#1879);
#1877 = CARTESIAN_POINT('',(0.,0.,0.203));
#1878 = DIRECTION('',(0.,0.,1.));
#1879 = DIRECTION('',(1.,0.,-0.));
#1880 = ADVANCED_FACE('',(#1881),#1902,.F.);
#1881 = FACE_BOUND('',#1882,.T.);
#1882 = EDGE_LOOP('',(#1883,#1884,#1893,#1900,#1901));
#1883 = ORIENTED_EDGE('',*,*,#1813,.F.);
#1884 = ORIENTED_EDGE('',*,*,#1885,.T.);
#1885 = EDGE_CURVE('',#1806,#1886,#1888,.T.);
#1886 = VERTEX_POINT('',#1887);
#1887 = CARTESIAN_POINT('',(-0.65,-0.7,0.));
#1888 = CIRCLE('',#1889,0.15);
#1889 = AXIS2_PLACEMENT_3D('',#1890,#1891,#1892);
#1890 = CARTESIAN_POINT('',(-0.65,-0.85,0.));
#1891 = DIRECTION('',(0.,-0.,-1.));
#1892 = DIRECTION('',(1.,-7.228014483237E-16,0.));
#1893 = ORIENTED_EDGE('',*,*,#1894,.T.);
#1894 = EDGE_CURVE('',#1886,#1758,#1895,.T.);
#1895 = CIRCLE('',#1896,0.15);
#1896 = AXIS2_PLACEMENT_3D('',#1897,#1898,#1899);
#1897 = CARTESIAN_POINT('',(-0.65,-0.85,0.));
#1898 = DIRECTION('',(0.,-0.,-1.));
#1899 = DIRECTION('',(1.,-1.445602896647E-15,0.));
#1900 = ORIENTED_EDGE('',*,*,#1755,.F.);
#1901 = ORIENTED_EDGE('',*,*,#1835,.F.);
#1902 = PLANE('',#1903);
#1903 = AXIS2_PLACEMENT_3D('',#1904,#1905,#1906);
#1904 = CARTESIAN_POINT('',(0.,0.,0.));
#1905 = DIRECTION('',(0.,0.,1.));
#1906 = DIRECTION('',(1.,0.,-0.));
#1907 = ADVANCED_FACE('',(#1908),#1919,.T.);
#1908 = FACE_BOUND('',#1909,.T.);
#1909 = EDGE_LOOP('',(#1910,#1916,#1917,#1918));
#1910 = ORIENTED_EDGE('',*,*,#1911,.F.);
#1911 = EDGE_CURVE('',#1858,#1886,#1912,.T.);
#1912 = LINE('',#1913,#1914);
#1913 = CARTESIAN_POINT('',(-0.65,-0.7,0.203));
#1914 = VECTOR('',#1915,1.);
#1915 = DIRECTION('',(0.,0.,-1.));
#1916 = ORIENTED_EDGE('',*,*,#1857,.F.);
#1917 = ORIENTED_EDGE('',*,*,#1765,.F.);
#1918 = ORIENTED_EDGE('',*,*,#1894,.F.);
#1919 = CYLINDRICAL_SURFACE('',#1920,0.15);
#1920 = AXIS2_PLACEMENT_3D('',#1921,#1922,#1923);
#1921 = CARTESIAN_POINT('',(-0.65,-0.85,0.203));
#1922 = DIRECTION('',(0.,0.,-1.));
#1923 = DIRECTION('',(-1.,0.,0.));
#1924 = ADVANCED_FACE('',(#1925),#1931,.T.);
#1925 = FACE_BOUND('',#1926,.T.);
#1926 = EDGE_LOOP('',(#1927,#1928,#1929,#1930));
#1927 = ORIENTED_EDGE('',*,*,#1866,.F.);
#1928 = ORIENTED_EDGE('',*,*,#1911,.T.);
#1929 = ORIENTED_EDGE('',*,*,#1885,.F.);
#1930 = ORIENTED_EDGE('',*,*,#1805,.F.);
#1931 = CYLINDRICAL_SURFACE('',#1932,0.15);
#1932 = AXIS2_PLACEMENT_3D('',#1933,#1934,#1935);
#1933 = CARTESIAN_POINT('',(-0.65,-0.85,0.203));
#1934 = DIRECTION('',(0.,0.,-1.));
#1935 = DIRECTION('',(-1.,0.,0.));
#1936 = ( GEOMETRIC_REPRESENTATION_CONTEXT(3) 
GLOBAL_UNCERTAINTY_ASSIGNED_CONTEXT((#1940)) 
GLOBAL_UNIT_ASSIGNED_CONTEXT((#1937,#1938,#1939)) REPRESENTATION_CONTEXT
('Context #1','3D Context with UNIT and UNCERTAINTY') );
#1937 = ( LENGTH_UNIT() NAMED_UNIT(*) SI_UNIT(.MILLI.,.METRE.) );
#1938 = ( NAMED_UNIT(*) PLANE_ANGLE_UNIT() SI_UNIT($,.RADIAN.) );
#1939 = ( NAMED_UNIT(*) SI_UNIT($,.STERADIAN.) SOLID_ANGLE_UNIT() );
#1940 = UNCERTAINTY_MEASURE_WITH_UNIT(LENGTH_MEASURE(1.E-07),#1937,
  'distance_accuracy_value','confusion accuracy');
#1941 = CONTEXT_DEPENDENT_SHAPE_REPRESENTATION(#1942,#1944);
#1942 = ( REPRESENTATION_RELATIONSHIP('','',#1748,#10) 
REPRESENTATION_RELATIONSHIP_WITH_TRANSFORMATION(#1943) 
SHAPE_REPRESENTATION_RELATIONSHIP() );
#1943 = ITEM_DEFINED_TRANSFORMATION('','',#11,#27);
#1944 = PRODUCT_DEFINITION_SHAPE('Placement','Placement of an item',
  #1945);
#1945 = NEXT_ASSEMBLY_USAGE_OCCURRENCE('2841','RPV001-frame_默认002',
  '',#5,#1743,$);
#1946 = PRODUCT_RELATED_PRODUCT_CATEGORY('part',$,(#1745));
#1947 = SHAPE_DEFINITION_REPRESENTATION(#1948,#1954);
#1948 = PRODUCT_DEFINITION_SHAPE('','',#1949);
#1949 = PRODUCT_DEFINITION('design','',#1950,#1953);
#1950 = PRODUCT_DEFINITION_FORMATION('','',#1951);
#1951 = PRODUCT('RPV001-frame_默认003','RPV001-frame_默认003','',(
    #1952));
#1952 = PRODUCT_CONTEXT('',#2,'mechanical');
#1953 = PRODUCT_DEFINITION_CONTEXT('part definition',#2,'design');
#1954 = ADVANCED_BREP_SHAPE_REPRESENTATION('',(#11,#1955),#2142);
#1955 = MANIFOLD_SOLID_BREP('',#1956);
#1956 = CLOSED_SHELL('',(#1957,#1997,#2028,#2059,#2086,#2113,#2130));
#1957 = ADVANCED_FACE('',(#1958),#1992,.F.);
#1958 = FACE_BOUND('',#1959,.T.);
#1959 = EDGE_LOOP('',(#1960,#1970,#1978,#1986));
#1960 = ORIENTED_EDGE('',*,*,#1961,.T.);
#1961 = EDGE_CURVE('',#1962,#1964,#1966,.T.);
#1962 = VERTEX_POINT('',#1963);
#1963 = CARTESIAN_POINT('',(0.5,-1.,0.));
#1964 = VERTEX_POINT('',#1965);
#1965 = CARTESIAN_POINT('',(0.8,-1.,0.));
#1966 = LINE('',#1967,#1968);
#1967 = CARTESIAN_POINT('',(0.5,-1.,0.));
#1968 = VECTOR('',#1969,1.);
#1969 = DIRECTION('',(1.,0.,0.));
#1970 = ORIENTED_EDGE('',*,*,#1971,.F.);
#1971 = EDGE_CURVE('',#1972,#1964,#1974,.T.);
#1972 = VERTEX_POINT('',#1973);
#1973 = CARTESIAN_POINT('',(0.8,-1.,0.203));
#1974 = LINE('',#1975,#1976);
#1975 = CARTESIAN_POINT('',(0.8,-1.,0.203));
#1976 = VECTOR('',#1977,1.);
#1977 = DIRECTION('',(-0.,-0.,-1.));
#1978 = ORIENTED_EDGE('',*,*,#1979,.F.);
#1979 = EDGE_CURVE('',#1980,#1972,#1982,.T.);
#1980 = VERTEX_POINT('',#1981);
#1981 = CARTESIAN_POINT('',(0.5,-1.,0.203));
#1982 = LINE('',#1983,#1984);
#1983 = CARTESIAN_POINT('',(0.5,-1.,0.203));
#1984 = VECTOR('',#1985,1.);
#1985 = DIRECTION('',(1.,0.,0.));
#1986 = ORIENTED_EDGE('',*,*,#1987,.T.);
#1987 = EDGE_CURVE('',#1980,#1962,#1988,.T.);
#1988 = LINE('',#1989,#1990);
#1989 = CARTESIAN_POINT('',(0.5,-1.,0.203));
#1990 = VECTOR('',#1991,1.);
#1991 = DIRECTION('',(-0.,-0.,-1.));
#1992 = PLANE('',#1993);
#1993 = AXIS2_PLACEMENT_3D('',#1994,#1995,#1996);
#1994 = CARTESIAN_POINT('',(0.5,-1.,0.203));
#1995 = DIRECTION('',(0.,1.,0.));
#1996 = DIRECTION('',(0.,-0.,1.));
#1997 = ADVANCED_FACE('',(#1998),#2023,.F.);
#1998 = FACE_BOUND('',#1999,.T.);
#1999 = EDGE_LOOP('',(#2000,#2008,#2016,#2022));
#2000 = ORIENTED_EDGE('',*,*,#2001,.T.);
#2001 = EDGE_CURVE('',#1964,#2002,#2004,.T.);
#2002 = VERTEX_POINT('',#2003);
#2003 = CARTESIAN_POINT('',(0.8,-0.85,0.));
#2004 = LINE('',#2005,#2006);
#2005 = CARTESIAN_POINT('',(0.8,-1.,0.));
#2006 = VECTOR('',#2007,1.);
#2007 = DIRECTION('',(-7.228014483237E-16,1.,0.));
#2008 = ORIENTED_EDGE('',*,*,#2009,.T.);
#2009 = EDGE_CURVE('',#2002,#2010,#2012,.T.);
#2010 = VERTEX_POINT('',#2011);
#2011 = CARTESIAN_POINT('',(0.8,-0.85,0.203));
#2012 = LINE('',#2013,#2014);
#2013 = CARTESIAN_POINT('',(0.8,-0.85,0.203));
#2014 = VECTOR('',#2015,1.);
#2015 = DIRECTION('',(-0.,-0.,1.));
#2016 = ORIENTED_EDGE('',*,*,#2017,.F.);
#2017 = EDGE_CURVE('',#1972,#2010,#2018,.T.);
#2018 = LINE('',#2019,#2020);
#2019 = CARTESIAN_POINT('',(0.8,-1.,0.203));
#2020 = VECTOR('',#2021,1.);
#2021 = DIRECTION('',(-7.228014483237E-16,1.,0.));
#2022 = ORIENTED_EDGE('',*,*,#1971,.T.);
#2023 = PLANE('',#2024);
#2024 = AXIS2_PLACEMENT_3D('',#2025,#2026,#2027);
#2025 = CARTESIAN_POINT('',(0.8,-1.,0.203));
#2026 = DIRECTION('',(-1.,-7.228014483237E-16,0.));
#2027 = DIRECTION('',(7.228014483237E-16,-1.,0.));
#2028 = ADVANCED_FACE('',(#2029),#2054,.F.);
#2029 = FACE_BOUND('',#2030,.T.);
#2030 = EDGE_LOOP('',(#2031,#2039,#2047,#2053));
#2031 = ORIENTED_EDGE('',*,*,#2032,.F.);
#2032 = EDGE_CURVE('',#2033,#1980,#2035,.T.);
#2033 = VERTEX_POINT('',#2034);
#2034 = CARTESIAN_POINT('',(0.5,-0.85,0.203));
#2035 = LINE('',#2036,#2037);
#2036 = CARTESIAN_POINT('',(0.5,-1.,0.203));
#2037 = VECTOR('',#2038,1.);
#2038 = DIRECTION('',(-3.614007241618E-16,-1.,-0.));
#2039 = ORIENTED_EDGE('',*,*,#2040,.T.);
#2040 = EDGE_CURVE('',#2033,#2041,#2043,.T.);
#2041 = VERTEX_POINT('',#2042);
#2042 = CARTESIAN_POINT('',(0.5,-0.85,0.));
#2043 = LINE('',#2044,#2045);
#2044 = CARTESIAN_POINT('',(0.5,-0.85,0.203));
#2045 = VECTOR('',#2046,1.);
#2046 = DIRECTION('',(0.,0.,-1.));
#2047 = ORIENTED_EDGE('',*,*,#2048,.T.);
#2048 = EDGE_CURVE('',#2041,#1962,#2049,.T.);
#2049 = LINE('',#2050,#2051);
#2050 = CARTESIAN_POINT('',(0.5,-1.,0.));
#2051 = VECTOR('',#2052,1.);
#2052 = DIRECTION('',(-3.614007241618E-16,-1.,-0.));
#2053 = ORIENTED_EDGE('',*,*,#1987,.F.);
#2054 = PLANE('',#2055);
#2055 = AXIS2_PLACEMENT_3D('',#2056,#2057,#2058);
#2056 = CARTESIAN_POINT('',(0.5,-1.,0.203));
#2057 = DIRECTION('',(1.,-3.614007241618E-16,0.));
#2058 = DIRECTION('',(3.614007241618E-16,1.,0.));
#2059 = ADVANCED_FACE('',(#2060),#2081,.T.);
#2060 = FACE_BOUND('',#2061,.T.);
#2061 = EDGE_LOOP('',(#2062,#2071,#2078,#2079,#2080));
#2062 = ORIENTED_EDGE('',*,*,#2063,.T.);
#2063 = EDGE_CURVE('',#2010,#2064,#2066,.T.);
#2064 = VERTEX_POINT('',#2065);
#2065 = CARTESIAN_POINT('',(0.65,-0.7,0.203));
#2066 = CIRCLE('',#2067,0.15);
#2067 = AXIS2_PLACEMENT_3D('',#2068,#2069,#2070);
#2068 = CARTESIAN_POINT('',(0.65,-0.85,0.203));
#2069 = DIRECTION('',(0.,-0.,1.));
#2070 = DIRECTION('',(1.,0.,0.));
#2071 = ORIENTED_EDGE('',*,*,#2072,.T.);
#2072 = EDGE_CURVE('',#2064,#2033,#2073,.T.);
#2073 = CIRCLE('',#2074,0.15);
#2074 = AXIS2_PLACEMENT_3D('',#2075,#2076,#2077);
#2075 = CARTESIAN_POINT('',(0.65,-0.85,0.203));
#2076 = DIRECTION('',(0.,-0.,1.));
#2077 = DIRECTION('',(1.,0.,0.));
#2078 = ORIENTED_EDGE('',*,*,#2032,.T.);
#2079 = ORIENTED_EDGE('',*,*,#1979,.T.);
#2080 = ORIENTED_EDGE('',*,*,#2017,.T.);
#2081 = PLANE('',#2082);
#2082 = AXIS2_PLACEMENT_3D('',#2083,#2084,#2085);
#2083 = CARTESIAN_POINT('',(0.,0.,0.203));
#2084 = DIRECTION('',(0.,-0.,1.));
#2085 = DIRECTION('',(1.,0.,0.));
#2086 = ADVANCED_FACE('',(#2087),#2108,.F.);
#2087 = FACE_BOUND('',#2088,.T.);
#2088 = EDGE_LOOP('',(#2089,#2090,#2099,#2106,#2107));
#2089 = ORIENTED_EDGE('',*,*,#2048,.F.);
#2090 = ORIENTED_EDGE('',*,*,#2091,.T.);
#2091 = EDGE_CURVE('',#2041,#2092,#2094,.T.);
#2092 = VERTEX_POINT('',#2093);
#2093 = CARTESIAN_POINT('',(0.65,-0.7,0.));
#2094 = CIRCLE('',#2095,0.15);
#2095 = AXIS2_PLACEMENT_3D('',#2096,#2097,#2098);
#2096 = CARTESIAN_POINT('',(0.65,-0.85,0.));
#2097 = DIRECTION('',(-0.,0.,-1.));
#2098 = DIRECTION('',(1.,-7.228014483237E-16,-0.));
#2099 = ORIENTED_EDGE('',*,*,#2100,.T.);
#2100 = EDGE_CURVE('',#2092,#2002,#2101,.T.);
#2101 = CIRCLE('',#2102,0.15);
#2102 = AXIS2_PLACEMENT_3D('',#2103,#2104,#2105);
#2103 = CARTESIAN_POINT('',(0.65,-0.85,0.));
#2104 = DIRECTION('',(-0.,0.,-1.));
#2105 = DIRECTION('',(1.,-1.445602896647E-15,-0.));
#2106 = ORIENTED_EDGE('',*,*,#2001,.F.);
#2107 = ORIENTED_EDGE('',*,*,#1961,.F.);
#2108 = PLANE('',#2109);
#2109 = AXIS2_PLACEMENT_3D('',#2110,#2111,#2112);
#2110 = CARTESIAN_POINT('',(0.,0.,0.));
#2111 = DIRECTION('',(0.,-0.,1.));
#2112 = DIRECTION('',(1.,0.,0.));
#2113 = ADVANCED_FACE('',(#2114),#2125,.T.);
#2114 = FACE_BOUND('',#2115,.T.);
#2115 = EDGE_LOOP('',(#2116,#2122,#2123,#2124));
#2116 = ORIENTED_EDGE('',*,*,#2117,.F.);
#2117 = EDGE_CURVE('',#2064,#2092,#2118,.T.);
#2118 = LINE('',#2119,#2120);
#2119 = CARTESIAN_POINT('',(0.65,-0.7,0.203));
#2120 = VECTOR('',#2121,1.);
#2121 = DIRECTION('',(0.,0.,-1.));
#2122 = ORIENTED_EDGE('',*,*,#2063,.F.);
#2123 = ORIENTED_EDGE('',*,*,#2009,.F.);
#2124 = ORIENTED_EDGE('',*,*,#2100,.F.);
#2125 = CYLINDRICAL_SURFACE('',#2126,0.15);
#2126 = AXIS2_PLACEMENT_3D('',#2127,#2128,#2129);
#2127 = CARTESIAN_POINT('',(0.65,-0.85,0.203));
#2128 = DIRECTION('',(0.,0.,-1.));
#2129 = DIRECTION('',(-1.,0.,0.));
#2130 = ADVANCED_FACE('',(#2131),#2137,.T.);
#2131 = FACE_BOUND('',#2132,.T.);
#2132 = EDGE_LOOP('',(#2133,#2134,#2135,#2136));
#2133 = ORIENTED_EDGE('',*,*,#2072,.F.);
#2134 = ORIENTED_EDGE('',*,*,#2117,.T.);
#2135 = ORIENTED_EDGE('',*,*,#2091,.F.);
#2136 = ORIENTED_EDGE('',*,*,#2040,.F.);
#2137 = CYLINDRICAL_SURFACE('',#2138,0.15);
#2138 = AXIS2_PLACEMENT_3D('',#2139,#2140,#2141);
#2139 = CARTESIAN_POINT('',(0.65,-0.85,0.203));
#2140 = DIRECTION('',(0.,0.,-1.));
#2141 = DIRECTION('',(-1.,0.,0.));
#2142 = ( GEOMETRIC_REPRESENTATION_CONTEXT(3) 
GLOBAL_UNCERTAINTY_ASSIGNED_CONTEXT((#2146)) 
GLOBAL_UNIT_ASSIGNED_CONTEXT((#2143,#2144,#2145)) REPRESENTATION_CONTEXT
('Context #1','3D Context with UNIT and UNCERTAINTY') );
#2143 = ( LENGTH_UNIT() NAMED_UNIT(*) SI_UNIT(.MILLI.,.METRE.) );
#2144 = ( NAMED_UNIT(*) PLANE_ANGLE_UNIT() SI_UNIT($,.RADIAN.) );
#2145 = ( NAMED_UNIT(*) SI_UNIT($,.STERADIAN.) SOLID_ANGLE_UNIT() );
#2146 = UNCERTAINTY_MEASURE_WITH_UNIT(LENGTH_MEASURE(1.E-07),#2143,
  'distance_accuracy_value','confusion accuracy');
#2147 = CONTEXT_DEPENDENT_SHAPE_REPRESENTATION(#2148,#2150);
#2148 = ( REPRESENTATION_RELATIONSHIP('','',#1954,#10) 
REPRESENTATION_RELATIONSHIP_WITH_TRANSFORMATION(#2149) 
SHAPE_REPRESENTATION_RELATIONSHIP() );
#2149 = ITEM_DEFINED_TRANSFORMATION('','',#11,#31);
#2150 = PRODUCT_DEFINITION_SHAPE('Placement','Placement of an item',
  #2151);
#2151 = NEXT_ASSEMBLY_USAGE_OCCURRENCE('2842','RPV001-frame_默认003',
  '',#5,#1949,$);
#2152 = PRODUCT_RELATED_PRODUCT_CATEGORY('part',$,(#1951));
#2153 = SHAPE_DEFINITION_REPRESENTATION(#2154,#2160);
#2154 = PRODUCT_DEFINITION_SHAPE('','',#2155);
#2155 = PRODUCT_DEFINITION('design','',#2156,#2159);
#2156 = PRODUCT_DEFINITION_FORMATION('','',#2157);
#2157 = PRODUCT('RPV001-frame_默认004','RPV001-frame_默认004','',(
    #2158));
#2158 = PRODUCT_CONTEXT('',#2,'mechanical');
#2159 = PRODUCT_DEFINITION_CONTEXT('part definition',#2,'design');
#2160 = ADVANCED_BREP_SHAPE_REPRESENTATION('',(#11,#2161),#2348);
#2161 = MANIFOLD_SOLID_BREP('',#2162);
#2162 = CLOSED_SHELL('',(#2163,#2203,#2243,#2265,#2292,#2319,#2336));
#2163 = ADVANCED_FACE('',(#2164),#2198,.F.);
#2164 = FACE_BOUND('',#2165,.T.);
#2165 = EDGE_LOOP('',(#2166,#2176,#2184,#2192));
#2166 = ORIENTED_EDGE('',*,*,#2167,.T.);
#2167 = EDGE_CURVE('',#2168,#2170,#2172,.T.);
#2168 = VERTEX_POINT('',#2169);
#2169 = CARTESIAN_POINT('',(-0.15,1.,0.));
#2170 = VERTEX_POINT('',#2171);
#2171 = CARTESIAN_POINT('',(-0.15,0.85,0.));
#2172 = LINE('',#2173,#2174);
#2173 = CARTESIAN_POINT('',(-0.15,1.,0.));
#2174 = VECTOR('',#2175,1.);
#2175 = DIRECTION('',(9.035018104046E-17,-1.,0.));
#2176 = ORIENTED_EDGE('',*,*,#2177,.T.);
#2177 = EDGE_CURVE('',#2170,#2178,#2180,.T.);
#2178 = VERTEX_POINT('',#2179);
#2179 = CARTESIAN_POINT('',(-0.15,0.85,0.203));
#2180 = LINE('',#2181,#2182);
#2181 = CARTESIAN_POINT('',(-0.15,0.85,0.203));
#2182 = VECTOR('',#2183,1.);
#2183 = DIRECTION('',(0.,-0.,1.));
#2184 = ORIENTED_EDGE('',*,*,#2185,.F.);
#2185 = EDGE_CURVE('',#2186,#2178,#2188,.T.);
#2186 = VERTEX_POINT('',#2187);
#2187 = CARTESIAN_POINT('',(-0.15,1.,0.203));
#2188 = LINE('',#2189,#2190);
#2189 = CARTESIAN_POINT('',(-0.15,1.,0.203));
#2190 = VECTOR('',#2191,1.);
#2191 = DIRECTION('',(9.035018104046E-17,-1.,0.));
#2192 = ORIENTED_EDGE('',*,*,#2193,.T.);
#2193 = EDGE_CURVE('',#2186,#2168,#2194,.T.);
#2194 = LINE('',#2195,#2196);
#2195 = CARTESIAN_POINT('',(-0.15,1.,0.203));
#2196 = VECTOR('',#2197,1.);
#2197 = DIRECTION('',(-0.,-0.,-1.));
#2198 = PLANE('',#2199);
#2199 = AXIS2_PLACEMENT_3D('',#2200,#2201,#2202);
#2200 = CARTESIAN_POINT('',(-0.15,1.,0.203));
#2201 = DIRECTION('',(1.,9.035018104046E-17,-0.));
#2202 = DIRECTION('',(-9.035018104046E-17,1.,0.));
#2203 = ADVANCED_FACE('',(#2204),#2238,.F.);
#2204 = FACE_BOUND('',#2205,.T.);
#2205 = EDGE_LOOP('',(#2206,#2216,#2224,#2232));
#2206 = ORIENTED_EDGE('',*,*,#2207,.F.);
#2207 = EDGE_CURVE('',#2208,#2210,#2212,.T.);
#2208 = VERTEX_POINT('',#2209);
#2209 = CARTESIAN_POINT('',(0.15,0.85,0.203));
#2210 = VERTEX_POINT('',#2211);
#2211 = CARTESIAN_POINT('',(0.15,1.,0.203));
#2212 = LINE('',#2213,#2214);
#2213 = CARTESIAN_POINT('',(0.15,1.,0.203));
#2214 = VECTOR('',#2215,1.);
#2215 = DIRECTION('',(9.035018104046E-17,1.,-0.));
#2216 = ORIENTED_EDGE('',*,*,#2217,.T.);
#2217 = EDGE_CURVE('',#2208,#2218,#2220,.T.);
#2218 = VERTEX_POINT('',#2219);
#2219 = CARTESIAN_POINT('',(0.15,0.85,0.));
#2220 = LINE('',#2221,#2222);
#2221 = CARTESIAN_POINT('',(0.15,0.85,0.203));
#2222 = VECTOR('',#2223,1.);
#2223 = DIRECTION('',(0.,0.,-1.));
#2224 = ORIENTED_EDGE('',*,*,#2225,.T.);
#2225 = EDGE_CURVE('',#2218,#2226,#2228,.T.);
#2226 = VERTEX_POINT('',#2227);
#2227 = CARTESIAN_POINT('',(0.15,1.,0.));
#2228 = LINE('',#2229,#2230);
#2229 = CARTESIAN_POINT('',(0.15,1.,0.));
#2230 = VECTOR('',#2231,1.);
#2231 = DIRECTION('',(9.035018104046E-17,1.,-0.));
#2232 = ORIENTED_EDGE('',*,*,#2233,.F.);
#2233 = EDGE_CURVE('',#2210,#2226,#2234,.T.);
#2234 = LINE('',#2235,#2236);
#2235 = CARTESIAN_POINT('',(0.15,1.,0.203));
#2236 = VECTOR('',#2237,1.);
#2237 = DIRECTION('',(-0.,-0.,-1.));
#2238 = PLANE('',#2239);
#2239 = AXIS2_PLACEMENT_3D('',#2240,#2241,#2242);
#2240 = CARTESIAN_POINT('',(0.15,1.,0.203));
#2241 = DIRECTION('',(-1.,9.035018104046E-17,0.));
#2242 = DIRECTION('',(-9.035018104046E-17,-1.,0.));
#2243 = ADVANCED_FACE('',(#2244),#2260,.F.);
#2244 = FACE_BOUND('',#2245,.T.);
#2245 = EDGE_LOOP('',(#2246,#2252,#2253,#2259));
#2246 = ORIENTED_EDGE('',*,*,#2247,.T.);
#2247 = EDGE_CURVE('',#2226,#2168,#2248,.T.);
#2248 = LINE('',#2249,#2250);
#2249 = CARTESIAN_POINT('',(-0.15,1.,0.));
#2250 = VECTOR('',#2251,1.);
#2251 = DIRECTION('',(-1.,-0.,-0.));
#2252 = ORIENTED_EDGE('',*,*,#2193,.F.);
#2253 = ORIENTED_EDGE('',*,*,#2254,.F.);
#2254 = EDGE_CURVE('',#2210,#2186,#2255,.T.);
#2255 = LINE('',#2256,#2257);
#2256 = CARTESIAN_POINT('',(-0.15,1.,0.203));
#2257 = VECTOR('',#2258,1.);
#2258 = DIRECTION('',(-1.,-0.,-0.));
#2259 = ORIENTED_EDGE('',*,*,#2233,.T.);
#2260 = PLANE('',#2261);
#2261 = AXIS2_PLACEMENT_3D('',#2262,#2263,#2264);
#2262 = CARTESIAN_POINT('',(-0.15,1.,0.203));
#2263 = DIRECTION('',(0.,-1.,0.));
#2264 = DIRECTION('',(0.,-0.,-1.));
#2265 = ADVANCED_FACE('',(#2266),#2287,.T.);
#2266 = FACE_BOUND('',#2267,.T.);
#2267 = EDGE_LOOP('',(#2268,#2269,#2278,#2285,#2286));
#2268 = ORIENTED_EDGE('',*,*,#2185,.T.);
#2269 = ORIENTED_EDGE('',*,*,#2270,.T.);
#2270 = EDGE_CURVE('',#2178,#2271,#2273,.T.);
#2271 = VERTEX_POINT('',#2272);
#2272 = CARTESIAN_POINT('',(2.710505431214E-17,0.7,0.203));
#2273 = CIRCLE('',#2274,0.15);
#2274 = AXIS2_PLACEMENT_3D('',#2275,#2276,#2277);
#2275 = CARTESIAN_POINT('',(-2.710505431214E-17,0.85,0.203));
#2276 = DIRECTION('',(-0.,0.,1.));
#2277 = DIRECTION('',(1.,0.,0.));
#2278 = ORIENTED_EDGE('',*,*,#2279,.T.);
#2279 = EDGE_CURVE('',#2271,#2208,#2280,.T.);
#2280 = CIRCLE('',#2281,0.15);
#2281 = AXIS2_PLACEMENT_3D('',#2282,#2283,#2284);
#2282 = CARTESIAN_POINT('',(1.355252715607E-17,0.85,0.203));
#2283 = DIRECTION('',(-0.,0.,1.));
#2284 = DIRECTION('',(1.,0.,0.));
#2285 = ORIENTED_EDGE('',*,*,#2207,.T.);
#2286 = ORIENTED_EDGE('',*,*,#2254,.T.);
#2287 = PLANE('',#2288);
#2288 = AXIS2_PLACEMENT_3D('',#2289,#2290,#2291);
#2289 = CARTESIAN_POINT('',(0.,0.,0.203));
#2290 = DIRECTION('',(-0.,0.,1.));
#2291 = DIRECTION('',(1.,0.,0.));
#2292 = ADVANCED_FACE('',(#2293),#2314,.F.);
#2293 = FACE_BOUND('',#2294,.T.);
#2294 = EDGE_LOOP('',(#2295,#2304,#2311,#2312,#2313));
#2295 = ORIENTED_EDGE('',*,*,#2296,.T.);
#2296 = EDGE_CURVE('',#2218,#2297,#2299,.T.);
#2297 = VERTEX_POINT('',#2298);
#2298 = CARTESIAN_POINT('',(2.710505431214E-17,0.7,0.));
#2299 = CIRCLE('',#2300,0.15);
#2300 = AXIS2_PLACEMENT_3D('',#2301,#2302,#2303);
#2301 = CARTESIAN_POINT('',(1.355252715607E-17,0.85,0.));
#2302 = DIRECTION('',(0.,0.,-1.));
#2303 = DIRECTION('',(1.,0.,0.));
#2304 = ORIENTED_EDGE('',*,*,#2305,.T.);
#2305 = EDGE_CURVE('',#2297,#2170,#2306,.T.);
#2306 = CIRCLE('',#2307,0.15);
#2307 = AXIS2_PLACEMENT_3D('',#2308,#2309,#2310);
#2308 = CARTESIAN_POINT('',(-2.710505431214E-17,0.85,0.));
#2309 = DIRECTION('',(0.,0.,-1.));
#2310 = DIRECTION('',(1.,0.,0.));
#2311 = ORIENTED_EDGE('',*,*,#2167,.F.);
#2312 = ORIENTED_EDGE('',*,*,#2247,.F.);
#2313 = ORIENTED_EDGE('',*,*,#2225,.F.);
#2314 = PLANE('',#2315);
#2315 = AXIS2_PLACEMENT_3D('',#2316,#2317,#2318);
#2316 = CARTESIAN_POINT('',(0.,0.,0.));
#2317 = DIRECTION('',(-0.,0.,1.));
#2318 = DIRECTION('',(1.,0.,0.));
#2319 = ADVANCED_FACE('',(#2320),#2331,.T.);
#2320 = FACE_BOUND('',#2321,.T.);
#2321 = EDGE_LOOP('',(#2322,#2323,#2324,#2330));
#2322 = ORIENTED_EDGE('',*,*,#2217,.F.);
#2323 = ORIENTED_EDGE('',*,*,#2279,.F.);
#2324 = ORIENTED_EDGE('',*,*,#2325,.F.);
#2325 = EDGE_CURVE('',#2297,#2271,#2326,.T.);
#2326 = LINE('',#2327,#2328);
#2327 = CARTESIAN_POINT('',(2.710505431214E-17,0.7,0.203));
#2328 = VECTOR('',#2329,1.);
#2329 = DIRECTION('',(-0.,-0.,1.));
#2330 = ORIENTED_EDGE('',*,*,#2296,.F.);
#2331 = CYLINDRICAL_SURFACE('',#2332,0.15);
#2332 = AXIS2_PLACEMENT_3D('',#2333,#2334,#2335);
#2333 = CARTESIAN_POINT('',(1.355252715607E-17,0.85,0.203));
#2334 = DIRECTION('',(0.,0.,-1.));
#2335 = DIRECTION('',(-1.,0.,0.));
#2336 = ADVANCED_FACE('',(#2337),#2343,.T.);
#2337 = FACE_BOUND('',#2338,.T.);
#2338 = EDGE_LOOP('',(#2339,#2340,#2341,#2342));
#2339 = ORIENTED_EDGE('',*,*,#2270,.F.);
#2340 = ORIENTED_EDGE('',*,*,#2177,.F.);
#2341 = ORIENTED_EDGE('',*,*,#2305,.F.);
#2342 = ORIENTED_EDGE('',*,*,#2325,.T.);
#2343 = CYLINDRICAL_SURFACE('',#2344,0.15);
#2344 = AXIS2_PLACEMENT_3D('',#2345,#2346,#2347);
#2345 = CARTESIAN_POINT('',(-2.710505431214E-17,0.85,0.203));
#2346 = DIRECTION('',(-0.,0.,-1.));
#2347 = DIRECTION('',(-1.,0.,0.));
#2348 = ( GEOMETRIC_REPRESENTATION_CONTEXT(3) 
GLOBAL_UNCERTAINTY_ASSIGNED_CONTEXT((#2352)) 
GLOBAL_UNIT_ASSIGNED_CONTEXT((#2349,#2350,#2351)) REPRESENTATION_CONTEXT
('Context #1','3D Context with UNIT and UNCERTAINTY') );
#2349 = ( LENGTH_UNIT() NAMED_UNIT(*) SI_UNIT(.MILLI.,.METRE.) );
#2350 = ( NAMED_UNIT(*) PLANE_ANGLE_UNIT() SI_UNIT($,.RADIAN.) );
#2351 = ( NAMED_UNIT(*) SI_UNIT($,.STERADIAN.) SOLID_ANGLE_UNIT() );
#2352 = UNCERTAINTY_MEASURE_WITH_UNIT(LENGTH_MEASURE(1.E-07),#2349,
  'distance_accuracy_value','confusion accuracy');
#2353 = CONTEXT_DEPENDENT_SHAPE_REPRESENTATION(#2354,#2356);
#2354 = ( REPRESENTATION_RELATIONSHIP('','',#2160,#10) 
REPRESENTATION_RELATIONSHIP_WITH_TRANSFORMATION(#2355) 
SHAPE_REPRESENTATION_RELATIONSHIP() );
#2355 = ITEM_DEFINED_TRANSFORMATION('','',#11,#35);
#2356 = PRODUCT_DEFINITION_SHAPE('Placement','Placement of an item',
  #2357);
#2357 = NEXT_ASSEMBLY_USAGE_OCCURRENCE('2843','RPV001-frame_默认004',
  '',#5,#2155,$);
#2358 = PRODUCT_RELATED_PRODUCT_CATEGORY('part',$,(#2157));
#2359 = SHAPE_DEFINITION_REPRESENTATION(#2360,#2366);
#2360 = PRODUCT_DEFINITION_SHAPE('','',#2361);
#2361 = PRODUCT_DEFINITION('design','',#2362,#2365);
#2362 = PRODUCT_DEFINITION_FORMATION('','',#2363);
#2363 = PRODUCT('RPV001-frame_默认005','RPV001-frame_默认005','',(
    #2364));
#2364 = PRODUCT_CONTEXT('',#2,'mechanical');
#2365 = PRODUCT_DEFINITION_CONTEXT('part definition',#2,'design');
#2366 = ADVANCED_BREP_SHAPE_REPRESENTATION('',(#11,#2367),#2554);
#2367 = MANIFOLD_SOLID_BREP('',#2368);
#2368 = CLOSED_SHELL('',(#2369,#2409,#2440,#2471,#2498,#2525,#2542));
#2369 = ADVANCED_FACE('',(#2370),#2404,.F.);
#2370 = FACE_BOUND('',#2371,.T.);
#2371 = EDGE_LOOP('',(#2372,#2382,#2390,#2398));
#2372 = ORIENTED_EDGE('',*,*,#2373,.T.);
#2373 = EDGE_CURVE('',#2374,#2376,#2378,.T.);
#2374 = VERTEX_POINT('',#2375);
#2375 = CARTESIAN_POINT('',(-0.15,-1.,0.));
#2376 = VERTEX_POINT('',#2377);
#2377 = CARTESIAN_POINT('',(0.15,-1.,0.));
#2378 = LINE('',#2379,#2380);
#2379 = CARTESIAN_POINT('',(-0.15,-1.,0.));
#2380 = VECTOR('',#2381,1.);
#2381 = DIRECTION('',(1.,0.,0.));
#2382 = ORIENTED_EDGE('',*,*,#2383,.F.);
#2383 = EDGE_CURVE('',#2384,#2376,#2386,.T.);
#2384 = VERTEX_POINT('',#2385);
#2385 = CARTESIAN_POINT('',(0.15,-1.,0.203));
#2386 = LINE('',#2387,#2388);
#2387 = CARTESIAN_POINT('',(0.15,-1.,0.203));
#2388 = VECTOR('',#2389,1.);
#2389 = DIRECTION('',(-0.,-0.,-1.));
#2390 = ORIENTED_EDGE('',*,*,#2391,.F.);
#2391 = EDGE_CURVE('',#2392,#2384,#2394,.T.);
#2392 = VERTEX_POINT('',#2393);
#2393 = CARTESIAN_POINT('',(-0.15,-1.,0.203));
#2394 = LINE('',#2395,#2396);
#2395 = CARTESIAN_POINT('',(-0.15,-1.,0.203));
#2396 = VECTOR('',#2397,1.);
#2397 = DIRECTION('',(1.,0.,0.));
#2398 = ORIENTED_EDGE('',*,*,#2399,.T.);
#2399 = EDGE_CURVE('',#2392,#2374,#2400,.T.);
#2400 = LINE('',#2401,#2402);
#2401 = CARTESIAN_POINT('',(-0.15,-1.,0.203));
#2402 = VECTOR('',#2403,1.);
#2403 = DIRECTION('',(-0.,-0.,-1.));
#2404 = PLANE('',#2405);
#2405 = AXIS2_PLACEMENT_3D('',#2406,#2407,#2408);
#2406 = CARTESIAN_POINT('',(-0.15,-1.,0.203));
#2407 = DIRECTION('',(0.,1.,0.));
#2408 = DIRECTION('',(0.,-0.,1.));
#2409 = ADVANCED_FACE('',(#2410),#2435,.F.);
#2410 = FACE_BOUND('',#2411,.T.);
#2411 = EDGE_LOOP('',(#2412,#2420,#2428,#2434));
#2412 = ORIENTED_EDGE('',*,*,#2413,.T.);
#2413 = EDGE_CURVE('',#2376,#2414,#2416,.T.);
#2414 = VERTEX_POINT('',#2415);
#2415 = CARTESIAN_POINT('',(0.15,-0.85,0.));
#2416 = LINE('',#2417,#2418);
#2417 = CARTESIAN_POINT('',(0.15,-1.,0.));
#2418 = VECTOR('',#2419,1.);
#2419 = DIRECTION('',(-9.035018104046E-17,1.,0.));
#2420 = ORIENTED_EDGE('',*,*,#2421,.T.);
#2421 = EDGE_CURVE('',#2414,#2422,#2424,.T.);
#2422 = VERTEX_POINT('',#2423);
#2423 = CARTESIAN_POINT('',(0.15,-0.85,0.203));
#2424 = LINE('',#2425,#2426);
#2425 = CARTESIAN_POINT('',(0.15,-0.85,0.203));
#2426 = VECTOR('',#2427,1.);
#2427 = DIRECTION('',(-0.,-0.,1.));
#2428 = ORIENTED_EDGE('',*,*,#2429,.F.);
#2429 = EDGE_CURVE('',#2384,#2422,#2430,.T.);
#2430 = LINE('',#2431,#2432);
#2431 = CARTESIAN_POINT('',(0.15,-1.,0.203));
#2432 = VECTOR('',#2433,1.);
#2433 = DIRECTION('',(-9.035018104046E-17,1.,0.));
#2434 = ORIENTED_EDGE('',*,*,#2383,.T.);
#2435 = PLANE('',#2436);
#2436 = AXIS2_PLACEMENT_3D('',#2437,#2438,#2439);
#2437 = CARTESIAN_POINT('',(0.15,-1.,0.203));
#2438 = DIRECTION('',(-1.,-9.035018104046E-17,0.));
#2439 = DIRECTION('',(9.035018104046E-17,-1.,0.));
#2440 = ADVANCED_FACE('',(#2441),#2466,.F.);
#2441 = FACE_BOUND('',#2442,.T.);
#2442 = EDGE_LOOP('',(#2443,#2451,#2459,#2465));
#2443 = ORIENTED_EDGE('',*,*,#2444,.F.);
#2444 = EDGE_CURVE('',#2445,#2392,#2447,.T.);
#2445 = VERTEX_POINT('',#2446);
#2446 = CARTESIAN_POINT('',(-0.15,-0.85,0.203));
#2447 = LINE('',#2448,#2449);
#2448 = CARTESIAN_POINT('',(-0.15,-1.,0.203));
#2449 = VECTOR('',#2450,1.);
#2450 = DIRECTION('',(-9.035018104046E-17,-1.,-0.));
#2451 = ORIENTED_EDGE('',*,*,#2452,.T.);
#2452 = EDGE_CURVE('',#2445,#2453,#2455,.T.);
#2453 = VERTEX_POINT('',#2454);
#2454 = CARTESIAN_POINT('',(-0.15,-0.85,0.));
#2455 = LINE('',#2456,#2457);
#2456 = CARTESIAN_POINT('',(-0.15,-0.85,0.203));
#2457 = VECTOR('',#2458,1.);
#2458 = DIRECTION('',(0.,0.,-1.));
#2459 = ORIENTED_EDGE('',*,*,#2460,.T.);
#2460 = EDGE_CURVE('',#2453,#2374,#2461,.T.);
#2461 = LINE('',#2462,#2463);
#2462 = CARTESIAN_POINT('',(-0.15,-1.,0.));
#2463 = VECTOR('',#2464,1.);
#2464 = DIRECTION('',(-9.035018104046E-17,-1.,-0.));
#2465 = ORIENTED_EDGE('',*,*,#2399,.F.);
#2466 = PLANE('',#2467);
#2467 = AXIS2_PLACEMENT_3D('',#2468,#2469,#2470);
#2468 = CARTESIAN_POINT('',(-0.15,-1.,0.203));
#2469 = DIRECTION('',(1.,-9.035018104046E-17,0.));
#2470 = DIRECTION('',(9.035018104046E-17,1.,0.));
#2471 = ADVANCED_FACE('',(#2472),#2493,.T.);
#2472 = FACE_BOUND('',#2473,.T.);
#2473 = EDGE_LOOP('',(#2474,#2483,#2490,#2491,#2492));
#2474 = ORIENTED_EDGE('',*,*,#2475,.T.);
#2475 = EDGE_CURVE('',#2422,#2476,#2478,.T.);
#2476 = VERTEX_POINT('',#2477);
#2477 = CARTESIAN_POINT('',(-8.131516293641E-17,-0.7,0.203));
#2478 = CIRCLE('',#2479,0.15);
#2479 = AXIS2_PLACEMENT_3D('',#2480,#2481,#2482);
#2480 = CARTESIAN_POINT('',(-8.131516293641E-17,-0.85,0.203));
#2481 = DIRECTION('',(0.,-0.,1.));
#2482 = DIRECTION('',(1.,0.,0.));
#2483 = ORIENTED_EDGE('',*,*,#2484,.T.);
#2484 = EDGE_CURVE('',#2476,#2445,#2485,.T.);
#2485 = CIRCLE('',#2486,0.15);
#2486 = AXIS2_PLACEMENT_3D('',#2487,#2488,#2489);
#2487 = CARTESIAN_POINT('',(9.486769009248E-17,-0.85,0.203));
#2488 = DIRECTION('',(0.,-0.,1.));
#2489 = DIRECTION('',(1.,0.,0.));
#2490 = ORIENTED_EDGE('',*,*,#2444,.T.);
#2491 = ORIENTED_EDGE('',*,*,#2391,.T.);
#2492 = ORIENTED_EDGE('',*,*,#2429,.T.);
#2493 = PLANE('',#2494);
#2494 = AXIS2_PLACEMENT_3D('',#2495,#2496,#2497);
#2495 = CARTESIAN_POINT('',(0.,0.,0.203));
#2496 = DIRECTION('',(0.,-0.,1.));
#2497 = DIRECTION('',(1.,0.,0.));
#2498 = ADVANCED_FACE('',(#2499),#2520,.F.);
#2499 = FACE_BOUND('',#2500,.T.);
#2500 = EDGE_LOOP('',(#2501,#2502,#2511,#2518,#2519));
#2501 = ORIENTED_EDGE('',*,*,#2460,.F.);
#2502 = ORIENTED_EDGE('',*,*,#2503,.T.);
#2503 = EDGE_CURVE('',#2453,#2504,#2506,.T.);
#2504 = VERTEX_POINT('',#2505);
#2505 = CARTESIAN_POINT('',(-8.131516293641E-17,-0.7,0.));
#2506 = CIRCLE('',#2507,0.15);
#2507 = AXIS2_PLACEMENT_3D('',#2508,#2509,#2510);
#2508 = CARTESIAN_POINT('',(9.486769009248E-17,-0.85,0.));
#2509 = DIRECTION('',(0.,0.,-1.));
#2510 = DIRECTION('',(1.,7.228014483237E-16,0.));
#2511 = ORIENTED_EDGE('',*,*,#2512,.T.);
#2512 = EDGE_CURVE('',#2504,#2414,#2513,.T.);
#2513 = CIRCLE('',#2514,0.15);
#2514 = AXIS2_PLACEMENT_3D('',#2515,#2516,#2517);
#2515 = CARTESIAN_POINT('',(-8.131516293641E-17,-0.85,0.));
#2516 = DIRECTION('',(0.,0.,-1.));
#2517 = DIRECTION('',(1.,0.,0.));
#2518 = ORIENTED_EDGE('',*,*,#2413,.F.);
#2519 = ORIENTED_EDGE('',*,*,#2373,.F.);
#2520 = PLANE('',#2521);
#2521 = AXIS2_PLACEMENT_3D('',#2522,#2523,#2524);
#2522 = CARTESIAN_POINT('',(0.,0.,0.));
#2523 = DIRECTION('',(0.,-0.,1.));
#2524 = DIRECTION('',(1.,0.,0.));
#2525 = ADVANCED_FACE('',(#2526),#2537,.T.);
#2526 = FACE_BOUND('',#2527,.T.);
#2527 = EDGE_LOOP('',(#2528,#2534,#2535,#2536));
#2528 = ORIENTED_EDGE('',*,*,#2529,.F.);
#2529 = EDGE_CURVE('',#2476,#2504,#2530,.T.);
#2530 = LINE('',#2531,#2532);
#2531 = CARTESIAN_POINT('',(-8.131516293641E-17,-0.7,0.203));
#2532 = VECTOR('',#2533,1.);
#2533 = DIRECTION('',(0.,0.,-1.));
#2534 = ORIENTED_EDGE('',*,*,#2475,.F.);
#2535 = ORIENTED_EDGE('',*,*,#2421,.F.);
#2536 = ORIENTED_EDGE('',*,*,#2512,.F.);
#2537 = CYLINDRICAL_SURFACE('',#2538,0.15);
#2538 = AXIS2_PLACEMENT_3D('',#2539,#2540,#2541);
#2539 = CARTESIAN_POINT('',(-8.131516293641E-17,-0.85,0.203));
#2540 = DIRECTION('',(0.,0.,-1.));
#2541 = DIRECTION('',(-1.,0.,0.));
#2542 = ADVANCED_FACE('',(#2543),#2549,.T.);
#2543 = FACE_BOUND('',#2544,.T.);
#2544 = EDGE_LOOP('',(#2545,#2546,#2547,#2548));
#2545 = ORIENTED_EDGE('',*,*,#2484,.F.);
#2546 = ORIENTED_EDGE('',*,*,#2529,.T.);
#2547 = ORIENTED_EDGE('',*,*,#2503,.F.);
#2548 = ORIENTED_EDGE('',*,*,#2452,.F.);
#2549 = CYLINDRICAL_SURFACE('',#2550,0.15);
#2550 = AXIS2_PLACEMENT_3D('',#2551,#2552,#2553);
#2551 = CARTESIAN_POINT('',(9.486769009248E-17,-0.85,0.203));
#2552 = DIRECTION('',(0.,0.,-1.));
#2553 = DIRECTION('',(-1.,0.,0.));
#2554 = ( GEOMETRIC_REPRESENTATION_CONTEXT(3) 
GLOBAL_UNCERTAINTY_ASSIGNED_CONTEXT((#2558)) 
GLOBAL_UNIT_ASSIGNED_CONTEXT((#2555,#2556,#2557)) REPRESENTATION_CONTEXT
('Context #1','3D Context with UNIT and UNCERTAINTY') );
#2555 = ( LENGTH_UNIT() NAMED_UNIT(*) SI_UNIT(.MILLI.,.METRE.) );
#2556 = ( NAMED_UNIT(*) PLANE_ANGLE_UNIT() SI_UNIT($,.RADIAN.) );
#2557 = ( NAMED_UNIT(*) SI_UNIT($,.STERADIAN.) SOLID_ANGLE_UNIT() );
#2558 = UNCERTAINTY_MEASURE_WITH_UNIT(LENGTH_MEASURE(1.E-07),#2555,
  'distance_accuracy_value','confusion accuracy');
#2559 = CONTEXT_DEPENDENT_SHAPE_REPRESENTATION(#2560,#2562);
#2560 = ( REPRESENTATION_RELATIONSHIP('','',#2366,#10) 
REPRESENTATION_RELATIONSHIP_WITH_TRANSFORMATION(#2561) 
SHAPE_REPRESENTATION_RELATIONSHIP() );
#2561 = ITEM_DEFINED_TRANSFORMATION('','',#11,#39);
#2562 = PRODUCT_DEFINITION_SHAPE('Placement','Placement of an item',
  #2563);
#2563 = NEXT_ASSEMBLY_USAGE_OCCURRENCE('2844','RPV001-frame_默认005',
  '',#5,#2361,$);
#2564 = PRODUCT_RELATED_PRODUCT_CATEGORY('part',$,(#2363));
#2565 = SHAPE_DEFINITION_REPRESENTATION(#2566,#2572);
#2566 = PRODUCT_DEFINITION_SHAPE('','',#2567);
#2567 = PRODUCT_DEFINITION('design','',#2568,#2571);
#2568 = PRODUCT_DEFINITION_FORMATION('','',#2569);
#2569 = PRODUCT('RPV001-frame_默认006','RPV001-frame_默认006','',(
    #2570));
#2570 = PRODUCT_CONTEXT('',#2,'mechanical');
#2571 = PRODUCT_DEFINITION_CONTEXT('part definition',#2,'design');
#2572 = ADVANCED_BREP_SHAPE_REPRESENTATION('',(#11,#2573),#2756);
#2573 = MANIFOLD_SOLID_BREP('',#2574);
#2574 = CLOSED_SHELL('',(#2575,#2615,#2646,#2677,#2708,#2730,#2743));
#2575 = ADVANCED_FACE('',(#2576),#2610,.F.);
#2576 = FACE_BOUND('',#2577,.T.);
#2577 = EDGE_LOOP('',(#2578,#2588,#2596,#2604));
#2578 = ORIENTED_EDGE('',*,*,#2579,.T.);
#2579 = EDGE_CURVE('',#2580,#2582,#2584,.T.);
#2580 = VERTEX_POINT('',#2581);
#2581 = CARTESIAN_POINT('',(-0.8,0.475,0.));
#2582 = VERTEX_POINT('',#2583);
#2583 = CARTESIAN_POINT('',(-0.8,-0.225,0.));
#2584 = LINE('',#2585,#2586);
#2585 = CARTESIAN_POINT('',(-0.8,0.475,0.));
#2586 = VECTOR('',#2587,1.);
#2587 = DIRECTION('',(1.548860246408E-16,-1.,0.));
#2588 = ORIENTED_EDGE('',*,*,#2589,.F.);
#2589 = EDGE_CURVE('',#2590,#2582,#2592,.T.);
#2590 = VERTEX_POINT('',#2591);
#2591 = CARTESIAN_POINT('',(-0.8,-0.225,0.203));
#2592 = LINE('',#2593,#2594);
#2593 = CARTESIAN_POINT('',(-0.8,-0.225,0.203));
#2594 = VECTOR('',#2595,1.);
#2595 = DIRECTION('',(-0.,-0.,-1.));
#2596 = ORIENTED_EDGE('',*,*,#2597,.F.);
#2597 = EDGE_CURVE('',#2598,#2590,#2600,.T.);
#2598 = VERTEX_POINT('',#2599);
#2599 = CARTESIAN_POINT('',(-0.8,0.475,0.203));
#2600 = LINE('',#2601,#2602);
#2601 = CARTESIAN_POINT('',(-0.8,0.475,0.203));
#2602 = VECTOR('',#2603,1.);
#2603 = DIRECTION('',(1.548860246408E-16,-1.,0.));
#2604 = ORIENTED_EDGE('',*,*,#2605,.T.);
#2605 = EDGE_CURVE('',#2598,#2580,#2606,.T.);
#2606 = LINE('',#2607,#2608);
#2607 = CARTESIAN_POINT('',(-0.8,0.475,0.203));
#2608 = VECTOR('',#2609,1.);
#2609 = DIRECTION('',(-0.,-0.,-1.));
#2610 = PLANE('',#2611);
#2611 = AXIS2_PLACEMENT_3D('',#2612,#2613,#2614);
#2612 = CARTESIAN_POINT('',(-0.8,0.475,0.203));
#2613 = DIRECTION('',(1.,1.548860246408E-16,-0.));
#2614 = DIRECTION('',(-1.548860246408E-16,1.,0.));
#2615 = ADVANCED_FACE('',(#2616),#2641,.F.);
#2616 = FACE_BOUND('',#2617,.T.);
#2617 = EDGE_LOOP('',(#2618,#2626,#2634,#2640));
#2618 = ORIENTED_EDGE('',*,*,#2619,.T.);
#2619 = EDGE_CURVE('',#2582,#2620,#2622,.T.);
#2620 = VERTEX_POINT('',#2621);
#2621 = CARTESIAN_POINT('',(-0.55,-0.475,0.));
#2622 = LINE('',#2623,#2624);
#2623 = CARTESIAN_POINT('',(-0.55,-0.475,0.));
#2624 = VECTOR('',#2625,1.);
#2625 = DIRECTION('',(0.707106781187,-0.707106781187,-0.));
#2626 = ORIENTED_EDGE('',*,*,#2627,.F.);
#2627 = EDGE_CURVE('',#2628,#2620,#2630,.T.);
#2628 = VERTEX_POINT('',#2629);
#2629 = CARTESIAN_POINT('',(-0.55,-0.475,0.203));
#2630 = LINE('',#2631,#2632);
#2631 = CARTESIAN_POINT('',(-0.55,-0.475,0.203));
#2632 = VECTOR('',#2633,1.);
#2633 = DIRECTION('',(-0.,-0.,-1.));
#2634 = ORIENTED_EDGE('',*,*,#2635,.F.);
#2635 = EDGE_CURVE('',#2590,#2628,#2636,.T.);
#2636 = LINE('',#2637,#2638);
#2637 = CARTESIAN_POINT('',(-0.55,-0.475,0.203));
#2638 = VECTOR('',#2639,1.);
#2639 = DIRECTION('',(0.707106781187,-0.707106781187,-0.));
#2640 = ORIENTED_EDGE('',*,*,#2589,.T.);
#2641 = PLANE('',#2642);
#2642 = AXIS2_PLACEMENT_3D('',#2643,#2644,#2645);
#2643 = CARTESIAN_POINT('',(-0.55,-0.475,0.203));
#2644 = DIRECTION('',(0.707106781187,0.707106781187,-0.));
#2645 = DIRECTION('',(-0.707106781187,0.707106781187,0.));
#2646 = ADVANCED_FACE('',(#2647),#2672,.F.);
#2647 = FACE_BOUND('',#2648,.T.);
#2648 = EDGE_LOOP('',(#2649,#2657,#2665,#2671));
#2649 = ORIENTED_EDGE('',*,*,#2650,.T.);
#2650 = EDGE_CURVE('',#2620,#2651,#2653,.T.);
#2651 = VERTEX_POINT('',#2652);
#2652 = CARTESIAN_POINT('',(0.8,-0.475,0.));
#2653 = LINE('',#2654,#2655);
#2654 = CARTESIAN_POINT('',(-0.55,-0.475,0.));
#2655 = VECTOR('',#2656,1.);
#2656 = DIRECTION('',(1.,-4.015563601798E-17,0.));
#2657 = ORIENTED_EDGE('',*,*,#2658,.F.);
#2658 = EDGE_CURVE('',#2659,#2651,#2661,.T.);
#2659 = VERTEX_POINT('',#2660);
#2660 = CARTESIAN_POINT('',(0.8,-0.475,0.203));
#2661 = LINE('',#2662,#2663);
#2662 = CARTESIAN_POINT('',(0.8,-0.475,0.203));
#2663 = VECTOR('',#2664,1.);
#2664 = DIRECTION('',(-0.,-0.,-1.));
#2665 = ORIENTED_EDGE('',*,*,#2666,.F.);
#2666 = EDGE_CURVE('',#2628,#2659,#2667,.T.);
#2667 = LINE('',#2668,#2669);
#2668 = CARTESIAN_POINT('',(-0.55,-0.475,0.203));
#2669 = VECTOR('',#2670,1.);
#2670 = DIRECTION('',(1.,-4.015563601798E-17,0.));
#2671 = ORIENTED_EDGE('',*,*,#2627,.T.);
#2672 = PLANE('',#2673);
#2673 = AXIS2_PLACEMENT_3D('',#2674,#2675,#2676);
#2674 = CARTESIAN_POINT('',(-0.55,-0.475,0.203));
#2675 = DIRECTION('',(4.015563601798E-17,1.,-0.));
#2676 = DIRECTION('',(-1.,4.015563601798E-17,0.));
#2677 = ADVANCED_FACE('',(#2678),#2703,.F.);
#2678 = FACE_BOUND('',#2679,.T.);
#2679 = EDGE_LOOP('',(#2680,#2688,#2696,#2702));
#2680 = ORIENTED_EDGE('',*,*,#2681,.T.);
#2681 = EDGE_CURVE('',#2651,#2682,#2684,.T.);
#2682 = VERTEX_POINT('',#2683);
#2683 = CARTESIAN_POINT('',(0.8,0.475,0.));
#2684 = LINE('',#2685,#2686);
#2685 = CARTESIAN_POINT('',(0.8,0.475,0.));
#2686 = VECTOR('',#2687,1.);
#2687 = DIRECTION('',(-2.282530889443E-16,1.,-0.));
#2688 = ORIENTED_EDGE('',*,*,#2689,.F.);
#2689 = EDGE_CURVE('',#2690,#2682,#2692,.T.);
#2690 = VERTEX_POINT('',#2691);
#2691 = CARTESIAN_POINT('',(0.8,0.475,0.203));
#2692 = LINE('',#2693,#2694);
#2693 = CARTESIAN_POINT('',(0.8,0.475,0.203));
#2694 = VECTOR('',#2695,1.);
#2695 = DIRECTION('',(-0.,-0.,-1.));
#2696 = ORIENTED_EDGE('',*,*,#2697,.F.);
#2697 = EDGE_CURVE('',#2659,#2690,#2698,.T.);
#2698 = LINE('',#2699,#2700);
#2699 = CARTESIAN_POINT('',(0.8,0.475,0.203));
#2700 = VECTOR('',#2701,1.);
#2701 = DIRECTION('',(-2.282530889443E-16,1.,-0.));
#2702 = ORIENTED_EDGE('',*,*,#2658,.T.);
#2703 = PLANE('',#2704);
#2704 = AXIS2_PLACEMENT_3D('',#2705,#2706,#2707);
#2705 = CARTESIAN_POINT('',(0.8,0.475,0.203));
#2706 = DIRECTION('',(-1.,-2.282530889443E-16,0.));
#2707 = DIRECTION('',(2.282530889443E-16,-1.,0.));
#2708 = ADVANCED_FACE('',(#2709),#2725,.F.);
#2709 = FACE_BOUND('',#2710,.T.);
#2710 = EDGE_LOOP('',(#2711,#2717,#2718,#2724));
#2711 = ORIENTED_EDGE('',*,*,#2712,.T.);
#2712 = EDGE_CURVE('',#2682,#2580,#2713,.T.);
#2713 = LINE('',#2714,#2715);
#2714 = CARTESIAN_POINT('',(-0.8,0.475,0.));
#2715 = VECTOR('',#2716,1.);
#2716 = DIRECTION('',(-1.,-0.,-0.));
#2717 = ORIENTED_EDGE('',*,*,#2605,.F.);
#2718 = ORIENTED_EDGE('',*,*,#2719,.F.);
#2719 = EDGE_CURVE('',#2690,#2598,#2720,.T.);
#2720 = LINE('',#2721,#2722);
#2721 = CARTESIAN_POINT('',(-0.8,0.475,0.203));
#2722 = VECTOR('',#2723,1.);
#2723 = DIRECTION('',(-1.,-0.,-0.));
#2724 = ORIENTED_EDGE('',*,*,#2689,.T.);
#2725 = PLANE('',#2726);
#2726 = AXIS2_PLACEMENT_3D('',#2727,#2728,#2729);
#2727 = CARTESIAN_POINT('',(-0.8,0.475,0.203));
#2728 = DIRECTION('',(0.,-1.,0.));
#2729 = DIRECTION('',(0.,-0.,-1.));
#2730 = ADVANCED_FACE('',(#2731),#2738,.T.);
#2731 = FACE_BOUND('',#2732,.T.);
#2732 = EDGE_LOOP('',(#2733,#2734,#2735,#2736,#2737));
#2733 = ORIENTED_EDGE('',*,*,#2597,.T.);
#2734 = ORIENTED_EDGE('',*,*,#2635,.T.);
#2735 = ORIENTED_EDGE('',*,*,#2666,.T.);
#2736 = ORIENTED_EDGE('',*,*,#2697,.T.);
#2737 = ORIENTED_EDGE('',*,*,#2719,.T.);
#2738 = PLANE('',#2739);
#2739 = AXIS2_PLACEMENT_3D('',#2740,#2741,#2742);
#2740 = CARTESIAN_POINT('',(0.,0.,0.203));
#2741 = DIRECTION('',(0.,0.,1.));
#2742 = DIRECTION('',(1.,0.,-0.));
#2743 = ADVANCED_FACE('',(#2744),#2751,.F.);
#2744 = FACE_BOUND('',#2745,.T.);
#2745 = EDGE_LOOP('',(#2746,#2747,#2748,#2749,#2750));
#2746 = ORIENTED_EDGE('',*,*,#2579,.F.);
#2747 = ORIENTED_EDGE('',*,*,#2712,.F.);
#2748 = ORIENTED_EDGE('',*,*,#2681,.F.);
#2749 = ORIENTED_EDGE('',*,*,#2650,.F.);
#2750 = ORIENTED_EDGE('',*,*,#2619,.F.);
#2751 = PLANE('',#2752);
#2752 = AXIS2_PLACEMENT_3D('',#2753,#2754,#2755);
#2753 = CARTESIAN_POINT('',(0.,0.,0.));
#2754 = DIRECTION('',(0.,0.,1.));
#2755 = DIRECTION('',(1.,0.,-0.));
#2756 = ( GEOMETRIC_REPRESENTATION_CONTEXT(3) 
GLOBAL_UNCERTAINTY_ASSIGNED_CONTEXT((#2760)) 
GLOBAL_UNIT_ASSIGNED_CONTEXT((#2757,#2758,#2759)) REPRESENTATION_CONTEXT
('Context #1','3D Context with UNIT and UNCERTAINTY') );
#2757 = ( LENGTH_UNIT() NAMED_UNIT(*) SI_UNIT(.MILLI.,.METRE.) );
#2758 = ( NAMED_UNIT(*) PLANE_ANGLE_UNIT() SI_UNIT($,.RADIAN.) );
#2759 = ( NAMED_UNIT(*) SI_UNIT($,.STERADIAN.) SOLID_ANGLE_UNIT() );
#2760 = UNCERTAINTY_MEASURE_WITH_UNIT(LENGTH_MEASURE(1.E-07),#2757,
  'distance_accuracy_value','confusion accuracy');
#2761 = CONTEXT_DEPENDENT_SHAPE_REPRESENTATION(#2762,#2764);
#2762 = ( REPRESENTATION_RELATIONSHIP('','',#2572,#10) 
REPRESENTATION_RELATIONSHIP_WITH_TRANSFORMATION(#2763) 
SHAPE_REPRESENTATION_RELATIONSHIP() );
#2763 = ITEM_DEFINED_TRANSFORMATION('','',#11,#43);
#2764 = PRODUCT_DEFINITION_SHAPE('Placement','Placement of an item',
  #2765);
#2765 = NEXT_ASSEMBLY_USAGE_OCCURRENCE('2845','RPV001-frame_默认006',
  '',#5,#2567,$);
#2766 = PRODUCT_RELATED_PRODUCT_CATEGORY('part',$,(#2569));
#2767 = SHAPE_DEFINITION_REPRESENTATION(#2768,#2774);
#2768 = PRODUCT_DEFINITION_SHAPE('','',#2769);
#2769 = PRODUCT_DEFINITION('design','',#2770,#2773);
#2770 = PRODUCT_DEFINITION_FORMATION('','',#2771);
#2771 = PRODUCT('X-axis','X-axis','',(#2772));
#2772 = PRODUCT_CONTEXT('',#2,'mechanical');
#2773 = PRODUCT_DEFINITION_CONTEXT('part definition',#2,'design');
#2774 = GEOMETRICALLY_BOUNDED_WIREFRAME_SHAPE_REPRESENTATION('',(#11,
    #2775),#2780);
#2775 = GEOMETRIC_CURVE_SET('',(#2776));
#2776 = LINE('',#2777,#2778);
#2777 = CARTESIAN_POINT('',(0.,0.,0.));
#2778 = VECTOR('',#2779,1.);
#2779 = DIRECTION('',(1.,0.,0.));
#2780 = ( GEOMETRIC_REPRESENTATION_CONTEXT(3) 
GLOBAL_UNCERTAINTY_ASSIGNED_CONTEXT((#2784)) 
GLOBAL_UNIT_ASSIGNED_CONTEXT((#2781,#2782,#2783)) REPRESENTATION_CONTEXT
('Context #1','3D Context with UNIT and UNCERTAINTY') );
#2781 = ( LENGTH_UNIT() NAMED_UNIT(*) SI_UNIT(.MILLI.,.METRE.) );
#2782 = ( NAMED_UNIT(*) PLANE_ANGLE_UNIT() SI_UNIT($,.RADIAN.) );
#2783 = ( NAMED_UNIT(*) SI_UNIT($,.STERADIAN.) SOLID_ANGLE_UNIT() );
#2784 = UNCERTAINTY_MEASURE_WITH_UNIT(LENGTH_MEASURE(1.E-07),#2781,
  'distance_accuracy_value','confusion accuracy');
#2785 = CONTEXT_DEPENDENT_SHAPE_REPRESENTATION(#2786,#2788);
#2786 = ( REPRESENTATION_RELATIONSHIP('','',#2774,#10) 
REPRESENTATION_RELATIONSHIP_WITH_TRANSFORMATION(#2787) 
SHAPE_REPRESENTATION_RELATIONSHIP() );
#2787 = ITEM_DEFINED_TRANSFORMATION('','',#11,#47);
#2788 = PRODUCT_DEFINITION_SHAPE('Placement','Placement of an item',
  #2789);
#2789 = NEXT_ASSEMBLY_USAGE_OCCURRENCE('2846','X-axis','',#5,#2769,$);
#2790 = PRODUCT_RELATED_PRODUCT_CATEGORY('part',$,(#2771));
#2791 = CONTEXT_DEPENDENT_SHAPE_REPRESENTATION(#2792,#2794);
#2792 = ( REPRESENTATION_RELATIONSHIP('','',#2774,#10) 
REPRESENTATION_RELATIONSHIP_WITH_TRANSFORMATION(#2793) 
SHAPE_REPRESENTATION_RELATIONSHIP() );
#2793 = ITEM_DEFINED_TRANSFORMATION('','',#11,#51);
#2794 = PRODUCT_DEFINITION_SHAPE('Placement','Placement of an item',
  #2795);
#2795 = NEXT_ASSEMBLY_USAGE_OCCURRENCE('2847','Y-axis','',#5,#2769,$);
#2796 = CONTEXT_DEPENDENT_SHAPE_REPRESENTATION(#2797,#2799);
#2797 = ( REPRESENTATION_RELATIONSHIP('','',#2774,#10) 
REPRESENTATION_RELATIONSHIP_WITH_TRANSFORMATION(#2798) 
SHAPE_REPRESENTATION_RELATIONSHIP() );
#2798 = ITEM_DEFINED_TRANSFORMATION('','',#11,#55);
#2799 = PRODUCT_DEFINITION_SHAPE('Placement','Placement of an item',
  #2800);
#2800 = NEXT_ASSEMBLY_USAGE_OCCURRENCE('2848','Z-axis','',#5,#2769,$);
#2801 = SHAPE_DEFINITION_REPRESENTATION(#2802,#2808);
#2802 = PRODUCT_DEFINITION_SHAPE('','',#2803);
#2803 = PRODUCT_DEFINITION('design','',#2804,#2807);
#2804 = PRODUCT_DEFINITION_FORMATION('','',#2805);
#2805 = PRODUCT('XY-plane','XY-plane','',(#2806));
#2806 = PRODUCT_CONTEXT('',#2,'mechanical');
#2807 = PRODUCT_DEFINITION_CONTEXT('part definition',#2,'design');
#2808 = MANIFOLD_SURFACE_SHAPE_REPRESENTATION('',(#11),#2809);
#2809 = ( GEOMETRIC_REPRESENTATION_CONTEXT(3) 
GLOBAL_UNCERTAINTY_ASSIGNED_CONTEXT((#2813)) 
GLOBAL_UNIT_ASSIGNED_CONTEXT((#2810,#2811,#2812)) REPRESENTATION_CONTEXT
('Context #1','3D Context with UNIT and UNCERTAINTY') );
#2810 = ( LENGTH_UNIT() NAMED_UNIT(*) SI_UNIT(.MILLI.,.METRE.) );
#2811 = ( NAMED_UNIT(*) PLANE_ANGLE_UNIT() SI_UNIT($,.RADIAN.) );
#2812 = ( NAMED_UNIT(*) SI_UNIT($,.STERADIAN.) SOLID_ANGLE_UNIT() );
#2813 = UNCERTAINTY_MEASURE_WITH_UNIT(LENGTH_MEASURE(1.E-07),#2810,
  'distance_accuracy_value','confusion accuracy');
#2814 = CONTEXT_DEPENDENT_SHAPE_REPRESENTATION(#2815,#2817);
#2815 = ( REPRESENTATION_RELATIONSHIP('','',#2808,#10) 
REPRESENTATION_RELATIONSHIP_WITH_TRANSFORMATION(#2816) 
SHAPE_REPRESENTATION_RELATIONSHIP() );
#2816 = ITEM_DEFINED_TRANSFORMATION('','',#11,#59);
#2817 = PRODUCT_DEFINITION_SHAPE('Placement','Placement of an item',
  #2818);
#2818 = NEXT_ASSEMBLY_USAGE_OCCURRENCE('2849','XY-plane','',#5,#2803,$);
#2819 = PRODUCT_RELATED_PRODUCT_CATEGORY('part',$,(#2805));
#2820 = CONTEXT_DEPENDENT_SHAPE_REPRESENTATION(#2821,#2823);
#2821 = ( REPRESENTATION_RELATIONSHIP('','',#2808,#10) 
REPRESENTATION_RELATIONSHIP_WITH_TRANSFORMATION(#2822) 
SHAPE_REPRESENTATION_RELATIONSHIP() );
#2822 = ITEM_DEFINED_TRANSFORMATION('','',#11,#63);
#2823 = PRODUCT_DEFINITION_SHAPE('Placement','Placement of an item',
  #2824);
#2824 = NEXT_ASSEMBLY_USAGE_OCCURRENCE('2850','XZ-plane','',#5,#2803,$);
#2825 = CONTEXT_DEPENDENT_SHAPE_REPRESENTATION(#2826,#2828);
#2826 = ( REPRESENTATION_RELATIONSHIP('','',#2808,#10) 
REPRESENTATION_RELATIONSHIP_WITH_TRANSFORMATION(#2827) 
SHAPE_REPRESENTATION_RELATIONSHIP() );
#2827 = ITEM_DEFINED_TRANSFORMATION('','',#11,#67);
#2828 = PRODUCT_DEFINITION_SHAPE('Placement','Placement of an item',
  #2829);
#2829 = NEXT_ASSEMBLY_USAGE_OCCURRENCE('2851','YZ-plane','',#5,#2803,$);
#2830 = CONTEXT_DEPENDENT_SHAPE_REPRESENTATION(#2831,#2833);
#2831 = ( REPRESENTATION_RELATIONSHIP('','',#2774,#10) 
REPRESENTATION_RELATIONSHIP_WITH_TRANSFORMATION(#2832) 
SHAPE_REPRESENTATION_RELATIONSHIP() );
#2832 = ITEM_DEFINED_TRANSFORMATION('','',#11,#71);
#2833 = PRODUCT_DEFINITION_SHAPE('Placement','Placement of an item',
  #2834);
#2834 = NEXT_ASSEMBLY_USAGE_OCCURRENCE('2852','X-axis001','',#5,#2769,$
  );
#2835 = CONTEXT_DEPENDENT_SHAPE_REPRESENTATION(#2836,#2838);
#2836 = ( REPRESENTATION_RELATIONSHIP('','',#2774,#10) 
REPRESENTATION_RELATIONSHIP_WITH_TRANSFORMATION(#2837) 
SHAPE_REPRESENTATION_RELATIONSHIP() );
#2837 = ITEM_DEFINED_TRANSFORMATION('','',#11,#75);
#2838 = PRODUCT_DEFINITION_SHAPE('Placement','Placement of an item',
  #2839);
#2839 = NEXT_ASSEMBLY_USAGE_OCCURRENCE('2853','Y-axis001','',#5,#2769,$
  );
#2840 = CONTEXT_DEPENDENT_SHAPE_REPRESENTATION(#2841,#2843);
#2841 = ( REPRESENTATION_RELATIONSHIP('','',#2774,#10) 
REPRESENTATION_RELATIONSHIP_WITH_TRANSFORMATION(#2842) 
SHAPE_REPRESENTATION_RELATIONSHIP() );
#2842 = ITEM_DEFINED_TRANSFORMATION('','',#11,#79);
#2843 = PRODUCT_DEFINITION_SHAPE('Placement','Placement of an item',
  #2844);
#2844 = NEXT_ASSEMBLY_USAGE_OCCURRENCE('2854','Z-axis001','',#5,#2769,$
  );
#2845 = CONTEXT_DEPENDENT_SHAPE_REPRESENTATION(#2846,#2848);
#2846 = ( REPRESENTATION_RELATIONSHIP('','',#2808,#10) 
REPRESENTATION_RELATIONSHIP_WITH_TRANSFORMATION(#2847) 
SHAPE_REPRESENTATION_RELATIONSHIP() );
#2847 = ITEM_DEFINED_TRANSFORMATION('','',#11,#83);
#2848 = PRODUCT_DEFINITION_SHAPE('Placement','Placement of an item',
  #2849);
#2849 = NEXT_ASSEMBLY_USAGE_OCCURRENCE('2855','XY-plane001','',#5,#2803,
  $);
#2850 = CONTEXT_DEPENDENT_SHAPE_REPRESENTATION(#2851,#2853);
#2851 = ( REPRESENTATION_RELATIONSHIP('','',#2808,#10) 
REPRESENTATION_RELATIONSHIP_WITH_TRANSFORMATION(#2852) 
SHAPE_REPRESENTATION_RELATIONSHIP() );
#2852 = ITEM_DEFINED_TRANSFORMATION('','',#11,#87);
#2853 = PRODUCT_DEFINITION_SHAPE('Placement','Placement of an item',
  #2854);
#2854 = NEXT_ASSEMBLY_USAGE_OCCURRENCE('2856','XZ-plane001','',#5,#2803,
  $);
#2855 = CONTEXT_DEPENDENT_SHAPE_REPRESENTATION(#2856,#2858);
#2856 = ( REPRESENTATION_RELATIONSHIP('','',#2808,#10) 
REPRESENTATION_RELATIONSHIP_WITH_TRANSFORMATION(#2857) 
SHAPE_REPRESENTATION_RELATIONSHIP() );
#2857 = ITEM_DEFINED_TRANSFORMATION('','',#11,#91);
#2858 = PRODUCT_DEFINITION_SHAPE('Placement','Placement of an item',
  #2859);
#2859 = NEXT_ASSEMBLY_USAGE_OCCURRENCE('2857','YZ-plane001','',#5,#2803,
  $);
#2860 = MECHANICAL_DESIGN_GEOMETRIC_PRESENTATION_REPRESENTATION('',(
    #2861,#2872,#2880,#2887,#2894,#2901,#2908),#2554);
#2861 = STYLED_ITEM('color',(#2862),#2367);
#2862 = PRESENTATION_STYLE_ASSIGNMENT((#2863,#2869));
#2863 = SURFACE_STYLE_USAGE(.BOTH.,#2864);
#2864 = SURFACE_SIDE_STYLE('',(#2865));
#2865 = SURFACE_STYLE_FILL_AREA(#2866);
#2866 = FILL_AREA_STYLE('',(#2867));
#2867 = FILL_AREA_STYLE_COLOUR('',#2868);
#2868 = COLOUR_RGB('',0.909803941505,0.443137255223,3.137254979461E-02);
#2869 = CURVE_STYLE('',#2870,POSITIVE_LENGTH_MEASURE(0.1),#2871);
#2870 = DRAUGHTING_PRE_DEFINED_CURVE_FONT('continuous');
#2871 = COLOUR_RGB('',9.803921802644E-02,9.803921802644E-02,
  9.803921802644E-02);
#2872 = OVER_RIDING_STYLED_ITEM('overriding color',(#2873),#2409,#2861);
#2873 = PRESENTATION_STYLE_ASSIGNMENT((#2874));
#2874 = SURFACE_STYLE_USAGE(.BOTH.,#2875);
#2875 = SURFACE_SIDE_STYLE('',(#2876));
#2876 = SURFACE_STYLE_FILL_AREA(#2877);
#2877 = FILL_AREA_STYLE('',(#2878));
#2878 = FILL_AREA_STYLE_COLOUR('',#2879);
#2879 = DRAUGHTING_PRE_DEFINED_COLOUR('white');
#2880 = OVER_RIDING_STYLED_ITEM('overriding color',(#2881),#2440,#2861);
#2881 = PRESENTATION_STYLE_ASSIGNMENT((#2882));
#2882 = SURFACE_STYLE_USAGE(.BOTH.,#2883);
#2883 = SURFACE_SIDE_STYLE('',(#2884));
#2884 = SURFACE_STYLE_FILL_AREA(#2885);
#2885 = FILL_AREA_STYLE('',(#2886));
#2886 = FILL_AREA_STYLE_COLOUR('',#2879);
#2887 = OVER_RIDING_STYLED_ITEM('overriding color',(#2888),#2471,#2861);
#2888 = PRESENTATION_STYLE_ASSIGNMENT((#2889));
#2889 = SURFACE_STYLE_USAGE(.BOTH.,#2890);
#2890 = SURFACE_SIDE_STYLE('',(#2891));
#2891 = SURFACE_STYLE_FILL_AREA(#2892);
#2892 = FILL_AREA_STYLE('',(#2893));
#2893 = FILL_AREA_STYLE_COLOUR('',#2879);
#2894 = OVER_RIDING_STYLED_ITEM('overriding color',(#2895),#2498,#2861);
#2895 = PRESENTATION_STYLE_ASSIGNMENT((#2896));
#2896 = SURFACE_STYLE_USAGE(.BOTH.,#2897);
#2897 = SURFACE_SIDE_STYLE('',(#2898));
#2898 = SURFACE_STYLE_FILL_AREA(#2899);
#2899 = FILL_AREA_STYLE('',(#2900));
#2900 = FILL_AREA_STYLE_COLOUR('',#2879);
#2901 = OVER_RIDING_STYLED_ITEM('overriding color',(#2902),#2525,#2861);
#2902 = PRESENTATION_STYLE_ASSIGNMENT((#2903));
#2903 = SURFACE_STYLE_USAGE(.BOTH.,#2904);
#2904 = SURFACE_SIDE_STYLE('',(#2905));
#2905 = SURFACE_STYLE_FILL_AREA(#2906);
#2906 = FILL_AREA_STYLE('',(#2907));
#2907 = FILL_AREA_STYLE_COLOUR('',#2879);
#2908 = OVER_RIDING_STYLED_ITEM('overriding color',(#2909),#2542,#2861);
#2909 = PRESENTATION_STYLE_ASSIGNMENT((#2910));
#2910 = SURFACE_STYLE_USAGE(.BOTH.,#2911);
#2911 = SURFACE_SIDE_STYLE('',(#2912));
#2912 = SURFACE_STYLE_FILL_AREA(#2913);
#2913 = FILL_AREA_STYLE('',(#2914));
#2914 = FILL_AREA_STYLE_COLOUR('',#2879);
#2915 = MECHANICAL_DESIGN_GEOMETRIC_PRESENTATION_REPRESENTATION('',(
    #2916,#2925),#1936);
#2916 = STYLED_ITEM('color',(#2917),#1749);
#2917 = PRESENTATION_STYLE_ASSIGNMENT((#2918,#2923));
#2918 = SURFACE_STYLE_USAGE(.BOTH.,#2919);
#2919 = SURFACE_SIDE_STYLE('',(#2920));
#2920 = SURFACE_STYLE_FILL_AREA(#2921);
#2921 = FILL_AREA_STYLE('',(#2922));
#2922 = FILL_AREA_STYLE_COLOUR('',#2879);
#2923 = CURVE_STYLE('',#2924,POSITIVE_LENGTH_MEASURE(0.1),#2871);
#2924 = DRAUGHTING_PRE_DEFINED_CURVE_FONT('continuous');
#2925 = OVER_RIDING_STYLED_ITEM('overriding color',(#2926),#1831,#2916);
#2926 = PRESENTATION_STYLE_ASSIGNMENT((#2927));
#2927 = SURFACE_STYLE_USAGE(.BOTH.,#2928);
#2928 = SURFACE_SIDE_STYLE('',(#2929));
#2929 = SURFACE_STYLE_FILL_AREA(#2930);
#2930 = FILL_AREA_STYLE('',(#2931));
#2931 = FILL_AREA_STYLE_COLOUR('',#2868);
#2932 = MECHANICAL_DESIGN_GEOMETRIC_PRESENTATION_REPRESENTATION('',(
    #2933,#2942,#2949,#2956,#2963,#2970,#2977),#2142);
#2933 = STYLED_ITEM('color',(#2934),#1955);
#2934 = PRESENTATION_STYLE_ASSIGNMENT((#2935,#2940));
#2935 = SURFACE_STYLE_USAGE(.BOTH.,#2936);
#2936 = SURFACE_SIDE_STYLE('',(#2937));
#2937 = SURFACE_STYLE_FILL_AREA(#2938);
#2938 = FILL_AREA_STYLE('',(#2939));
#2939 = FILL_AREA_STYLE_COLOUR('',#2868);
#2940 = CURVE_STYLE('',#2941,POSITIVE_LENGTH_MEASURE(0.1),#2871);
#2941 = DRAUGHTING_PRE_DEFINED_CURVE_FONT('continuous');
#2942 = OVER_RIDING_STYLED_ITEM('overriding color',(#2943),#1997,#2933);
#2943 = PRESENTATION_STYLE_ASSIGNMENT((#2944));
#2944 = SURFACE_STYLE_USAGE(.BOTH.,#2945);
#2945 = SURFACE_SIDE_STYLE('',(#2946));
#2946 = SURFACE_STYLE_FILL_AREA(#2947);
#2947 = FILL_AREA_STYLE('',(#2948));
#2948 = FILL_AREA_STYLE_COLOUR('',#2879);
#2949 = OVER_RIDING_STYLED_ITEM('overriding color',(#2950),#2028,#2933);
#2950 = PRESENTATION_STYLE_ASSIGNMENT((#2951));
#2951 = SURFACE_STYLE_USAGE(.BOTH.,#2952);
#2952 = SURFACE_SIDE_STYLE('',(#2953));
#2953 = SURFACE_STYLE_FILL_AREA(#2954);
#2954 = FILL_AREA_STYLE('',(#2955));
#2955 = FILL_AREA_STYLE_COLOUR('',#2879);
#2956 = OVER_RIDING_STYLED_ITEM('overriding color',(#2957),#2059,#2933);
#2957 = PRESENTATION_STYLE_ASSIGNMENT((#2958));
#2958 = SURFACE_STYLE_USAGE(.BOTH.,#2959);
#2959 = SURFACE_SIDE_STYLE('',(#2960));
#2960 = SURFACE_STYLE_FILL_AREA(#2961);
#2961 = FILL_AREA_STYLE('',(#2962));
#2962 = FILL_AREA_STYLE_COLOUR('',#2879);
#2963 = OVER_RIDING_STYLED_ITEM('overriding color',(#2964),#2086,#2933);
#2964 = PRESENTATION_STYLE_ASSIGNMENT((#2965));
#2965 = SURFACE_STYLE_USAGE(.BOTH.,#2966);
#2966 = SURFACE_SIDE_STYLE('',(#2967));
#2967 = SURFACE_STYLE_FILL_AREA(#2968);
#2968 = FILL_AREA_STYLE('',(#2969));
#2969 = FILL_AREA_STYLE_COLOUR('',#2879);
#2970 = OVER_RIDING_STYLED_ITEM('overriding color',(#2971),#2113,#2933);
#2971 = PRESENTATION_STYLE_ASSIGNMENT((#2972));
#2972 = SURFACE_STYLE_USAGE(.BOTH.,#2973);
#2973 = SURFACE_SIDE_STYLE('',(#2974));
#2974 = SURFACE_STYLE_FILL_AREA(#2975);
#2975 = FILL_AREA_STYLE('',(#2976));
#2976 = FILL_AREA_STYLE_COLOUR('',#2879);
#2977 = OVER_RIDING_STYLED_ITEM('overriding color',(#2978),#2130,#2933);
#2978 = PRESENTATION_STYLE_ASSIGNMENT((#2979));
#2979 = SURFACE_STYLE_USAGE(.BOTH.,#2980);
#2980 = SURFACE_SIDE_STYLE('',(#2981));
#2981 = SURFACE_STYLE_FILL_AREA(#2982);
#2982 = FILL_AREA_STYLE('',(#2983));
#2983 = FILL_AREA_STYLE_COLOUR('',#2879);
#2984 = MECHANICAL_DESIGN_GEOMETRIC_PRESENTATION_REPRESENTATION('',(
    #2985,#2994),#2348);
#2985 = STYLED_ITEM('color',(#2986),#2161);
#2986 = PRESENTATION_STYLE_ASSIGNMENT((#2987,#2992));
#2987 = SURFACE_STYLE_USAGE(.BOTH.,#2988);
#2988 = SURFACE_SIDE_STYLE('',(#2989));
#2989 = SURFACE_STYLE_FILL_AREA(#2990);
#2990 = FILL_AREA_STYLE('',(#2991));
#2991 = FILL_AREA_STYLE_COLOUR('',#2879);
#2992 = CURVE_STYLE('',#2993,POSITIVE_LENGTH_MEASURE(0.1),#2871);
#2993 = DRAUGHTING_PRE_DEFINED_CURVE_FONT('continuous');
#2994 = OVER_RIDING_STYLED_ITEM('overriding color',(#2995),#2243,#2985);
#2995 = PRESENTATION_STYLE_ASSIGNMENT((#2996));
#2996 = SURFACE_STYLE_USAGE(.BOTH.,#2997);
#2997 = SURFACE_SIDE_STYLE('',(#2998));
#2998 = SURFACE_STYLE_FILL_AREA(#2999);
#2999 = FILL_AREA_STYLE('',(#3000));
#3000 = FILL_AREA_STYLE_COLOUR('',#2868);
#3001 = MECHANICAL_DESIGN_GEOMETRIC_PRESENTATION_REPRESENTATION('',(
    #3002,#3011,#3018,#3025,#3032,#3039,#3046),#1730);
#3002 = STYLED_ITEM('color',(#3003),#1543);
#3003 = PRESENTATION_STYLE_ASSIGNMENT((#3004,#3009));
#3004 = SURFACE_STYLE_USAGE(.BOTH.,#3005);
#3005 = SURFACE_SIDE_STYLE('',(#3006));
#3006 = SURFACE_STYLE_FILL_AREA(#3007);
#3007 = FILL_AREA_STYLE('',(#3008));
#3008 = FILL_AREA_STYLE_COLOUR('',#2868);
#3009 = CURVE_STYLE('',#3010,POSITIVE_LENGTH_MEASURE(0.1),#2871);
#3010 = DRAUGHTING_PRE_DEFINED_CURVE_FONT('continuous');
#3011 = OVER_RIDING_STYLED_ITEM('overriding color',(#3012),#1585,#3002);
#3012 = PRESENTATION_STYLE_ASSIGNMENT((#3013));
#3013 = SURFACE_STYLE_USAGE(.BOTH.,#3014);
#3014 = SURFACE_SIDE_STYLE('',(#3015));
#3015 = SURFACE_STYLE_FILL_AREA(#3016);
#3016 = FILL_AREA_STYLE('',(#3017));
#3017 = FILL_AREA_STYLE_COLOUR('',#2879);
#3018 = OVER_RIDING_STYLED_ITEM('overriding color',(#3019),#1616,#3002);
#3019 = PRESENTATION_STYLE_ASSIGNMENT((#3020));
#3020 = SURFACE_STYLE_USAGE(.BOTH.,#3021);
#3021 = SURFACE_SIDE_STYLE('',(#3022));
#3022 = SURFACE_STYLE_FILL_AREA(#3023);
#3023 = FILL_AREA_STYLE('',(#3024));
#3024 = FILL_AREA_STYLE_COLOUR('',#2879);
#3025 = OVER_RIDING_STYLED_ITEM('overriding color',(#3026),#1647,#3002);
#3026 = PRESENTATION_STYLE_ASSIGNMENT((#3027));
#3027 = SURFACE_STYLE_USAGE(.BOTH.,#3028);
#3028 = SURFACE_SIDE_STYLE('',(#3029));
#3029 = SURFACE_STYLE_FILL_AREA(#3030);
#3030 = FILL_AREA_STYLE('',(#3031));
#3031 = FILL_AREA_STYLE_COLOUR('',#2879);
#3032 = OVER_RIDING_STYLED_ITEM('overriding color',(#3033),#1674,#3002);
#3033 = PRESENTATION_STYLE_ASSIGNMENT((#3034));
#3034 = SURFACE_STYLE_USAGE(.BOTH.,#3035);
#3035 = SURFACE_SIDE_STYLE('',(#3036));
#3036 = SURFACE_STYLE_FILL_AREA(#3037);
#3037 = FILL_AREA_STYLE('',(#3038));
#3038 = FILL_AREA_STYLE_COLOUR('',#2879);
#3039 = OVER_RIDING_STYLED_ITEM('overriding color',(#3040),#1701,#3002);
#3040 = PRESENTATION_STYLE_ASSIGNMENT((#3041));
#3041 = SURFACE_STYLE_USAGE(.BOTH.,#3042);
#3042 = SURFACE_SIDE_STYLE('',(#3043));
#3043 = SURFACE_STYLE_FILL_AREA(#3044);
#3044 = FILL_AREA_STYLE('',(#3045));
#3045 = FILL_AREA_STYLE_COLOUR('',#2879);
#3046 = OVER_RIDING_STYLED_ITEM('overriding color',(#3047),#1718,#3002);
#3047 = PRESENTATION_STYLE_ASSIGNMENT((#3048));
#3048 = SURFACE_STYLE_USAGE(.BOTH.,#3049);
#3049 = SURFACE_SIDE_STYLE('',(#3050));
#3050 = SURFACE_STYLE_FILL_AREA(#3051);
#3051 = FILL_AREA_STYLE('',(#3052));
#3052 = FILL_AREA_STYLE_COLOUR('',#2879);
#3053 = MECHANICAL_DESIGN_GEOMETRIC_PRESENTATION_REPRESENTATION('',(
    #3054,#3063),#1524);
#3054 = STYLED_ITEM('color',(#3055),#1337);
#3055 = PRESENTATION_STYLE_ASSIGNMENT((#3056,#3061));
#3056 = SURFACE_STYLE_USAGE(.BOTH.,#3057);
#3057 = SURFACE_SIDE_STYLE('',(#3058));
#3058 = SURFACE_STYLE_FILL_AREA(#3059);
#3059 = FILL_AREA_STYLE('',(#3060));
#3060 = FILL_AREA_STYLE_COLOUR('',#2879);
#3061 = CURVE_STYLE('',#3062,POSITIVE_LENGTH_MEASURE(0.1),#2871);
#3062 = DRAUGHTING_PRE_DEFINED_CURVE_FONT('continuous');
#3063 = OVER_RIDING_STYLED_ITEM('overriding color',(#3064),#1419,#3054);
#3064 = PRESENTATION_STYLE_ASSIGNMENT((#3065));
#3065 = SURFACE_STYLE_USAGE(.BOTH.,#3066);
#3066 = SURFACE_SIDE_STYLE('',(#3067));
#3067 = SURFACE_STYLE_FILL_AREA(#3068);
#3068 = FILL_AREA_STYLE('',(#3069));
#3069 = FILL_AREA_STYLE_COLOUR('',#2868);
#3070 = MECHANICAL_DESIGN_GEOMETRIC_PRESENTATION_REPRESENTATION('',(
    #3071),#1318);
#3071 = STYLED_ITEM('color',(#3072),#109);
#3072 = PRESENTATION_STYLE_ASSIGNMENT((#3073,#3079));
#3073 = SURFACE_STYLE_USAGE(.BOTH.,#3074);
#3074 = SURFACE_SIDE_STYLE('',(#3075));
#3075 = SURFACE_STYLE_FILL_AREA(#3076);
#3076 = FILL_AREA_STYLE('',(#3077));
#3077 = FILL_AREA_STYLE_COLOUR('',#3078);
#3078 = COLOUR_RGB('',0.25098037884,0.25098037884,0.25098037884);
#3079 = CURVE_STYLE('',#3080,POSITIVE_LENGTH_MEASURE(0.1),#2871);
#3080 = DRAUGHTING_PRE_DEFINED_CURVE_FONT('continuous');
#3081 = MECHANICAL_DESIGN_GEOMETRIC_PRESENTATION_REPRESENTATION('',(
    #3082),#2756);
#3082 = STYLED_ITEM('color',(#3083),#2573);
#3083 = PRESENTATION_STYLE_ASSIGNMENT((#3084,#3089));
#3084 = SURFACE_STYLE_USAGE(.BOTH.,#3085);
#3085 = SURFACE_SIDE_STYLE('',(#3086));
#3086 = SURFACE_STYLE_FILL_AREA(#3087);
#3087 = FILL_AREA_STYLE('',(#3088));
#3088 = FILL_AREA_STYLE_COLOUR('',#2879);
#3089 = CURVE_STYLE('',#3090,POSITIVE_LENGTH_MEASURE(0.1),#2871);
#3090 = DRAUGHTING_PRE_DEFINED_CURVE_FONT('continuous');
ENDSEC;
END-ISO-10303-21;
