ISO-10303-21;
HEADER;
FILE_DESCRIPTION (( 'STEP AP214' ),
    '1' );
FILE_NAME ('S518025T-10.000-R.STEP',
    '2025-01-15T13:35:25',
    ( 'LENOVO' ),
    ( '' ),
    'SwSTEP 2.0',
    'SolidWorks 2021',
    '' );
FILE_SCHEMA (( 'AUTOMOTIVE_DESIGN' ));
ENDSEC;

DATA;
#1 = UNCERTAINTY_MEASURE_WITH_UNIT (LENGTH_MEASURE( 1.000000000000000082E-05 ), #92, 'distance_accuracy_value', 'NONE');
#2 = CARTESIAN_POINT ( 'NONE',  ( -2.300000000000000266, 0.2500000000000001110, 0.8499999999999985345 ) ) ;
#3 = CARTESIAN_POINT ( 'NONE',  ( -2.299999999999998490, 0.2500000000000000555, -0.4499999999999987343 ) ) ;
#4 = ADVANCED_FACE ( 'NONE', ( #6091 ), #4283, .T. ) ;
#5 = EDGE_CURVE ( 'NONE', #194, #4301, #1653, .T. ) ;
#6 = CARTESIAN_POINT ( 'NONE',  ( 0.9799999999999999822, -1.562049935181331506, 1.599999999999999867 ) ) ;
#7 = DIRECTION ( 'NONE',  ( -0.000000000000000000, -1.000000000000000000, -0.000000000000000000 ) ) ;
#8 = DIRECTION ( 'NONE',  ( 0.000000000000000000, 0.000000000000000000, 1.000000000000000000 ) ) ;
#9 = FACE_OUTER_BOUND ( 'NONE', #1139, .T. ) ;
#10 = ORIENTED_EDGE ( 'NONE', *, *, #3727, .F. ) ;
#11 = DIRECTION ( 'NONE',  ( 1.000000000000000000, 0.000000000000000000, 0.000000000000000000 ) ) ;
#12 = VECTOR ( 'NONE', #4279, 1000.000000000000000 ) ;
#13 = DIRECTION ( 'NONE',  ( 0.000000000000000000, 0.000000000000000000, -1.000000000000000000 ) ) ;
#14 = SURFACE_STYLE_USAGE ( .BOTH. , #6185 ) ;
#15 = CARTESIAN_POINT ( 'NONE',  ( 0.9800000000000004263, -1.562049935181331506, -1.499999999999998890 ) ) ;
#16 = LINE ( 'NONE', #1098, #4369 ) ;
#17 = EDGE_CURVE ( 'NONE', #3451, #3533, #4005, .T. ) ;
#18 = EDGE_LOOP ( 'NONE', ( #5523, #2468, #3167, #325, #1007, #5530 ) ) ;
#19 = SHAPE_DEFINITION_REPRESENTATION ( #5502, #2320 ) ;
#20 = CARTESIAN_POINT ( 'NONE',  ( 2.499999999999999556, 0.000000000000000000, 0.5499999999999988232 ) ) ;
#21 = ORIENTED_EDGE ( 'NONE', *, *, #2673, .T. ) ;
#22 =( GEOMETRIC_REPRESENTATION_CONTEXT ( 3 ) GLOBAL_UNCERTAINTY_ASSIGNED_CONTEXT ( ( #2883 ) ) GLOBAL_UNIT_ASSIGNED_CONTEXT ( ( #4732, #5328, #1664 ) ) REPRESENTATION_CONTEXT ( 'NONE', 'WORKASPACE' ) );
#23 = VECTOR ( 'NONE', #53, 1000.000000000000000 ) ;
#24 = CARTESIAN_POINT ( 'NONE',  ( 2.399999999999999911, 1.300000000000000044, 0.5499999999999988232 ) ) ;
#25 = DIRECTION ( 'NONE',  ( -0.000000000000000000, -0.000000000000000000, -1.000000000000000000 ) ) ;
#26 = DIRECTION ( 'NONE',  ( -1.000000000000000000, 0.000000000000000000, 0.000000000000000000 ) ) ;
#27 = COLOUR_RGB ( '',0.9686274509803921573, 0.8784313725490195957, 0.5999999999999999778 ) ;
#28 = CIRCLE ( 'NONE', #5709, 0.1000000000000004774 ) ;
#29 = PLANE ( 'NONE',  #5438 ) ;
#30 = VERTEX_POINT ( 'NONE', #1205 ) ;
#31 = EDGE_CURVE ( 'NONE', #3825, #4174, #4239, .T. ) ;
#32 = VERTEX_POINT ( 'NONE', #4610 ) ;
#33 = LINE ( 'NONE', #651, #2264 ) ;
#34 = AXIS2_PLACEMENT_3D ( 'NONE', #2788, #1822, #6507 ) ;
#35 = EDGE_CURVE ( 'NONE', #954, #5937, #4224, .T. ) ;
#36 = CARTESIAN_POINT ( 'NONE',  ( -1.170000000000005702, 0.000000000000000000, 0.5999999999999996447 ) ) ;
#37 = PLANE ( 'NONE',  #6394 ) ;
#38 = FACE_OUTER_BOUND ( 'NONE', #1713, .T. ) ;
#39 = AXIS2_PLACEMENT_3D ( 'NONE', #4814, #2745, #4296 ) ;
#40 = CARTESIAN_POINT ( 'NONE',  ( -1.870000000000000329, 0.5000000000000000000, 0.5999999999999996447 ) ) ;
#41 = VERTEX_POINT ( 'NONE', #547 ) ;
#42 = CARTESIAN_POINT ( 'NONE',  ( -1.920000000000000373, 1.069999999999999840, -1.420000000000000151 ) ) ;
#43 = ORIENTED_EDGE ( 'NONE', *, *, #5963, .F. ) ;
#44 = CARTESIAN_POINT ( 'NONE',  ( -0.9800000000000004263, 1.000000000000000000, 1.499999999999998890 ) ) ;
#45 = ORIENTED_EDGE ( 'NONE', *, *, #5705, .T. ) ;
#46 = LINE ( 'NONE', #4491, #4498 ) ;
#47 = ADVANCED_FACE ( 'NONE', ( #1982 ), #6319, .T. ) ;
#48 = EDGE_CURVE ( 'NONE', #877, #1552, #1919, .T. ) ;
#49 = FACE_OUTER_BOUND ( 'NONE', #6156, .T. ) ;
#50 = DIRECTION ( 'NONE',  ( -0.000000000000000000, -0.000000000000000000, 1.000000000000000000 ) ) ;
#51 = CARTESIAN_POINT ( 'NONE',  ( -1.920000000000000373, 1.149999999999999911, 1.020000000000000462 ) ) ;
#52 = EDGE_CURVE ( 'NONE', #3274, #1189, #4211, .T. ) ;
#54 = EDGE_LOOP ( 'NONE', ( #2030, #6566, #2488, #4321 ) ) ;
#53 = DIRECTION ( 'NONE',  ( -0.000000000000000000, 1.000000000000000000, 0.000000000000000000 ) ) ;
#55 = ORIENTED_EDGE ( 'NONE', *, *, #247, .F. ) ;
#56 = CARTESIAN_POINT ( 'NONE',  ( 2.299999999999998490, 0.2500000000000001110, -0.8499999999999989786 ) ) ;
#57 = ORIENTED_EDGE ( 'NONE', *, *, #2052, .T. ) ;
#58 = CARTESIAN_POINT ( 'NONE',  ( 2.320000000000000284, 1.070000000000000062, -1.124719755119659492 ) ) ;
#59 = CARTESIAN_POINT ( 'NONE',  ( 2.400000000000000355, 0.9999999999999997780, 1.020000000000000462 ) ) ;
#60 = CARTESIAN_POINT ( 'NONE',  ( -2.250000000000000444, 1.239999999999999769, -1.020000000000000240 ) ) ;
#61 = PRESENTATION_LAYER_ASSIGNMENT (  '', '', ( #3444 ) ) ;
#62 = CARTESIAN_POINT ( 'NONE',  ( -1.870000000000000329, 0.000000000000000000, -0.5999999999999996447 ) ) ;
#63 = DIRECTION ( 'NONE',  ( -1.000000000000000000, 0.000000000000000000, -2.710505431213760099E-16 ) ) ;
#64 = CYLINDRICAL_SURFACE ( 'NONE', #5128, 0.09999999999999982514 ) ;
#65 = ADVANCED_FACE ( 'NONE', ( #1969 ), #2991, .F. ) ;
#66 = EDGE_CURVE ( 'NONE', #842, #3012, #1023, .T. ) ;
#67 = VERTEX_POINT ( 'NONE', #363 ) ;
#68 = ORIENTED_EDGE ( 'NONE', *, *, #481, .T. ) ;
#69 = EDGE_CURVE ( 'NONE', #2708, #1968, #6354, .T. ) ;
#70 = CARTESIAN_POINT ( 'NONE',  ( 2.499999999999997780, 0.2500000000000000555, -0.7499999999999991118 ) ) ;
#71 = ORIENTED_EDGE ( 'NONE', *, *, #5380, .T. ) ;
#72 = CIRCLE ( 'NONE', #160, 0.1000000000000009076 ) ;
#73 = DIRECTION ( 'NONE',  ( 0.000000000000000000, 0.000000000000000000, 1.000000000000000000 ) ) ;
#74 = CARTESIAN_POINT ( 'NONE',  ( -2.118858151580776727, 1.000000000000000000, 1.456640858415484630 ) ) ;
#75 = AXIS2_PLACEMENT_3D ( 'NONE', #24, #4535, #4042 ) ;
#76 = DIRECTION ( 'NONE',  ( 1.000000000000000000, -0.000000000000000000, -0.000000000000000000 ) ) ;
#77 = FILL_AREA_STYLE_COLOUR ( '', #6410 ) ;
#78 = VECTOR ( 'NONE', #5918, 1000.000000000000000 ) ;
#79 = DIRECTION ( 'NONE',  ( 2.125886612716674587E-16, 0.000000000000000000, 1.000000000000000000 ) ) ;
#80 = VERTEX_POINT ( 'NONE', #5747 ) ;
#81 = EDGE_LOOP ( 'NONE', ( #2706, #2782, #386, #5026 ) ) ;
#82 = VERTEX_POINT ( 'NONE', #4602 ) ;
#83 = EDGE_CURVE ( 'NONE', #5484, #3023, #6444, .T. ) ;
#84 = CARTESIAN_POINT ( 'NONE',  ( -1.870000000000000551, 0.5000000000000000000, 1.599999999999999645 ) ) ;
#85 = PLANE ( 'NONE',  #6049 ) ;
#86 = VECTOR ( 'NONE', #76, 1000.000000000000000 ) ;
#87 = CARTESIAN_POINT ( 'NONE',  ( -2.499999999999999556, 0.2500000000000001110, 0.7499999999999986677 ) ) ;
#88 = VERTEX_POINT ( 'NONE', #1623 ) ;
#89 = PLANE ( 'NONE',  #3498 ) ;
#90 = FILL_AREA_STYLE ('',( #2245 ) ) ;
#91 = ORIENTED_EDGE ( 'NONE', *, *, #4595, .F. ) ;
#92 =( LENGTH_UNIT ( ) NAMED_UNIT ( * ) SI_UNIT ( .MILLI., .METRE. ) );
#93 = ORIENTED_EDGE ( 'NONE', *, *, #6561, .F. ) ;
#94 = LINE ( 'NONE', #4025, #23 ) ;
#95 = EDGE_CURVE ( 'NONE', #6062, #3632, #4188, .T. ) ;
#96 = CIRCLE ( 'NONE', #4949, 0.04999999999999991257 ) ;
#97 = CYLINDRICAL_SURFACE ( 'NONE', #2380, 0.1000000000000009076 ) ;
#98 = CARTESIAN_POINT ( 'NONE',  ( 1.920000000000000373, 1.149999999999999911, 1.020000000000000462 ) ) ;
#100 = ORIENTED_EDGE ( 'NONE', *, *, #728, .F. ) ;
#99 = DIRECTION ( 'NONE',  ( 0.000000000000000000, 0.000000000000000000, 1.000000000000000000 ) ) ;
#101 = VERTEX_POINT ( 'NONE', #6224 ) ;
#102 = DIRECTION ( 'NONE',  ( 0.000000000000000000, 0.000000000000000000, 1.000000000000000000 ) ) ;
#103 = ORIENTED_EDGE ( 'NONE', *, *, #3143, .T. ) ;
#104 = CARTESIAN_POINT ( 'NONE',  ( 0.9799999999999999822, 0.5000000000000000000, 1.599999999999999867 ) ) ;
#105 = LINE ( 'NONE', #5711, #4387 ) ;
#106 = CARTESIAN_POINT ( 'NONE',  ( 2.250000000000000444, 1.239999999999999769, 1.020000000000000462 ) ) ;
#107 = CARTESIAN_POINT ( 'NONE',  ( -2.320000000000000284, 0.9999999999999996669, -1.020000000000000018 ) ) ;
#108 = DIRECTION ( 'NONE',  ( -0.000000000000000000, 1.000000000000000000, 0.000000000000000000 ) ) ;
#109 = ADVANCED_FACE ( 'NONE', ( #4302 ), #3170, .F. ) ;
#110 = EDGE_CURVE ( 'NONE', #4227, #1694, #2023, .T. ) ;
#111 = LINE ( 'NONE', #1136, #4439 ) ;
#112 = AXIS2_PLACEMENT_3D ( 'NONE', #1467, #2501, #5629 ) ;
#113 = LINE ( 'NONE', #2223, #2332 ) ;
#114 = VERTEX_POINT ( 'NONE', #4560 ) ;
#115 = ORIENTED_EDGE ( 'NONE', *, *, #1301, .F. ) ;
#116 = CARTESIAN_POINT ( 'NONE',  ( -1.870000000000000329, 0.5000000000000000000, -1.599999999999999645 ) ) ;
#117 = VERTEX_POINT ( 'NONE', #442 ) ;
#118 = FACE_OUTER_BOUND ( 'NONE', #6001, .T. ) ;
#119 = DIRECTION ( 'NONE',  ( 0.000000000000000000, 0.000000000000000000, -1.000000000000000000 ) ) ;
#120 = PLANE ( 'NONE',  #75 ) ;
#121 = DIRECTION ( 'NONE',  ( -0.000000000000000000, -1.000000000000000000, -0.000000000000000000 ) ) ;
#122 = CARTESIAN_POINT ( 'NONE',  ( -0.9800000000000004263, 0.5000000000000000000, 1.499999999999998890 ) ) ;
#123 = EDGE_CURVE ( 'NONE', #5597, #2838, #6556, .T. ) ;
#124 = CARTESIAN_POINT ( 'NONE',  ( 1.920000000000000373, 1.069999999999999840, -1.420000000000000151 ) ) ;
#125 = EDGE_LOOP ( 'NONE', ( #3465, #1498, #5545, #5566 ) ) ;
#126 = EDGE_CURVE ( 'NONE', #5764, #2070, #6416, .T. ) ;
#127 = VERTEX_POINT ( 'NONE', #1536 ) ;
#128 = LINE ( 'NONE', #3173, #2329 ) ;
#129 = AXIS2_PLACEMENT_3D ( 'NONE', #2, #5194, #3649 ) ;
#130 = DIRECTION ( 'NONE',  ( -0.000000000000000000, 1.000000000000000000, -0.000000000000000000 ) ) ;
#131 = DIRECTION ( 'NONE',  ( -0.000000000000000000, 1.000000000000000000, -0.000000000000000000 ) ) ;
#132 = AXIS2_PLACEMENT_3D ( 'NONE', #2363, #1279, #3410 ) ;
#133 = CYLINDRICAL_SURFACE ( 'NONE', #4698, 0.09999999999999982514 ) ;
#134 = VECTOR ( 'NONE', #3786, 1000.000000000000000 ) ;
#135 = DIRECTION ( 'NONE',  ( 0.000000000000000000, 0.000000000000000000, 1.000000000000000000 ) ) ;
#136 = ORIENTED_EDGE ( 'NONE', *, *, #4002, .T. ) ;
#137 = CARTESIAN_POINT ( 'NONE',  ( 1.870000000000001217, 0.5000000000000000000, -1.599999999999999201 ) ) ;
#138 = DIRECTION ( 'NONE',  ( -0.000000000000000000, -1.000000000000000000, -0.000000000000000000 ) ) ;
#139 = VERTEX_POINT ( 'NONE', #5663 ) ;
#140 = FILL_AREA_STYLE ('',( #3211 ) ) ;
#141 = ORIENTED_EDGE ( 'NONE', *, *, #1599, .T. ) ;
#142 = VECTOR ( 'NONE', #1648, 1000.000000000000000 ) ;
#143 = EDGE_CURVE ( 'NONE', #6254, #3326, #4164, .T. ) ;
#144 = PLANE ( 'NONE',  #1127 ) ;
#145 = CYLINDRICAL_SURFACE ( 'NONE', #147, 0.09999999999999971412 ) ;
#146 = DIRECTION ( 'NONE',  ( -0.000000000000000000, 1.000000000000000000, 0.000000000000000000 ) ) ;
#147 = AXIS2_PLACEMENT_3D ( 'NONE', #4505, #6553, #389 ) ;
#149 = ORIENTED_EDGE ( 'NONE', *, *, #387, .F. ) ;
#148 = DIRECTION ( 'NONE',  ( 0.000000000000000000, 0.000000000000000000, 1.000000000000000000 ) ) ;
#150 = CARTESIAN_POINT ( 'NONE',  ( -1.920000000000000373, 1.000000000000000000, -1.500000000000000222 ) ) ;
#151 = ORIENTED_EDGE ( 'NONE', *, *, #5623, .F. ) ;
#152 = CARTESIAN_POINT ( 'NONE',  ( 2.118691351903957631, 1.000000000000000000, 1.456865096230108181 ) ) ;
#153 = LINE ( 'NONE', #1510, #2574 ) ;
#154 = DIRECTION ( 'NONE',  ( 2.125886612716674587E-16, 0.000000000000000000, -1.000000000000000000 ) ) ;
#155 =( LENGTH_UNIT ( ) NAMED_UNIT ( * ) SI_UNIT ( .MILLI., .METRE. ) );
#156 = EDGE_CURVE ( 'NONE', #5191, #3560, #4290, .T. ) ;
#157 = CARTESIAN_POINT ( 'NONE',  ( 2.299999999999998490, 0.8500000000000000888, -0.4499999999999989564 ) ) ;
#158 = LINE ( 'NONE', #695, #134 ) ;
#159 = ORIENTED_EDGE ( 'NONE', *, *, #2647, .T. ) ;
#160 = AXIS2_PLACEMENT_3D ( 'NONE', #2821, #2857, #148 ) ;
#161 = CARTESIAN_POINT ( 'NONE',  ( 2.300000000000000266, 0.8500000000000000888, 0.4499999999999989564 ) ) ;
#162 = EDGE_LOOP ( 'NONE', ( #5082, #4969, #2467, #5109 ) ) ;
#163 = CIRCLE ( 'NONE', #6235, 0.09999999999999982514 ) ;
#164 = CARTESIAN_POINT ( 'NONE',  ( -1.660000000000000586, 0.5000000000000000000, -1.599999999999999645 ) ) ;
#165 = DIRECTION ( 'NONE',  ( 0.7071067811865510144, 0.000000000000000000, 0.7071067811865441310 ) ) ;
#166 = CARTESIAN_POINT ( 'NONE',  ( 2.400000000000000799, 1.000000000000000000, 0.3400000000000003575 ) ) ;
#167 = CARTESIAN_POINT ( 'NONE',  ( -2.499999999999998668, 0.2500000000000001110, -0.4499999999999987899 ) ) ;
#168 = ADVANCED_FACE ( 'NONE', ( #2034 ), #144, .F. ) ;
#169 = DIRECTION ( 'NONE',  ( 0.000000000000000000, 0.000000000000000000, 1.000000000000000000 ) ) ;
#170 = CARTESIAN_POINT ( 'NONE',  ( -0.9800000000000004263, 0.000000000000000000, -1.599999999999999867 ) ) ;
#171 = VECTOR ( 'NONE', #6598, 1000.000000000000000 ) ;
#172 = EDGE_CURVE ( 'NONE', #176, #1904, #2071, .T. ) ;
#173 = DIRECTION ( 'NONE',  ( 0.000000000000000000, 0.000000000000000000, -1.000000000000000000 ) ) ;
#174 = EDGE_LOOP ( 'NONE', ( #1198, #5330, #676, #3106 ) ) ;
#175 = CARTESIAN_POINT ( 'NONE',  ( -1.919999999999999929, 0.9999999999999997780, 1.500000000000000444 ) ) ;
#176 = VERTEX_POINT ( 'NONE', #673 ) ;
#177 = LINE ( 'NONE', #700, #2425 ) ;
#178 = CARTESIAN_POINT ( 'NONE',  ( -2.399999999999999911, 0.8500000000000000888, 0.7499999999999991118 ) ) ;
#179 =( LENGTH_UNIT ( ) NAMED_UNIT ( * ) SI_UNIT ( .MILLI., .METRE. ) );
#180 = CARTESIAN_POINT ( 'NONE',  ( 1.920000000000000151, 1.000000000000000000, -1.500000000000000000 ) ) ;
#181 = LINE ( 'NONE', #4760, #4579 ) ;
#182 = ADVANCED_FACE ( 'NONE', ( #4327 ), #4765, .T. ) ;
#183 = CARTESIAN_POINT ( 'NONE',  ( 1.559999999999999831, 0.5000000000000000000, 1.599999999999999867 ) ) ;
#184 = EDGE_CURVE ( 'NONE', #5862, #5062, #4256, .T. ) ;
#185 = ORIENTED_EDGE ( 'NONE', *, *, #5772, .F. ) ;
#186 = DIRECTION ( 'NONE',  ( 1.000000000000000000, 0.000000000000000000, -2.168404344971008868E-16 ) ) ;
#187 = CARTESIAN_POINT ( 'NONE',  ( 2.025013845558522707, 1.069999999999999840, -1.419999999999999929 ) ) ;
#188 = VERTEX_POINT ( 'NONE', #5806 ) ;
#189 = CIRCLE ( 'NONE', #5412, 0.09999999999999982514 ) ;
#190 = LINE ( 'NONE', #5443, #2569 ) ;
#191 = VECTOR ( 'NONE', #942, 1000.000000000000000 ) ;
#192 = CARTESIAN_POINT ( 'NONE',  ( 1.952004573575960578, 1.000000000000000222, -1.499999999927665417 ) ) ;
#194 = VERTEX_POINT ( 'NONE', #5843 ) ;
#193 = CARTESIAN_POINT ( 'NONE',  ( -1.870000000000000329, -1.562049935181331506, 0.5999999999999996447 ) ) ;
#195 = CARTESIAN_POINT ( 'NONE',  ( 2.400000000000000799, 1.000000000000000000, -1.020000000000000018 ) ) ;
#196 = EDGE_CURVE ( 'NONE', #4399, #6078, #3545, .T. ) ;
#197 = VERTEX_POINT ( 'NONE', #1222 ) ;
#198 = CARTESIAN_POINT ( 'NONE',  ( 0.8799999999999990052, 0.5000000000000000000, 1.599999999999999423 ) ) ;
#199 = VECTOR ( 'NONE', #350, 1000.000000000000000 ) ;
#200 = CARTESIAN_POINT ( 'NONE',  ( -2.499999999999999556, 0.2500000000000000555, 0.5499999999999983791 ) ) ;
#201 = AXIS2_PLACEMENT_3D ( 'NONE', #2198, #5417, #6374 ) ;
#202 =( NAMED_UNIT ( * ) PLANE_ANGLE_UNIT ( ) SI_UNIT ( $, .RADIAN. ) );
#203 = CARTESIAN_POINT ( 'NONE',  ( -2.499999999999999556, 0.2500000000000001110, 0.7499999999999986677 ) ) ;
#204 = VECTOR ( 'NONE', #2066, 1000.000000000000000 ) ;
#205 = CIRCLE ( 'NONE', #2148, 0.1000000000000009076 ) ;
#206 = VERTEX_POINT ( 'NONE', #2227 ) ;
#207 = ORIENTED_EDGE ( 'NONE', *, *, #2459, .T. ) ;
#208 = ORIENTED_EDGE ( 'NONE', *, *, #295, .T. ) ;
#209 = STYLED_ITEM ( 'NONE', ( #2176 ), #2320 ) ;
#210 = EDGE_CURVE ( 'NONE', #3386, #2973, #6378, .T. ) ;
#211 = CYLINDRICAL_SURFACE ( 'NONE', #4722, 0.1000000000000004774 ) ;
#212 = CARTESIAN_POINT ( 'NONE',  ( 2.400000000000000799, 1.000000000000000000, -0.3399999999999999134 ) ) ;
#213 = DIRECTION ( 'NONE',  ( 0.000000000000000000, 1.000000000000000000, 0.000000000000000000 ) ) ;
#214 = CARTESIAN_POINT ( 'NONE',  ( -2.400000000000000799, 1.000000000000000000, 1.019999999999999574 ) ) ;
#215 = EDGE_CURVE ( 'NONE', #3560, #670, #6327, .T. ) ;
#216 = CIRCLE ( 'NONE', #4629, 0.09999999999999982514 ) ;
#217 = DIRECTION ( 'NONE',  ( 0.000000000000000000, 0.000000000000000000, 1.000000000000000000 ) ) ;
#218 = AXIS2_PLACEMENT_3D ( 'NONE', #6488, #3512, #6542 ) ;
#219 = ORIENTED_EDGE ( 'NONE', *, *, #2102, .F. ) ;
#220 = VERTEX_POINT ( 'NONE', #265 ) ;
#221 = AXIS2_PLACEMENT_3D ( 'NONE', #3896, #3937, #4436 ) ;
#222 = ADVANCED_FACE ( 'NONE', ( #4277 ), #264, .T. ) ;
#223 = DIRECTION ( 'NONE',  ( 0.000000000000000000, 0.000000000000000000, -1.000000000000000000 ) ) ;
#224 = LINE ( 'NONE', #5859, #269 ) ;
#225 = LINE ( 'NONE', #5948, #2359 ) ;
#226 = CARTESIAN_POINT ( 'NONE',  ( -2.189999999999999947, 1.300000000000000044, 1.020000000000000462 ) ) ;
#227 = ORIENTED_EDGE ( 'NONE', *, *, #4435, .T. ) ;
#228 = DIRECTION ( 'NONE',  ( 0.000000000000000000, 1.000000000000000000, 0.000000000000000000 ) ) ;
#229 = DIRECTION ( 'NONE',  ( 0.000000000000000000, 1.000000000000000000, 0.000000000000000000 ) ) ;
#230 = EDGE_CURVE ( 'NONE', #5219, #1100, #4152, .T. ) ;
#231 = DIRECTION ( 'NONE',  ( 1.000000000000000000, 0.000000000000000000, 0.000000000000000000 ) ) ;
#232 = EDGE_LOOP ( 'NONE', ( #1281, #1310, #3338, #4574, #5435, #3219, #253, #2400 ) ) ;
#233 = VECTOR ( 'NONE', #6559, 1000.000000000000000 ) ;
#234 = AXIS2_PLACEMENT_3D ( 'NONE', #1916, #2401, #398 ) ;
#235 = TOROIDAL_SURFACE ( 'NONE', #2206, 0.3499999999999999223, 0.05000000000000000278 ) ;
#236 = LINE ( 'NONE', #3277, #2540 ) ;
#237 = ADVANCED_FACE ( 'NONE', ( #6518 ), #5255, .F. ) ;
#238 = DIRECTION ( 'NONE',  ( 0.000000000000000000, 0.000000000000000000, 1.000000000000000000 ) ) ;
#239 = AXIS2_PLACEMENT_3D ( 'NONE', #5996, #5188, #397 ) ;
#241 = ORIENTED_EDGE ( 'NONE', *, *, #230, .T. ) ;
#240 = DIRECTION ( 'NONE',  ( -0.000000000000000000, 1.000000000000000000, 0.000000000000000000 ) ) ;
#242 = EDGE_CURVE ( 'NONE', #5979, #188, #6547, .T. ) ;
#243 = ORIENTED_EDGE ( 'NONE', *, *, #1809, .T. ) ;
#244 = DIRECTION ( 'NONE',  ( 0.000000000000000000, 1.000000000000000000, 0.000000000000000000 ) ) ;
#245 = ORIENTED_EDGE ( 'NONE', *, *, #3371, .T. ) ;
#246 = DIRECTION ( 'NONE',  ( 0.000000000000000000, 0.000000000000000000, 1.000000000000000000 ) ) ;
#247 = EDGE_CURVE ( 'NONE', #4274, #4292, #2086, .T. ) ;
#248 = CARTESIAN_POINT ( 'NONE',  ( 2.369413592204435037, 1.000000000000000000, 1.188422368525945627 ) ) ;
#249 = FACE_OUTER_BOUND ( 'NONE', #3482, .T. ) ;
#250 = DIRECTION ( 'NONE',  ( -0.000000000000000000, 0.000000000000000000, -1.000000000000000000 ) ) ;
#251 = LINE ( 'NONE', #4459, #2344 ) ;
#252 = VERTEX_POINT ( 'NONE', #4571 ) ;
#253 = ORIENTED_EDGE ( 'NONE', *, *, #3739, .T. ) ;
#254 = LINE ( 'NONE', #1776, #4659 ) ;
#255 = SURFACE_STYLE_USAGE ( .BOTH. , #1218 ) ;
#256 =( BOUNDED_CURVE ( )  B_SPLINE_CURVE ( 2, ( #2992, #2369, #3987 ),
 .UNSPECIFIED., .F., .F. ) 
 B_SPLINE_CURVE_WITH_KNOTS ( ( 3, 3 ),
 ( 0.000000000000000000, 1.000000000000000000 ),
 .UNSPECIFIED. ) 
 CURVE ( )  GEOMETRIC_REPRESENTATION_ITEM ( )  RATIONAL_B_SPLINE_CURVE ( ( 1.000000000000000000, 0.7071067811865475727, 1.000000000000000000 ) ) 
 REPRESENTATION_ITEM ( '' )  );
#257 = DIRECTION ( 'NONE',  ( 1.000000000000000000, 0.000000000000000000, 0.000000000000000000 ) ) ;
#258 = EDGE_CURVE ( 'NONE', #5456, #2763, #2010, .T. ) ;
#259 = SURFACE_SIDE_STYLE ('',( #6623 ) ) ;
#260 = DIRECTION ( 'NONE',  ( 0.000000000000000000, 0.000000000000000000, 1.000000000000000000 ) ) ;
#261 = VECTOR ( 'NONE', #4779, 1000.000000000000000 ) ;
#262 = CARTESIAN_POINT ( 'NONE',  ( -0.6700000000000005951, -1.562049935181331506, 1.599999999999999645 ) ) ;
#263 = VERTEX_POINT ( 'NONE', #5023 ) ;
#265 = CARTESIAN_POINT ( 'NONE',  ( 0.8799999999999987832, 1.000000000000000000, 1.599999999999999867 ) ) ;
#264 =( BOUNDED_SURFACE ( )  B_SPLINE_SURFACE ( 2, 3, ( 
 ( #4773, #1313, #5450, #175 ),
 ( #1231, #1782, #2319, #708 ),
 ( #1692, #3182, #4185, #4235 ) ),
 .UNSPECIFIED., .F., .F., .F. ) 
 B_SPLINE_SURFACE_WITH_KNOTS ( ( 3, 3 ),
 ( 4, 4 ),
 ( 0.000000000000000000, 1.000000000000000000 ),
 ( -0.003840000000000000531, 0.000000000000000000 ),
 .UNSPECIFIED. ) 
 GEOMETRIC_REPRESENTATION_ITEM ( )  RATIONAL_B_SPLINE_SURFACE ( (
 ( 1.000000000000000000, 1.000000000000000000, 1.000000000000000000, 1.000000000000000000),
 ( 0.7071067811865475727, 0.7071067811865475727, 0.7071067811865475727, 0.7071067811865475727),
 ( 1.000000000000000000, 1.000000000000000000, 1.000000000000000000, 1.000000000000000000) ) ) 
 REPRESENTATION_ITEM ( '' )  SURFACE ( )  );
#266 = ORIENTED_EDGE ( 'NONE', *, *, #4445, .T. ) ;
#267 = EDGE_LOOP ( 'NONE', ( #4787, #4186, #6363, #2301 ) ) ;
#268 = DIRECTION ( 'NONE',  ( 0.000000000000000000, 0.000000000000000000, -1.000000000000000000 ) ) ;
#269 = VECTOR ( 'NONE', #228, 1000.000000000000000 ) ;
#270 = AXIS2_PLACEMENT_3D ( 'NONE', #6549, #4455, #2435 ) ;
#271 = VECTOR ( 'NONE', #716, 1000.000000000000000 ) ;
#272 = DIRECTION ( 'NONE',  ( -0.000000000000000000, -1.000000000000000000, -0.000000000000000000 ) ) ;
#273 = VERTEX_POINT ( 'NONE', #3007 ) ;
#274 = DIRECTION ( 'NONE',  ( 2.710505431213760099E-16, 0.000000000000000000, 1.000000000000000000 ) ) ;
#275 = ORIENTED_EDGE ( 'NONE', *, *, #2038, .T. ) ;
#276 = LINE ( 'NONE', #3706, #2586 ) ;
#277 = ADVANCED_FACE ( 'NONE', ( #6533 ), #4537, .F. ) ;
#278 = EDGE_CURVE ( 'NONE', #1779, #2672, #4340, .T. ) ;
#279 = CYLINDRICAL_SURFACE ( 'NONE', #3018, 0.1000000000000009076 ) ;
#280 = FACE_OUTER_BOUND ( 'NONE', #5872, .T. ) ;
#281 = CARTESIAN_POINT ( 'NONE',  ( 2.088422368525945316, 1.000000000000000000, -1.469413592204444674 ) ) ;
#283 = ORIENTED_EDGE ( 'NONE', *, *, #4121, .F. ) ;
#282 = CARTESIAN_POINT ( 'NONE',  ( 2.300000000000000266, 0.2500000000000000555, 0.4499999999999989564 ) ) ;
#284 = ORIENTED_EDGE ( 'NONE', *, *, #2755, .F. ) ;
#285 = DIRECTION ( 'NONE',  ( -0.000000000000000000, 0.000000000000000000, 1.000000000000000000 ) ) ;
#286 = EDGE_CURVE ( 'NONE', #4473, #6430, #6580, .T. ) ;
#287 = ORIENTED_EDGE ( 'NONE', *, *, #1751, .T. ) ;
#288 = PLANE ( 'NONE',  #2622 ) ;
#289 =( NAMED_UNIT ( * ) PLANE_ANGLE_UNIT ( ) SI_UNIT ( $, .RADIAN. ) );
#290 = FACE_OUTER_BOUND ( 'NONE', #6164, .T. ) ;
#291 = DIRECTION ( 'NONE',  ( -1.000000000000000000, 0.000000000000000000, -0.000000000000000000 ) ) ;
#292 = AXIS2_PLACEMENT_3D ( 'NONE', #3332, #1238, #6469 ) ;
#293 = LINE ( 'NONE', #137, #2578 ) ;
#294 = ADVANCED_FACE ( 'NONE', ( #4352 ), #288, .F. ) ;
#295 = EDGE_CURVE ( 'NONE', #511, #3025, #4088, .T. ) ;
#296 = ORIENTED_EDGE ( 'NONE', *, *, #2222, .T. ) ;
#297 = ORIENTED_EDGE ( 'NONE', *, *, #5143, .F. ) ;
#298 = ORIENTED_EDGE ( 'NONE', *, *, #312, .F. ) ;
#299 = LINE ( 'NONE', #987, #4819 ) ;
#300 = EDGE_CURVE ( 'NONE', #4982, #376, #1871, .T. ) ;
#301 = DIRECTION ( 'NONE',  ( 0.000000000000000000, -0.000000000000000000, -1.000000000000000000 ) ) ;
#302 = FILL_AREA_STYLE_COLOUR ( '', #27 ) ;
#303 = EDGE_CURVE ( 'NONE', #188, #4816, #4125, .T. ) ;
#304 = FACE_OUTER_BOUND ( 'NONE', #1693, .T. ) ;
#305 = CYLINDRICAL_SURFACE ( 'NONE', #3289, 0.06000000000000015737 ) ;
#306 = CARTESIAN_POINT ( 'NONE',  ( 1.920000000000000373, 8.040147056835873940, -1.420000000000000151 ) ) ;
#307 = AXIS2_PLACEMENT_3D ( 'NONE', #3250, #3714, #6212 ) ;
#308 = ORIENTED_EDGE ( 'NONE', *, *, #1570, .F. ) ;
#309 = ORIENTED_EDGE ( 'NONE', *, *, #434, .T. ) ;
#310 = ORIENTED_EDGE ( 'NONE', *, *, #4926, .F. ) ;
#311 = LINE ( 'NONE', #2487, #2524 ) ;
#312 = EDGE_CURVE ( 'NONE', #401, #3386, #6432, .T. ) ;
#313 = CARTESIAN_POINT ( 'NONE',  ( 2.320000000000000284, 1.069999999999999840, -0.3399999999999999134 ) ) ;
#314 = CARTESIAN_POINT ( 'NONE',  ( 2.499999999999999556, 0.000000000000000000, -0.5499999999999988232 ) ) ;
#315 = EDGE_CURVE ( 'NONE', #3772, #2837, #6365, .T. ) ;
#316 = CARTESIAN_POINT ( 'NONE',  ( -1.799999999999999600, 1.289999999999999813, 0.8999999999999998002 ) ) ;
#317 = FACE_OUTER_BOUND ( 'NONE', #4050, .T. ) ;
#318 = CARTESIAN_POINT ( 'NONE',  ( -2.399999999999999911, 0.2500000000000001110, 0.7499999999999991118 ) ) ;
#319 = ORIENTED_EDGE ( 'NONE', *, *, #588, .F. ) ;
#320 = CARTESIAN_POINT ( 'NONE',  ( 2.300000000000000266, 0.8500000000000000888, 0.4499999999999989564 ) ) ;
#321 = AXIS2_PLACEMENT_3D ( 'NONE', #5233, #3683, #6214 ) ;
#322 = DIRECTION ( 'NONE',  ( -1.000000000000000000, -0.000000000000000000, -0.000000000000000000 ) ) ;
#323 = VERTEX_POINT ( 'NONE', #6072 ) ;
#324 = CARTESIAN_POINT ( 'NONE',  ( -0.8799999999999994493, 0.000000000000000000, -1.599999999999999645 ) ) ;
#325 = ORIENTED_EDGE ( 'NONE', *, *, #1879, .F. ) ;
#326 = LINE ( 'NONE', #5086, #2437 ) ;
#327 = CIRCLE ( 'NONE', #706, 0.06000000000000015737 ) ;
#328 = CIRCLE ( 'NONE', #3044, 0.1000000000000009076 ) ;
#329 = EDGE_CURVE ( 'NONE', #5468, #5044, #1906, .T. ) ;
#330 = CARTESIAN_POINT ( 'NONE',  ( 2.213345057111800074, 1.000000000000000000, -1.400064578456193809 ) ) ;
#332 = ORIENTED_EDGE ( 'NONE', *, *, #4336, .T. ) ;
#331 = DIRECTION ( 'NONE',  ( 1.000000000000000000, 0.000000000000000000, 0.000000000000000000 ) ) ;
#333 = EDGE_LOOP ( 'NONE', ( #3709, #2045, #4150, #6555, #1464, #5645 ) ) ;
#334 = CARTESIAN_POINT ( 'NONE',  ( -2.399999999999999467, 1.000000000000000000, -1.600000000000000311 ) ) ;
#335 = ORIENTED_EDGE ( 'NONE', *, *, #1869, .T. ) ;
#336 = CARTESIAN_POINT ( 'NONE',  ( 2.374071332315013994, 1.000000000000000000, 1.175289628154690513 ) ) ;
#337 = VECTOR ( 'NONE', #3362, 1000.000000000000000 ) ;
#338 = DIRECTION ( 'NONE',  ( -0.000000000000000000, -1.000000000000000000, -0.000000000000000000 ) ) ;
#339 = ADVANCED_FACE ( 'NONE', ( #1931 ), #1899, .F. ) ;
#340 = CARTESIAN_POINT ( 'NONE',  ( -1.559999999999999831, 0.5000000000000000000, -1.499999999999999778 ) ) ;
#341 = LINE ( 'NONE', #5741, #4745 ) ;
#342 = FACE_OUTER_BOUND ( 'NONE', #1358, .T. ) ;
#343 = EDGE_CURVE ( 'NONE', #5014, #4600, #6401, .T. ) ;
#344 = ORIENTED_EDGE ( 'NONE', *, *, #4873, .F. ) ;
#345 = ORIENTED_EDGE ( 'NONE', *, *, #2945, .T. ) ;
#346 = LINE ( 'NONE', #2065, #233 ) ;
#347 = CARTESIAN_POINT ( 'NONE',  ( -2.499999999999999556, 0.000000000000000000, 1.599999999999999867 ) ) ;
#348 = CARTESIAN_POINT ( 'NONE',  ( 1.870000000000000773, 0.5000000000000000000, -0.5999999999999992006 ) ) ;
#349 = CARTESIAN_POINT ( 'NONE',  ( 1.920000000000000373, 1.239999999999999769, -1.350000000000000089 ) ) ;
#350 = DIRECTION ( 'NONE',  ( 1.000000000000000000, -0.000000000000000000, 1.807003620809174632E-16 ) ) ;
#351 = CIRCLE ( 'NONE', #5826, 0.2699999999999996292 ) ;
#352 = CIRCLE ( 'NONE', #4054, 0.06000000000000015737 ) ;
#353 = ADVANCED_FACE ( 'NONE', ( #1944 ), #2213, .F. ) ;
#354 = CARTESIAN_POINT ( 'NONE',  ( 1.559999999999999831, 0.5000000000000000000, 1.599999999999999867 ) ) ;
#355 = ORIENTED_EDGE ( 'NONE', *, *, #4205, .T. ) ;
#356 = ORIENTED_EDGE ( 'NONE', *, *, #4147, .F. ) ;
#357 = VECTOR ( 'NONE', #1823, 1000.000000000000000 ) ;
#358 = AXIS2_PLACEMENT_3D ( 'NONE', #3311, #250, #453 ) ;
#359 = DIRECTION ( 'NONE',  ( 1.301042606982593488E-14, 0.000000000000000000, -1.000000000000000000 ) ) ;
#360 = DIRECTION ( 'NONE',  ( 2.168404344971008868E-16, -0.000000000000000000, 1.000000000000000000 ) ) ;
#361 = PLANE ( 'NONE',  #810 ) ;
#362 = DIRECTION ( 'NONE',  ( -0.000000000000000000, -1.000000000000000000, -0.000000000000000000 ) ) ;
#363 = CARTESIAN_POINT ( 'NONE',  ( -2.300000000000000266, 0.8500000000000000888, 0.4499999999999987343 ) ) ;
#364 = VERTEX_POINT ( 'NONE', #786 ) ;
#365 = CARTESIAN_POINT ( 'NONE',  ( 2.399999999999999911, 1.300000000000000044, 0.7499999999999995559 ) ) ;
#366 = CARTESIAN_POINT ( 'NONE',  ( 0.8799999999999994493, 0.5000000000000000000, -1.599999999999999423 ) ) ;
#367 = ORIENTED_EDGE ( 'NONE', *, *, #6594, .T. ) ;
#368 = EDGE_CURVE ( 'NONE', #2804, #5508, #96, .T. ) ;
#369 = FACE_OUTER_BOUND ( 'NONE', #6434, .T. ) ;
#370 = AXIS2_PLACEMENT_3D ( 'NONE', #1223, #2834, #4943 ) ;
#371 = COLOUR_RGB ( '',0.9686274509803921573, 0.8784313725490195957, 0.5999999999999999778 ) ;
#372 = CARTESIAN_POINT ( 'NONE',  ( 2.499999999999999556, 1.300000000000000044, -0.5499999999999988232 ) ) ;
#373 = EDGE_CURVE ( 'NONE', #4339, #5924, #6658, .T. ) ;
#375 = ORIENTED_EDGE ( 'NONE', *, *, #3287, .T. ) ;
#374 = CARTESIAN_POINT ( 'NONE',  ( -1.920000000000000373, 1.239999999999999991, -1.289999999999999591 ) ) ;
#376 = VERTEX_POINT ( 'NONE', #5429 ) ;
#377 = CARTESIAN_POINT ( 'NONE',  ( 2.250000000000000444, 1.239999999999999769, -1.019999999999999796 ) ) ;
#378 = CARTESIAN_POINT ( 'NONE',  ( 2.500000000000000444, 0.000000000000000000, 1.599999999999999867 ) ) ;
#379 = ADVANCED_FACE ( 'NONE', ( #4567 ), #1806, .F. ) ;
#380 = CARTESIAN_POINT ( 'NONE',  ( 2.500000000000000444, 1.000000000000000000, 1.599999999999999867 ) ) ;
#381 = FACE_OUTER_BOUND ( 'NONE', #1379, .T. ) ;
#382 = DIRECTION ( 'NONE',  ( 0.000000000000000000, 1.000000000000000000, 0.000000000000000000 ) ) ;
#383 = SURFACE_STYLE_FILL_AREA ( #5290 ) ;
#384 = CYLINDRICAL_SURFACE ( 'NONE', #6505, 0.09999999999999982514 ) ;
#385 = ORIENTED_EDGE ( 'NONE', *, *, #3756, .F. ) ;
#386 = ORIENTED_EDGE ( 'NONE', *, *, #3294, .F. ) ;
#387 = EDGE_CURVE ( 'NONE', #938, #5659, #2181, .T. ) ;
#388 = LINE ( 'NONE', #1321, #4946 ) ;
#389 = DIRECTION ( 'NONE',  ( 0.000000000000000000, 0.000000000000000000, 1.000000000000000000 ) ) ;
#390 = CARTESIAN_POINT ( 'NONE',  ( -2.250000000000000444, -4.290147056835873940, -1.020000000000000240 ) ) ;
#391 = AXIS2_PLACEMENT_3D ( 'NONE', #1565, #2109, #2238 ) ;
#392 = DIRECTION ( 'NONE',  ( -0.000000000000000000, -1.000000000000000000, -0.000000000000000000 ) ) ;
#393 = ADVANCED_FACE ( 'NONE', ( #6601 ), #1646, .F. ) ;
#394 = CARTESIAN_POINT ( 'NONE',  ( -2.399999999999999911, 1.300000000000000044, -0.5499999999999992673 ) ) ;
#395 = TOROIDAL_SURFACE ( 'NONE', #527, 0.2699999999999999067, 0.05999999999999999778 ) ;
#396 = FACE_OUTER_BOUND ( 'NONE', #5957, .T. ) ;
#397 = DIRECTION ( 'NONE',  ( 0.000000000000000000, -0.000000000000000000, -1.000000000000000000 ) ) ;
#398 = DIRECTION ( 'NONE',  ( 0.000000000000000000, 0.000000000000000000, -1.000000000000000000 ) ) ;
#399 = PLANE ( 'NONE',  #1169 ) ;
#400 = ORIENTED_EDGE ( 'NONE', *, *, #156, .F. ) ;
#401 = VERTEX_POINT ( 'NONE', #5119 ) ;
#402 = EDGE_CURVE ( 'NONE', #5027, #498, #111, .T. ) ;
#403 = CYLINDRICAL_SURFACE ( 'NONE', #6427, 0.1000000000000004774 ) ;
#404 = CARTESIAN_POINT ( 'NONE',  ( 2.300000000000000266, 0.2500000000000001110, 0.8499999999999989786 ) ) ;
#405 = AXIS2_PLACEMENT_3D ( 'NONE', #4743, #3868, #4924 ) ;
#406 = DIRECTION ( 'NONE',  ( -0.000000000000000000, -1.000000000000000000, -0.000000000000000000 ) ) ;
#407 = LINE ( 'NONE', #1459, #4809 ) ;
#408 = DIRECTION ( 'NONE',  ( -7.589415207398531038E-16, 0.000000000000000000, 1.000000000000000000 ) ) ;
#409 = ORIENTED_EDGE ( 'NONE', *, *, #3038, .T. ) ;
#410 = CARTESIAN_POINT ( 'NONE',  ( -2.499999999999999556, 1.000000000000000000, -1.600000000000000311 ) ) ;
#411 = ORIENTED_EDGE ( 'NONE', *, *, #5494, .T. ) ;
#412 = CARTESIAN_POINT ( 'NONE',  ( -1.559999999999999831, 0.5000000000000000000, 1.499999999999999778 ) ) ;
#413 = LINE ( 'NONE', #3159, #2721 ) ;
#414 = EDGE_CURVE ( 'NONE', #1552, #3910, #2129, .T. ) ;
#415 = LINE ( 'NONE', #6233, #4860 ) ;
#416 = CIRCLE ( 'NONE', #4137, 0.1499999999999999667 ) ;
#417 = CARTESIAN_POINT ( 'NONE',  ( 2.300000000000000266, 0.8500000000000000888, 0.4499999999999989564 ) ) ;
#419 = ORIENTED_EDGE ( 'NONE', *, *, #979, .T. ) ;
#418 = CARTESIAN_POINT ( 'NONE',  ( 2.399999999999999911, 1.300000000000000044, 0.5499999999999988232 ) ) ;
#420 = EDGE_LOOP ( 'NONE', ( #6509, #5624, #3095, #3429, #1971, #5933, #3378, #1116, #3771, #3793, #1410, #792, #3395, #5989, #1935, #854, #1378, #1196, #4154, #6393, #5238, #1309, #5820, #1258, #3103, #5436, #5838, #3352, #5535, #3611, #1152, #6147, #5390, #3876, #3992, #3949, #4013, #3293, #6104, #1166 ) ) ;
#421 = DIRECTION ( 'NONE',  ( 0.000000000000000000, 0.000000000000000000, -1.000000000000000000 ) ) ;
#422 = DIRECTION ( 'NONE',  ( 0.000000000000000000, 0.000000000000000000, -1.000000000000000000 ) ) ;
#423 = VECTOR ( 'NONE', #2845, 1000.000000000000000 ) ;
#424 = ORIENTED_EDGE ( 'NONE', *, *, #2673, .F. ) ;
#425 = EDGE_CURVE ( 'NONE', #3047, #5660, #2321, .T. ) ;
#426 = DIRECTION ( 'NONE',  ( -0.000000000000000000, -0.000000000000000000, 1.000000000000000000 ) ) ;
#427 = LINE ( 'NONE', #60, #4935 ) ;
#428 = CIRCLE ( 'NONE', #4231, 0.09999999999999982514 ) ;
#429 = VERTEX_POINT ( 'NONE', #4711 ) ;
#430 = EDGE_LOOP ( 'NONE', ( #3142, #5253, #3491, #1572 ) ) ;
#431 = ADVANCED_FACE ( 'NONE', ( #4500 ), #2050, .F. ) ;
#432 = LINE ( 'NONE', #4358, #2754 ) ;
#433 = CARTESIAN_POINT ( 'NONE',  ( 1.660000000000000586, 0.5000000000000000000, -1.599999999999999201 ) ) ;
#434 = EDGE_CURVE ( 'NONE', #1060, #5177, #2308, .T. ) ;
#435 = FACE_OUTER_BOUND ( 'NONE', #583, .T. ) ;
#436 = DIRECTION ( 'NONE',  ( 0.000000000000000000, 0.000000000000000000, -1.000000000000000000 ) ) ;
#437 = CARTESIAN_POINT ( 'NONE',  ( -2.271016587998424097, 1.000000000000000222, -1.347913720713597829 ) ) ;
#438 = AXIS2_PLACEMENT_3D ( 'NONE', #1048, #1841, #961 ) ;
#439 = ORIENTED_EDGE ( 'NONE', *, *, #2493, .F. ) ;
#440 = ORIENTED_EDGE ( 'NONE', *, *, #3485, .F. ) ;
#441 = LINE ( 'NONE', #2458, #2666 ) ;
#442 = CARTESIAN_POINT ( 'NONE',  ( 2.300000000000000266, 0.8500000000000000888, 0.4499999999999989564 ) ) ;
#443 = ADVANCED_FACE ( 'NONE', ( #4430 ), #64, .F. ) ;
#444 = DIRECTION ( 'NONE',  ( -1.000000000000000000, 0.000000000000000000, 1.495451272393800824E-15 ) ) ;
#445 = CARTESIAN_POINT ( 'NONE',  ( -2.336062456092645956, 1.000000000000000000, 1.259129397495918345 ) ) ;
#446 = CARTESIAN_POINT ( 'NONE',  ( 2.399999999999999911, 1.300000000000000044, 0.5499999999999988232 ) ) ;
#447 = CARTESIAN_POINT ( 'NONE',  ( 2.500000000000000444, 1.300000000000000044, -1.399999999999999467 ) ) ;
#448 = VECTOR ( 'NONE', #2212, 1000.000000000000000 ) ;
#449 = FACE_OUTER_BOUND ( 'NONE', #3663, .T. ) ;
#450 = DIRECTION ( 'NONE',  ( 0.000000000000000000, 0.000000000000000000, 1.000000000000000000 ) ) ;
#451 = EDGE_CURVE ( 'NONE', #4148, #3825, #4542, .T. ) ;
#452 = VERTEX_POINT ( 'NONE', #2660 ) ;
#453 = DIRECTION ( 'NONE',  ( -1.000000000000000000, 0.000000000000000000, 0.000000000000000000 ) ) ;
#454 = CARTESIAN_POINT ( 'NONE',  ( 1.870000000000001217, -1.562049935181331506, 1.599999999999999201 ) ) ;
#455 = ORIENTED_EDGE ( 'NONE', *, *, #6531, .F. ) ;
#456 = DIRECTION ( 'NONE',  ( 0.000000000000000000, -1.000000000000000000, 0.000000000000000000 ) ) ;
#457 = VECTOR ( 'NONE', #322, 1000.000000000000000 ) ;
#458 = EDGE_CURVE ( 'NONE', #6062, #5900, #4554, .T. ) ;
#459 = LINE ( 'NONE', #3657, #2781 ) ;
#460 = CIRCLE ( 'NONE', #5134, 0.1000000000000009076 ) ;
#461 = DIRECTION ( 'NONE',  ( 0.000000000000000000, 0.000000000000000000, 1.000000000000000000 ) ) ;
#462 = ORIENTED_EDGE ( 'NONE', *, *, #4406, .T. ) ;
#464 = ORIENTED_EDGE ( 'NONE', *, *, #1247, .T. ) ;
#463 = CARTESIAN_POINT ( 'NONE',  ( -2.499999999999999556, 1.000000000000000000, -1.399999999999999467 ) ) ;
#465 = ORIENTED_EDGE ( 'NONE', *, *, #4406, .F. ) ;
#466 = DIRECTION ( 'NONE',  ( -0.000000000000000000, -1.000000000000000000, -0.000000000000000000 ) ) ;
#467 = CIRCLE ( 'NONE', #825, 0.09999999999999982514 ) ;
#468 = EDGE_CURVE ( 'NONE', #2653, #5215, #2138, .T. ) ;
#469 = CARTESIAN_POINT ( 'NONE',  ( -1.660000000000000808, 0.5000000000000000000, 1.599999999999999645 ) ) ;
#470 = EDGE_CURVE ( 'NONE', #6388, #5891, #16, .T. ) ;
#471 = LINE ( 'NONE', #2362, #2693 ) ;
#472 = VERTEX_POINT ( 'NONE', #1556 ) ;
#473 = ORIENTED_EDGE ( 'NONE', *, *, #6397, .T. ) ;
#474 = AXIS2_PLACEMENT_3D ( 'NONE', #5068, #2097, #2513 ) ;
#475 = ORIENTED_EDGE ( 'NONE', *, *, #3450, .T. ) ;
#476 = LINE ( 'NONE', #3457, #2710 ) ;
#477 = CARTESIAN_POINT ( 'NONE',  ( 0.8799999999999994493, -1.562049935181331506, -1.599999999999999423 ) ) ;
#478 = CARTESIAN_POINT ( 'NONE',  ( 2.320000000000000284, 1.100000000000000311, 1.020000000000000462 ) ) ;
#479 = AXIS2_PLACEMENT_3D ( 'NONE', #5640, #3428, #6662 ) ;
#480 = PLANE ( 'NONE',  #3520 ) ;
#481 = EDGE_CURVE ( 'NONE', #3163, #6493, #4411, .T. ) ;
#482 = CYLINDRICAL_SURFACE ( 'NONE', #307, 0.09999999999999982514 ) ;
#483 = DIRECTION ( 'NONE',  ( -0.000000000000000000, 1.000000000000000000, -0.000000000000000000 ) ) ;
#484 = ORIENTED_EDGE ( 'NONE', *, *, #2911, .F. ) ;
#485 = ORIENTED_EDGE ( 'NONE', *, *, #6513, .F. ) ;
#486 = ORIENTED_EDGE ( 'NONE', *, *, #3824, .T. ) ;
#487 = AXIS2_PLACEMENT_3D ( 'NONE', #4552, #1031, #1529 ) ;
#488 = ADVANCED_FACE ( 'NONE', ( #6612 ), #4583, .F. ) ;
#489 = CYLINDRICAL_SURFACE ( 'NONE', #4813, 0.3999999999999999667 ) ;
#490 = CARTESIAN_POINT ( 'NONE',  ( -2.499999999999999556, 0.000000000000000000, 0.8499999999999994227 ) ) ;
#491 = DIRECTION ( 'NONE',  ( 0.000000000000000000, 0.000000000000000000, -1.000000000000000000 ) ) ;
#492 = LINE ( 'NONE', #4696, #2713 ) ;
#493 = VECTOR ( 'NONE', #1236, 1000.000000000000000 ) ;
#494 = CARTESIAN_POINT ( 'NONE',  ( -2.399999999999999911, 1.000000000000000000, -0.5499999999999992673 ) ) ;
#495 = VERTEX_POINT ( 'NONE', #3148 ) ;
#496 = EDGE_CURVE ( 'NONE', #6430, #1366, #2224, .T. ) ;
#497 = CARTESIAN_POINT ( 'NONE',  ( 2.276890707879062337, 0.9999999999999862332, 1.228794717070177178 ) ) ;
#498 = VERTEX_POINT ( 'NONE', #2184 ) ;
#499 = DIRECTION ( 'NONE',  ( 1.000000000000000000, 0.000000000000000000, -1.495451272393800824E-15 ) ) ;
#500 = DIRECTION ( 'NONE',  ( -0.000000000000000000, 1.000000000000000000, -0.000000000000000000 ) ) ;
#501 = ORIENTED_EDGE ( 'NONE', *, *, #4900, .F. ) ;
#502 = DIRECTION ( 'NONE',  ( 0.000000000000000000, 0.000000000000000000, -1.000000000000000000 ) ) ;
#503 = LINE ( 'NONE', #4264, #4960 ) ;
#504 = ADVANCED_FACE ( 'NONE', ( #49 ), #133, .F. ) ;
#505 = DIRECTION ( 'NONE',  ( -0.000000000000000000, -1.000000000000000000, -0.000000000000000000 ) ) ;
#506 = AXIS2_PLACEMENT_3D ( 'NONE', #5932, #4442, #869 ) ;
#507 = ORIENTED_EDGE ( 'NONE', *, *, #710, .F. ) ;
#509 = VERTEX_POINT ( 'NONE', #1475 ) ;
#508 = DIRECTION ( 'NONE',  ( 9.035018104045869462E-17, -0.000000000000000000, 1.000000000000000000 ) ) ;
#510 = UNCERTAINTY_MEASURE_WITH_UNIT (LENGTH_MEASURE( 1.000000000000000082E-05 ), #5305, 'distance_accuracy_value', 'NONE');
#511 = VERTEX_POINT ( 'NONE', #514 ) ;
#512 = CARTESIAN_POINT ( 'NONE',  ( 0.6700000000000007061, 0.000000000000000000, -0.5999999999999995337 ) ) ;
#513 = EDGE_CURVE ( 'NONE', #6222, #3743, #2200, .T. ) ;
#514 = CARTESIAN_POINT ( 'NONE',  ( -0.8799999999999994493, 0.5000000000000000000, -1.599999999999999645 ) ) ;
#515 = SURFACE_STYLE_USAGE ( .BOTH. , #6117 ) ;
#516 = LINE ( 'NONE', #5582, #4972 ) ;
#517 = AXIS2_PLACEMENT_3D ( 'NONE', #4748, #2601, #5293 ) ;
#518 = PLANE ( 'NONE',  #270 ) ;
#519 = LINE ( 'NONE', #1317, #544 ) ;
#520 = ORIENTED_EDGE ( 'NONE', *, *, #3321, .T. ) ;
#521 = ORIENTED_EDGE ( 'NONE', *, *, #52, .F. ) ;
#522 = ORIENTED_EDGE ( 'NONE', *, *, #1052, .T. ) ;
#523 = EDGE_CURVE ( 'NONE', #1114, #3800, #4512, .T. ) ;
#524 = LINE ( 'NONE', #1148, #585 ) ;
#525 = DIRECTION ( 'NONE',  ( -1.000000000000000000, -0.000000000000000000, -0.000000000000000000 ) ) ;
#526 = DIRECTION ( 'NONE',  ( -0.000000000000000000, -0.000000000000000000, 1.000000000000000000 ) ) ;
#527 = AXIS2_PLACEMENT_3D ( 'NONE', #3736, #3309, #2598 ) ;
#528 = CARTESIAN_POINT ( 'NONE',  ( 2.499999999999998668, 0.2500000000000001110, -0.4499999999999990119 ) ) ;
#529 = CARTESIAN_POINT ( 'NONE',  ( -0.6700000000000007061, 0.5000000000000000000, 1.099999999999999645 ) ) ;
#530 = LINE ( 'NONE', #2777, #4903 ) ;
#531 = VECTOR ( 'NONE', #5319, 1000.000000000000000 ) ;
#532 = CARTESIAN_POINT ( 'NONE',  ( -2.499999999999998668, 0.2500000000000001110, -0.8499999999999985345 ) ) ;
#533 = DIRECTION ( 'NONE',  ( -0.000000000000000000, -1.000000000000000000, -0.000000000000000000 ) ) ;
#534 = ORIENTED_EDGE ( 'NONE', *, *, #4965, .T. ) ;
#535 = ORIENTED_EDGE ( 'NONE', *, *, #2507, .T. ) ;
#536 = EDGE_LOOP ( 'NONE', ( #1245, #1488, #6400, #1217 ) ) ;
#537 = LINE ( 'NONE', #4026, #916 ) ;
#538 = DIRECTION ( 'NONE',  ( 0.000000000000000000, 0.000000000000000000, 1.000000000000000000 ) ) ;
#539 = AXIS2_PLACEMENT_3D ( 'NONE', #1773, #2659, #4197 ) ;
#540 = CARTESIAN_POINT ( 'NONE',  ( 2.399999999999999911, 0.000000000000000000, 0.5499999999999988232 ) ) ;
#541 = CARTESIAN_POINT ( 'NONE',  ( -2.247913720713616836, 1.000000000000000000, 1.371016587998402647 ) ) ;
#542 = DIRECTION ( 'NONE',  ( 1.000000000000000000, -0.000000000000000000, -2.710505431213761085E-16 ) ) ;
#543 = CIRCLE ( 'NONE', #3562, 0.05999999999999994227 ) ;
#544 = VECTOR ( 'NONE', #5578, 1000.000000000000000 ) ;
#545 = CARTESIAN_POINT ( 'NONE',  ( -1.560000000000000053, 1.300000000000000044, 1.599999999999999867 ) ) ;
#546 = ORIENTED_EDGE ( 'NONE', *, *, #3038, .F. ) ;
#547 = CARTESIAN_POINT ( 'NONE',  ( -0.9800000000000004263, 0.5000000000000000000, -1.499999999999998890 ) ) ;
#548 = ORIENTED_EDGE ( 'NONE', *, *, #5434, .F. ) ;
#549 = CARTESIAN_POINT ( 'NONE',  ( 2.250000000000000444, -4.290147056835873940, 1.020000000000000462 ) ) ;
#550 = DIRECTION ( 'NONE',  ( -0.000000000000000000, -1.000000000000000000, -0.000000000000000000 ) ) ;
#551 = EDGE_LOOP ( 'NONE', ( #3862, #2248, #3993, #6067 ) ) ;
#552 = DIRECTION ( 'NONE',  ( -1.129377263005733621E-16, 0.000000000000000000, -1.000000000000000000 ) ) ;
#553 = ADVANCED_FACE ( 'NONE', ( #6667 ), #2567, .F. ) ;
#554 = CIRCLE ( 'NONE', #649, 0.05999999999999994227 ) ;
#555 = AXIS2_PLACEMENT_3D ( 'NONE', #2542, #3691, #5098 ) ;
#556 = FACE_OUTER_BOUND ( 'NONE', #1661, .T. ) ;
#557 = ORIENTED_EDGE ( 'NONE', *, *, #1525, .T. ) ;
#558 = ORIENTED_EDGE ( 'NONE', *, *, #6038, .F. ) ;
#559 = ORIENTED_EDGE ( 'NONE', *, *, #4965, .F. ) ;
#560 = B_SPLINE_CURVE_WITH_KNOTS ( 'NONE', 3,
 ( #4309, #4825, #313, #1391 ),
 .UNSPECIFIED., .F., .F.,
 ( 4, 4 ),
 ( 0.000000000000000000, 1.000000000000000000 ),
 .UNSPECIFIED. ) ;
#561 = SURFACE_STYLE_USAGE ( .BOTH. , #5683 ) ;
#562 = CARTESIAN_POINT ( 'NONE',  ( -1.920000000000000373, 1.100000000000000089, -1.370000000000000329 ) ) ;
#563 = EDGE_CURVE ( 'NONE', #834, #5880, #4532, .T. ) ;
#564 = CARTESIAN_POINT ( 'NONE',  ( 2.499999999999999556, 0.000000000000000000, 0.7499999999999991118 ) ) ;
#565 = VECTOR ( 'NONE', #6424, 1000.000000000000000 ) ;
#566 = MANIFOLD_SOLID_BREP ( 'Boss-Extrude5[2]', #3080 ) ;
#567 = ADVANCED_FACE ( 'NONE', ( #38 ), #6403, .F. ) ;
#568 = DIRECTION ( 'NONE',  ( 0.000000000000000000, -1.000000000000000000, 0.000000000000000000 ) ) ;
#569 = AXIS2_PLACEMENT_3D ( 'NONE', #2183, #3747, #165 ) ;
#570 = CIRCLE ( 'NONE', #4679, 0.2699999999999998512 ) ;
#571 = VERTEX_POINT ( 'NONE', #1685 ) ;
#572 = ORIENTED_EDGE ( 'NONE', *, *, #4664, .T. ) ;
#573 = ORIENTED_EDGE ( 'NONE', *, *, #5447, .T. ) ;
#574 = LINE ( 'NONE', #2627, #5018 ) ;
#575 = CARTESIAN_POINT ( 'NONE',  ( -2.499999999999999556, 1.300000000000000044, -0.7499999999999995559 ) ) ;
#576 = EDGE_CURVE ( 'NONE', #5219, #2407, #4471, .T. ) ;
#577 = DIRECTION ( 'NONE',  ( 0.000000000000000000, 0.000000000000000000, 1.000000000000000000 ) ) ;
#578 = DIRECTION ( 'NONE',  ( 0.000000000000000000, 0.000000000000000000, 1.000000000000000000 ) ) ;
#579 = CARTESIAN_POINT ( 'NONE',  ( 0.9800000000000004263, 1.300000000000000044, -1.599999999999999867 ) ) ;
#580 = DIRECTION ( 'NONE',  ( 0.000000000000000000, -0.000000000000000000, 1.000000000000000000 ) ) ;
#581 = CARTESIAN_POINT ( 'NONE',  ( -0.8799999999999994493, -1.562049935181331506, -1.599999999999999645 ) ) ;
#582 = VERTEX_POINT ( 'NONE', #2395 ) ;
#583 = EDGE_LOOP ( 'NONE', ( #2793, #4378, #2876, #2607 ) ) ;
#584 = VERTEX_POINT ( 'NONE', #1775 ) ;
#585 = VECTOR ( 'NONE', #5325, 1000.000000000000000 ) ;
#586 = AXIS2_PLACEMENT_3D ( 'NONE', #1006, #2554, #2417 ) ;
#587 = DIRECTION ( 'NONE',  ( 0.000000000000000000, 0.000000000000000000, -1.000000000000000000 ) ) ;
#588 = EDGE_CURVE ( 'NONE', #3800, #1103, #6646, .T. ) ;
#589 = DIRECTION ( 'NONE',  ( -0.000000000000000000, -1.000000000000000000, -0.000000000000000000 ) ) ;
#590 = DIRECTION ( 'NONE',  ( 0.000000000000000000, 1.000000000000000000, 0.000000000000000000 ) ) ;
#591 = COLOUR_RGB ( '',0.9686274509803921573, 0.8784313725490195957, 0.5999999999999999778 ) ;
#592 = DIRECTION ( 'NONE',  ( 0.000000000000000000, 0.000000000000000000, -1.000000000000000000 ) ) ;
#593 = ORIENTED_EDGE ( 'NONE', *, *, #172, .F. ) ;
#594 = DIRECTION ( 'NONE',  ( 0.000000000000000000, 0.000000000000000000, 1.000000000000000000 ) ) ;
#595 = CARTESIAN_POINT ( 'NONE',  ( 1.920000000000000151, 0.9999999999999997780, 1.500000000000000444 ) ) ;
#596 = ORIENTED_EDGE ( 'NONE', *, *, #6414, .F. ) ;
#597 = CARTESIAN_POINT ( 'NONE',  ( 1.920000000000000151, 1.000000000000000000, 1.500000000000000444 ) ) ;
#598 = DIRECTION ( 'NONE',  ( 0.000000000000000000, -0.000000000000000000, 1.000000000000000000 ) ) ;
#599 = ORIENTED_EDGE ( 'NONE', *, *, #5434, .T. ) ;
#600 = DIRECTION ( 'NONE',  ( -0.000000000000000000, -1.000000000000000000, -0.000000000000000000 ) ) ;
#601 = CIRCLE ( 'NONE', #6670, 0.2000000000000003164 ) ;
#602 = EDGE_CURVE ( 'NONE', #5900, #4090, #4418, .T. ) ;
#603 = VECTOR ( 'NONE', #637, 1000.000000000000000 ) ;
#604 = CARTESIAN_POINT ( 'NONE',  ( -0.9800000000000004263, 1.300000000000000044, -1.499999999999998890 ) ) ;
#605 = ORIENTED_EDGE ( 'NONE', *, *, #402, .T. ) ;
#606 = AXIS2_PLACEMENT_3D ( 'NONE', #5732, #2448, #947 ) ;
#607 = ORIENTED_EDGE ( 'NONE', *, *, #1194, .F. ) ;
#608 = ORIENTED_EDGE ( 'NONE', *, *, #126, .T. ) ;
#609 = CARTESIAN_POINT ( 'NONE',  ( 1.920000000000000373, 1.069999999999999840, 1.420000000000000373 ) ) ;
#610 = ADVANCED_FACE ( 'NONE', ( #4478 ), #4992, .F. ) ;
#611 =( NAMED_UNIT ( * ) SI_UNIT ( $, .STERADIAN. ) SOLID_ANGLE_UNIT ( ) );
#612 = VECTOR ( 'NONE', #362, 1000.000000000000000 ) ;
#613 = DIRECTION ( 'NONE',  ( -1.000000000000000000, 0.000000000000000000, 2.125886612716674587E-16 ) ) ;
#614 = LINE ( 'NONE', #3473, #4839 ) ;
#615 = EDGE_CURVE ( 'NONE', #2637, #5713, #2274, .T. ) ;
#616 = ORIENTED_EDGE ( 'NONE', *, *, #686, .F. ) ;
#617 = EDGE_LOOP ( 'NONE', ( #5393, #1302, #925, #2390 ) ) ;
#618 = EDGE_LOOP ( 'NONE', ( #6515, #1641, #185, #2276 ) ) ;
#619 = FACE_OUTER_BOUND ( 'NONE', #3494, .T. ) ;
#620 = EDGE_CURVE ( 'NONE', #206, #429, #2286, .T. ) ;
#621 = DIRECTION ( 'NONE',  ( -0.000000000000000000, 1.000000000000000000, -0.000000000000000000 ) ) ;
#622 = CARTESIAN_POINT ( 'NONE',  ( -0.6700000000000005951, 0.5000000000000000000, 1.599999999999999645 ) ) ;
#623 = DIRECTION ( 'NONE',  ( -0.000000000000000000, 1.000000000000000000, -0.000000000000000000 ) ) ;
#624 = CARTESIAN_POINT ( 'NONE',  ( 2.499999999999998668, 0.8500000000000000888, -0.8499999999999989786 ) ) ;
#625 = VECTOR ( 'NONE', #499, 1000.000000000000000 ) ;
#626 = DIRECTION ( 'NONE',  ( 1.000000000000000000, 0.000000000000000000, 0.000000000000000000 ) ) ;
#627 = CARTESIAN_POINT ( 'NONE',  ( 1.870000000000000773, 0.5000000000000000000, 0.5999999999999992006 ) ) ;
#628 = EDGE_LOOP ( 'NONE', ( #6175, #1012, #1839, #4074 ) ) ;
#629 = EDGE_LOOP ( 'NONE', ( #3185, #3919, #5745, #3364 ) ) ;
#630 = ORIENTED_EDGE ( 'NONE', *, *, #1346, .F. ) ;
#631 = LINE ( 'NONE', #4128, #2931 ) ;
#632 = EDGE_CURVE ( 'NONE', #3074, #3753, #2299, .T. ) ;
#633 = EDGE_CURVE ( 'NONE', #4301, #4939, #190, .T. ) ;
#634 = FACE_OUTER_BOUND ( 'NONE', #3177, .T. ) ;
#635 = CARTESIAN_POINT ( 'NONE',  ( -2.499999999999999556, 0.000000000000000000, 1.599999999999999867 ) ) ;
#636 = ORIENTED_EDGE ( 'NONE', *, *, #4372, .F. ) ;
#637 = DIRECTION ( 'NONE',  ( -0.000000000000000000, 1.000000000000000000, -0.000000000000000000 ) ) ;
#638 = CYLINDRICAL_SURFACE ( 'NONE', #201, 0.09999999999999982514 ) ;
#639 = ORIENTED_EDGE ( 'NONE', *, *, #3696, .T. ) ;
#640 = DIRECTION ( 'NONE',  ( -0.000000000000000000, -0.000000000000000000, 1.000000000000000000 ) ) ;
#641 = CARTESIAN_POINT ( 'NONE',  ( -1.799999999999999600, 1.289999999999999813, 1.049999999999999822 ) ) ;
#642 = CARTESIAN_POINT ( 'NONE',  ( 1.870000000000001217, 0.5000000000000000000, 1.599999999999999201 ) ) ;
#643 = LINE ( 'NONE', #4647, #3110 ) ;
#644 = CARTESIAN_POINT ( 'NONE',  ( 0.9800000000000004263, 0.000000000000000000, -1.499999999999998890 ) ) ;
#645 = ORIENTED_EDGE ( 'NONE', *, *, #1795, .F. ) ;
#646 = EDGE_LOOP ( 'NONE', ( #1624, #1472, #4210, #3966, #1182, #1436, #5692, #4062, #3690, #1847, #1204, #1603, #4314, #1856, #6287, #6517, #5714, #5696, #1240, #3452, #5969, #5632, #6532, #1250, #3424, #5653, #4289, #1562, #3888, #5881, #3893, #2119, #4513, #1677, #3991, #6242, #1813, #6220, #1680, #149, #3675 ) ) ;
#647 = CARTESIAN_POINT ( 'NONE',  ( 2.400000000000000799, 1.000000000000000000, -1.020000000000000018 ) ) ;
#648 = CARTESIAN_POINT ( 'NONE',  ( -2.088422368525944428, 1.000000000000000000, 1.469413592204429575 ) ) ;
#649 = AXIS2_PLACEMENT_3D ( 'NONE', #4868, #5779, #2717 ) ;
#650 = CARTESIAN_POINT ( 'NONE',  ( -2.499999999999999556, 0.2500000000000001110, 0.5499999999999983791 ) ) ;
#651 = CARTESIAN_POINT ( 'NONE',  ( 2.500000000000000444, 1.300000000000000044, 0.8499999999999989786 ) ) ;
#652 = CARTESIAN_POINT ( 'NONE',  ( 2.399999999999998135, 0.8500000000000000888, -0.5499999999999988232 ) ) ;
#653 = FACE_OUTER_BOUND ( 'NONE', #4589, .T. ) ;
#654 = CARTESIAN_POINT ( 'NONE',  ( -0.6400000000000003464, 1.069999999999999840, -1.420000000000000151 ) ) ;
#655 = EDGE_CURVE ( 'NONE', #3753, #3910, #4627, .T. ) ;
#656 = FACE_OUTER_BOUND ( 'NONE', #1170, .T. ) ;
#657 = VERTEX_POINT ( 'NONE', #699 ) ;
#658 = CIRCLE ( 'NONE', #1109, 0.1000000000000009076 ) ;
#659 = EDGE_CURVE ( 'NONE', #4227, #1050, #2539, .T. ) ;
#660 = VERTEX_POINT ( 'NONE', #5884 ) ;
#661 = ADVANCED_FACE ( 'NONE', ( #317 ), #3280, .F. ) ;
#662 = VECTOR ( 'NONE', #6541, 1000.000000000000000 ) ;
#663 = DIRECTION ( 'NONE',  ( 0.000000000000000000, 0.000000000000000000, -1.000000000000000000 ) ) ;
#664 = DIRECTION ( 'NONE',  ( 0.000000000000000000, 0.000000000000000000, -1.000000000000000000 ) ) ;
#665 = CARTESIAN_POINT ( 'NONE',  ( -1.920000000000000373, 8.040147056835873940, -1.020000000000000240 ) ) ;
#666 = CYLINDRICAL_SURFACE ( 'NONE', #5592, 0.09999999999999971412 ) ;
#667 = PLANE ( 'NONE',  #3490 ) ;
#668 = ORIENTED_EDGE ( 'NONE', *, *, #4372, .T. ) ;
#669 = FACE_OUTER_BOUND ( 'NONE', #3257, .T. ) ;
#670 = VERTEX_POINT ( 'NONE', #349 ) ;
#671 = EDGE_CURVE ( 'NONE', #5682, #2012, #351, .T. ) ;
#672 = VECTOR ( 'NONE', #736, 1000.000000000000000 ) ;
#673 = CARTESIAN_POINT ( 'NONE',  ( -1.870000000000000329, 0.000000000000000000, -1.599999999999999645 ) ) ;
#674 = ADVANCED_FACE ( 'NONE', ( #2405 ), #235, .T. ) ;
#675 = DIRECTION ( 'NONE',  ( -1.000000000000000000, 0.000000000000000000, 0.000000000000000000 ) ) ;
#676 = ORIENTED_EDGE ( 'NONE', *, *, #6295, .F. ) ;
#677 = FACE_OUTER_BOUND ( 'NONE', #2764, .T. ) ;
#678 = CARTESIAN_POINT ( 'NONE',  ( -1.170000000000005702, -1.562049935181331506, 0.5999999999999996447 ) ) ;
#679 = ORIENTED_EDGE ( 'NONE', *, *, #1299, .F. ) ;
#680 = VECTOR ( 'NONE', #4481, 1000.000000000000000 ) ;
#681 = CARTESIAN_POINT ( 'NONE',  ( 2.211670455499240351, 1.000000000000000222, 1.401429968455307984 ) ) ;
#682 = VERTEX_POINT ( 'NONE', #2720 ) ;
#683 = CARTESIAN_POINT ( 'NONE',  ( -2.299999999999998490, 0.2500000000000001110, -0.4499999999999987343 ) ) ;
#684 = CARTESIAN_POINT ( 'NONE',  ( -2.320000000000000284, 1.069999999999999840, -1.020000000000000018 ) ) ;
#685 = DIRECTION ( 'NONE',  ( -1.000000000000000000, 0.000000000000000000, 0.000000000000000000 ) ) ;
#686 = EDGE_CURVE ( 'NONE', #4443, #4824, #341, .T. ) ;
#687 = VECTOR ( 'NONE', #5152, 1000.000000000000000 ) ;
#688 = PRESENTATION_LAYER_ASSIGNMENT (  '', '', ( #2432 ) ) ;
#689 = EDGE_LOOP ( 'NONE', ( #4070, #2505, #4046, #2399 ) ) ;
#690 = LINE ( 'NONE', #840, #5166 ) ;
#691 = CARTESIAN_POINT ( 'NONE',  ( 2.499999999999999556, 0.2500000000000001110, 0.7499999999999991118 ) ) ;
#692 = ORIENTED_EDGE ( 'NONE', *, *, #5913, .F. ) ;
#693 = FACE_OUTER_BOUND ( 'NONE', #844, .T. ) ;
#694 = ORIENTED_EDGE ( 'NONE', *, *, #3637, .T. ) ;
#695 = CARTESIAN_POINT ( 'NONE',  ( -2.499999999999999556, 0.000000000000000000, -1.600000000000000311 ) ) ;
#696 =( BOUNDED_SURFACE ( )  B_SPLINE_SURFACE ( 2, 3, ( 
 ( #4389, #5399, #1267, #4899, #3324, #5444 ),
 ( #3445, #1569, #5184, #5136, #2442, #3112 ),
 ( #2016, #6679, #4012, #5569, #3068, #1418 ) ),
 .UNSPECIFIED., .F., .F., .F. ) 
 B_SPLINE_SURFACE_WITH_KNOTS ( ( 3, 3 ),
 ( 4, 2, 4 ),
 ( 0.000000000000000000, 1.000000000000000000 ),
 ( -1.570796326794896558, -0.7853981633974482790, 0.000000000000000000 ),
 .UNSPECIFIED. ) 
 GEOMETRIC_REPRESENTATION_ITEM ( )  RATIONAL_B_SPLINE_SURFACE ( (
 ( 1.000000000000000000, 1.000000000000000000, 1.000000000000000000, 1.000000000000000000, 1.000000000000000000, 1.000000000000000000),
 ( 0.7071067811865475727, 0.7071067811865475727, 0.7071067811865475727, 0.7071067811865475727, 0.7071067811865475727, 0.7071067811865475727),
 ( 1.000000000000000000, 1.000000000000000000, 1.000000000000000000, 1.000000000000000000, 1.000000000000000000, 1.000000000000000000) ) ) 
 REPRESENTATION_ITEM ( '' )  SURFACE ( )  );
#697 = CARTESIAN_POINT ( 'NONE',  ( 2.270000000000000462, 1.100000000000000311, -1.020000000000000018 ) ) ;
#698 = CARTESIAN_POINT ( 'NONE',  ( 2.400000000000000355, 1.000000000000000000, 1.020000000000000462 ) ) ;
#699 = CARTESIAN_POINT ( 'NONE',  ( 2.299999999999999378, 0.000000000000000000, 1.599999999999999867 ) ) ;
#700 = CARTESIAN_POINT ( 'NONE',  ( -2.499999999999998668, 0.2500000000000001110, -0.8499999999999985345 ) ) ;
#701 = CARTESIAN_POINT ( 'NONE',  ( -1.919999999999999929, 1.000000000000000000, 1.500000000000000444 ) ) ;
#702 = FACE_OUTER_BOUND ( 'NONE', #4710, .T. ) ;
#703 = LINE ( 'NONE', #4976, #2870 ) ;
#704 = EDGE_CURVE ( 'NONE', #5263, #6536, #4578, .T. ) ;
#705 = CARTESIAN_POINT ( 'NONE',  ( -2.320000000000000284, 0.9999999999999996669, 1.019999999999999796 ) ) ;
#706 = AXIS2_PLACEMENT_3D ( 'NONE', #3643, #3721, #4782 ) ;
#707 = EDGE_LOOP ( 'NONE', ( #1814, #1140, #6123, #5407 ) ) ;
#708 = CARTESIAN_POINT ( 'NONE',  ( -1.919999999999999707, 0.9999999999999996669, 1.420000000000000595 ) ) ;
#709 = VECTOR ( 'NONE', #6491, 1000.000000000000000 ) ;
#710 = EDGE_CURVE ( 'NONE', #1770, #3274, #4796, .T. ) ;
#711 = VERTEX_POINT ( 'NONE', #3255 ) ;
#712 = CYLINDRICAL_SURFACE ( 'NONE', #1184, 0.09999999999999982514 ) ;
#713 = ORIENTED_EDGE ( 'NONE', *, *, #1065, .F. ) ;
#714 = EDGE_CURVE ( 'NONE', #3458, #5074, #2527, .T. ) ;
#715 = LINE ( 'NONE', #1541, #687 ) ;
#716 = DIRECTION ( 'NONE',  ( -0.000000000000000000, 1.000000000000000000, 0.000000000000000000 ) ) ;
#717 = FILL_AREA_STYLE ('',( #5816 ) ) ;
#718 = AXIS2_PLACEMENT_3D ( 'NONE', #2952, #3546, #4039 ) ;
#719 = CARTESIAN_POINT ( 'NONE',  ( -1.870000000000000329, 0.000000000000000000, -1.599999999999999645 ) ) ;
#720 = ORIENTED_EDGE ( 'NONE', *, *, #2413, .T. ) ;
#721 = CARTESIAN_POINT ( 'NONE',  ( 2.399999999999998135, 0.2500000000000001110, -0.5499999999999988232 ) ) ;
#722 = CARTESIAN_POINT ( 'NONE',  ( 1.559999999999999831, 0.5000000000000000000, 1.599999999999999867 ) ) ;
#723 = DIRECTION ( 'NONE',  ( -1.000000000000000000, -0.000000000000000000, 0.000000000000000000 ) ) ;
#724 = ORIENTED_EDGE ( 'NONE', *, *, #759, .F. ) ;
#725 = VECTOR ( 'NONE', #500, 1000.000000000000000 ) ;
#726 = ORIENTED_EDGE ( 'NONE', *, *, #2132, .F. ) ;
#727 = ADVANCED_FACE ( 'NONE', ( #4757, #2517 ), #3564, .T. ) ;
#728 = EDGE_CURVE ( 'NONE', #777, #4004, #327, .T. ) ;
#729 = CARTESIAN_POINT ( 'NONE',  ( -1.870000000000000329, -1.562049935181331506, -1.599999999999999645 ) ) ;
#730 = CARTESIAN_POINT ( 'NONE',  ( 2.161038878632560056, 1.000000000000000222, -1.435046766094951742 ) ) ;
#731 =( GEOMETRIC_REPRESENTATION_CONTEXT ( 3 ) GLOBAL_UNCERTAINTY_ASSIGNED_CONTEXT ( ( #1274 ) ) GLOBAL_UNIT_ASSIGNED_CONTEXT ( ( #1268, #1735, #2927 ) ) REPRESENTATION_CONTEXT ( 'NONE', 'WORKASPACE' ) );
#732 = ORIENTED_EDGE ( 'NONE', *, *, #303, .F. ) ;
#733 = DIRECTION ( 'NONE',  ( 0.000000000000000000, 1.000000000000000000, 0.000000000000000000 ) ) ;
#734 = CYLINDRICAL_SURFACE ( 'NONE', #3259, 0.04999999999999991257 ) ;
#735 = CIRCLE ( 'NONE', #4376, 0.3299999999999995715 ) ;
#736 = DIRECTION ( 'NONE',  ( -0.000000000000000000, 1.000000000000000000, -0.000000000000000000 ) ) ;
#737 = VERTEX_POINT ( 'NONE', #1571 ) ;
#738 = CARTESIAN_POINT ( 'NONE',  ( -1.870000000000000329, 0.000000000000000000, -0.5999999999999996447 ) ) ;
#739 = EDGE_LOOP ( 'NONE', ( #1357, #976, #6560, #3522, #5500, #3197 ) ) ;
#740 = CARTESIAN_POINT ( 'NONE',  ( -0.6700000000000002620, 0.5000000000000000000, -0.5999999999999997558 ) ) ;
#741 = DIRECTION ( 'NONE',  ( 1.000000000000000000, 0.000000000000000000, 0.000000000000000000 ) ) ;
#742 = EDGE_CURVE ( 'NONE', #5725, #3012, #5072, .T. ) ;
#743 = DIRECTION ( 'NONE',  ( 3.252606517456513302E-16, 0.000000000000000000, 1.000000000000000000 ) ) ;
#744 = CIRCLE ( 'NONE', #5917, 0.09999999999999982514 ) ;
#745 = CIRCLE ( 'NONE', #5149, 0.1499999999999999667 ) ;
#746 = ADVANCED_FACE ( 'NONE', ( #2393 ), #279, .F. ) ;
#747 = ORIENTED_EDGE ( 'NONE', *, *, #2229, .T. ) ;
#748 = LINE ( 'NONE', #4801, #981 ) ;
#749 = FACE_OUTER_BOUND ( 'NONE', #5133, .T. ) ;
#750 = PRESENTATION_LAYER_ASSIGNMENT (  '', '', ( #3744 ) ) ;
#751 = EDGE_LOOP ( 'NONE', ( #5499, #3407, #983, #4215, #1082, #1029 ) ) ;
#752 = FACE_OUTER_BOUND ( 'NONE', #6153, .T. ) ;
#753 = EDGE_LOOP ( 'NONE', ( #3105, #5183, #6684, #3154 ) ) ;
#754 = CARTESIAN_POINT ( 'NONE',  ( -2.250000000000000444, 1.239999999999999769, -1.020000000000000240 ) ) ;
#755 = DIRECTION ( 'NONE',  ( 0.000000000000000000, 0.000000000000000000, 1.000000000000000000 ) ) ;
#756 = FILL_AREA_STYLE ('',( #2446 ) ) ;
#757 = FACE_OUTER_BOUND ( 'NONE', #2854, .T. ) ;
#758 = VECTOR ( 'NONE', #5553, 1000.000000000000000 ) ;
#759 = EDGE_CURVE ( 'NONE', #2707, #2838, #293, .T. ) ;
#760 = ORIENTED_EDGE ( 'NONE', *, *, #1076, .F. ) ;
#761 = VECTOR ( 'NONE', #2173, 1000.000000000000000 ) ;
#762 = LINE ( 'NONE', #1323, #5208 ) ;
#763 = ORIENTED_EDGE ( 'NONE', *, *, #5050, .F. ) ;
#764 = COLOUR_RGB ( '',0.9686274509803921573, 0.8784313725490195957, 0.5999999999999999778 ) ;
#765 = VERTEX_POINT ( 'NONE', #4682 ) ;
#766 = DIRECTION ( 'NONE',  ( 1.000000000000000000, -0.000000000000000000, -2.710505431213760099E-16 ) ) ;
#767 = FACE_OUTER_BOUND ( 'NONE', #6376, .T. ) ;
#768 = MANIFOLD_SOLID_BREP ( 'Boss-Extrude5[4]', #1094 ) ;
#769 = AXIS2_PLACEMENT_3D ( 'NONE', #5466, #4870, #5507 ) ;
#770 = DIRECTION ( 'NONE',  ( -0.000000000000000000, 1.000000000000000000, -0.000000000000000000 ) ) ;
#771 = ORIENTED_EDGE ( 'NONE', *, *, #6304, .T. ) ;
#772 = SURFACE_STYLE_FILL_AREA ( #1256 ) ;
#773 = CARTESIAN_POINT ( 'NONE',  ( 2.399999999999998135, 0.2500000000000000555, -0.7499999999999995559 ) ) ;
#774 = VECTOR ( 'NONE', #5930, 1000.000000000000000 ) ;
#775 = CARTESIAN_POINT ( 'NONE',  ( 1.870000000000001217, 0.5000000000000000000, 1.599999999999999201 ) ) ;
#776 = DIRECTION ( 'NONE',  ( 2.168404344971008868E-16, 0.000000000000000000, -1.000000000000000000 ) ) ;
#777 = VERTEX_POINT ( 'NONE', #2018 ) ;
#778 = CIRCLE ( 'NONE', #6190, 0.05000000000000012768 ) ;
#779 = EDGE_LOOP ( 'NONE', ( #5358, #21, #4529, #2829 ) ) ;
#780 = CARTESIAN_POINT ( 'NONE',  ( 2.309853557144665004, 1.000000000000000222, -1.300325056072271890 ) ) ;
#781 = VERTEX_POINT ( 'NONE', #2154 ) ;
#782 = CARTESIAN_POINT ( 'NONE',  ( 2.500000000000000444, 0.8500000000000000888, 0.8499999999999989786 ) ) ;
#783 = CIRCLE ( 'NONE', #5818, 0.1000000000000009076 ) ;
#784 = CARTESIAN_POINT ( 'NONE',  ( -2.499999999999998668, 0.2500000000000001110, -0.8499999999999985345 ) ) ;
#785 = EDGE_LOOP ( 'NONE', ( #2606, #4874, #6246, #2147 ) ) ;
#786 = CARTESIAN_POINT ( 'NONE',  ( 2.500000000000000444, 0.8500000000000000888, 0.4499999999999990119 ) ) ;
#787 = CARTESIAN_POINT ( 'NONE',  ( 2.335046766094935666, 1.000000000000000444, 1.261038878632569915 ) ) ;
#788 = ORIENTED_EDGE ( 'NONE', *, *, #6174, .T. ) ;
#789 = DIRECTION ( 'NONE',  ( 0.000000000000000000, 0.000000000000000000, 1.000000000000000000 ) ) ;
#790 = AXIS2_PLACEMENT_3D ( 'NONE', #3389, #4930, #2861 ) ;
#791 = ADVANCED_FACE ( 'NONE', ( #2384 ), #944, .T. ) ;
#792 = ORIENTED_EDGE ( 'NONE', *, *, #3139, .T. ) ;
#793 = VECTOR ( 'NONE', #3874, 1000.000000000000000 ) ;
#794 = ORIENTED_EDGE ( 'NONE', *, *, #2634, .T. ) ;
#795 = VECTOR ( 'NONE', #6101, 1000.000000000000000 ) ;
#796 = ORIENTED_EDGE ( 'NONE', *, *, #3739, .F. ) ;
#797 = CARTESIAN_POINT ( 'NONE',  ( 2.500000000000000444, 1.000000000000000000, 1.599999999999999867 ) ) ;
#798 = DIRECTION ( 'NONE',  ( 1.000000000000000000, 0.000000000000000000, 0.000000000000000000 ) ) ;
#799 = AXIS2_PLACEMENT_3D ( 'NONE', #3116, #3606, #2243 ) ;
#800 = CARTESIAN_POINT ( 'NONE',  ( 2.399999999999998135, 0.2500000000000001110, -0.7499999999999995559 ) ) ;
#801 = EDGE_CURVE ( 'NONE', #2595, #3982, #2503, .T. ) ;
#802 = ADVANCED_FACE ( 'NONE', ( #4619 ), #89, .F. ) ;
#803 = DIRECTION ( 'NONE',  ( -0.000000000000000000, 1.000000000000000000, -0.000000000000000000 ) ) ;
#804 = AXIS2_PLACEMENT_3D ( 'NONE', #2702, #3672, #6199 ) ;
#805 = CLOSED_SHELL ( 'NONE', ( #277, #6592, #3504, #2475, #3790, #4937, #1810, #2464, #3808, #674, #488, #6482, #553, #1229, #4011, #6004, #3958, #6064, #2272, #5409, #1061, #1768, #6404, #2037, #47, #222 ) ) ;
#806 = FACE_OUTER_BOUND ( 'NONE', #6391, .T. ) ;
#807 = VERTEX_POINT ( 'NONE', #4636 ) ;
#808 = VECTOR ( 'NONE', #1749, 1000.000000000000000 ) ;
#809 = ORIENTED_EDGE ( 'NONE', *, *, #3725, .T. ) ;
#810 = AXIS2_PLACEMENT_3D ( 'NONE', #6006, #3495, #6572 ) ;
#811 = DIRECTION ( 'NONE',  ( 0.000000000000000000, 0.000000000000000000, -1.000000000000000000 ) ) ;
#812 = DIRECTION ( 'NONE',  ( -0.000000000000000000, 0.000000000000000000, -1.000000000000000000 ) ) ;
#813 = CARTESIAN_POINT ( 'NONE',  ( 1.920000000000000373, 0.9999999999999998890, -1.420000000000000151 ) ) ;
#814 = CARTESIAN_POINT ( 'NONE',  ( 0.9800000000000004263, 0.5000000000000000000, -1.599999999999999867 ) ) ;
#815 = ORIENTED_EDGE ( 'NONE', *, *, #1991, .T. ) ;
#816 = CYLINDRICAL_SURFACE ( 'NONE', #517, 0.09999999999999982514 ) ;
#817 = DIRECTION ( 'NONE',  ( 5.646886315028668105E-17, 0.000000000000000000, 1.000000000000000000 ) ) ;
#818 = FACE_OUTER_BOUND ( 'NONE', #4486, .T. ) ;
#819 = CARTESIAN_POINT ( 'NONE',  ( -2.499999999999999556, 1.300000000000000044, 0.4499999999999994560 ) ) ;
#820 = EDGE_CURVE ( 'NONE', #6046, #5659, #4648, .T. ) ;
#821 = DIRECTION ( 'NONE',  ( -1.000000000000000000, 0.000000000000000000, 0.000000000000000000 ) ) ;
#822 = EDGE_LOOP ( 'NONE', ( #4712, #4862, #2620, #2541 ) ) ;
#823 = VECTOR ( 'NONE', #2847, 1000.000000000000000 ) ;
#824 = ORIENTED_EDGE ( 'NONE', *, *, #3370, .T. ) ;
#825 = AXIS2_PLACEMENT_3D ( 'NONE', #1465, #6524, #3413 ) ;
#826 = CIRCLE ( 'NONE', #4248, 0.09999999999999971412 ) ;
#827 = CARTESIAN_POINT ( 'NONE',  ( 2.301429968455332098, 1.000000000000000000, -1.311670455499219345 ) ) ;
#828 = AXIS2_PLACEMENT_3D ( 'NONE', #5657, #580, #2631 ) ;
#829 = ORIENTED_EDGE ( 'NONE', *, *, #3276, .T. ) ;
#830 = CARTESIAN_POINT ( 'NONE',  ( 1.559999999999999831, 1.300000000000000044, 1.499999999999999778 ) ) ;
#831 = LINE ( 'NONE', #5252, #2997 ) ;
#832 = LINE ( 'NONE', #868, #3022 ) ;
#833 = CARTESIAN_POINT ( 'NONE',  ( -2.499999999999997780, 0.2500000000000001110, -0.5499999999999983791 ) ) ;
#834 = VERTEX_POINT ( 'NONE', #2584 ) ;
#835 = DIRECTION ( 'NONE',  ( -0.000000000000000000, -1.000000000000000000, -0.000000000000000000 ) ) ;
#836 = LINE ( 'NONE', #3722, #3062 ) ;
#837 = EDGE_CURVE ( 'NONE', #5937, #1411, #2418, .T. ) ;
#838 = DIRECTION ( 'NONE',  ( 0.000000000000000000, 0.000000000000000000, 1.000000000000000000 ) ) ;
#839 = VERTEX_POINT ( 'NONE', #1746 ) ;
#840 = CARTESIAN_POINT ( 'NONE',  ( -2.270000000000000906, 1.149999999999999911, 1.020000000000000462 ) ) ;
#841 = AXIS2_PLACEMENT_3D ( 'NONE', #1020, #3149, #4096 ) ;
#842 = VERTEX_POINT ( 'NONE', #4829 ) ;
#843 = LINE ( 'NONE', #5833, #3082 ) ;
#844 = EDGE_LOOP ( 'NONE', ( #4099, #4223, #1689, #4163 ) ) ;
#845 = LINE ( 'NONE', #2155, #2975 ) ;
#846 = ORIENTED_EDGE ( 'NONE', *, *, #5769, .T. ) ;
#847 = EDGE_CURVE ( 'NONE', #6489, #5979, #4685, .T. ) ;
#848 = CARTESIAN_POINT ( 'NONE',  ( 1.870000000000000773, 0.5000000000000000000, 0.5999999999999992006 ) ) ;
#849 = DIRECTION ( 'NONE',  ( -0.000000000000000000, -1.000000000000000000, -0.000000000000000000 ) ) ;
#850 = ADVANCED_FACE ( 'NONE', ( #4639 ), #2473, .F. ) ;
#851 = DIRECTION ( 'NONE',  ( 0.000000000000000000, -1.000000000000000000, 0.000000000000000000 ) ) ;
#852 = FACE_OUTER_BOUND ( 'NONE', #5364, .T. ) ;
#853 = DIRECTION ( 'NONE',  ( -0.000000000000000000, 1.000000000000000000, -0.000000000000000000 ) ) ;
#854 = ORIENTED_EDGE ( 'NONE', *, *, #1827, .T. ) ;
#855 = ORIENTED_EDGE ( 'NONE', *, *, #1560, .F. ) ;
#856 = EDGE_LOOP ( 'NONE', ( #4999, #4852, #3115, #5037 ) ) ;
#857 = AXIS2_PLACEMENT_3D ( 'NONE', #4017, #4553, #5091 ) ;
#858 = EDGE_CURVE ( 'NONE', #1799, #273, #2431, .T. ) ;
#859 = CARTESIAN_POINT ( 'NONE',  ( -2.499999999999999556, 0.8500000000000000888, 0.7499999999999986677 ) ) ;
#860 = CARTESIAN_POINT ( 'NONE',  ( -1.870000000000000329, 0.5000000000000000000, 0.5999999999999996447 ) ) ;
#861 = AXIS2_PLACEMENT_3D ( 'NONE', #1575, #6219, #1531 ) ;
#862 = ADVANCED_FACE ( 'NONE', ( #2492 ), #3296, .F. ) ;
#863 = CARTESIAN_POINT ( 'NONE',  ( -1.799999999999999600, 1.289999999999999813, 0.7499999999999996669 ) ) ;
#864 = LINE ( 'NONE', #3176, #874 ) ;
#865 = ORIENTED_EDGE ( 'NONE', *, *, #66, .T. ) ;
#866 = CARTESIAN_POINT ( 'NONE',  ( 2.319999999999999840, 1.069999999999999840, 1.020000000000000462 ) ) ;
#867 = VECTOR ( 'NONE', #5154, 1000.000000000000000 ) ;
#868 = CARTESIAN_POINT ( 'NONE',  ( 2.399999999999998135, 0.8500000000000000888, -0.7499999999999995559 ) ) ;
#869 = DIRECTION ( 'NONE',  ( 0.000000000000000000, 0.000000000000000000, 1.000000000000000000 ) ) ;
#870 = VERTEX_POINT ( 'NONE', #5370 ) ;
#871 = LINE ( 'NONE', #1619, #2866 ) ;
#872 = ORIENTED_EDGE ( 'NONE', *, *, #1412, .F. ) ;
#873 = EDGE_CURVE ( 'NONE', #5914, #2354, #224, .T. ) ;
#874 = VECTOR ( 'NONE', #5791, 1000.000000000000000 ) ;
#875 = PLANE ( 'NONE',  #3659 ) ;
#876 = AXIS2_PLACEMENT_3D ( 'NONE', #3956, #2824, #5981 ) ;
#877 = VERTEX_POINT ( 'NONE', #773 ) ;
#878 = DIRECTION ( 'NONE',  ( -0.000000000000000000, -1.000000000000000000, -0.000000000000000000 ) ) ;
#879 = FACE_OUTER_BOUND ( 'NONE', #5268, .T. ) ;
#880 = CARTESIAN_POINT ( 'NONE',  ( 1.870000000000001217, 0.5000000000000000000, 1.599999999999999201 ) ) ;
#881 = ORIENTED_EDGE ( 'NONE', *, *, #6395, .T. ) ;
#882 = LINE ( 'NONE', #4915, #5123 ) ;
#883 = CARTESIAN_POINT ( 'NONE',  ( 2.328095699438957222, 1.000000000000000222, 1.272835227157013804 ) ) ;
#884 = ORIENTED_EDGE ( 'NONE', *, *, #1923, .F. ) ;
#885 = DIRECTION ( 'NONE',  ( -1.000000000000000000, -0.000000000000000000, -0.000000000000000000 ) ) ;
#886 = CARTESIAN_POINT ( 'NONE',  ( -1.920000000000000373, 0.9999999999999996669, 1.420000000000000595 ) ) ;
#887 = CIRCLE ( 'NONE', #2809, 0.09999999999999982514 ) ;
#888 = ORIENTED_EDGE ( 'NONE', *, *, #5623, .T. ) ;
#889 = VECTOR ( 'NONE', #550, 1000.000000000000000 ) ;
#890 = ORIENTED_EDGE ( 'NONE', *, *, #242, .F. ) ;
#891 = ADVANCED_FACE ( 'NONE', ( #4706 ), #5794, .F. ) ;
#892 = EDGE_LOOP ( 'NONE', ( #5687, #1918, #5607, #6431 ) ) ;
#893 = EDGE_LOOP ( 'NONE', ( #3553, #1757, #2033, #1066 ) ) ;
#894 = CARTESIAN_POINT ( 'NONE',  ( -2.270000000000000906, 1.149999999999999911, 1.020000000000000462 ) ) ;
#895 = DIRECTION ( 'NONE',  ( -0.000000000000000000, 1.000000000000000000, -0.000000000000000000 ) ) ;
#896 = DIRECTION ( 'NONE',  ( 0.000000000000000000, -1.000000000000000000, 0.000000000000000000 ) ) ;
#897 = AXIS2_PLACEMENT_3D ( 'NONE', #650, #6247, #3191 ) ;
#898 = DIRECTION ( 'NONE',  ( 0.000000000000000000, 0.000000000000000000, 1.000000000000000000 ) ) ;
#899 = LINE ( 'NONE', #6016, #5476 ) ;
#900 = DIRECTION ( 'NONE',  ( -0.000000000000000000, -0.000000000000000000, -1.000000000000000000 ) ) ;
#901 = LINE ( 'NONE', #880, #926 ) ;
#902 = CARTESIAN_POINT ( 'NONE',  ( -2.383238459776133578, 1.000000000000000222, -1.145309764362807847 ) ) ;
#903 = AXIS2_PLACEMENT_3D ( 'NONE', #4122, #2121, #4073 ) ;
#904 = ORIENTED_EDGE ( 'NONE', *, *, #6397, .F. ) ;
#905 = FACE_OUTER_BOUND ( 'NONE', #617, .T. ) ;
#906 = ORIENTED_EDGE ( 'NONE', *, *, #4741, .T. ) ;
#907 = ORIENTED_EDGE ( 'NONE', *, *, #3785, .F. ) ;
#908 = EDGE_LOOP ( 'NONE', ( #6637, #4944, #2434, #2092 ) ) ;
#909 = EDGE_CURVE ( 'NONE', #4968, #5851, #4720, .T. ) ;
#910 = ADVANCED_FACE ( 'NONE', ( #304 ), #4841, .F. ) ;
#911 = CARTESIAN_POINT ( 'NONE',  ( 2.499999999999997780, 1.300000000000000044, -1.599999999999999867 ) ) ;
#912 = LINE ( 'NONE', #604, #6202 ) ;
#913 = EDGE_CURVE ( 'NONE', #2671, #3222, #3513, .T. ) ;
#914 = DIRECTION ( 'NONE',  ( 1.000000000000000000, 0.000000000000000000, 1.495451272393800824E-15 ) ) ;
#915 = CARTESIAN_POINT ( 'NONE',  ( 2.299999999999997602, 1.300000000000000044, -1.600000000000000311 ) ) ;
#916 = VECTOR ( 'NONE', #5626, 1000.000000000000000 ) ;
#917 = ORIENTED_EDGE ( 'NONE', *, *, #615, .F. ) ;
#918 = CIRCLE ( 'NONE', #3699, 0.05000000000000012768 ) ;
#919 = DIRECTION ( 'NONE',  ( -0.000000000000000000, 1.000000000000000000, 0.000000000000000000 ) ) ;
#920 = AXIS2_PLACEMENT_3D ( 'NONE', #394, #3019, #2531 ) ;
#921 = CARTESIAN_POINT ( 'NONE',  ( -2.300000000000000266, 0.2500000000000000555, 0.8499999999999985345 ) ) ;
#922 = FILL_AREA_STYLE ('',( #6323 ) ) ;
#923 = ORIENTED_EDGE ( 'NONE', *, *, #2428, .T. ) ;
#924 = VERTEX_POINT ( 'NONE', #5249 ) ;
#925 = ORIENTED_EDGE ( 'NONE', *, *, #5879, .T. ) ;
#926 = VECTOR ( 'NONE', #3385, 1000.000000000000000 ) ;
#927 = CARTESIAN_POINT ( 'NONE',  ( 2.281612038773846773, 1.000000000000000000, -1.335936695440811839 ) ) ;
#928 = ORIENTED_EDGE ( 'NONE', *, *, #3665, .T. ) ;
#929 = DIRECTION ( 'NONE',  ( -0.000000000000000000, 0.000000000000000000, -1.000000000000000000 ) ) ;
#930 = DIRECTION ( 'NONE',  ( -0.000000000000000000, -1.000000000000000000, -0.000000000000000000 ) ) ;
#931 = ORIENTED_EDGE ( 'NONE', *, *, #2651, .T. ) ;
#932 = ORIENTED_EDGE ( 'NONE', *, *, #820, .F. ) ;
#933 = B_SPLINE_CURVE_WITH_KNOTS ( 'NONE', 3,
 ( #3778, #4842, #5941, #5387, #6490, #336, #248, #5874, #6389, #787, #883, #1761, #2297, #3350, #2909, #1123, #3224, #681, #3694, #5795, #3269, #6282, #152, #2211, #3619, #597 ),
 .UNSPECIFIED., .F., .F.,
 ( 4, 2, 2, 2, 2, 2, 2, 2, 2, 2, 2, 2, 4 ),
 ( 0.000000000000000000, 0.1249999999999995004, 0.1874999999999994171, 0.2499999999999993339, 0.3124999999999992228, 0.3749999999999991673, 0.4374999999999990563, 0.4999999999999990008, 0.5624999999999988898, 0.6249999999999987788, 0.6874999999999987788, 0.7499999999999987788, 1.000000000000000000 ),
 .UNSPECIFIED. ) ;
#934 = DIRECTION ( 'NONE',  ( -1.000000000000000000, 0.000000000000000000, 0.000000000000000000 ) ) ;
#935 = VERTEX_POINT ( 'NONE', #4331 ) ;
#936 = DIRECTION ( 'NONE',  ( -0.000000000000000000, -1.000000000000000000, -0.000000000000000000 ) ) ;
#937 = EDGE_CURVE ( 'NONE', #4004, #4339, #570, .T. ) ;
#938 = VERTEX_POINT ( 'NONE', #5754 ) ;
#939 = EDGE_LOOP ( 'NONE', ( #2820, #439, #4933, #2476 ) ) ;
#940 = ORIENTED_EDGE ( 'NONE', *, *, #5046, .T. ) ;
#941 = EDGE_LOOP ( 'NONE', ( #2397, #4238, #6188, #1726 ) ) ;
#942 = DIRECTION ( 'NONE',  ( 2.168404344971008868E-16, 0.000000000000000000, 1.000000000000000000 ) ) ;
#943 = DIRECTION ( 'NONE',  ( -0.000000000000000000, -1.000000000000000000, -0.000000000000000000 ) ) ;
#944 = PLANE ( 'NONE',  #6204 ) ;
#945 = CARTESIAN_POINT ( 'NONE',  ( 2.500000000000000444, 0.000000000000000000, 1.599999999999999867 ) ) ;
#946 = CARTESIAN_POINT ( 'NONE',  ( -0.6700000000000002620, 0.5000000000000000000, -0.5999999999999997558 ) ) ;
#947 = DIRECTION ( 'NONE',  ( 0.000000000000000000, -0.000000000000000000, -1.000000000000000000 ) ) ;
#948 = ORIENTED_EDGE ( 'NONE', *, *, #2776, .T. ) ;
#949 = COLOUR_RGB ( '',0.9686274509803921573, 0.8784313725490195957, 0.5999999999999999778 ) ;
#950 = EDGE_CURVE ( 'NONE', #966, #2347, #2705, .T. ) ;
#951 = ORIENTED_EDGE ( 'NONE', *, *, #1214, .F. ) ;
#952 = ADVANCED_FACE ( 'NONE', ( #5031 ), #6231, .F. ) ;
#953 = VERTEX_POINT ( 'NONE', #4281 ) ;
#954 = VERTEX_POINT ( 'NONE', #5873 ) ;
#955 = AXIS2_PLACEMENT_3D ( 'NONE', #3104, #568, #4772 ) ;
#956 = CARTESIAN_POINT ( 'NONE',  ( -2.299999999999998490, 0.2500000000000001110, -0.8499999999999985345 ) ) ;
#957 = DIRECTION ( 'NONE',  ( 0.000000000000000000, -1.000000000000000000, 0.000000000000000000 ) ) ;
#958 = CARTESIAN_POINT ( 'NONE',  ( -2.499999999999999556, 1.000000000000000000, 0.4499999999999994560 ) ) ;
#959 = ORIENTED_EDGE ( 'NONE', *, *, #3065, .F. ) ;
#960 = CARTESIAN_POINT ( 'NONE',  ( 0.000000000000000000, 0.5000000000000000000, 0.000000000000000000 ) ) ;
#961 = DIRECTION ( 'NONE',  ( -7.589415207398531038E-16, 0.000000000000000000, -1.000000000000000000 ) ) ;
#962 = CARTESIAN_POINT ( 'NONE',  ( 2.399999999999999911, 0.8500000000000000888, 0.7499999999999995559 ) ) ;
#963 = ORIENTED_EDGE ( 'NONE', *, *, #1167, .T. ) ;
#964 = ORIENTED_EDGE ( 'NONE', *, *, #2813, .F. ) ;
#965 = EDGE_CURVE ( 'NONE', #3414, #5891, #2826, .T. ) ;
#966 = VERTEX_POINT ( 'NONE', #198 ) ;
#967 = ADVANCED_FACE ( 'NONE', ( #2769 ), #3178, .T. ) ;
#968 = CARTESIAN_POINT ( 'NONE',  ( 2.276890761443925548, 1.070000000000000062, 1.228794663505313522 ) ) ;
#969 = ORIENTED_EDGE ( 'NONE', *, *, #1361, .T. ) ;
#970 = DIRECTION ( 'NONE',  ( 1.000000000000000000, 0.000000000000000000, -9.035018104045869462E-17 ) ) ;
#971 = CARTESIAN_POINT ( 'NONE',  ( -2.499999999999999556, 1.000000000000000000, -1.600000000000000311 ) ) ;
#972 = ORIENTED_EDGE ( 'NONE', *, *, #4544, .T. ) ;
#973 = CARTESIAN_POINT ( 'NONE',  ( -1.870000000000000329, 0.5000000000000000000, 0.5999999999999996447 ) ) ;
#974 = ORIENTED_EDGE ( 'NONE', *, *, #4888, .T. ) ;
#975 =( LENGTH_UNIT ( ) NAMED_UNIT ( * ) SI_UNIT ( .MILLI., .METRE. ) );
#976 = ORIENTED_EDGE ( 'NONE', *, *, #143, .T. ) ;
#977 = CARTESIAN_POINT ( 'NONE',  ( 1.559999999999999831, -1.562049935181331506, 1.499999999999999778 ) ) ;
#978 = CYLINDRICAL_SURFACE ( 'NONE', #986, 0.2000000000000003164 ) ;
#979 = EDGE_CURVE ( 'NONE', #4292, #4991, #459, .T. ) ;
#980 = ORIENTED_EDGE ( 'NONE', *, *, #5674, .T. ) ;
#981 = VECTOR ( 'NONE', #3180, 1000.000000000000000 ) ;
#982 = EDGE_CURVE ( 'NONE', #3402, #4339, #543, .T. ) ;
#983 = ORIENTED_EDGE ( 'NONE', *, *, #2799, .T. ) ;
#984 = VERTEX_POINT ( 'NONE', #1203 ) ;
#985 = ORIENTED_EDGE ( 'NONE', *, *, #2462, .F. ) ;
#986 = AXIS2_PLACEMENT_3D ( 'NONE', #1292, #1755, #3506 ) ;
#987 = CARTESIAN_POINT ( 'NONE',  ( -2.499999999999999556, 0.000000000000000000, 1.599999999999999867 ) ) ;
#988 = CARTESIAN_POINT ( 'NONE',  ( -0.9800000000000004263, -1.562049935181331506, -1.499999999999998890 ) ) ;
#989 = DIRECTION ( 'NONE',  ( 1.000000000000000000, 0.000000000000000000, -0.000000000000000000 ) ) ;
#990 = CARTESIAN_POINT ( 'NONE',  ( -2.250000000000000444, 1.149999999999999911, -1.020000000000000240 ) ) ;
#991 = VERTEX_POINT ( 'NONE', #738 ) ;
#992 = LINE ( 'NONE', #3556, #3344 ) ;
#993 = VERTEX_POINT ( 'NONE', #1253 ) ;
#994 = EDGE_LOOP ( 'NONE', ( #3794, #4202, #3534, #4265 ) ) ;
#995 = ORIENTED_EDGE ( 'NONE', *, *, #6189, .T. ) ;
#996 = DIRECTION ( 'NONE',  ( 0.000000000000000000, 0.000000000000000000, 1.000000000000000000 ) ) ;
#997 = CARTESIAN_POINT ( 'NONE',  ( -2.356865096230090550, 1.000000000000000000, 1.218691351903953057 ) ) ;
#998 = AXIS2_PLACEMENT_3D ( 'NONE', #3787, #257, #4849 ) ;
#999 = DIRECTION ( 'NONE',  ( 1.000000000000000000, -0.000000000000000000, -0.000000000000000000 ) ) ;
#1000 = DIRECTION ( 'NONE',  ( 0.000000000000000000, 1.000000000000000000, 0.000000000000000000 ) ) ;
#1001 = DIRECTION ( 'NONE',  ( 0.000000000000000000, 0.000000000000000000, -1.000000000000000000 ) ) ;
#1002 = ORIENTED_EDGE ( 'NONE', *, *, #2663, .F. ) ;
#1003 = VECTOR ( 'NONE', #3059, 1000.000000000000000 ) ;
#1004 = DIRECTION ( 'NONE',  ( -0.000000000000000000, 1.000000000000000000, -0.000000000000000000 ) ) ;
#1005 = EDGE_CURVE ( 'NONE', #5215, #5725, #530, .T. ) ;
#1006 = CARTESIAN_POINT ( 'NONE',  ( -1.920000000000000373, -4.290147056835873940, 1.020000000000000462 ) ) ;
#1007 = ORIENTED_EDGE ( 'NONE', *, *, #6008, .F. ) ;
#1008 = ADVANCED_FACE ( 'NONE', ( #2814 ), #395, .T. ) ;
#1009 = ORIENTED_EDGE ( 'NONE', *, *, #3348, .T. ) ;
#1010 = EDGE_LOOP ( 'NONE', ( #4107, #1857, #2094, #1784 ) ) ;
#1011 = CARTESIAN_POINT ( 'NONE',  ( -1.799999999999999600, 1.300000000000000044, 0.8999999999999998002 ) ) ;
#1012 = ORIENTED_EDGE ( 'NONE', *, *, #5814, .T. ) ;
#1013 = DIRECTION ( 'NONE',  ( -0.000000000000000000, -1.000000000000000000, -0.000000000000000000 ) ) ;
#1014 = LINE ( 'NONE', #6361, #5527 ) ;
#1015 = DIRECTION ( 'NONE',  ( 0.000000000000000000, 1.000000000000000000, 0.000000000000000000 ) ) ;
#1016 = ORIENTED_EDGE ( 'NONE', *, *, #3354, .F. ) ;
#1017 = DIRECTION ( 'NONE',  ( 2.125886612716674587E-16, 0.000000000000000000, -1.000000000000000000 ) ) ;
#1018 = ORIENTED_EDGE ( 'NONE', *, *, #5690, .F. ) ;
#1019 = MANIFOLD_SOLID_BREP ( 'Boss-Extrude6[2]', #3827 ) ;
#1020 = CARTESIAN_POINT ( 'NONE',  ( -1.560000000000000053, 0.000000000000000000, 1.599999999999999867 ) ) ;
#1021 = ORIENTED_EDGE ( 'NONE', *, *, #1322, .T. ) ;
#1022 = ADVANCED_FACE ( 'NONE', ( #5022 ), #4987, .F. ) ;
#1023 =( BOUNDED_CURVE ( )  B_SPLINE_CURVE ( 2, ( #4962, #4524, #5504 ),
 .UNSPECIFIED., .F., .F. ) 
 B_SPLINE_CURVE_WITH_KNOTS ( ( 3, 3 ),
 ( 0.000000000000000000, 1.000000000000000000 ),
 .UNSPECIFIED. ) 
 CURVE ( )  GEOMETRIC_REPRESENTATION_ITEM ( )  RATIONAL_B_SPLINE_CURVE ( ( 1.000000000000000000, 0.7071067811865475727, 1.000000000000000000 ) ) 
 REPRESENTATION_ITEM ( '' )  );
#1024 = PLANE ( 'NONE',  #4193 ) ;
#1025 = ORIENTED_EDGE ( 'NONE', *, *, #5739, .F. ) ;
#1026 = VECTOR ( 'NONE', #936, 1000.000000000000000 ) ;
#1027 = EDGE_LOOP ( 'NONE', ( #5558, #1320, #5453, #3960, #1311, #1112, #3171, #1717 ) ) ;
#1028 = ORIENTED_EDGE ( 'NONE', *, *, #1371, .F. ) ;
#1029 = ORIENTED_EDGE ( 'NONE', *, *, #2589, .T. ) ;
#1030 = CARTESIAN_POINT ( 'NONE',  ( 2.400000000000000799, 0.9999999999999997780, -0.3399999999999995803 ) ) ;
#1031 = DIRECTION ( 'NONE',  ( -0.000000000000000000, 1.000000000000000000, -0.000000000000000000 ) ) ;
#1032 = DIRECTION ( 'NONE',  ( 2.168404344971008868E-16, -0.000000000000000000, 1.000000000000000000 ) ) ;
#1033 = AXIS2_PLACEMENT_3D ( 'NONE', #3461, #5586, #3540 ) ;
#1034 = VERTEX_POINT ( 'NONE', #2340 ) ;
#1035 = LINE ( 'NONE', #3633, #5489 ) ;
#1036 = EDGE_LOOP ( 'NONE', ( #4921, #951, #2949, #763, #2978, #872, #724, #3084 ) ) ;
#1037 = ORIENTED_EDGE ( 'NONE', *, *, #3243, .T. ) ;
#1038 = CARTESIAN_POINT ( 'NONE',  ( -1.920000000000000373, 1.239999999999999769, -1.020000000000000240 ) ) ;
#1039 = DIRECTION ( 'NONE',  ( 0.000000000000000000, 0.000000000000000000, 1.000000000000000000 ) ) ;
#1040 = CARTESIAN_POINT ( 'NONE',  ( -0.9800000000000004263, 0.5000000000000000000, -1.499999999999998890 ) ) ;
#1041 = DIRECTION ( 'NONE',  ( 0.000000000000000000, 0.000000000000000000, 1.000000000000000000 ) ) ;
#1042 = CARTESIAN_POINT ( 'NONE',  ( -2.400000000000001243, 1.000000000000000000, 0.3400000000000003575 ) ) ;
#1043 = EDGE_LOOP ( 'NONE', ( #599, #521, #507, #2783 ) ) ;
#1044 = CARTESIAN_POINT ( 'NONE',  ( 2.025013845556865366, 0.9999999999999862332, 1.419999999762596721 ) ) ;
#1045 = LINE ( 'NONE', #1273, #3316 ) ;
#1046 = CARTESIAN_POINT ( 'NONE',  ( -2.399999999999999911, 0.2500000000000000000, 0.5499999999999992673 ) ) ;
#1047 = AXIS2_PLACEMENT_3D ( 'NONE', #3323, #4426, #2874 ) ;
#1048 = CARTESIAN_POINT ( 'NONE',  ( 0.6700000000000014833, -1.562049935181331506, 1.599999999999999423 ) ) ;
#1049 = DIRECTION ( 'NONE',  ( -1.000000000000000000, 0.000000000000000000, 1.129377263005733621E-16 ) ) ;
#1050 = VERTEX_POINT ( 'NONE', #1900 ) ;
#1051 = ORIENTED_EDGE ( 'NONE', *, *, #6107, .T. ) ;
#1052 = EDGE_CURVE ( 'NONE', #2534, #1272, #2635, .T. ) ;
#1053 = AXIS2_PLACEMENT_3D ( 'NONE', #3472, #835, #422 ) ;
#1054 = CARTESIAN_POINT ( 'NONE',  ( 2.270000000000000462, 1.100000000000000311, -1.020000000000000018 ) ) ;
#1055 = AXIS2_PLACEMENT_3D ( 'NONE', #3561, #4010, #2014 ) ;
#1056 = ORIENTED_EDGE ( 'NONE', *, *, #5541, .T. ) ;
#1057 = DIRECTION ( 'NONE',  ( 0.000000000000000000, 0.000000000000000000, -1.000000000000000000 ) ) ;
#1058 = CIRCLE ( 'NONE', #955, 0.09999999999999982514 ) ;
#1059 = CARTESIAN_POINT ( 'NONE',  ( 2.189999999999999947, 1.300000000000000044, 0.000000000000000000 ) ) ;
#1060 = VERTEX_POINT ( 'NONE', #1443 ) ;
#1061 = ADVANCED_FACE ( 'NONE', ( #2792 ), #4927, .T. ) ;
#1062 = DIRECTION ( 'NONE',  ( -0.000000000000000000, 1.000000000000000000, -0.000000000000000000 ) ) ;
#1063 = ORIENTED_EDGE ( 'NONE', *, *, #5209, .F. ) ;
#1064 = DIRECTION ( 'NONE',  ( -1.000000000000000000, -0.000000000000000000, 0.000000000000000000 ) ) ;
#1065 = EDGE_CURVE ( 'NONE', #1228, #139, #614, .T. ) ;
#1066 = ORIENTED_EDGE ( 'NONE', *, *, #1120, .T. ) ;
#1067 = VECTOR ( 'NONE', #5359, 1000.000000000000000 ) ;
#1068 = B_SPLINE_CURVE_WITH_KNOTS ( 'NONE', 3,
 ( #1423, #2839, #3841, #1917, #902, #6042, #2979, #6607, #6458, #3404, #5954, #2357, #3366, #4429, #437, #3489, #3973, #2403, #4511, #5888, #3889, #4998, #4948, #1456, #1389, #3797 ),
 .UNSPECIFIED., .F., .F.,
 ( 4, 2, 2, 2, 2, 2, 2, 2, 2, 2, 2, 2, 4 ),
 ( 0.000000000000000000, 0.1250000000000004718, 0.1875000000000004718, 0.2500000000000004996, 0.3125000000000004996, 0.3750000000000004996, 0.4375000000000005551, 0.5000000000000005551, 0.5625000000000005551, 0.6250000000000005551, 0.6875000000000005551, 0.7500000000000005551, 1.000000000000000000 ),
 .UNSPECIFIED. ) ;
#1069 = AXIS2_PLACEMENT_3D ( 'NONE', #2093, #4660, #1132 ) ;
#1070 = ORIENTED_EDGE ( 'NONE', *, *, #1181, .F. ) ;
#1071 = EDGE_LOOP ( 'NONE', ( #2303, #2797, #2999, #4906 ) ) ;
#1072 = CARTESIAN_POINT ( 'NONE',  ( -0.6700000000000007061, 0.5000000000000000000, 1.099999999999999645 ) ) ;
#1073 = CARTESIAN_POINT ( 'NONE',  ( -2.299999999999998490, 0.8500000000000000888, -0.4499999999999987343 ) ) ;
#1074 = ADVANCED_FACE ( 'NONE', ( #4918 ), #4332, .F. ) ;
#1075 = DIRECTION ( 'NONE',  ( -0.000000000000000000, -0.000000000000000000, 1.000000000000000000 ) ) ;
#1076 = EDGE_CURVE ( 'NONE', #6078, #1428, #933, .T. ) ;
#1077 = CARTESIAN_POINT ( 'NONE',  ( -2.276890761443925992, 1.070000000000000062, -1.228794663505313078 ) ) ;
#1078 = DIRECTION ( 'NONE',  ( -0.000000000000000000, -1.000000000000000000, -0.000000000000000000 ) ) ;
#1079 = EDGE_CURVE ( 'NONE', #993, #834, #2678, .T. ) ;
#1080 = DIRECTION ( 'NONE',  ( 0.000000000000000000, 0.000000000000000000, -1.000000000000000000 ) ) ;
#1081 = EDGE_LOOP ( 'NONE', ( #5401, #2315, #3001, #2271 ) ) ;
#1082 = ORIENTED_EDGE ( 'NONE', *, *, #4259, .T. ) ;
#1083 = DIRECTION ( 'NONE',  ( 0.000000000000000000, 0.000000000000000000, -1.000000000000000000 ) ) ;
#1084 = CARTESIAN_POINT ( 'NONE',  ( 1.660000000000000586, 1.300000000000000044, 1.599999999999999867 ) ) ;
#1085 = CARTESIAN_POINT ( 'NONE',  ( -0.9799999999999999822, 0.5000000000000000000, 1.599999999999999867 ) ) ;
#1086 = DIRECTION ( 'NONE',  ( -1.000000000000000000, -0.000000000000000000, 2.710505431213760099E-16 ) ) ;
#1087 = CARTESIAN_POINT ( 'NONE',  ( -0.6700000000000002620, -1.562049935181331506, -0.5999999999999997558 ) ) ;
#1088 = EDGE_CURVE ( 'NONE', #5062, #5215, #5012, .T. ) ;
#1089 = ORIENTED_EDGE ( 'NONE', *, *, #704, .T. ) ;
#1090 = FACE_OUTER_BOUND ( 'NONE', #3640, .T. ) ;
#1091 = CARTESIAN_POINT ( 'NONE',  ( -2.320000000000000728, 1.069999999999999840, 1.020000000000000462 ) ) ;
#1092 = DIRECTION ( 'NONE',  ( 0.000000000000000000, 0.000000000000000000, 1.000000000000000000 ) ) ;
#1093 = CARTESIAN_POINT ( 'NONE',  ( -2.299999999999998490, 0.2500000000000001110, -0.8499999999999985345 ) ) ;
#1094 = CLOSED_SHELL ( 'NONE', ( #3741, #1351, #4308, #910, #4788, #294, #2327, #5452, #952, #2865, #4504 ) ) ;
#1095 = DIRECTION ( 'NONE',  ( -0.000000000000000000, -1.000000000000000000, -0.000000000000000000 ) ) ;
#1096 = ORIENTED_EDGE ( 'NONE', *, *, #6578, .T. ) ;
#1097 = VECTOR ( 'NONE', #741, 1000.000000000000000 ) ;
#1098 = CARTESIAN_POINT ( 'NONE',  ( -0.6700000000000005951, 0.5000000000000000000, 1.599999999999999645 ) ) ;
#1099 = DIRECTION ( 'NONE',  ( 0.000000000000000000, -1.000000000000000000, 0.000000000000000000 ) ) ;
#1100 = VERTEX_POINT ( 'NONE', #1125 ) ;
#1101 = CARTESIAN_POINT ( 'NONE',  ( -2.320000000000000284, 1.069999999999999840, 1.019999999999999796 ) ) ;
#1102 = LINE ( 'NONE', #6193, #3238 ) ;
#1103 = VERTEX_POINT ( 'NONE', #1206 ) ;
#1104 = LINE ( 'NONE', #6075, #3230 ) ;
#1105 = EDGE_CURVE ( 'NONE', #1034, #5062, #5058, .T. ) ;
#1106 = ORIENTED_EDGE ( 'NONE', *, *, #1548, .T. ) ;
#1107 = DIRECTION ( 'NONE',  ( 0.000000000000000000, 0.000000000000000000, 1.000000000000000000 ) ) ;
#1108 = DIRECTION ( 'NONE',  ( -0.000000000000000000, 0.000000000000000000, 1.000000000000000000 ) ) ;
#1109 = AXIS2_PLACEMENT_3D ( 'NONE', #3375, #4963, #5505 ) ;
#1110 = CARTESIAN_POINT ( 'NONE',  ( 2.399999999999999911, 0.2500000000000001110, 0.7499999999999995559 ) ) ;
#1111 = CARTESIAN_POINT ( 'NONE',  ( 2.320000000000000284, 8.040147056835873940, 1.020000000000000462 ) ) ;
#1112 = ORIENTED_EDGE ( 'NONE', *, *, #1778, .T. ) ;
#1113 = LINE ( 'NONE', #4254, #3295 ) ;
#1114 = VERTEX_POINT ( 'NONE', #1588 ) ;
#1115 = EDGE_CURVE ( 'NONE', #584, #870, #2603, .T. ) ;
#1116 = ORIENTED_EDGE ( 'NONE', *, *, #4445, .F. ) ;
#1117 = ADVANCED_FACE ( 'NONE', ( #2624 ), #2127, .T. ) ;
#1118 = MECHANICAL_DESIGN_GEOMETRIC_PRESENTATION_REPRESENTATION (  '', ( #4303 ), #5030 ) ;
#1119 = CARTESIAN_POINT ( 'NONE',  ( 2.299999999999998490, 0.8500000000000000888, -0.4499999999999989564 ) ) ;
#1120 = EDGE_CURVE ( 'NONE', #4090, #67, #492, .T. ) ;
#1121 = DIRECTION ( 'NONE',  ( -0.000000000000000000, -0.000000000000000000, -1.000000000000000000 ) ) ;
#1122 = EDGE_LOOP ( 'NONE', ( #5306, #1345, #5458, #1289 ) ) ;
#1123 = CARTESIAN_POINT ( 'NONE',  ( 2.247805921940668306, 0.9999999999999997780, 1.370908789225482094 ) ) ;
#1124 = LINE ( 'NONE', #5797, #1097 ) ;
#1125 = CARTESIAN_POINT ( 'NONE',  ( -1.799999999999999600, 1.300000000000000044, 0.7499999999999996669 ) ) ;
#1126 =( NAMED_UNIT ( * ) SI_UNIT ( $, .STERADIAN. ) SOLID_ANGLE_UNIT ( ) );
#1127 = AXIS2_PLACEMENT_3D ( 'NONE', #2768, #1710, #2249 ) ;
#1128 = DIRECTION ( 'NONE',  ( 0.000000000000000000, 1.000000000000000000, 0.000000000000000000 ) ) ;
#1129 = ORIENTED_EDGE ( 'NONE', *, *, #6201, .T. ) ;
#1130 = AXIS2_PLACEMENT_3D ( 'NONE', #5276, #131, #2191 ) ;
#1131 = ORIENTED_EDGE ( 'NONE', *, *, #3766, .F. ) ;
#1132 = DIRECTION ( 'NONE',  ( 0.000000000000000000, 0.000000000000000000, 1.000000000000000000 ) ) ;
#1133 = ORIENTED_EDGE ( 'NONE', *, *, #523, .T. ) ;
#1134 = CYLINDRICAL_SURFACE ( 'NONE', #3627, 0.05999999999999994227 ) ;
#1135 = CARTESIAN_POINT ( 'NONE',  ( -2.499999999999999556, 1.300000000000000044, -0.5499999999999992673 ) ) ;
#1136 = CARTESIAN_POINT ( 'NONE',  ( -2.399999999999998135, 0.8500000000000000888, -0.7499999999999991118 ) ) ;
#1137 = EDGE_CURVE ( 'NONE', #2763, #1366, #415, .T. ) ;
#1138 = DIRECTION ( 'NONE',  ( -0.000000000000000000, -1.000000000000000000, -0.000000000000000000 ) ) ;
#1139 = EDGE_LOOP ( 'NONE', ( #5313, #2479, #5229, #3231 ) ) ;
#1140 = ORIENTED_EDGE ( 'NONE', *, *, #2008, .F. ) ;
#1141 = DIRECTION ( 'NONE',  ( -1.000000000000000000, 0.000000000000000000, -1.495451272393800824E-15 ) ) ;
#1142 = ORIENTED_EDGE ( 'NONE', *, *, #4947, .T. ) ;
#1143 = AXIS2_PLACEMENT_3D ( 'NONE', #4622, #3673, #5596 ) ;
#1144 = ORIENTED_EDGE ( 'NONE', *, *, #52, .T. ) ;
#1145 = CARTESIAN_POINT ( 'NONE',  ( 2.399999999999999911, 0.2500000000000000555, 0.7499999999999995559 ) ) ;
#1146 = CARTESIAN_POINT ( 'NONE',  ( -2.299999999999998490, 0.8500000000000000888, -0.4499999999999987343 ) ) ;
#1147 = ORIENTED_EDGE ( 'NONE', *, *, #4105, .F. ) ;
#1148 = CARTESIAN_POINT ( 'NONE',  ( -1.870000000000000329, 0.000000000000000000, 0.5999999999999996447 ) ) ;
#1149 = AXIS2_PLACEMENT_3D ( 'NONE', #2396, #4817, #4945 ) ;
#1150 = DIRECTION ( 'NONE',  ( -2.168404344971008868E-16, 0.000000000000000000, -1.000000000000000000 ) ) ;
#1151 = PLANE ( 'NONE',  #857 ) ;
#1152 = ORIENTED_EDGE ( 'NONE', *, *, #2485, .F. ) ;
#1153 = FACE_OUTER_BOUND ( 'NONE', #5391, .T. ) ;
#1154 = ORIENTED_EDGE ( 'NONE', *, *, #278, .F. ) ;
#1155 = CARTESIAN_POINT ( 'NONE',  ( -2.399999999999999911, 0.2500000000000001110, 0.5499999999999983791 ) ) ;
#1156 = ORIENTED_EDGE ( 'NONE', *, *, #6033, .T. ) ;
#1157 = EDGE_CURVE ( 'NONE', #777, #5191, #427, .T. ) ;
#1158 = DIRECTION ( 'NONE',  ( 0.000000000000000000, 1.000000000000000000, 0.000000000000000000 ) ) ;
#1159 = DIRECTION ( 'NONE',  ( 0.000000000000000000, 0.000000000000000000, -1.000000000000000000 ) ) ;
#1160 = EDGE_LOOP ( 'NONE', ( #1867, #2056, #2726, #4907 ) ) ;
#1161 = FACE_OUTER_BOUND ( 'NONE', #4366, .T. ) ;
#1162 = CARTESIAN_POINT ( 'NONE',  ( 1.920000000000000373, 1.239999999999999769, 1.020000000000000462 ) ) ;
#1163 = CARTESIAN_POINT ( 'NONE',  ( -1.559999999999999831, 1.000000000000000000, 1.499999999999999778 ) ) ;
#1164 = DIRECTION ( 'NONE',  ( -1.000000000000000000, 0.000000000000000000, 1.807003620809174632E-16 ) ) ;
#1165 = ORIENTED_EDGE ( 'NONE', *, *, #4349, .F. ) ;
#1166 = ORIENTED_EDGE ( 'NONE', *, *, #1695, .T. ) ;
#1167 = EDGE_CURVE ( 'NONE', #5141, #5158, #2649, .T. ) ;
#1168 = CARTESIAN_POINT ( 'NONE',  ( -2.128794663505312990, 1.070000000000000062, 1.376890761443924971 ) ) ;
#1169 = AXIS2_PLACEMENT_3D ( 'NONE', #5573, #5921, #2879 ) ;
#1170 = EDGE_LOOP ( 'NONE', ( #473, #5000, #4952, #4789 ) ) ;
#1171 = DIRECTION ( 'NONE',  ( 1.000000000000000000, -0.000000000000000000, 0.000000000000000000 ) ) ;
#1172 = FACE_OUTER_BOUND ( 'NONE', #2864, .T. ) ;
#1173 = CARTESIAN_POINT ( 'NONE',  ( 1.870000000000000773, 0.000000000000000000, -0.5999999999999992006 ) ) ;
#1174 = PRODUCT ( 'S518025T-10.000-R', 'S518025T-10.000-R', '', ( #1684 ) ) ;
#1175 = DIRECTION ( 'NONE',  ( 0.7071067811865511255, 0.000000000000000000, 0.7071067811865440200 ) ) ;
#1176 = CARTESIAN_POINT ( 'NONE',  ( -1.660000000000000808, 0.000000000000000000, 1.599999999999999645 ) ) ;
#1177 = EDGE_LOOP ( 'NONE', ( #3010, #1028, #5574, #4269 ) ) ;
#1178 = ORIENTED_EDGE ( 'NONE', *, *, #5722, .F. ) ;
#1179 = ORIENTED_EDGE ( 'NONE', *, *, #6578, .F. ) ;
#1180 = CARTESIAN_POINT ( 'NONE',  ( 1.660000000000000586, 0.000000000000000000, -1.599999999999999201 ) ) ;
#1181 = EDGE_CURVE ( 'NONE', #139, #711, #4871, .T. ) ;
#1182 = ORIENTED_EDGE ( 'NONE', *, *, #2850, .F. ) ;
#1183 = VECTOR ( 'NONE', #3434, 1000.000000000000000 ) ;
#1184 = AXIS2_PLACEMENT_3D ( 'NONE', #2941, #5010, #1932 ) ;
#1185 = ORIENTED_EDGE ( 'NONE', *, *, #909, .T. ) ;
#1186 = CARTESIAN_POINT ( 'NONE',  ( 2.299999999999999378, 1.300000000000000044, 1.599999999999999867 ) ) ;
#1187 = DIRECTION ( 'NONE',  ( 0.000000000000000000, 1.000000000000000000, 0.000000000000000000 ) ) ;
#1188 = ORIENTED_EDGE ( 'NONE', *, *, #5609, .T. ) ;
#1189 = VERTEX_POINT ( 'NONE', #4653 ) ;
#1190 = DIRECTION ( 'NONE',  ( 0.000000000000000000, 0.000000000000000000, -1.000000000000000000 ) ) ;
#1191 = DIRECTION ( 'NONE',  ( 0.000000000000000000, 0.000000000000000000, 1.000000000000000000 ) ) ;
#1192 = CARTESIAN_POINT ( 'NONE',  ( 2.399999999999999911, 1.300000000000000044, 0.5499999999999988232 ) ) ;
#1193 = CARTESIAN_POINT ( 'NONE',  ( 1.559999999999999831, 0.5000000000000000000, 1.499999999999999778 ) ) ;
#1194 = EDGE_CURVE ( 'NONE', #1291, #6222, #4882, .T. ) ;
#1195 = VERTEX_POINT ( 'NONE', #5292 ) ;
#1196 = ORIENTED_EDGE ( 'NONE', *, *, #2830, .F. ) ;
#1197 = ORIENTED_EDGE ( 'NONE', *, *, #496, .T. ) ;
#1198 = ORIENTED_EDGE ( 'NONE', *, *, #6335, .T. ) ;
#1199 = CARTESIAN_POINT ( 'NONE',  ( -1.870000000000000329, 0.000000000000000000, 0.5999999999999996447 ) ) ;
#1200 = AXIS2_PLACEMENT_3D ( 'NONE', #2860, #3387, #3872 ) ;
#1201 = CARTESIAN_POINT ( 'NONE',  ( -1.920000000000000373, 1.149999999999999911, 1.350000000000000311 ) ) ;
#1202 = DIRECTION ( 'NONE',  ( -0.000000000000000000, -1.000000000000000000, -0.000000000000000000 ) ) ;
#1203 = CARTESIAN_POINT ( 'NONE',  ( 2.300000000000000266, 0.8500000000000000888, 0.8499999999999989786 ) ) ;
#1204 = ORIENTED_EDGE ( 'NONE', *, *, #4833, .F. ) ;
#1205 = CARTESIAN_POINT ( 'NONE',  ( 2.500000000000000444, 0.000000000000000000, 0.8499999999999989786 ) ) ;
#1206 = CARTESIAN_POINT ( 'NONE',  ( -2.399999999999999911, 0.8500000000000000888, 0.7499999999999991118 ) ) ;
#1207 = AXIS2_PLACEMENT_3D ( 'NONE', #859, #4908, #5925 ) ;
#1208 = CARTESIAN_POINT ( 'NONE',  ( -0.9800000000000004263, 0.5000000000000000000, 1.499999999999998890 ) ) ;
#1209 = CARTESIAN_POINT ( 'NONE',  ( 1.870000000000000773, 0.5000000000000000000, -0.5999999999999992006 ) ) ;
#1210 = ADVANCED_FACE ( 'NONE', ( #2669 ), #5203, .F. ) ;
#1211 = ORIENTED_EDGE ( 'NONE', *, *, #5686, .T. ) ;
#1212 = VERTEX_POINT ( 'NONE', #1091 ) ;
#1213 = ORIENTED_EDGE ( 'NONE', *, *, #5944, .F. ) ;
#1214 = EDGE_CURVE ( 'NONE', #263, #2855, #4891, .T. ) ;
#1215 = EDGE_CURVE ( 'NONE', #3850, #737, #735, .T. ) ;
#1216 = DIRECTION ( 'NONE',  ( -0.000000000000000000, 1.000000000000000000, 0.000000000000000000 ) ) ;
#1217 = ORIENTED_EDGE ( 'NONE', *, *, #6603, .F. ) ;
#1218 = SURFACE_SIDE_STYLE ('',( #6640 ) ) ;
#1219 = VECTOR ( 'NONE', #1032, 1000.000000000000000 ) ;
#1220 = DIRECTION ( 'NONE',  ( 1.000000000000000000, 0.000000000000000000, 0.000000000000000000 ) ) ;
#1221 = AXIS2_PLACEMENT_3D ( 'NONE', #1295, #930, #5870 ) ;
#1222 = CARTESIAN_POINT ( 'NONE',  ( -1.559999999999999831, 1.000000000000000000, -1.499999999999999778 ) ) ;
#1223 = CARTESIAN_POINT ( 'NONE',  ( 2.499999999999997780, 0.8500000000000000888, -0.5499999999999988232 ) ) ;
#1224 = CARTESIAN_POINT ( 'NONE',  ( -2.320000000000000728, 0.9999999999999998890, 1.020000000000000462 ) ) ;
#1225 = PLANE ( 'NONE',  #2723 ) ;
#1226 = ORIENTED_EDGE ( 'NONE', *, *, #1570, .T. ) ;
#1227 = VERTEX_POINT ( 'NONE', #1046 ) ;
#1228 = VERTEX_POINT ( 'NONE', #5671 ) ;
#1229 = ADVANCED_FACE ( 'NONE', ( #806 ), #2887, .T. ) ;
#1230 = CARTESIAN_POINT ( 'NONE',  ( -1.920000000000000373, 1.069999999999999840, -1.420000000000000151 ) ) ;
#1231 = CARTESIAN_POINT ( 'NONE',  ( 1.919999999999999929, 0.9999999999999996669, 1.420000000000000595 ) ) ;
#1232 = EDGE_CURVE ( 'NONE', #4556, #3825, #5264, .T. ) ;
#1233 = ORIENTED_EDGE ( 'NONE', *, *, #6477, .F. ) ;
#1234 = SURFACE_STYLE_FILL_AREA ( #140 ) ;
#1235 = ORIENTED_EDGE ( 'NONE', *, *, #286, .F. ) ;
#1236 = DIRECTION ( 'NONE',  ( -0.000000000000000000, -0.000000000000000000, 1.000000000000000000 ) ) ;
#1237 = DIRECTION ( 'NONE',  ( 1.000000000000000000, 0.000000000000000000, 0.000000000000000000 ) ) ;
#1238 = DIRECTION ( 'NONE',  ( -0.000000000000000000, 1.000000000000000000, -0.000000000000000000 ) ) ;
#1239 = EDGE_LOOP ( 'NONE', ( #713, #2251, #3096, #1070 ) ) ;
#1240 = ORIENTED_EDGE ( 'NONE', *, *, #3212, .F. ) ;
#1241 = PLANE ( 'NONE',  #321 ) ;
#1242 = DIRECTION ( 'NONE',  ( -0.000000000000000000, 1.000000000000000000, 0.000000000000000000 ) ) ;
#1243 = AXIS2_PLACEMENT_3D ( 'NONE', #3043, #600, #502 ) ;
#1244 =( LENGTH_UNIT ( ) NAMED_UNIT ( * ) SI_UNIT ( .MILLI., .METRE. ) );
#1245 = ORIENTED_EDGE ( 'NONE', *, *, #4217, .T. ) ;
#1246 = FACE_OUTER_BOUND ( 'NONE', #5121, .T. ) ;
#1247 = EDGE_CURVE ( 'NONE', #2867, #2827, #5118, .T. ) ;
#1248 = ORIENTED_EDGE ( 'NONE', *, *, #1137, .F. ) ;
#1249 = ORIENTED_EDGE ( 'NONE', *, *, #3538, .F. ) ;
#1250 = ORIENTED_EDGE ( 'NONE', *, *, #3283, .F. ) ;
#1251 = CARTESIAN_POINT ( 'NONE',  ( -2.499999999999998668, 0.8500000000000000888, -0.8499999999999985345 ) ) ;
#1252 = DIRECTION ( 'NONE',  ( -0.000000000000000000, -1.000000000000000000, -0.000000000000000000 ) ) ;
#1253 = CARTESIAN_POINT ( 'NONE',  ( -2.299999999999998490, 0.2500000000000001110, -0.4499999999999987343 ) ) ;
#1254 = ORIENTED_EDGE ( 'NONE', *, *, #2074, .T. ) ;
#1255 = VECTOR ( 'NONE', #3676, 1000.000000000000000 ) ;
#1256 = FILL_AREA_STYLE ('',( #6340 ) ) ;
#1257 = EDGE_CURVE ( 'NONE', #2753, #1227, #2960, .T. ) ;
#1258 = ORIENTED_EDGE ( 'NONE', *, *, #2924, .F. ) ;
#1259 = ORIENTED_EDGE ( 'NONE', *, *, #4979, .T. ) ;
#1260 = ORIENTED_EDGE ( 'NONE', *, *, #1991, .F. ) ;
#1261 = AXIS2_PLACEMENT_3D ( 'NONE', #2553, #2993, #2416 ) ;
#1262 = ORIENTED_EDGE ( 'NONE', *, *, #6137, .T. ) ;
#1263 = CARTESIAN_POINT ( 'NONE',  ( -1.870000000000000329, 0.5000000000000000000, -1.599999999999999645 ) ) ;
#1264 = FACE_OUTER_BOUND ( 'NONE', #232, .T. ) ;
#1265 = PLANE ( 'NONE',  #569 ) ;
#1266 = ADVANCED_FACE ( 'NONE', ( #677 ), #5157, .T. ) ;
#1267 = CARTESIAN_POINT ( 'NONE',  ( -2.348268849454913099, 0.9999999999999997780, -1.270553660484186942 ) ) ;
#1268 =( LENGTH_UNIT ( ) NAMED_UNIT ( * ) SI_UNIT ( .MILLI., .METRE. ) );
#1269 = VERTEX_POINT ( 'NONE', #3225 ) ;
#1270 = EDGE_CURVE ( 'NONE', #6071, #953, #2914, .T. ) ;
#1271 = ORIENTED_EDGE ( 'NONE', *, *, #4502, .F. ) ;
#1272 = VERTEX_POINT ( 'NONE', #5908 ) ;
#1273 = CARTESIAN_POINT ( 'NONE',  ( 1.559999999999999831, 0.000000000000000000, 1.499999999999999778 ) ) ;
#1274 = UNCERTAINTY_MEASURE_WITH_UNIT (LENGTH_MEASURE( 1.000000000000000082E-05 ), #1268, 'distance_accuracy_value', 'NONE');
#1275 = EDGE_CURVE ( 'NONE', #511, #41, #783, .T. ) ;
#1276 = LINE ( 'NONE', #3757, #1255 ) ;
#1277 = EDGE_LOOP ( 'NONE', ( #2828, #548, #5025, #559, #2738, #2572 ) ) ;
#1278 = CARTESIAN_POINT ( 'NONE',  ( -2.300000000000000266, 0.8500000000000000888, 0.8499999999999985345 ) ) ;
#1279 = DIRECTION ( 'NONE',  ( -0.000000000000000000, 1.000000000000000000, -0.000000000000000000 ) ) ;
#1280 = PLANE ( 'NONE',  #6213 ) ;
#1281 = ORIENTED_EDGE ( 'NONE', *, *, #1065, .T. ) ;
#1282 = ORIENTED_EDGE ( 'NONE', *, *, #343, .T. ) ;
#1283 = ADVANCED_FACE ( 'NONE', ( #2985 ), #4333, .F. ) ;
#1284 = CARTESIAN_POINT ( 'NONE',  ( -1.920000000000000373, 1.000000000000000000, -1.500000000000000222 ) ) ;
#1285 = CARTESIAN_POINT ( 'NONE',  ( -2.299999999999998490, 0.8500000000000000888, -0.4499999999999987343 ) ) ;
#1286 = CARTESIAN_POINT ( 'NONE',  ( 0.8799999999999990052, 1.300000000000000044, 1.599999999999999867 ) ) ;
#1287 = DIRECTION ( 'NONE',  ( -2.125886612716674587E-16, 0.000000000000000000, 1.000000000000000000 ) ) ;
#1288 = EDGE_CURVE ( 'NONE', #4220, #953, #5254, .T. ) ;
#1289 = ORIENTED_EDGE ( 'NONE', *, *, #913, .T. ) ;
#1290 = ORIENTED_EDGE ( 'NONE', *, *, #5609, .F. ) ;
#1291 = VERTEX_POINT ( 'NONE', #1298 ) ;
#1292 = CARTESIAN_POINT ( 'NONE',  ( -2.499999999999999556, 1.300000000000000044, 1.599999999999999867 ) ) ;
#1293 = AXIS2_PLACEMENT_3D ( 'NONE', #4631, #3158, #5180 ) ;
#1294 = PLANE ( 'NONE',  #5634 ) ;
#1295 = CARTESIAN_POINT ( 'NONE',  ( -2.499999999999999556, 1.300000000000000044, -0.7499999999999995559 ) ) ;
#1296 = DIRECTION ( 'NONE',  ( 2.168404344971008868E-16, -0.000000000000000000, -1.000000000000000000 ) ) ;
#1297 = LINE ( 'NONE', #306, #5788 ) ;
#1298 = CARTESIAN_POINT ( 'NONE',  ( 0.6700000000000007061, 0.5000000000000000000, 0.5999999999999995337 ) ) ;
#1299 = EDGE_CURVE ( 'NONE', #1227, #2595, #2852, .T. ) ;
#1300 = ORIENTED_EDGE ( 'NONE', *, *, #1764, .T. ) ;
#1301 = EDGE_CURVE ( 'NONE', #2990, #1341, #5092, .T. ) ;
#1302 = ORIENTED_EDGE ( 'NONE', *, *, #4727, .T. ) ;
#1303 = ORIENTED_EDGE ( 'NONE', *, *, #1708, .F. ) ;
#1304 =( GEOMETRIC_REPRESENTATION_CONTEXT ( 3 ) GLOBAL_UNCERTAINTY_ASSIGNED_CONTEXT ( ( #4449 ) ) GLOBAL_UNIT_ASSIGNED_CONTEXT ( ( #6244, #6195, #1440 ) ) REPRESENTATION_CONTEXT ( 'NONE', 'WORKASPACE' ) );
#1305 = CARTESIAN_POINT ( 'NONE',  ( -1.870000000000000329, 0.5000000000000000000, -0.5999999999999996447 ) ) ;
#1306 = LINE ( 'NONE', #4392, #1352 ) ;
#1307 = DIRECTION ( 'NONE',  ( -0.000000000000000000, -0.000000000000000000, 1.000000000000000000 ) ) ;
#1308 = CARTESIAN_POINT ( 'NONE',  ( 0.6700000000000007061, -1.562049935181331506, -0.5999999999999995337 ) ) ;
#1309 = ORIENTED_EDGE ( 'NONE', *, *, #3624, .T. ) ;
#1310 = ORIENTED_EDGE ( 'NONE', *, *, #3727, .T. ) ;
#1311 = ORIENTED_EDGE ( 'NONE', *, *, #295, .F. ) ;
#1312 = CARTESIAN_POINT ( 'NONE',  ( 1.920000000000000373, -4.290147056835873940, -1.020000000000000018 ) ) ;
#1313 = CARTESIAN_POINT ( 'NONE',  ( 0.6399999999999999023, 0.9999999999999997780, 1.500000000000000444 ) ) ;
#1314 = FACE_OUTER_BOUND ( 'NONE', #994, .T. ) ;
#1315 = ADVANCED_FACE ( 'NONE', ( #818 ), #6442, .F. ) ;
#1316 = ORIENTED_EDGE ( 'NONE', *, *, #5173, .F. ) ;
#1317 = CARTESIAN_POINT ( 'NONE',  ( -2.399999999999999911, 1.300000000000000044, -0.5499999999999992673 ) ) ;
#1318 = DIRECTION ( 'NONE',  ( 0.000000000000000000, -1.000000000000000000, 0.000000000000000000 ) ) ;
#1319 = ORIENTED_EDGE ( 'NONE', *, *, #5462, .T. ) ;
#1320 = ORIENTED_EDGE ( 'NONE', *, *, #1973, .T. ) ;
#1321 = CARTESIAN_POINT ( 'NONE',  ( -2.499999999999999556, 1.000000000000000000, 1.599999999999999867 ) ) ;
#1322 = EDGE_CURVE ( 'NONE', #5862, #4318, #690, .T. ) ;
#1323 = CARTESIAN_POINT ( 'NONE',  ( 1.920000000000000373, 1.149999999999999911, -1.350000000000000089 ) ) ;
#1324 = DIRECTION ( 'NONE',  ( 0.000000000000000000, 1.000000000000000000, 0.000000000000000000 ) ) ;
#1325 = CARTESIAN_POINT ( 'NONE',  ( 2.128794717070153109, 0.9999999999999862332, -1.376890707879085074 ) ) ;
#1326 = FACE_OUTER_BOUND ( 'NONE', #551, .T. ) ;
#1327 = ORIENTED_EDGE ( 'NONE', *, *, #1859, .T. ) ;
#1328 = ORIENTED_EDGE ( 'NONE', *, *, #2237, .T. ) ;
#1329 = ORIENTED_EDGE ( 'NONE', *, *, #5467, .T. ) ;
#1330 = ADVANCED_FACE ( 'NONE', ( #2863 ), #2342, .F. ) ;
#1331 = DIRECTION ( 'NONE',  ( 2.710505431213760099E-16, 0.000000000000000000, -1.000000000000000000 ) ) ;
#1332 = DIRECTION ( 'NONE',  ( -0.000000000000000000, 1.000000000000000000, -0.000000000000000000 ) ) ;
#1333 = CARTESIAN_POINT ( 'NONE',  ( -1.920000000000000373, 1.239999999999999769, 1.350000000000000755 ) ) ;
#1334 = CARTESIAN_POINT ( 'NONE',  ( 2.499999999999999556, 0.2500000000000000555, 0.7499999999999991118 ) ) ;
#1335 = CARTESIAN_POINT ( 'NONE',  ( -2.499999999999999556, 1.000000000000000000, 1.599999999999999867 ) ) ;
#1336 = CYLINDRICAL_SURFACE ( 'NONE', #2348, 0.3299999999999999045 ) ;
#1337 = DIRECTION ( 'NONE',  ( -2.125886612716674587E-16, -0.000000000000000000, 1.000000000000000000 ) ) ;
#1338 = MECHANICAL_DESIGN_GEOMETRIC_PRESENTATION_REPRESENTATION (  '', ( #2432 ), #22 ) ;
#1339 = ORIENTED_EDGE ( 'NONE', *, *, #5901, .T. ) ;
#1340 = ORIENTED_EDGE ( 'NONE', *, *, #4555, .T. ) ;
#1341 = VERTEX_POINT ( 'NONE', #2778 ) ;
#1342 = FILL_AREA_STYLE_COLOUR ( '', #6581 ) ;
#1343 = DIRECTION ( 'NONE',  ( 0.000000000000000000, 0.000000000000000000, 1.000000000000000000 ) ) ;
#1344 = DIRECTION ( 'NONE',  ( -0.000000000000000000, 1.000000000000000000, 0.000000000000000000 ) ) ;
#1345 = ORIENTED_EDGE ( 'NONE', *, *, #3228, .T. ) ;
#1346 = EDGE_CURVE ( 'NONE', #4824, #498, #2935, .T. ) ;
#1347 = ORIENTED_EDGE ( 'NONE', *, *, #5690, .T. ) ;
#1348 = CLOSED_SHELL ( 'NONE', ( #3150, #1365, #6225, #1712, #2910, #5521, #1988, #5824 ) ) ;
#1349 = CARTESIAN_POINT ( 'NONE',  ( -0.6700000000000005951, 0.000000000000000000, 1.599999999999999645 ) ) ;
#1350 = EDGE_CURVE ( 'NONE', #3970, #6254, #2836, .T. ) ;
#1351 = ADVANCED_FACE ( 'NONE', ( #5178 ), #4843, .F. ) ;
#1352 = VECTOR ( 'NONE', #4350, 1000.000000000000000 ) ;
#1353 = AXIS2_PLACEMENT_3D ( 'NONE', #3851, #4400, #5366 ) ;
#1354 = CARTESIAN_POINT ( 'NONE',  ( -0.9799999999999999822, 0.000000000000000000, 1.599999999999999867 ) ) ;
#1355 = DIRECTION ( 'NONE',  ( 0.000000000000000000, -0.000000000000000000, 1.000000000000000000 ) ) ;
#1356 = DIRECTION ( 'NONE',  ( -0.000000000000000000, 0.000000000000000000, -1.000000000000000000 ) ) ;
#1357 = ORIENTED_EDGE ( 'NONE', *, *, #1350, .T. ) ;
#1358 = EDGE_LOOP ( 'NONE', ( #4262, #319, #4086, #1952 ) ) ;
#1359 = CARTESIAN_POINT ( 'NONE',  ( -1.170000000000005702, 0.000000000000000000, 0.5999999999999996447 ) ) ;
#1360 = PLANE ( 'NONE',  #4109 ) ;
#1361 = EDGE_CURVE ( 'NONE', #737, #5014, #762, .T. ) ;
#1362 = CARTESIAN_POINT ( 'NONE',  ( 2.276890707879085429, 1.000000000000013323, -1.228794717070153419 ) ) ;
#1363 = LINE ( 'NONE', #5658, #1219 ) ;
#1364 = AXIS2_PLACEMENT_3D ( 'NONE', #3866, #1331, #1800 ) ;
#1365 = ADVANCED_FACE ( 'NONE', ( #749 ), #5105, .F. ) ;
#1366 = VERTEX_POINT ( 'NONE', #1430 ) ;
#1367 = VERTEX_POINT ( 'NONE', #3539 ) ;
#1368 = CARTESIAN_POINT ( 'NONE',  ( 1.920000000000000373, 1.300000000000000044, 1.290000000000000702 ) ) ;
#1369 = AXIS2_PLACEMENT_3D ( 'NONE', #1976, #6053, #99 ) ;
#1370 = CARTESIAN_POINT ( 'NONE',  ( -0.8799999999999990052, 0.000000000000000000, 1.599999999999999645 ) ) ;
#1371 = EDGE_CURVE ( 'NONE', #6158, #3074, #832, .T. ) ;
#1372 = PLANE ( 'NONE',  #3217 ) ;
#1373 = CARTESIAN_POINT ( 'NONE',  ( -2.499999999999997780, 0.2500000000000000555, -0.5499999999999983791 ) ) ;
#1374 = EDGE_CURVE ( 'NONE', #117, #5484, #5069, .T. ) ;
#1375 = CARTESIAN_POINT ( 'NONE',  ( -1.920000000000000373, 1.069999999999999840, 1.420000000000000373 ) ) ;
#1376 = CARTESIAN_POINT ( 'NONE',  ( -2.025013845556866698, 0.9999999999999996669, 1.419999999762596943 ) ) ;
#1377 = AXIS2_PLACEMENT_3D ( 'NONE', #830, #3306, #4370 ) ;
#1378 = ORIENTED_EDGE ( 'NONE', *, *, #5304, .F. ) ;
#1379 = EDGE_LOOP ( 'NONE', ( #310, #3063, #5800, #3133, #2522, #2335, #5483, #5422 ) ) ;
#1380 = ADVANCED_FACE ( 'NONE', ( #634 ), #2948, .F. ) ;
#1381 = CARTESIAN_POINT ( 'NONE',  ( 2.499999999999997780, 0.2500000000000001110, -0.7499999999999991118 ) ) ;
#1382 = LINE ( 'NONE', #990, #5809 ) ;
#1383 = EDGE_CURVE ( 'NONE', #582, #3163, #5192, .T. ) ;
#1384 = DIRECTION ( 'NONE',  ( 0.000000000000000000, 1.000000000000000000, 0.000000000000000000 ) ) ;
#1385 = CARTESIAN_POINT ( 'NONE',  ( 2.499999999999999556, 0.2500000000000000555, 0.5499999999999988232 ) ) ;
#1386 = ORIENTED_EDGE ( 'NONE', *, *, #1076, .T. ) ;
#1387 = VERTEX_POINT ( 'NONE', #5585 ) ;
#1388 = CARTESIAN_POINT ( 'NONE',  ( 2.499999999999999556, 1.300000000000000044, 0.5499999999999988232 ) ) ;
#1389 = CARTESIAN_POINT ( 'NONE',  ( -1.982222472633186072, 1.000000000000000222, -1.499999999859343180 ) ) ;
#1390 = CIRCLE ( 'NONE', #861, 0.09999999999999982514 ) ;
#1391 = CARTESIAN_POINT ( 'NONE',  ( 2.320000000000000284, 1.069999999999999840, -1.020000000000000018 ) ) ;
#1392 = VERTEX_POINT ( 'NONE', #2940 ) ;
#1393 = ORIENTED_EDGE ( 'NONE', *, *, #5912, .F. ) ;
#1394 = CARTESIAN_POINT ( 'NONE',  ( -1.870000000000000329, 0.5000000000000000000, -1.599999999999999645 ) ) ;
#1395 = DIRECTION ( 'NONE',  ( -0.000000000000000000, -1.000000000000000000, -0.000000000000000000 ) ) ;
#1396 = DIRECTION ( 'NONE',  ( -0.000000000000000000, -1.000000000000000000, -0.000000000000000000 ) ) ;
#1397 = SURFACE_SIDE_STYLE ('',( #5865 ) ) ;
#1398 = VECTOR ( 'NONE', #1828, 1000.000000000000000 ) ;
#1399 = EDGE_CURVE ( 'NONE', #807, #5036, #5080, .T. ) ;
#1400 = VERTEX_POINT ( 'NONE', #4440 ) ;
#1401 = EDGE_LOOP ( 'NONE', ( #3938, #1393, #1728, #5648 ) ) ;
#1402 = CARTESIAN_POINT ( 'NONE',  ( 2.350783183191311743, 1.000000000000000000, -1.231471972465421283 ) ) ;
#1403 =( BOUNDED_SURFACE ( )  B_SPLINE_SURFACE ( 2, 3, ( 
 ( #5372, #2285, #5418, #1750, #2767, #3812 ),
 ( #2371, #6475, #1325, #1362, #5329, #3339 ),
 ( #3724, #187, #3258, #2898, #3905, #2246 ) ),
 .UNSPECIFIED., .F., .F., .F. ) 
 B_SPLINE_SURFACE_WITH_KNOTS ( ( 3, 3 ),
 ( 4, 2, 4 ),
 ( 0.000000000000000000, 1.000000000000000000 ),
 ( -8.881784197001252323E-16, 0.7853981633974478349, 1.570796326794896558 ),
 .UNSPECIFIED. ) 
 GEOMETRIC_REPRESENTATION_ITEM ( )  RATIONAL_B_SPLINE_SURFACE ( (
 ( 1.000000000000000000, 1.000000000000000000, 1.000000000000000000, 1.000000000000000000, 1.000000000000000000, 1.000000000000000000),
 ( 0.7071067811865486830, 0.7071067811865486830, 0.7071067811865475727, 0.7071067811865475727, 0.7071067811865475727, 0.7071067811865475727),
 ( 1.000000000000000000, 1.000000000000000000, 1.000000000000000000, 1.000000000000000000, 1.000000000000000000, 1.000000000000000000) ) ) 
 REPRESENTATION_ITEM ( '' )  SURFACE ( )  );
#1404 = AXIS2_PLACEMENT_3D ( 'NONE', #4214, #6218, #5742 ) ;
#1405 = DIRECTION ( 'NONE',  ( 1.000000000000000000, 0.000000000000000000, -0.000000000000000000 ) ) ;
#1406 = DIRECTION ( 'NONE',  ( 1.000000000000000000, 0.000000000000000000, 0.000000000000000000 ) ) ;
#1407 = ADVANCED_FACE ( 'NONE', ( #656 ), #666, .F. ) ;
#1408 = CARTESIAN_POINT ( 'NONE',  ( 2.499999999999999556, 0.2500000000000001110, 0.5499999999999988232 ) ) ;
#1409 = PRODUCT_DEFINITION_FORMATION_WITH_SPECIFIED_SOURCE ( 'ANY', '', #1174, .NOT_KNOWN. ) ;
#1410 = ORIENTED_EDGE ( 'NONE', *, *, #2744, .F. ) ;
#1411 = VERTEX_POINT ( 'NONE', #3943 ) ;
#1412 = EDGE_CURVE ( 'NONE', #2838, #2923, #2875, .T. ) ;
#1413 = EDGE_CURVE ( 'NONE', #3838, #2387, #658, .T. ) ;
#1414 = CARTESIAN_POINT ( 'NONE',  ( 0.000000000000000000, 0.000000000000000000, 0.000000000000000000 ) ) ;
#1415 = VECTOR ( 'NONE', #4917, 1000.000000000000000 ) ;
#1416 = CARTESIAN_POINT ( 'NONE',  ( -2.319999999999999840, 1.069999999999999840, -1.124719755119660602 ) ) ;
#1417 = EDGE_CURVE ( 'NONE', #1965, #3772, #882, .T. ) ;
#1418 = CARTESIAN_POINT ( 'NONE',  ( -1.920000000000000373, 1.069999999999999840, -1.420000000000000151 ) ) ;
#1419 = EDGE_LOOP ( 'NONE', ( #1179, #5591, #5801, #1142 ) ) ;
#1420 = ORIENTED_EDGE ( 'NONE', *, *, #414, .T. ) ;
#1421 = CARTESIAN_POINT ( 'NONE',  ( 0.6700000000000007061, 0.5000000000000000000, -0.5999999999999995337 ) ) ;
#1422 = SURFACE_SIDE_STYLE ('',( #2300 ) ) ;
#1423 = CARTESIAN_POINT ( 'NONE',  ( -2.400000000000000799, 1.000000000000000000, -1.020000000000000018 ) ) ;
#1424 = LINE ( 'NONE', #3300, #3635 ) ;
#1425 = EDGE_CURVE ( 'NONE', #4348, #5725, #256, .T. ) ;
#1426 = CARTESIAN_POINT ( 'NONE',  ( -2.320000000000000728, 8.040147056835873940, 1.020000000000000462 ) ) ;
#1427 = ORIENTED_EDGE ( 'NONE', *, *, #2142, .F. ) ;
#1428 = VERTEX_POINT ( 'NONE', #6009 ) ;
#1429 = CARTESIAN_POINT ( 'NONE',  ( 2.499999999999997780, 0.8500000000000000888, -0.7499999999999991118 ) ) ;
#1430 = CARTESIAN_POINT ( 'NONE',  ( -0.6700000000000007061, 0.5000000000000000000, 1.099999999999999645 ) ) ;
#1431 = AXIS2_PLACEMENT_3D ( 'NONE', #2642, #2685, #3221 ) ;
#1432 = CARTESIAN_POINT ( 'NONE',  ( 1.920000000000000373, 8.040147056835873940, 1.420000000000000373 ) ) ;
#1433 = DIRECTION ( 'NONE',  ( 2.710505431213761085E-16, 0.000000000000000000, 1.000000000000000000 ) ) ;
#1434 = VECTOR ( 'NONE', #6683, 1000.000000000000000 ) ;
#1435 = ORIENTED_EDGE ( 'NONE', *, *, #5556, .F. ) ;
#1436 = ORIENTED_EDGE ( 'NONE', *, *, #6485, .F. ) ;
#1437 = EDGE_CURVE ( 'NONE', #1272, #4203, #3085, .T. ) ;
#1438 = CARTESIAN_POINT ( 'NONE',  ( -2.299999999999998490, 0.2500000000000000555, -0.4499999999999987343 ) ) ;
#1439 = DIRECTION ( 'NONE',  ( 0.000000000000000000, 0.000000000000000000, -1.000000000000000000 ) ) ;
#1440 =( NAMED_UNIT ( * ) SI_UNIT ( $, .STERADIAN. ) SOLID_ANGLE_UNIT ( ) );
#1441 = DIRECTION ( 'NONE',  ( 0.7071067811865510144, 0.000000000000000000, 0.7071067811865441310 ) ) ;
#1442 = ADVANCED_FACE ( 'NONE', ( #3024 ), #1360, .F. ) ;
#1443 = CARTESIAN_POINT ( 'NONE',  ( 2.299999999999998490, 0.2500000000000001110, -0.8499999999999989786 ) ) ;
#1444 = CARTESIAN_POINT ( 'NONE',  ( 1.870000000000001217, 0.5000000000000000000, -1.599999999999999201 ) ) ;
#1445 = EDGE_LOOP ( 'NONE', ( #3070, #5344, #5160, #5346 ) ) ;
#1446 = VERTEX_POINT ( 'NONE', #3497 ) ;
#1447 = EDGE_CURVE ( 'NONE', #401, #4968, #2950, .T. ) ;
#1448 = CARTESIAN_POINT ( 'NONE',  ( 2.399999999999999911, 0.2500000000000000555, 0.5499999999999988232 ) ) ;
#1449 = LINE ( 'NONE', #581, #1434 ) ;
#1450 = ADVANCED_FACE ( 'NONE', ( #3048 ), #6619, .T. ) ;
#1451 = ORIENTED_EDGE ( 'NONE', *, *, #2545, .F. ) ;
#1452 = VERTEX_POINT ( 'NONE', #3855 ) ;
#1453 = DIRECTION ( 'NONE',  ( 0.000000000000000000, 0.000000000000000000, 1.000000000000000000 ) ) ;
#1454 = CARTESIAN_POINT ( 'NONE',  ( -2.300000000000000266, 0.8500000000000000888, 0.4499999999999987343 ) ) ;
#1455 = MECHANICAL_DESIGN_GEOMETRIC_PRESENTATION_REPRESENTATION (  '', ( #2026 ), #2587 ) ;
#1456 = CARTESIAN_POINT ( 'NONE',  ( -2.043435892650971919, 1.000000000000000000, -1.487675741629328252 ) ) ;
#1457 = EDGE_CURVE ( 'NONE', #3570, #3326, #2938, .T. ) ;
#1458 = AXIS2_PLACEMENT_3D ( 'NONE', #5204, #5718, #598 ) ;
#1459 = CARTESIAN_POINT ( 'NONE',  ( -0.9800000000000004263, 0.000000000000000000, 1.499999999999998890 ) ) ;
#1460 = PLANE ( 'NONE',  #2796 ) ;
#1461 = DIRECTION ( 'NONE',  ( -0.000000000000000000, -1.000000000000000000, -0.000000000000000000 ) ) ;
#1462 = CARTESIAN_POINT ( 'NONE',  ( 2.300000000000000266, 0.2500000000000001110, 0.8499999999999989786 ) ) ;
#1463 = EDGE_LOOP ( 'NONE', ( #5668, #6571, #4241, #3515 ) ) ;
#1464 = ORIENTED_EDGE ( 'NONE', *, *, #1504, .F. ) ;
#1465 = CARTESIAN_POINT ( 'NONE',  ( -2.499999999999999556, 1.000000000000000000, 0.7499999999999995559 ) ) ;
#1466 = CARTESIAN_POINT ( 'NONE',  ( 2.319999999999999840, 0.9999999999999996669, 1.020000000000000462 ) ) ;
#1467 = CARTESIAN_POINT ( 'NONE',  ( 2.399999999999999911, 0.2500000000000001110, 0.7499999999999995559 ) ) ;
#1468 = CARTESIAN_POINT ( 'NONE',  ( -2.399999999999999911, 1.000000000000000000, -0.7500000000000000000 ) ) ;
#1469 = CARTESIAN_POINT ( 'NONE',  ( -1.920000000000000373, 1.149999999999999911, -1.370000000000000329 ) ) ;
#1470 = EDGE_CURVE ( 'NONE', #3610, #660, #3013, .T. ) ;
#1471 = EDGE_LOOP ( 'NONE', ( #5221, #71, #2987, #424 ) ) ;
#1472 = ORIENTED_EDGE ( 'NONE', *, *, #1350, .F. ) ;
#1473 = DIRECTION ( 'NONE',  ( 0.000000000000000000, 1.000000000000000000, 0.000000000000000000 ) ) ;
#1474 = PLANE ( 'NONE',  #2391 ) ;
#1475 = CARTESIAN_POINT ( 'NONE',  ( 2.500000000000000444, 0.2500000000000001110, 0.8499999999999989786 ) ) ;
#1476 = DIRECTION ( 'NONE',  ( -0.000000000000000000, -0.000000000000000000, 1.000000000000000000 ) ) ;
#1477 = CARTESIAN_POINT ( 'NONE',  ( 1.870000000000000773, 0.000000000000000000, -0.5999999999999992006 ) ) ;
#1478 = ORIENTED_EDGE ( 'NONE', *, *, #3776, .T. ) ;
#1479 = VERTEX_POINT ( 'NONE', #4783 ) ;
#1480 = EDGE_CURVE ( 'NONE', #6090, #5357, #5285, .T. ) ;
#1481 = EDGE_CURVE ( 'NONE', #5713, #3023, #5314, .T. ) ;
#1482 = ADVANCED_FACE ( 'NONE', ( #5075 ), #638, .F. ) ;
#1483 = DIRECTION ( 'NONE',  ( -1.000000000000000000, 0.000000000000000000, 0.000000000000000000 ) ) ;
#1484 = CARTESIAN_POINT ( 'NONE',  ( 2.400000000000000799, 0.9999999999999997780, 1.020000000000000462 ) ) ;
#1485 = PRESENTATION_LAYER_ASSIGNMENT (  '', '', ( #4151 ) ) ;
#1486 = PLANE ( 'NONE',  #920 ) ;
#1487 = ORIENTED_EDGE ( 'NONE', *, *, #3228, .F. ) ;
#1488 = ORIENTED_EDGE ( 'NONE', *, *, #1232, .T. ) ;
#1489 = VECTOR ( 'NONE', #231, 1000.000000000000000 ) ;
#1490 = DIRECTION ( 'NONE',  ( -0.000000000000000000, 1.000000000000000000, -0.000000000000000000 ) ) ;
#1491 = DIRECTION ( 'NONE',  ( -1.000000000000000000, 0.000000000000000000, -2.710505431213760099E-16 ) ) ;
#1492 = ADVANCED_FACE ( 'NONE', ( #752 ), #4361, .F. ) ;
#1493 = CARTESIAN_POINT ( 'NONE',  ( -2.499999999999999556, 1.000000000000000000, 1.599999999999999867 ) ) ;
#1494 = CARTESIAN_POINT ( 'NONE',  ( -2.237611297053370585, 1.000000000000000222, 1.380246648774727802 ) ) ;
#1495 = AXIS2_PLACEMENT_3D ( 'NONE', #4997, #3972, #5886 ) ;
#1496 = DIRECTION ( 'NONE',  ( -0.000000000000000000, 1.000000000000000000, 0.000000000000000000 ) ) ;
#1497 = ORIENTED_EDGE ( 'NONE', *, *, #4947, .F. ) ;
#1498 = ORIENTED_EDGE ( 'NONE', *, *, #4305, .T. ) ;
#1499 = CARTESIAN_POINT ( 'NONE',  ( -1.170000000000005702, 0.5000000000000000000, 0.5999999999999996447 ) ) ;
#1500 = FACE_OUTER_BOUND ( 'NONE', #1573, .T. ) ;
#1501 = CARTESIAN_POINT ( 'NONE',  ( -1.920000000000000373, 1.100000000000000311, -1.370000000000000329 ) ) ;
#1502 = CARTESIAN_POINT ( 'NONE',  ( 1.920000000000000373, 1.100000000000000311, 1.020000000000000462 ) ) ;
#1503 = LINE ( 'NONE', #2035, #3735 ) ;
#1504 = EDGE_CURVE ( 'NONE', #3632, #2436, #5195, .T. ) ;
#1505 = VECTOR ( 'NONE', #4021, 1000.000000000000000 ) ;
#1506 = ORIENTED_EDGE ( 'NONE', *, *, #4047, .F. ) ;
#1507 = EDGE_LOOP ( 'NONE', ( #904, #5615, #4036, #5333, #3503, #5496 ) ) ;
#1508 = CARTESIAN_POINT ( 'NONE',  ( 2.299999999999998490, 0.8500000000000000888, -0.8499999999999989786 ) ) ;
#1509 = VECTOR ( 'NONE', #3443, 1000.000000000000000 ) ;
#1510 = CARTESIAN_POINT ( 'NONE',  ( -1.870000000000000329, 0.5000000000000000000, -1.599999999999999645 ) ) ;
#1511 = DIRECTION ( 'NONE',  ( 0.000000000000000000, 0.000000000000000000, -1.000000000000000000 ) ) ;
#1512 = DIRECTION ( 'NONE',  ( 1.000000000000000000, 0.000000000000000000, 0.000000000000000000 ) ) ;
#1513 = PLANE ( 'NONE',  #5927 ) ;
#1514 = FACE_OUTER_BOUND ( 'NONE', #2751, .T. ) ;
#1515 = MECHANICAL_DESIGN_GEOMETRIC_PRESENTATION_REPRESENTATION (  '', ( #3242 ), #3830 ) ;
#1516 = LINE ( 'NONE', #3125, #4038 ) ;
#1517 = EDGE_CURVE ( 'NONE', #2837, #4258, #5220, .T. ) ;
#1518 = CARTESIAN_POINT ( 'NONE',  ( -1.660000000000000586, 0.000000000000000000, -1.599999999999999645 ) ) ;
#1519 = ORIENTED_EDGE ( 'NONE', *, *, #4693, .T. ) ;
#1520 = ORIENTED_EDGE ( 'NONE', *, *, #6651, .T. ) ;
#1521 = DIRECTION ( 'NONE',  ( 0.000000000000000000, 0.000000000000000000, 1.000000000000000000 ) ) ;
#1522 = CARTESIAN_POINT ( 'NONE',  ( 2.320000000000590035, 0.9999999999999996669, 0.3400000000000000244 ) ) ;
#1523 = CIRCLE ( 'NONE', #5317, 0.09999999999999982514 ) ;
#1524 = CARTESIAN_POINT ( 'NONE',  ( 2.250000000000000444, 1.239999999999999769, 1.020000000000000462 ) ) ;
#1525 = EDGE_CURVE ( 'NONE', #991, #176, #836, .T. ) ;
#1526 = CARTESIAN_POINT ( 'NONE',  ( -2.399999999999999911, 1.300000000000000044, -0.7500000000000000000 ) ) ;
#1527 = ORIENTED_EDGE ( 'NONE', *, *, #2977, .T. ) ;
#1528 = ORIENTED_EDGE ( 'NONE', *, *, #1559, .T. ) ;
#1529 = DIRECTION ( 'NONE',  ( 0.000000000000000000, 0.000000000000000000, 1.000000000000000000 ) ) ;
#1530 = MANIFOLD_SOLID_BREP ( 'Boss-Extrude5[1]', #4539 ) ;
#1531 = DIRECTION ( 'NONE',  ( 0.000000000000000000, 0.000000000000000000, 1.000000000000000000 ) ) ;
#1532 = CIRCLE ( 'NONE', #3647, 0.2699999999999998512 ) ;
#1533 = MECHANICAL_DESIGN_GEOMETRIC_PRESENTATION_REPRESENTATION (  '', ( #6565 ), #5518 ) ;
#1534 = ADVANCED_FACE ( 'NONE', ( #3000 ), #2766, .F. ) ;
#1535 = FACE_OUTER_BOUND ( 'NONE', #892, .T. ) ;
#1536 = CARTESIAN_POINT ( 'NONE',  ( 1.660000000000000586, 0.5000000000000000000, -1.599999999999999201 ) ) ;
#1537 = PLANE ( 'NONE',  #1364 ) ;
#1538 = DIRECTION ( 'NONE',  ( -0.000000000000000000, 1.000000000000000000, -0.000000000000000000 ) ) ;
#1539 = ORIENTED_EDGE ( 'NONE', *, *, #3042, .T. ) ;
#1540 = ORIENTED_EDGE ( 'NONE', *, *, #3687, .F. ) ;
#1541 = CARTESIAN_POINT ( 'NONE',  ( -2.499999999999998668, 0.8500000000000000888, -0.8499999999999985345 ) ) ;
#1542 = EDGE_CURVE ( 'NONE', #1739, #3342, #778, .T. ) ;
#1543 = FACE_OUTER_BOUND ( 'NONE', #1606, .T. ) ;
#1544 = CARTESIAN_POINT ( 'NONE',  ( 2.276890761443926436, 1.069999999999999840, -1.228794663505313078 ) ) ;
#1545 = CARTESIAN_POINT ( 'NONE',  ( 1.660000000000000586, -1.562049935181331506, 1.599999999999999201 ) ) ;
#1546 = DIRECTION ( 'NONE',  ( -1.000000000000000000, 0.000000000000000000, 1.495451272393800824E-15 ) ) ;
#1547 = DIRECTION ( 'NONE',  ( -0.000000000000000000, 1.000000000000000000, -0.000000000000000000 ) ) ;
#1548 = EDGE_CURVE ( 'NONE', #3929, #807, #845, .T. ) ;
#1549 = ADVANCED_FACE ( 'NONE', ( #2926 ), #4317, .F. ) ;
#1550 = CYLINDRICAL_SURFACE ( 'NONE', #2552, 0.09999999999999982514 ) ;
#1551 = ORIENTED_EDGE ( 'NONE', *, *, #4607, .T. ) ;
#1552 = VERTEX_POINT ( 'NONE', #5371 ) ;
#1553 = DIRECTION ( 'NONE',  ( 0.000000000000000000, 0.000000000000000000, 1.000000000000000000 ) ) ;
#1554 = FACE_OUTER_BOUND ( 'NONE', #939, .T. ) ;
#1555 = CARTESIAN_POINT ( 'NONE',  ( -2.499999999999999556, 1.300000000000000044, -0.8499999999999994227 ) ) ;
#1556 = CARTESIAN_POINT ( 'NONE',  ( 2.299999999999998490, 0.2500000000000001110, -0.4499999999999989564 ) ) ;
#1557 = DIRECTION ( 'NONE',  ( 0.000000000000000000, 0.000000000000000000, -1.000000000000000000 ) ) ;
#1558 = LINE ( 'NONE', #6375, #5961 ) ;
#1559 = EDGE_CURVE ( 'NONE', #966, #220, #5244, .T. ) ;
#1560 = EDGE_CURVE ( 'NONE', #2840, #2025, #871, .T. ) ;
#1561 = ORIENTED_EDGE ( 'NONE', *, *, #6386, .T. ) ;
#1562 = ORIENTED_EDGE ( 'NONE', *, *, #979, .F. ) ;
#1563 = VECTOR ( 'NONE', #4385, 1000.000000000000000 ) ;
#1564 = AXIS2_PLACEMENT_3D ( 'NONE', #372, #3819, #2204 ) ;
#1565 = CARTESIAN_POINT ( 'NONE',  ( -1.559999999999999831, 0.5000000000000000000, -1.599999999999999867 ) ) ;
#1566 = VECTOR ( 'NONE', #1934, 1000.000000000000000 ) ;
#1567 = DIRECTION ( 'NONE',  ( -1.000000000000000000, 0.000000000000000000, 0.000000000000000000 ) ) ;
#1568 = LINE ( 'NONE', #4645, #3925 ) ;
#1569 = CARTESIAN_POINT ( 'NONE',  ( -2.319999999762733189, 0.9999999999999996669, -1.125013845556873449 ) ) ;
#1570 = EDGE_CURVE ( 'NONE', #3381, #5471, #5230, .T. ) ;
#1571 = CARTESIAN_POINT ( 'NONE',  ( -1.920000000000000373, 1.149999999999999911, -1.349999999999999645 ) ) ;
#1572 = ORIENTED_EDGE ( 'NONE', *, *, #3341, .T. ) ;
#1573 = EDGE_LOOP ( 'NONE', ( #5129, #3716, #3680, #3697 ) ) ;
#1574 = DIRECTION ( 'NONE',  ( -0.000000000000000000, 1.000000000000000000, -0.000000000000000000 ) ) ;
#1575 = CARTESIAN_POINT ( 'NONE',  ( -2.499999999999999556, 1.000000000000000000, -0.5499999999999992673 ) ) ;
#1576 = VECTOR ( 'NONE', #4461, 1000.000000000000000 ) ;
#1577 = STYLED_ITEM ( 'NONE', ( #1885 ), #4705 ) ;
#1578 = VECTOR ( 'NONE', #63, 1000.000000000000000 ) ;
#1579 = EDGE_LOOP ( 'NONE', ( #3650, #3761, #1147, #3198, #5646, #5165 ) ) ;
#1580 = LINE ( 'NONE', #4562, #1505 ) ;
#1581 = CARTESIAN_POINT ( 'NONE',  ( -1.920000000000000373, 1.069999999999999840, -1.420000000000000151 ) ) ;
#1582 = DIRECTION ( 'NONE',  ( 1.000000000000000000, 0.000000000000000000, 0.000000000000000000 ) ) ;
#1583 = ORIENTED_EDGE ( 'NONE', *, *, #6366, .T. ) ;
#1584 = ORIENTED_EDGE ( 'NONE', *, *, #5185, .T. ) ;
#1585 = CARTESIAN_POINT ( 'NONE',  ( -2.270000000000000906, 1.149999999999999911, 1.020000000000000462 ) ) ;
#1586 = DIRECTION ( 'NONE',  ( -0.000000000000000000, -1.000000000000000000, -0.000000000000000000 ) ) ;
#1587 = EDGE_CURVE ( 'NONE', #6070, #1891, #3073, .T. ) ;
#1588 = CARTESIAN_POINT ( 'NONE',  ( -2.499999999999999556, 1.000000000000000000, 0.8499999999999994227 ) ) ;
#1589 = CARTESIAN_POINT ( 'NONE',  ( -2.320000000000000728, 1.069999999999999840, 0.3400000000000003575 ) ) ;
#1590 = DIRECTION ( 'NONE',  ( -0.000000000000000000, 1.000000000000000000, -0.000000000000000000 ) ) ;
#1591 = ADVANCED_FACE ( 'NONE', ( #693 ), #667, .F. ) ;
#1592 = EDGE_LOOP ( 'NONE', ( #5583, #5575, #1829, #6269 ) ) ;
#1593 = VECTOR ( 'NONE', #3653, 1000.000000000000000 ) ;
#1594 = ORIENTED_EDGE ( 'NONE', *, *, #1708, .T. ) ;
#1595 = ORIENTED_EDGE ( 'NONE', *, *, #6477, .T. ) ;
#1596 = CARTESIAN_POINT ( 'NONE',  ( 0.6400000000000001243, 1.000000000000000000, 1.500000000000000444 ) ) ;
#1597 = CYLINDRICAL_SURFACE ( 'NONE', #6144, 0.05000000000000012768 ) ;
#1598 = DIRECTION ( 'NONE',  ( 0.000000000000000000, 0.000000000000000000, 1.000000000000000000 ) ) ;
#1599 = EDGE_CURVE ( 'NONE', #2855, #127, #2877, .T. ) ;
#1600 = DIRECTION ( 'NONE',  ( 0.000000000000000000, 0.000000000000000000, -1.000000000000000000 ) ) ;
#1601 = CARTESIAN_POINT ( 'NONE',  ( -1.660000000000000808, 1.000000000000000000, 1.599999999999999867 ) ) ;
#1602 = LINE ( 'NONE', #2021, #3822 ) ;
#1603 = ORIENTED_EDGE ( 'NONE', *, *, #4555, .F. ) ;
#1604 = CARTESIAN_POINT ( 'NONE',  ( 1.559999999999999831, 1.300000000000000044, 1.599999999999999867 ) ) ;
#1605 = ORIENTED_EDGE ( 'NONE', *, *, #2977, .F. ) ;
#1606 = EDGE_LOOP ( 'NONE', ( #3422, #5765, #3194, #1133, #5830, #5441 ) ) ;
#1607 = VECTOR ( 'NONE', #1095, 1000.000000000000000 ) ;
#1608 = EDGE_CURVE ( 'NONE', #3651, #4556, #5096, .T. ) ;
#1609 = DIRECTION ( 'NONE',  ( -2.710505431213760099E-16, -0.000000000000000000, 1.000000000000000000 ) ) ;
#1610 = LINE ( 'NONE', #1794, #5972 ) ;
#1611 = DIRECTION ( 'NONE',  ( -0.000000000000000000, 1.000000000000000000, -0.000000000000000000 ) ) ;
#1612 = AXIS2_PLACEMENT_3D ( 'NONE', #104, #1586, #3223 ) ;
#1613 = VERTEX_POINT ( 'NONE', #366 ) ;
#1614 = FACE_OUTER_BOUND ( 'NONE', #6162, .T. ) ;
#1615 = DIRECTION ( 'NONE',  ( -0.000000000000000000, -1.000000000000000000, -0.000000000000000000 ) ) ;
#1616 = DIRECTION ( 'NONE',  ( 0.000000000000000000, -0.000000000000000000, 1.000000000000000000 ) ) ;
#1617 = VERTEX_POINT ( 'NONE', #2461 ) ;
#1618 = ORIENTED_EDGE ( 'NONE', *, *, #659, .F. ) ;
#1619 = CARTESIAN_POINT ( 'NONE',  ( 1.870000000000000773, 0.5000000000000000000, -0.5999999999999992006 ) ) ;
#1620 = DIRECTION ( 'NONE',  ( -1.000000000000000000, 0.000000000000000000, 2.710505431213761085E-16 ) ) ;
#1621 = VECTOR ( 'NONE', #3951, 1000.000000000000000 ) ;
#1622 = LINE ( 'NONE', #3858, #1415 ) ;
#1623 = CARTESIAN_POINT ( 'NONE',  ( 2.500000000000000444, 1.000000000000000000, -0.4499999999999990119 ) ) ;
#1624 = ORIENTED_EDGE ( 'NONE', *, *, #4558, .F. ) ;
#1625 = LINE ( 'NONE', #5621, #1593 ) ;
#1626 = CARTESIAN_POINT ( 'NONE',  ( 2.499999999999999556, 0.8500000000000000888, 0.5499999999999988232 ) ) ;
#1627 = DIRECTION ( 'NONE',  ( 0.000000000000000000, 0.000000000000000000, 1.000000000000000000 ) ) ;
#1628 = ORIENTED_EDGE ( 'NONE', *, *, #1005, .T. ) ;
#1629 = VERTEX_POINT ( 'NONE', #921 ) ;
#1630 = CARTESIAN_POINT ( 'NONE',  ( -1.920000000000000373, 1.300000000000000044, 1.290000000000000258 ) ) ;
#1631 = VECTOR ( 'NONE', #1681, 1000.000000000000000 ) ;
#1632 = CARTESIAN_POINT ( 'NONE',  ( -0.8799999999999990052, -1.562049935181331506, 1.599999999999999645 ) ) ;
#1633 = CARTESIAN_POINT ( 'NONE',  ( 2.300000000000000266, 0.2500000000000000555, 0.4499999999999989564 ) ) ;
#1634 = DIRECTION ( 'NONE',  ( 0.000000000000000000, 1.000000000000000000, 0.000000000000000000 ) ) ;
#1635 =( NAMED_UNIT ( * ) SI_UNIT ( $, .STERADIAN. ) SOLID_ANGLE_UNIT ( ) );
#1636 = PLANE ( 'NONE',  #4420 ) ;
#1637 = FACE_OUTER_BOUND ( 'NONE', #1177, .T. ) ;
#1638 = AXIS2_PLACEMENT_3D ( 'NONE', #6419, #812, #1835 ) ;
#1639 = VERTEX_POINT ( 'NONE', #5931 ) ;
#1640 = ORIENTED_EDGE ( 'NONE', *, *, #6206, .T. ) ;
#1641 = ORIENTED_EDGE ( 'NONE', *, *, #31, .T. ) ;
#1642 = PLANE ( 'NONE',  #3204 ) ;
#1643 = VECTOR ( 'NONE', #895, 1000.000000000000000 ) ;
#1644 = CARTESIAN_POINT ( 'NONE',  ( -2.300000000000000266, 0.2500000000000001110, 0.8499999999999985345 ) ) ;
#1645 = CARTESIAN_POINT ( 'NONE',  ( -2.300000000000000266, 0.8500000000000000888, 0.8499999999999985345 ) ) ;
#1646 = PLANE ( 'NONE',  #6126 ) ;
#1647 = ADVANCED_FACE ( 'NONE', ( #5110 ), #5465, .F. ) ;
#1648 = DIRECTION ( 'NONE',  ( -0.000000000000000000, 1.000000000000000000, -0.000000000000000000 ) ) ;
#1649 = LINE ( 'NONE', #1111, #3964 ) ;
#1650 = ORIENTED_EDGE ( 'NONE', *, *, #5705, .F. ) ;
#1651 = AXIS2_PLACEMENT_3D ( 'NONE', #545, #3132, #592 ) ;
#1652 = ORIENTED_EDGE ( 'NONE', *, *, #5250, .F. ) ;
#1653 = LINE ( 'NONE', #2256, #1663 ) ;
#1654 = AXIS2_PLACEMENT_3D ( 'NONE', #6302, #4427, #5491 ) ;
#1655 = DIRECTION ( 'NONE',  ( 0.000000000000000000, 1.000000000000000000, 0.000000000000000000 ) ) ;
#1656 = LINE ( 'NONE', #5139, #3989 ) ;
#1657 = ADVANCED_FACE ( 'NONE', ( #669 ), #712, .F. ) ;
#1658 = ORIENTED_EDGE ( 'NONE', *, *, #5772, .T. ) ;
#1659 = VECTOR ( 'NONE', #675, 1000.000000000000000 ) ;
#1660 = CARTESIAN_POINT ( 'NONE',  ( -2.300000000000000266, 0.2500000000000000555, 0.4499999999999987343 ) ) ;
#1661 = EDGE_LOOP ( 'NONE', ( #932, #829, #3639, #3329 ) ) ;
#1662 = AXIS2_PLACEMENT_3D ( 'NONE', #4669, #1138, #8 ) ;
#1663 = VECTOR ( 'NONE', #4652, 1000.000000000000000 ) ;
#1664 =( NAMED_UNIT ( * ) SI_UNIT ( $, .STERADIAN. ) SOLID_ANGLE_UNIT ( ) );
#1665 = CYLINDRICAL_SURFACE ( 'NONE', #3532, 0.1000000000000009076 ) ;
#1666 = ORIENTED_EDGE ( 'NONE', *, *, #3571, .F. ) ;
#1667 = EDGE_CURVE ( 'NONE', #3838, #6070, #2916, .T. ) ;
#1668 = DIRECTION ( 'NONE',  ( 0.000000000000000000, -0.000000000000000000, -1.000000000000000000 ) ) ;
#1669 = PLANE ( 'NONE',  #405 ) ;
#1670 = ORIENTED_EDGE ( 'NONE', *, *, #1711, .T. ) ;
#1671 = VERTEX_POINT ( 'NONE', #4570 ) ;
#1672 = DIRECTION ( 'NONE',  ( -1.000000000000000000, 0.000000000000000000, -0.000000000000000000 ) ) ;
#1673 = DIRECTION ( 'NONE',  ( -1.000000000000000000, 0.000000000000000000, 0.000000000000000000 ) ) ;
#1674 = CARTESIAN_POINT ( 'NONE',  ( -2.320000000000000284, 1.100000000000000311, -1.020000000000000240 ) ) ;
#1675 = CARTESIAN_POINT ( 'NONE',  ( -0.6700000000000005951, 0.000000000000000000, -1.599999999999999645 ) ) ;
#1676 = VECTOR ( 'NONE', #5720, 1000.000000000000000 ) ;
#1677 = ORIENTED_EDGE ( 'NONE', *, *, #4423, .F. ) ;
#1678 = EDGE_CURVE ( 'NONE', #32, #1103, #5171, .T. ) ;
#1679 = ORIENTED_EDGE ( 'NONE', *, *, #742, .T. ) ;
#1680 = ORIENTED_EDGE ( 'NONE', *, *, #4607, .F. ) ;
#1681 = DIRECTION ( 'NONE',  ( -0.000000000000000000, 1.000000000000000000, -0.000000000000000000 ) ) ;
#1682 = MECHANICAL_DESIGN_GEOMETRIC_PRESENTATION_REPRESENTATION (  '', ( #3009 ), #3853 ) ;
#1683 = DIRECTION ( 'NONE',  ( -0.000000000000000000, -1.000000000000000000, -0.000000000000000000 ) ) ;
#1684 = PRODUCT_CONTEXT ( 'NONE', #3704, 'mechanical' ) ;
#1685 = CARTESIAN_POINT ( 'NONE',  ( -1.870000000000000551, 0.000000000000000000, 1.599999999999999645 ) ) ;
#1686 = CARTESIAN_POINT ( 'NONE',  ( -2.320000000000000728, 1.069999999999999840, 1.020000000000000462 ) ) ;
#1687 = CARTESIAN_POINT ( 'NONE',  ( -2.499999999999998668, 0.8500000000000000888, -0.8499999999999985345 ) ) ;
#1688 = FACE_OUTER_BOUND ( 'NONE', #779, .T. ) ;
#1689 = ORIENTED_EDGE ( 'NONE', *, *, #2924, .T. ) ;
#1690 = CIRCLE ( 'NONE', #6310, 0.1000000000000009076 ) ;
#1691 = CARTESIAN_POINT ( 'NONE',  ( 2.399999999999999911, 0.8500000000000000888, 0.7499999999999995559 ) ) ;
#1692 = CARTESIAN_POINT ( 'NONE',  ( 1.920000000000000151, 1.069999999999999840, 1.420000000000000373 ) ) ;
#1693 = EDGE_LOOP ( 'NONE', ( #2231, #824, #4591, #1887 ) ) ;
#1694 = VERTEX_POINT ( 'NONE', #1468 ) ;
#1695 = EDGE_CURVE ( 'NONE', #3458, #3326, #2667, .T. ) ;
#1696 = ADVANCED_FACE ( 'NONE', ( #905 ), #6527, .F. ) ;
#1697 = PLANE ( 'NONE',  #391 ) ;
#1698 = LINE ( 'NONE', #4996, #4170 ) ;
#1699 = SURFACE_SIDE_STYLE ('',( #2250 ) ) ;
#1700 = DIRECTION ( 'NONE',  ( 0.000000000000000000, 0.000000000000000000, 1.000000000000000000 ) ) ;
#1701 = ORIENTED_EDGE ( 'NONE', *, *, #6137, .F. ) ;
#1702 = VECTOR ( 'NONE', #3031, 1000.000000000000000 ) ;
#1703 = CARTESIAN_POINT ( 'NONE',  ( -0.6400000000000005684, 1.000000000000000000, -1.500000000000000222 ) ) ;
#1704 = ORIENTED_EDGE ( 'NONE', *, *, #602, .F. ) ;
#1705 = ORIENTED_EDGE ( 'NONE', *, *, #1288, .F. ) ;
#1706 = DIRECTION ( 'NONE',  ( 1.000000000000000000, 0.000000000000000000, -2.710505431213760099E-16 ) ) ;
#1707 =( NAMED_UNIT ( * ) SI_UNIT ( $, .STERADIAN. ) SOLID_ANGLE_UNIT ( ) );
#1708 = EDGE_CURVE ( 'NONE', #5263, #5277, #3046, .T. ) ;
#1709 = VECTOR ( 'NONE', #2463, 1000.000000000000000 ) ;
#1710 = DIRECTION ( 'NONE',  ( 0.000000000000000000, -0.000000000000000000, 1.000000000000000000 ) ) ;
#1711 = EDGE_CURVE ( 'NONE', #4318, #1034, #918, .T. ) ;
#1712 = ADVANCED_FACE ( 'NONE', ( #879 ), #5057, .F. ) ;
#1713 = EDGE_LOOP ( 'NONE', ( #4497, #5580, #4770, #5211, #298, #3594 ) ) ;
#1714 = DIRECTION ( 'NONE',  ( -1.000000000000000000, 0.000000000000000000, -0.000000000000000000 ) ) ;
#1715 = AXIS2_PLACEMENT_3D ( 'NONE', #1038, #3568, #538 ) ;
#1716 = CARTESIAN_POINT ( 'NONE',  ( -1.559999999999999831, -1.562049935181331506, -1.499999999999999778 ) ) ;
#1717 = ORIENTED_EDGE ( 'NONE', *, *, #4015, .T. ) ;
#1718 = EDGE_LOOP ( 'NONE', ( #3113, #5710, #5282, #5946 ) ) ;
#1719 = CARTESIAN_POINT ( 'NONE',  ( 0.8799999999999994493, 1.000000000000000000, -1.600000000000000311 ) ) ;
#1720 = CARTESIAN_POINT ( 'NONE',  ( 2.399999999999999911, 0.000000000000000000, 0.5499999999999988232 ) ) ;
#1721 = CARTESIAN_POINT ( 'NONE',  ( -2.499999999999997780, 0.2500000000000001110, -0.5499999999999983791 ) ) ;
#1722 = AXIS2_PLACEMENT_3D ( 'NONE', #575, #5274, #4158 ) ;
#1723 = CARTESIAN_POINT ( 'NONE',  ( -2.399999999999999911, 1.300000000000000044, -0.7500000000000000000 ) ) ;
#1724 = DIRECTION ( 'NONE',  ( 0.000000000000000000, -0.000000000000000000, 1.000000000000000000 ) ) ;
#1725 = LINE ( 'NONE', #4803, #1853 ) ;
#1726 = ORIENTED_EDGE ( 'NONE', *, *, #2853, .T. ) ;
#1727 = EDGE_CURVE ( 'NONE', #2923, #323, #5396, .T. ) ;
#1728 = ORIENTED_EDGE ( 'NONE', *, *, #6460, .F. ) ;
#1729 = ORIENTED_EDGE ( 'NONE', *, *, #4822, .F. ) ;
#1730 = CARTESIAN_POINT ( 'NONE',  ( -2.499999999999999556, 0.2500000000000000555, 0.7499999999999986677 ) ) ;
#1731 = PLANE ( 'NONE',  #3301 ) ;
#1732 = AXIS2_PLACEMENT_3D ( 'NONE', #3656, #2082, #102 ) ;
#1733 = CARTESIAN_POINT ( 'NONE',  ( -2.300000000000000266, 0.2500000000000001110, 0.4499999999999987343 ) ) ;
#1734 = CARTESIAN_POINT ( 'NONE',  ( -2.399999999999999911, 0.8500000000000000888, 0.5499999999999983791 ) ) ;
#1735 =( NAMED_UNIT ( * ) PLANE_ANGLE_UNIT ( ) SI_UNIT ( $, .RADIAN. ) );
#1736 = FACE_OUTER_BOUND ( 'NONE', #5821, .T. ) ;
#1737 = ORIENTED_EDGE ( 'NONE', *, *, #3846, .F. ) ;
#1738 = ORIENTED_EDGE ( 'NONE', *, *, #5822, .T. ) ;
#1739 = VERTEX_POINT ( 'NONE', #6620 ) ;
#1740 = EDGE_CURVE ( 'NONE', #1228, #114, #5216, .T. ) ;
#1741 = CARTESIAN_POINT ( 'NONE',  ( 2.500000000000000444, 1.300000000000000044, -0.4499999999999990119 ) ) ;
#1742 = FACE_OUTER_BOUND ( 'NONE', #6443, .T. ) ;
#1743 =( NAMED_UNIT ( * ) PLANE_ANGLE_UNIT ( ) SI_UNIT ( $, .RADIAN. ) );
#1744 = CARTESIAN_POINT ( 'NONE',  ( -2.500000000000000444, 0.2500000000000001110, 0.8499999999999985345 ) ) ;
#1745 = ORIENTED_EDGE ( 'NONE', *, *, #4435, .F. ) ;
#1746 = CARTESIAN_POINT ( 'NONE',  ( 0.6700000000000014833, 0.000000000000000000, -1.599999999999999423 ) ) ;
#1747 = VERTEX_POINT ( 'NONE', #2370 ) ;
#1748 = ORIENTED_EDGE ( 'NONE', *, *, #373, .F. ) ;
#1749 = DIRECTION ( 'NONE',  ( -0.000000000000000000, -1.000000000000000000, -0.000000000000000000 ) ) ;
#1750 = CARTESIAN_POINT ( 'NONE',  ( 2.348268849454913099, 0.9999999999999997780, -1.270553660484186720 ) ) ;
#1751 = EDGE_CURVE ( 'NONE', #6187, #364, #5283, .T. ) ;
#1752 = CIRCLE ( 'NONE', #4867, 0.09999999999999982514 ) ;
#1753 = LINE ( 'NONE', #946, #3976 ) ;
#1754 = ORIENTED_EDGE ( 'NONE', *, *, #315, .F. ) ;
#1755 = DIRECTION ( 'NONE',  ( -0.000000000000000000, -1.000000000000000000, -0.000000000000000000 ) ) ;
#1756 = CARTESIAN_POINT ( 'NONE',  ( 2.500000000000000444, 0.2500000000000000000, 0.8499999999999989786 ) ) ;
#1757 = ORIENTED_EDGE ( 'NONE', *, *, #5, .F. ) ;
#1758 = ORIENTED_EDGE ( 'NONE', *, *, #937, .T. ) ;
#1759 = DIRECTION ( 'NONE',  ( -1.000000000000000000, 0.000000000000000000, 0.000000000000000000 ) ) ;
#1760 = DIRECTION ( 'NONE',  ( 0.000000000000000000, 0.000000000000000000, 1.000000000000000000 ) ) ;
#1761 = CARTESIAN_POINT ( 'NONE',  ( 2.309634388589046683, 0.9999999999999997780, 1.300389843132523815 ) ) ;
#1762 = DIRECTION ( 'NONE',  ( 0.000000000000000000, 1.000000000000000000, 0.000000000000000000 ) ) ;
#1763 = LINE ( 'NONE', #3145, #1621 ) ;
#1764 = EDGE_CURVE ( 'NONE', #1739, #5263, #5362, .T. ) ;
#1765 = CIRCLE ( 'NONE', #487, 0.1000000000000009076 ) ;
#1766 = MANIFOLD_SOLID_BREP ( 'Split1[1]', #805 ) ;
#1767 = AXIS2_PLACEMENT_3D ( 'NONE', #6511, #5043, #6564 ) ;
#1768 = ADVANCED_FACE ( 'NONE', ( #3140 ), #3162, .T. ) ;
#1769 = ORIENTED_EDGE ( 'NONE', *, *, #5481, .F. ) ;
#1770 = VERTEX_POINT ( 'NONE', #6234 ) ;
#1771 = ORIENTED_EDGE ( 'NONE', *, *, #5722, .T. ) ;
#1772 = CARTESIAN_POINT ( 'NONE',  ( -2.399999999999998135, 0.2500000000000001110, -0.7499999999999991118 ) ) ;
#1773 = CARTESIAN_POINT ( 'NONE',  ( 0.000000000000000000, 0.000000000000000000, 0.000000000000000000 ) ) ;
#1774 = VECTOR ( 'NONE', #505, 1000.000000000000000 ) ;
#1775 = CARTESIAN_POINT ( 'NONE',  ( 2.399999999999998135, 0.2500000000000001110, -0.7499999999999995559 ) ) ;
#1776 = CARTESIAN_POINT ( 'NONE',  ( 0.6700000000000007061, 0.000000000000000000, 0.5999999999999995337 ) ) ;
#1777 = LINE ( 'NONE', #988, #6229 ) ;
#1778 = EDGE_CURVE ( 'NONE', #511, #6476, #5408, .T. ) ;
#1779 = VERTEX_POINT ( 'NONE', #1163 ) ;
#1780 = CARTESIAN_POINT ( 'NONE',  ( -0.9799999999999999822, 1.300000000000000044, 1.599999999999999867 ) ) ;
#1781 = AXIS2_PLACEMENT_3D ( 'NONE', #3400, #4463, #1863 ) ;
#1782 = CARTESIAN_POINT ( 'NONE',  ( 0.6399999999999989031, 0.9999999999999996669, 1.420000000000000595 ) ) ;
#1783 = ORIENTED_EDGE ( 'NONE', *, *, #742, .F. ) ;
#1784 = ORIENTED_EDGE ( 'NONE', *, *, #2686, .T. ) ;
#1785 = EDGE_CURVE ( 'NONE', #1341, #3843, #3021, .T. ) ;
#1786 = LINE ( 'NONE', #5950, #1631 ) ;
#1787 = CARTESIAN_POINT ( 'NONE',  ( 1.920000000000000373, 1.069999999999999840, 1.420000000000000373 ) ) ;
#1788 = EDGE_LOOP ( 'NONE', ( #865, #1783, #3595, #3160 ) ) ;
#1789 = DIRECTION ( 'NONE',  ( 1.000000000000000000, 0.000000000000000000, 0.000000000000000000 ) ) ;
#1790 = EDGE_CURVE ( 'NONE', #6134, #6071, #3058, .T. ) ;
#1791 = CARTESIAN_POINT ( 'NONE',  ( 1.870000000000000773, 0.5000000000000000000, -0.5999999999999992006 ) ) ;
#1792 = ORIENTED_EDGE ( 'NONE', *, *, #4774, .T. ) ;
#1793 = ORIENTED_EDGE ( 'NONE', *, *, #3200, .F. ) ;
#1794 = CARTESIAN_POINT ( 'NONE',  ( -2.500000000000000444, 0.8500000000000000888, 0.8499999999999985345 ) ) ;
#1795 = EDGE_CURVE ( 'NONE', #6032, #3451, #748, .T. ) ;
#1796 = LINE ( 'NONE', #2179, #1576 ) ;
#1797 = EDGE_CURVE ( 'NONE', #4525, #2794, #831, .T. ) ;
#1798 = LINE ( 'NONE', #2648, #6179 ) ;
#1799 = VERTEX_POINT ( 'NONE', #5341 ) ;
#1800 = DIRECTION ( 'NONE',  ( -1.000000000000000000, 0.000000000000000000, -2.710505431213760099E-16 ) ) ;
#1801 = AXIS2_PLACEMENT_3D ( 'NONE', #1085, #1538, #6136 ) ;
#1802 = PLANE ( 'NONE',  #2969 ) ;
#1803 = ORIENTED_EDGE ( 'NONE', *, *, #468, .F. ) ;
#1804 = ORIENTED_EDGE ( 'NONE', *, *, #5601, .F. ) ;
#1805 = VECTOR ( 'NONE', #2336, 1000.000000000000000 ) ;
#1806 = PLANE ( 'NONE',  #1200 ) ;
#1807 = CARTESIAN_POINT ( 'NONE',  ( 1.920000000000000373, 8.040147056835873940, -1.020000000000000018 ) ) ;
#1808 = VECTOR ( 'NONE', #943, 1000.000000000000000 ) ;
#1809 = EDGE_CURVE ( 'NONE', #1980, #252, #843, .T. ) ;
#1810 = ADVANCED_FACE ( 'NONE', ( #5376 ), #734, .T. ) ;
#1811 = LINE ( 'NONE', #2175, #6240 ) ;
#1812 = EDGE_CURVE ( 'NONE', #1694, #3119, #5307, .T. ) ;
#1813 = ORIENTED_EDGE ( 'NONE', *, *, #3169, .F. ) ;
#1814 = ORIENTED_EDGE ( 'NONE', *, *, #1542, .T. ) ;
#1815 = AXIS2_PLACEMENT_3D ( 'NONE', #2701, #5394, #5883 ) ;
#1816 = EDGE_LOOP ( 'NONE', ( #5750, #5589, #1197, #1248 ) ) ;
#1817 = VECTOR ( 'NONE', #2682, 1000.000000000000000 ) ;
#1818 = MANIFOLD_SOLID_BREP ( 'Boss-Extrude6[3]', #3664 ) ;
#1819 = DIRECTION ( 'NONE',  ( -1.000000000000000000, -0.000000000000000000, -0.000000000000000000 ) ) ;
#1820 = CARTESIAN_POINT ( 'NONE',  ( 2.399999999999999911, 1.000000000000000000, 0.7499999999999995559 ) ) ;
#1821 = LINE ( 'NONE', #2456, #6347 ) ;
#1822 = DIRECTION ( 'NONE',  ( 1.000000000000000000, -0.000000000000000000, 0.000000000000000000 ) ) ;
#1823 = DIRECTION ( 'NONE',  ( -0.000000000000000000, 1.000000000000000000, -0.000000000000000000 ) ) ;
#1824 = VECTOR ( 'NONE', #3227, 1000.000000000000000 ) ;
#1825 = ADVANCED_FACE ( 'NONE', ( #5239 ), #816, .F. ) ;
#1826 = EDGE_LOOP ( 'NONE', ( #6496, #5570, #5829, #3189 ) ) ;
#1827 = EDGE_CURVE ( 'NONE', #3610, #220, #1124, .T. ) ;
#1828 = DIRECTION ( 'NONE',  ( -1.000000000000000000, 0.000000000000000000, 0.000000000000000000 ) ) ;
#1829 = ORIENTED_EDGE ( 'NONE', *, *, #458, .F. ) ;
#1830 = EDGE_LOOP ( 'NONE', ( #6111, #6600, #3961, #3813 ) ) ;
#1831 = CYLINDRICAL_SURFACE ( 'NONE', #474, 0.1000000000000004774 ) ;
#1832 = LINE ( 'NONE', #4677, #1921 ) ;
#1833 = DIRECTION ( 'NONE',  ( -0.000000000000000000, 1.000000000000000000, -0.000000000000000000 ) ) ;
#1834 = LINE ( 'NONE', #2216, #1824 ) ;
#1835 = DIRECTION ( 'NONE',  ( -1.000000000000000000, 0.000000000000000000, 0.000000000000000000 ) ) ;
#1836 = VERTEX_POINT ( 'NONE', #2257 ) ;
#1837 = PLANE ( 'NONE',  #3902 ) ;
#1838 = DIRECTION ( 'NONE',  ( -0.000000000000000000, 1.000000000000000000, -0.000000000000000000 ) ) ;
#1839 = ORIENTED_EDGE ( 'NONE', *, *, #6498, .T. ) ;
#1840 = ORIENTED_EDGE ( 'NONE', *, *, #31, .F. ) ;
#1841 = DIRECTION ( 'NONE',  ( 1.000000000000000000, 0.000000000000000000, -7.589415207398531038E-16 ) ) ;
#1842 = COLOUR_RGB ( '',0.9686274509803921573, 0.8784313725490195957, 0.5999999999999999778 ) ;
#1843 = CYLINDRICAL_SURFACE ( 'NONE', #5389, 0.3299999999999995715 ) ;
#1844 = FACE_OUTER_BOUND ( 'NONE', #3397, .T. ) ;
#1845 = ORIENTED_EDGE ( 'NONE', *, *, #982, .T. ) ;
#1846 = DIRECTION ( 'NONE',  ( 0.000000000000000000, 0.000000000000000000, -1.000000000000000000 ) ) ;
#1847 = ORIENTED_EDGE ( 'NONE', *, *, #5222, .F. ) ;
#1848 = ORIENTED_EDGE ( 'NONE', *, *, #3005, .F. ) ;
#1849 = DIRECTION ( 'NONE',  ( 0.000000000000000000, -0.000000000000000000, -1.000000000000000000 ) ) ;
#1850 = ADVANCED_FACE ( 'NONE', ( #3383 ), #5588, .T. ) ;
#1851 = STYLED_ITEM ( 'NONE', ( #5297 ), #1766 ) ;
#1852 = VECTOR ( 'NONE', #4507, 1000.000000000000000 ) ;
#1853 = VECTOR ( 'NONE', #5343, 1000.000000000000000 ) ;
#1854 = CARTESIAN_POINT ( 'NONE',  ( -2.128794717070177089, 0.9999999999999996669, 1.376890707879089293 ) ) ;
#1855 = ORIENTED_EDGE ( 'NONE', *, *, #1270, .T. ) ;
#1856 = ORIENTED_EDGE ( 'NONE', *, *, #3243, .F. ) ;
#1857 = ORIENTED_EDGE ( 'NONE', *, *, #303, .T. ) ;
#1858 = ORIENTED_EDGE ( 'NONE', *, *, #6189, .F. ) ;
#1859 = EDGE_CURVE ( 'NONE', #3175, #2708, #5618, .T. ) ;
#1860 = CARTESIAN_POINT ( 'NONE',  ( 1.920000000000000373, 1.100000000000000089, -1.370000000000000107 ) ) ;
#1861 = CARTESIAN_POINT ( 'NONE',  ( 2.270000000000000462, 1.149999999999999911, -1.020000000000000018 ) ) ;
#1862 = LINE ( 'NONE', #4780, #4282 ) ;
#1863 = DIRECTION ( 'NONE',  ( 0.000000000000000000, 0.000000000000000000, 1.000000000000000000 ) ) ;
#1864 = ADVANCED_FACE ( 'NONE', ( #1153 ), #4654, .T. ) ;
#1865 = CARTESIAN_POINT ( 'NONE',  ( -2.399999999999998135, 0.2500000000000001110, -0.5499999999999983791 ) ) ;
#1866 = EDGE_CURVE ( 'NONE', #5177, #584, #3245, .T. ) ;
#1867 = ORIENTED_EDGE ( 'NONE', *, *, #4876, .F. ) ;
#1868 = CARTESIAN_POINT ( 'NONE',  ( -2.320000000000000284, 1.069999999999999840, -1.020000000000000018 ) ) ;
#1869 = EDGE_CURVE ( 'NONE', #1552, #682, #992, .T. ) ;
#1870 = VERTEX_POINT ( 'NONE', #2055 ) ;
#1871 = LINE ( 'NONE', #378, #1895 ) ;
#1872 = CIRCLE ( 'NONE', #2160, 0.3299999999999997935 ) ;
#1873 = EDGE_LOOP ( 'NONE', ( #605, #630, #616, #3742 ) ) ;
#1874 = FACE_OUTER_BOUND ( 'NONE', #420, .T. ) ;
#1875 = DIRECTION ( 'NONE',  ( 0.000000000000000000, 1.000000000000000000, 0.000000000000000000 ) ) ;
#1876 = PRESENTATION_STYLE_ASSIGNMENT (( #515 ) ) ;
#1877 = EDGE_LOOP ( 'NONE', ( #3623, #1131, #959, #3220 ) ) ;
#1878 = CARTESIAN_POINT ( 'NONE',  ( -2.400000000000001243, 1.000000000000000000, -0.3399999999999999134 ) ) ;
#1879 = EDGE_CURVE ( 'NONE', #1870, #3936, #5509, .T. ) ;
#1880 = CARTESIAN_POINT ( 'NONE',  ( -1.560000000000000053, 0.5000000000000000000, 1.599999999999999867 ) ) ;
#1881 = DIRECTION ( 'NONE',  ( 0.000000000000000000, 0.000000000000000000, 1.000000000000000000 ) ) ;
#1882 = ORIENTED_EDGE ( 'NONE', *, *, #1790, .T. ) ;
#1883 = VECTOR ( 'NONE', #4739, 1000.000000000000000 ) ;
#1884 = DIRECTION ( 'NONE',  ( 0.000000000000000000, -0.000000000000000000, 1.000000000000000000 ) ) ;
#1885 = PRESENTATION_STYLE_ASSIGNMENT (( #561 ) ) ;
#1886 = EDGE_CURVE ( 'NONE', #3570, #2354, #5482, .T. ) ;
#1887 = ORIENTED_EDGE ( 'NONE', *, *, #4394, .F. ) ;
#1888 = CIRCLE ( 'NONE', #3121, 0.1000000000000009076 ) ;
#1889 = AXIS2_PLACEMENT_3D ( 'NONE', #1414, #6638, #2919 ) ;
#1890 = FACE_OUTER_BOUND ( 'NONE', #1718, .T. ) ;
#1891 = VERTEX_POINT ( 'NONE', #2477 ) ;
#1892 = CARTESIAN_POINT ( 'NONE',  ( -1.660000000000000808, 0.000000000000000000, 1.599999999999999645 ) ) ;
#1893 = CARTESIAN_POINT ( 'NONE',  ( 2.500000000000000444, 1.300000000000000044, 0.4499999999999990119 ) ) ;
#1894 = ORIENTED_EDGE ( 'NONE', *, *, #2398, .T. ) ;
#1895 = VECTOR ( 'NONE', #5071, 1000.000000000000000 ) ;
#1896 = LINE ( 'NONE', #6041, #6433 ) ;
#1897 = CARTESIAN_POINT ( 'NONE',  ( -0.9800000000000004263, -1.562049935181331506, 1.499999999999998890 ) ) ;
#1898 = ORIENTED_EDGE ( 'NONE', *, *, #5661, .T. ) ;
#1899 = PLANE ( 'NONE',  #3885 ) ;
#1900 = CARTESIAN_POINT ( 'NONE',  ( -2.399999999999998135, 0.8500000000000000888, -0.5499999999999983791 ) ) ;
#1901 = VECTOR ( 'NONE', #2704, 1000.000000000000000 ) ;
#1902 = DIRECTION ( 'NONE',  ( 0.000000000000000000, 1.000000000000000000, 0.000000000000000000 ) ) ;
#1903 = AXIS2_PLACEMENT_3D ( 'NONE', #2684, #2596, #2546 ) ;
#1904 = VERTEX_POINT ( 'NONE', #5599 ) ;
#1905 = ORIENTED_EDGE ( 'NONE', *, *, #5731, .F. ) ;
#1906 = LINE ( 'NONE', #3915, #4140 ) ;
#1907 = VECTOR ( 'NONE', #4762, 1000.000000000000000 ) ;
#1908 = ORIENTED_EDGE ( 'NONE', *, *, #2868, .T. ) ;
#1909 = DIRECTION ( 'NONE',  ( 2.125886612716674587E-16, -0.000000000000000000, 1.000000000000000000 ) ) ;
#1910 = DIRECTION ( 'NONE',  ( -0.000000000000000000, 1.000000000000000000, 0.000000000000000000 ) ) ;
#1911 = FACE_OUTER_BOUND ( 'NONE', #2784, .T. ) ;
#1912 = DIRECTION ( 'NONE',  ( -0.000000000000000000, 1.000000000000000000, -0.000000000000000000 ) ) ;
#1913 = LINE ( 'NONE', #2051, #6334 ) ;
#1914 = DIRECTION ( 'NONE',  ( -1.000000000000000000, -0.000000000000000000, -0.000000000000000000 ) ) ;
#1915 = ORIENTED_EDGE ( 'NONE', *, *, #1480, .F. ) ;
#1916 = CARTESIAN_POINT ( 'NONE',  ( -2.499999999999997780, 1.300000000000000044, -1.599999999999999867 ) ) ;
#1917 = CARTESIAN_POINT ( 'NONE',  ( -2.387196363658718123, 1.000000000000000000, -1.129776755169107361 ) ) ;
#1918 = ORIENTED_EDGE ( 'NONE', *, *, #215, .T. ) ;
#1919 = LINE ( 'NONE', #2893, #6464 ) ;
#1920 = ORIENTED_EDGE ( 'NONE', *, *, #820, .T. ) ;
#1921 = VECTOR ( 'NONE', #3967, 1000.000000000000000 ) ;
#1922 = ADVANCED_FACE ( 'NONE', ( #3305 ), #518, .T. ) ;
#1923 = EDGE_CURVE ( 'NONE', #5141, #3843, #3273, .T. ) ;
#1924 = DIRECTION ( 'NONE',  ( -1.000000000000000000, -0.000000000000000000, 0.000000000000000000 ) ) ;
#1925 = FACE_OUTER_BOUND ( 'NONE', #5232, .T. ) ;
#1926 = CARTESIAN_POINT ( 'NONE',  ( 1.920000000000000373, 1.149999999999999911, 1.370000000000000551 ) ) ;
#1927 = ORIENTED_EDGE ( 'NONE', *, *, #4402, .T. ) ;
#1928 = DIRECTION ( 'NONE',  ( -0.000000000000000000, 1.000000000000000000, -0.000000000000000000 ) ) ;
#1929 = DIRECTION ( 'NONE',  ( 1.000000000000000000, 0.000000000000000000, -1.129377263005733621E-16 ) ) ;
#1930 = ORIENTED_EDGE ( 'NONE', *, *, #3571, .T. ) ;
#1931 = FACE_OUTER_BOUND ( 'NONE', #3357, .T. ) ;
#1932 = DIRECTION ( 'NONE',  ( 0.000000000000000000, 0.000000000000000000, 1.000000000000000000 ) ) ;
#1933 = CYLINDRICAL_SURFACE ( 'NONE', #1495, 0.09999999999999982514 ) ;
#1934 = DIRECTION ( 'NONE',  ( -0.000000000000000000, -1.000000000000000000, -0.000000000000000000 ) ) ;
#1935 = ORIENTED_EDGE ( 'NONE', *, *, #5997, .F. ) ;
#1936 = LINE ( 'NONE', #2528, #1852 ) ;
#1937 = LINE ( 'NONE', #5685, #4145 ) ;
#1938 = EDGE_CURVE ( 'NONE', #2020, #4673, #5536, .T. ) ;
#1939 = ORIENTED_EDGE ( 'NONE', *, *, #3405, .F. ) ;
#1940 = DIRECTION ( 'NONE',  ( 0.000000000000000000, 1.000000000000000000, 0.000000000000000000 ) ) ;
#1941 = AXIS2_PLACEMENT_3D ( 'NONE', #3256, #2810, #3337 ) ;
#1942 = CARTESIAN_POINT ( 'NONE',  ( -2.399999999999999911, 0.8500000000000000888, 0.5499999999999983791 ) ) ;
#1943 = ORIENTED_EDGE ( 'NONE', *, *, #602, .T. ) ;
#1944 = FACE_OUTER_BOUND ( 'NONE', #3138, .T. ) ;
#1945 = CIRCLE ( 'NONE', #5486, 0.1000000000000009076 ) ;
#1946 = CARTESIAN_POINT ( 'NONE',  ( 1.870000000000000773, 0.5000000000000000000, 0.5999999999999992006 ) ) ;
#1947 = ORIENTED_EDGE ( 'NONE', *, *, #6056, .T. ) ;
#1948 = DIRECTION ( 'NONE',  ( -0.000000000000000000, 1.000000000000000000, 0.000000000000000000 ) ) ;
#1949 = DIRECTION ( 'NONE',  ( 0.000000000000000000, 0.000000000000000000, -1.000000000000000000 ) ) ;
#1950 = CIRCLE ( 'NONE', #1055, 0.09999999999999971412 ) ;
#1951 = DIRECTION ( 'NONE',  ( -1.000000000000000000, 0.000000000000000000, 9.035018104045870694E-17 ) ) ;
#1952 = ORIENTED_EDGE ( 'NONE', *, *, #4093, .T. ) ;
#1953 = EDGE_LOOP ( 'NONE', ( #4752, #3187, #5493, #245 ) ) ;
#1954 = VECTOR ( 'NONE', #4883, 1000.000000000000000 ) ;
#1955 = AXIS2_PLACEMENT_3D ( 'NONE', #2283, #2808, #6320 ) ;
#1956 = ORIENTED_EDGE ( 'NONE', *, *, #3330, .T. ) ;
#1957 = EDGE_CURVE ( 'NONE', #4203, #991, #3285, .T. ) ;
#1958 = DIRECTION ( 'NONE',  ( 0.000000000000000000, 0.000000000000000000, 1.000000000000000000 ) ) ;
#1959 = DIRECTION ( 'NONE',  ( 0.000000000000000000, -0.000000000000000000, 1.000000000000000000 ) ) ;
#1960 = LINE ( 'NONE', #2889, #6436 ) ;
#1961 = EDGE_CURVE ( 'NONE', #5315, #4686, #1104, .T. ) ;
#1962 = DIRECTION ( 'NONE',  ( 0.000000000000000000, 0.000000000000000000, -1.000000000000000000 ) ) ;
#1963 = CIRCLE ( 'NONE', #841, 0.1000000000000004774 ) ;
#1964 = CARTESIAN_POINT ( 'NONE',  ( -2.499999999999998668, 0.8500000000000000888, -0.4499999999999987899 ) ) ;
#1965 = VERTEX_POINT ( 'NONE', #4541 ) ;
#1966 = DIRECTION ( 'NONE',  ( -1.000000000000000000, 0.000000000000000000, -0.000000000000000000 ) ) ;
#1967 = DIRECTION ( 'NONE',  ( -2.125886612716674587E-16, 0.000000000000000000, -1.000000000000000000 ) ) ;
#1968 = VERTEX_POINT ( 'NONE', #469 ) ;
#1969 = FACE_OUTER_BOUND ( 'NONE', #3034, .T. ) ;
#1970 = LINE ( 'NONE', #1946, #6548 ) ;
#1971 = ORIENTED_EDGE ( 'NONE', *, *, #2345, .F. ) ;
#1972 = VECTOR ( 'NONE', #999, 1000.000000000000000 ) ;
#1973 = EDGE_CURVE ( 'NONE', #6407, #5284, #5421, .T. ) ;
#1974 = DIRECTION ( 'NONE',  ( 0.000000000000000000, 0.000000000000000000, -1.000000000000000000 ) ) ;
#1975 = EDGE_CURVE ( 'NONE', #41, #935, #3393, .T. ) ;
#1976 = CARTESIAN_POINT ( 'NONE',  ( 1.920000000000000373, 1.149999999999999911, -1.020000000000000018 ) ) ;
#1977 = EDGE_LOOP ( 'NONE', ( #794, #2326, #2355, #2423 ) ) ;
#1978 = DIRECTION ( 'NONE',  ( 0.000000000000000000, 1.000000000000000000, 0.000000000000000000 ) ) ;
#1979 = DIRECTION ( 'NONE',  ( 1.000000000000000000, 0.000000000000000000, 2.710505431213760099E-16 ) ) ;
#1980 = VERTEX_POINT ( 'NONE', #1518 ) ;
#1981 = AXIS2_PLACEMENT_3D ( 'NONE', #4838, #4492, #3914 ) ;
#1982 = FACE_OUTER_BOUND ( 'NONE', #1992, .T. ) ;
#1983 = DIRECTION ( 'NONE',  ( -0.000000000000000000, 1.000000000000000000, -0.000000000000000000 ) ) ;
#1984 = LINE ( 'NONE', #5532, #6495 ) ;
#1985 = DIRECTION ( 'NONE',  ( -1.000000000000000000, 0.000000000000000000, -2.710505431213760099E-16 ) ) ;
#1986 = ORIENTED_EDGE ( 'NONE', *, *, #847, .F. ) ;
#1987 = LINE ( 'NONE', #1426, #2075 ) ;
#1988 = ADVANCED_FACE ( 'NONE', ( #1090 ), #1024, .T. ) ;
#1989 = AXIS2_PLACEMENT_3D ( 'NONE', #5199, #6615, #2497 ) ;
#1990 = SURFACE_STYLE_FILL_AREA ( #5644 ) ;
#1991 = EDGE_CURVE ( 'NONE', #5215, #2128, #5433, .T. ) ;
#1992 = EDGE_LOOP ( 'NONE', ( #1519, #760, #3511, #3340 ) ) ;
#1993 = EDGE_CURVE ( 'NONE', #5914, #5334, #5442, .T. ) ;
#1994 = DIRECTION ( 'NONE',  ( 0.000000000000000000, -1.000000000000000000, 0.000000000000000000 ) ) ;
#1995 = CARTESIAN_POINT ( 'NONE',  ( 0.6399999999999999023, 1.069999999999999840, -1.420000000000000151 ) ) ;
#1996 = ORIENTED_EDGE ( 'NONE', *, *, #5046, .F. ) ;
#1997 = VECTOR ( 'NONE', #6023, 1000.000000000000000 ) ;
#1998 = FACE_OUTER_BOUND ( 'NONE', #5691, .T. ) ;
#1999 = DIRECTION ( 'NONE',  ( -1.000000000000000000, 0.000000000000000000, 0.000000000000000000 ) ) ;
#2000 = AXIS2_PLACEMENT_3D ( 'NONE', #5907, #4452, #6441 ) ;
#2001 = CLOSED_SHELL ( 'NONE', ( #4417, #1850, #1864, #431 ) ) ;
#2002 = DIRECTION ( 'NONE',  ( -0.000000000000000000, 0.000000000000000000, 1.000000000000000000 ) ) ;
#2003 = CARTESIAN_POINT ( 'NONE',  ( -1.559999999999999831, 0.000000000000000000, -1.599999999999999867 ) ) ;
#2004 = LINE ( 'NONE', #446, #6583 ) ;
#2005 = FACE_OUTER_BOUND ( 'NONE', #2452, .T. ) ;
#2006 = AXIS2_PLACEMENT_3D ( 'NONE', #5107, #5631, #6103 ) ;
#2007 = ORIENTED_EDGE ( 'NONE', *, *, #4859, .F. ) ;
#2008 = EDGE_CURVE ( 'NONE', #6536, #3342, #5576, .T. ) ;
#2009 = ORIENTED_EDGE ( 'NONE', *, *, #1869, .F. ) ;
#2010 = LINE ( 'NONE', #5280, #2095 ) ;
#2011 = VECTOR ( 'NONE', #1307, 1000.000000000000000 ) ;
#2012 = VERTEX_POINT ( 'NONE', #5559 ) ;
#2013 = PLANE ( 'NONE',  #3367 ) ;
#2014 = DIRECTION ( 'NONE',  ( 0.000000000000000000, 0.000000000000000000, -1.000000000000000000 ) ) ;
#2015 = FACE_OUTER_BOUND ( 'NONE', #3442, .T. ) ;
#2016 = CARTESIAN_POINT ( 'NONE',  ( -2.319999999999999840, 1.069999999999999840, -1.020000000000000240 ) ) ;
#2017 = VECTOR ( 'NONE', #491, 1000.000000000000000 ) ;
#2018 = CARTESIAN_POINT ( 'NONE',  ( -2.250000000000000000, 1.239999999999999769, 1.020000000000000462 ) ) ;
#2019 = DIRECTION ( 'NONE',  ( 0.000000000000000000, 0.000000000000000000, -1.000000000000000000 ) ) ;
#2020 = VERTEX_POINT ( 'NONE', #6027 ) ;
#2021 = CARTESIAN_POINT ( 'NONE',  ( 0.9800000000000004263, 0.000000000000000000, -1.499999999999998890 ) ) ;
#2022 = EDGE_LOOP ( 'NONE', ( #4142, #1319, #3199, #6446, #985, #287, #3318, #2444 ) ) ;
#2023 = LINE ( 'NONE', #2161, #6392 ) ;
#2024 = EDGE_CURVE ( 'NONE', #5492, #6173, #3186, .T. ) ;
#2025 = VERTEX_POINT ( 'NONE', #1477 ) ;
#2026 = STYLED_ITEM ( 'NONE', ( #5857 ), #2358 ) ;
#2027 = VECTOR ( 'NONE', #526, 1000.000000000000000 ) ;
#2028 = CARTESIAN_POINT ( 'NONE',  ( -1.870000000000000551, 0.5000000000000000000, 1.599999999999999645 ) ) ;
#2029 = DIRECTION ( 'NONE',  ( -0.000000000000000000, -0.000000000000000000, 1.000000000000000000 ) ) ;
#2030 = ORIENTED_EDGE ( 'NONE', *, *, #2485, .T. ) ;
#2031 = PLANE ( 'NONE',  #4890 ) ;
#2032 = DIRECTION ( 'NONE',  ( -0.000000000000000000, 1.000000000000000000, 0.000000000000000000 ) ) ;
#2033 = ORIENTED_EDGE ( 'NONE', *, *, #5159, .F. ) ;
#2034 = FACE_OUTER_BOUND ( 'NONE', #1953, .T. ) ;
#2035 = CARTESIAN_POINT ( 'NONE',  ( -2.299999999999998490, 0.8500000000000000888, -0.4499999999999987343 ) ) ;
#2036 = EDGE_LOOP ( 'NONE', ( #4834, #4851, #4253, #367 ) ) ;
#2037 = ADVANCED_FACE ( 'NONE', ( #1161 ), #3599, .T. ) ;
#2038 = EDGE_CURVE ( 'NONE', #4318, #5508, #3206, .T. ) ;
#2039 = VECTOR ( 'NONE', #3251, 1000.000000000000000 ) ;
#2040 = AXIS2_PLACEMENT_3D ( 'NONE', #3695, #4230, #6283 ) ;
#2041 = LINE ( 'NONE', #6633, #1901 ) ;
#2042 = ORIENTED_EDGE ( 'NONE', *, *, #6250, .T. ) ;
#2043 = CARTESIAN_POINT ( 'NONE',  ( -2.399999999999999911, 0.2500000000000001110, 0.5499999999999983791 ) ) ;
#2044 = DIRECTION ( 'NONE',  ( 1.000000000000000000, 0.000000000000000000, 0.000000000000000000 ) ) ;
#2045 = ORIENTED_EDGE ( 'NONE', *, *, #633, .F. ) ;
#2046 = VECTOR ( 'NONE', #1491, 1000.000000000000000 ) ;
#2047 = LINE ( 'NONE', #1454, #6647 ) ;
#2048 = CARTESIAN_POINT ( 'NONE',  ( 1.920000000000000373, 0.9999999999999998890, 1.420000000000000595 ) ) ;
#2049 = ORIENTED_EDGE ( 'NONE', *, *, #4979, .F. ) ;
#2050 = PLANE ( 'NONE',  #5903 ) ;
#2051 = CARTESIAN_POINT ( 'NONE',  ( -2.399999999999999911, 0.2500000000000001110, 0.7499999999999991118 ) ) ;
#2052 = EDGE_CURVE ( 'NONE', #571, #5726, #1113, .T. ) ;
#2053 = VECTOR ( 'NONE', #2670, 1000.000000000000000 ) ;
#2054 = ADVANCED_FACE ( 'NONE', ( #3336 ), #29, .T. ) ;
#2055 = CARTESIAN_POINT ( 'NONE',  ( 1.870000000000001217, 0.5000000000000000000, -1.599999999999999201 ) ) ;
#2056 = ORIENTED_EDGE ( 'NONE', *, *, #2961, .T. ) ;
#2057 = ORIENTED_EDGE ( 'NONE', *, *, #343, .F. ) ;
#2058 = VECTOR ( 'NONE', #2981, 1000.000000000000000 ) ;
#2059 =( GEOMETRIC_REPRESENTATION_CONTEXT ( 3 ) GLOBAL_UNCERTAINTY_ASSIGNED_CONTEXT ( ( #5548 ) ) GLOBAL_UNIT_ASSIGNED_CONTEXT ( ( #4297, #4388, #4346 ) ) REPRESENTATION_CONTEXT ( 'NONE', 'WORKASPACE' ) );
#2060 = ORIENTED_EDGE ( 'NONE', *, *, #5032, .F. ) ;
#2061 = PLANE ( 'NONE',  #1889 ) ;
#2062 = CARTESIAN_POINT ( 'NONE',  ( 0.8799999999999990052, 0.000000000000000000, 1.599999999999999423 ) ) ;
#2063 = LINE ( 'NONE', #3899, #4092 ) ;
#2064 = MECHANICAL_DESIGN_GEOMETRIC_PRESENTATION_REPRESENTATION (  '', ( #4151 ), #731 ) ;
#2065 = CARTESIAN_POINT ( 'NONE',  ( 2.299999999999998490, 0.2500000000000000555, -0.8499999999999989786 ) ) ;
#2066 = DIRECTION ( 'NONE',  ( -0.000000000000000000, -1.000000000000000000, -0.000000000000000000 ) ) ;
#2067 = CARTESIAN_POINT ( 'NONE',  ( -0.6700000000000002620, 0.5000000000000000000, -0.5999999999999997558 ) ) ;
#2068 = ORIENTED_EDGE ( 'NONE', *, *, #576, .F. ) ;
#2069 = PLANE ( 'NONE',  #6267 ) ;
#2070 = VERTEX_POINT ( 'NONE', #1180 ) ;
#2071 = LINE ( 'NONE', #729, #6343 ) ;
#2072 = FACE_OUTER_BOUND ( 'NONE', #4971, .T. ) ;
#2073 = VERTEX_POINT ( 'NONE', #1691 ) ;
#2074 = EDGE_CURVE ( 'NONE', #5900, #2436, #1014, .T. ) ;
#2075 = VECTOR ( 'NONE', #6523, 1000.000000000000000 ) ;
#2076 = CARTESIAN_POINT ( 'NONE',  ( 0.8799999999999990052, 0.5000000000000000000, 1.599999999999999423 ) ) ;
#2077 = VECTOR ( 'NONE', #1406, 1000.000000000000000 ) ;
#2078 = CARTESIAN_POINT ( 'NONE',  ( 1.870000000000000773, 0.5000000000000000000, 0.5999999999999992006 ) ) ;
#2079 = AXIS2_PLACEMENT_3D ( 'NONE', #5994, #4594, #578 ) ;
#2080 = PLANE ( 'NONE',  #5860 ) ;
#2081 = ORIENTED_EDGE ( 'NONE', *, *, #1866, .F. ) ;
#2082 = DIRECTION ( 'NONE',  ( 0.000000000000000000, 1.000000000000000000, 0.000000000000000000 ) ) ;
#2083 = DIRECTION ( 'NONE',  ( -1.000000000000000000, 0.000000000000000000, 0.000000000000000000 ) ) ;
#2084 = DIRECTION ( 'NONE',  ( 0.000000000000000000, 0.000000000000000000, 1.000000000000000000 ) ) ;
#2085 = ORIENTED_EDGE ( 'NONE', *, *, #3975, .T. ) ;
#2086 = LINE ( 'NONE', #3572, #2058 ) ;
#2087 = LINE ( 'NONE', #5049, #4315 ) ;
#2088 = CARTESIAN_POINT ( 'NONE',  ( 1.920000000000000373, -4.290147056835873940, -1.350000000000000089 ) ) ;
#2089 = ORIENTED_EDGE ( 'NONE', *, *, #3448, .T. ) ;
#2090 = EDGE_CURVE ( 'NONE', #2020, #3838, #1045, .T. ) ;
#2091 = CIRCLE ( 'NONE', #2862, 0.09999999999999982514 ) ;
#2092 = ORIENTED_EDGE ( 'NONE', *, *, #4900, .T. ) ;
#2093 = CARTESIAN_POINT ( 'NONE',  ( -0.9799999999999999822, 1.000000000000000000, 1.599999999999999867 ) ) ;
#2094 = ORIENTED_EDGE ( 'NONE', *, *, #5604, .T. ) ;
#2095 = VECTOR ( 'NONE', #1441, 999.9999999999998863 ) ;
#2096 = FACE_OUTER_BOUND ( 'NONE', #4127, .T. ) ;
#2097 = DIRECTION ( 'NONE',  ( -0.000000000000000000, 1.000000000000000000, -0.000000000000000000 ) ) ;
#2098 = VERTEX_POINT ( 'NONE', #5849 ) ;
#2099 = DIRECTION ( 'NONE',  ( 0.000000000000000000, -0.000000000000000000, 1.000000000000000000 ) ) ;
#2100 = ADVANCED_FACE ( 'NONE', ( #5546 ), #5469, .F. ) ;
#2101 = CARTESIAN_POINT ( 'NONE',  ( 1.920000000000000373, 1.069999999999999840, -1.420000000000000151 ) ) ;
#2102 = EDGE_CURVE ( 'NONE', #1272, #3163, #5497, .T. ) ;
#2103 = TOROIDAL_SURFACE ( 'NONE', #4156, 0.2699999999999995737, 0.05999999999999999778 ) ;
#2104 = CARTESIAN_POINT ( 'NONE',  ( -1.920000000000000373, 1.149999999999999911, 1.020000000000000462 ) ) ;
#2105 = ORIENTED_EDGE ( 'NONE', *, *, #588, .T. ) ;
#2106 = ORIENTED_EDGE ( 'NONE', *, *, #6060, .T. ) ;
#2107 = VECTOR ( 'NONE', #1128, 1000.000000000000000 ) ;
#2108 = LINE ( 'NONE', #3774, #2174 ) ;
#2109 = DIRECTION ( 'NONE',  ( 0.000000000000000000, -1.000000000000000000, 0.000000000000000000 ) ) ;
#2110 = DIRECTION ( 'NONE',  ( 0.000000000000000000, 0.000000000000000000, 1.000000000000000000 ) ) ;
#2111 = ADVANCED_FACE ( 'NONE', ( #3356 ), #1134, .T. ) ;
#2112 = CARTESIAN_POINT ( 'NONE',  ( -2.500000000000000444, 0.8500000000000000888, 0.8499999999999985345 ) ) ;
#2113 = FACE_OUTER_BOUND ( 'NONE', #5600, .T. ) ;
#2114 = EDGE_CURVE ( 'NONE', #1639, #4688, #5454, .T. ) ;
#2115 = DIRECTION ( 'NONE',  ( 1.000000000000000000, 0.000000000000000000, 0.000000000000000000 ) ) ;
#2116 = ORIENTED_EDGE ( 'NONE', *, *, #1301, .T. ) ;
#2117 = DIRECTION ( 'NONE',  ( -0.000000000000000000, 0.000000000000000000, -1.000000000000000000 ) ) ;
#2118 = AXIS2_PLACEMENT_3D ( 'NONE', #2779, #6285, #1092 ) ;
#2119 = ORIENTED_EDGE ( 'NONE', *, *, #4336, .F. ) ;
#2120 = VECTOR ( 'NONE', #2823, 1000.000000000000000 ) ;
#2121 = DIRECTION ( 'NONE',  ( -0.000000000000000000, -1.000000000000000000, -0.000000000000000000 ) ) ;
#2122 = LINE ( 'NONE', #6649, #2337 ) ;
#2123 = DIRECTION ( 'NONE',  ( -0.000000000000000000, -1.000000000000000000, -0.000000000000000000 ) ) ;
#2124 = CARTESIAN_POINT ( 'NONE',  ( -2.300000000000000266, 0.8500000000000000888, 0.8499999999999985345 ) ) ;
#2125 = EDGE_LOOP ( 'NONE', ( #5356, #884, #4643, #2116 ) ) ;
#2126 = DIRECTION ( 'NONE',  ( 2.710505431213760099E-16, -0.000000000000000000, 1.000000000000000000 ) ) ;
#2127 = PLANE ( 'NONE',  #6110 ) ;
#2128 = VERTEX_POINT ( 'NONE', #3711 ) ;
#2129 = CIRCLE ( 'NONE', #804, 0.09999999999999982514 ) ;
#2130 = VECTOR ( 'NONE', #7, 1000.000000000000000 ) ;
#2131 = DIRECTION ( 'NONE',  ( 0.000000000000000000, 0.000000000000000000, -1.000000000000000000 ) ) ;
#2132 = EDGE_CURVE ( 'NONE', #3432, #5597, #1035, .T. ) ;
#2133 = CIRCLE ( 'NONE', #1369, 0.3500000000000000333 ) ;
#2134 = VERTEX_POINT ( 'NONE', #2144 ) ;
#2135 = AXIS2_PLACEMENT_3D ( 'NONE', #3017, #6167, #6084 ) ;
#2136 = EDGE_CURVE ( 'NONE', #1387, #6611, #1058, .T. ) ;
#2137 = ORIENTED_EDGE ( 'NONE', *, *, #4855, .T. ) ;
#2138 = CIRCLE ( 'NONE', #4616, 0.04999999999999991257 ) ;
#2139 = CARTESIAN_POINT ( 'NONE',  ( -2.399999999999999911, 0.000000000000000000, -0.5499999999999992673 ) ) ;
#2140 = DIRECTION ( 'NONE',  ( 0.000000000000000000, 0.000000000000000000, -1.000000000000000000 ) ) ;
#2141 = DIRECTION ( 'NONE',  ( 0.000000000000000000, 0.000000000000000000, 1.000000000000000000 ) ) ;
#2142 = EDGE_CURVE ( 'NONE', #5713, #3898, #3263, .T. ) ;
#2143 = VECTOR ( 'NONE', #4605, 1000.000000000000000 ) ;
#2144 = CARTESIAN_POINT ( 'NONE',  ( -2.399999999999999911, 0.8500000000000000888, 0.7499999999999991118 ) ) ;
#2145 = EDGE_CURVE ( 'NONE', #3222, #5725, #3578, .T. ) ;
#2146 = ORIENTED_EDGE ( 'NONE', *, *, #6629, .T. ) ;
#2147 = ORIENTED_EDGE ( 'NONE', *, *, #837, .T. ) ;
#2148 = AXIS2_PLACEMENT_3D ( 'NONE', #2577, #3965, #5033 ) ;
#2149 = UNCERTAINTY_MEASURE_WITH_UNIT (LENGTH_MEASURE( 1.000000000000000082E-05 ), #4964, 'distance_accuracy_value', 'NONE');
#2150 = ADVANCED_FACE ( 'NONE', ( #1172 ), #3196, .F. ) ;
#2151 = DIRECTION ( 'NONE',  ( 0.000000000000000000, 1.000000000000000000, 0.000000000000000000 ) ) ;
#2152 = LINE ( 'NONE', #6276, #6644 ) ;
#2153 = EDGE_CURVE ( 'NONE', #509, #3347, #1276, .T. ) ;
#2154 = CARTESIAN_POINT ( 'NONE',  ( 0.6700000000000014833, 0.000000000000000000, 1.599999999999999423 ) ) ;
#2155 = CARTESIAN_POINT ( 'NONE',  ( 0.6700000000000007061, -1.562049935181331506, 0.5999999999999995337 ) ) ;
#2156 = ORIENTED_EDGE ( 'NONE', *, *, #247, .T. ) ;
#2157 = DIRECTION ( 'NONE',  ( 0.000000000000000000, 0.000000000000000000, -1.000000000000000000 ) ) ;
#2158 = PRESENTATION_STYLE_ASSIGNMENT (( #5528 ) ) ;
#2159 = LINE ( 'NONE', #2748, #4490 ) ;
#2160 = AXIS2_PLACEMENT_3D ( 'NONE', #6664, #2471, #3004 ) ;
#2161 = CARTESIAN_POINT ( 'NONE',  ( -2.399999999999999467, 1.000000000000000000, -1.600000000000000311 ) ) ;
#2162 = ADVANCED_FACE ( 'NONE', ( #1264 ), #5223, .T. ) ;
#2163 = DIRECTION ( 'NONE',  ( -0.000000000000000000, -1.000000000000000000, -0.000000000000000000 ) ) ;
#2164 = LINE ( 'NONE', #5904, #2177 ) ;
#2165 = DIRECTION ( 'NONE',  ( 0.000000000000000000, 0.000000000000000000, -1.000000000000000000 ) ) ;
#2166 = EDGE_LOOP ( 'NONE', ( #4368, #43, #1804, #6413 ) ) ;
#2167 = CARTESIAN_POINT ( 'NONE',  ( 2.500000000000000444, 0.8500000000000000888, 0.4499999999999990119 ) ) ;
#2168 = CARTESIAN_POINT ( 'NONE',  ( -1.920000000000000373, 1.239999999999999991, 1.290000000000000702 ) ) ;
#2169 = EDGE_CURVE ( 'NONE', #2128, #3222, #1297, .T. ) ;
#2170 = DIRECTION ( 'NONE',  ( 0.000000000000000000, -1.000000000000000000, 0.000000000000000000 ) ) ;
#2171 = DIRECTION ( 'NONE',  ( 0.000000000000000000, 0.000000000000000000, 1.000000000000000000 ) ) ;
#2172 = VECTOR ( 'NONE', #3349, 1000.000000000000000 ) ;
#2173 = DIRECTION ( 'NONE',  ( 0.000000000000000000, 1.000000000000000000, 0.000000000000000000 ) ) ;
#2174 = VECTOR ( 'NONE', #4742, 1000.000000000000000 ) ;
#2175 = CARTESIAN_POINT ( 'NONE',  ( -1.660000000000000808, 1.300000000000000044, 1.599999999999999867 ) ) ;
#2176 = PRESENTATION_STYLE_ASSIGNMENT (( #2239 ) ) ;
#2177 = VECTOR ( 'NONE', #3264, 1000.000000000000000 ) ;
#2178 = ORIENTED_EDGE ( 'NONE', *, *, #2389, .T. ) ;
#2179 = CARTESIAN_POINT ( 'NONE',  ( -0.6700000000000005951, 0.5000000000000000000, -1.599999999999999645 ) ) ;
#2180 = DIRECTION ( 'NONE',  ( 0.000000000000000000, 1.000000000000000000, 0.000000000000000000 ) ) ;
#2181 = CIRCLE ( 'NONE', #2215, 0.09999999999999982514 ) ;
#2182 = FACE_OUTER_BOUND ( 'NONE', #2022, .T. ) ;
#2183 = CARTESIAN_POINT ( 'NONE',  ( -1.170000000000005702, -1.562049935181331506, 0.5999999999999996447 ) ) ;
#2184 = CARTESIAN_POINT ( 'NONE',  ( -2.399999999999998135, 0.8500000000000000888, -0.7499999999999991118 ) ) ;
#2185 = CARTESIAN_POINT ( 'NONE',  ( -0.6399999999999994582, 1.069999999999999840, -1.420000000000000151 ) ) ;
#2186 = CARTESIAN_POINT ( 'NONE',  ( -1.870000000000000329, 0.000000000000000000, -1.599999999999999645 ) ) ;
#2187 = FACE_OUTER_BOUND ( 'NONE', #2125, .T. ) ;
#2188 = DIRECTION ( 'NONE',  ( -0.000000000000000000, 1.000000000000000000, 0.000000000000000000 ) ) ;
#2189 = LINE ( 'NONE', #4893, #2225 ) ;
#2190 = CARTESIAN_POINT ( 'NONE',  ( 2.300000000000000266, 0.2500000000000001110, 0.4499999999999989564 ) ) ;
#2191 = DIRECTION ( 'NONE',  ( 0.000000000000000000, 0.000000000000000000, -1.000000000000000000 ) ) ;
#2192 = LINE ( 'NONE', #860, #6671 ) ;
#2193 = ORIENTED_EDGE ( 'NONE', *, *, #2559, .F. ) ;
#2194 = AXIS2_PLACEMENT_3D ( 'NONE', #6428, #274, #1706 ) ;
#2195 = CARTESIAN_POINT ( 'NONE',  ( 1.870000000000001217, -1.562049935181331506, -1.599999999999999201 ) ) ;
#2196 = CIRCLE ( 'NONE', #2646, 0.09999999999999982514 ) ;
#2197 =( NAMED_UNIT ( * ) SI_UNIT ( $, .STERADIAN. ) SOLID_ANGLE_UNIT ( ) );
#2198 = CARTESIAN_POINT ( 'NONE',  ( 2.499999999999997780, 0.2500000000000001110, -0.5499999999999988232 ) ) ;
#2199 = SURFACE_STYLE_USAGE ( .BOTH. , #1397 ) ;
#2200 = LINE ( 'NONE', #2514, #2343 ) ;
#2201 = FACE_OUTER_BOUND ( 'NONE', #3166, .T. ) ;
#2202 = ADVANCED_FACE ( 'NONE', ( #5836 ), #3437, .F. ) ;
#2203 = ORIENTED_EDGE ( 'NONE', *, *, #5577, .T. ) ;
#2204 = DIRECTION ( 'NONE',  ( 0.000000000000000000, 0.000000000000000000, -1.000000000000000000 ) ) ;
#2205 = LINE ( 'NONE', #5512, #4508 ) ;
#2206 = AXIS2_PLACEMENT_3D ( 'NONE', #5844, #6356, #3789 ) ;
#2207 = CARTESIAN_POINT ( 'NONE',  ( -1.870000000000000329, 0.000000000000000000, 0.5999999999999996447 ) ) ;
#2208 = DIRECTION ( 'NONE',  ( 1.000000000000000000, 0.000000000000000000, 2.168404344971008868E-16 ) ) ;
#2209 = EDGE_CURVE ( 'NONE', #252, #6088, #3577, .T. ) ;
#2210 = CARTESIAN_POINT ( 'NONE',  ( 1.920000000000000373, 1.069999999999999840, -1.420000000000000151 ) ) ;
#2211 = CARTESIAN_POINT ( 'NONE',  ( 2.043435892650968366, 1.000000000000000000, 1.487675741629326920 ) ) ;
#2212 = DIRECTION ( 'NONE',  ( 1.000000000000000000, -0.000000000000000000, -2.710505431213761085E-16 ) ) ;
#2213 = CYLINDRICAL_SURFACE ( 'NONE', #1053, 0.09999999999999982514 ) ;
#2214 = CARTESIAN_POINT ( 'NONE',  ( -2.320000000000000284, 0.9999999999999996669, -0.3399999999999996914 ) ) ;
#2215 = AXIS2_PLACEMENT_3D ( 'NONE', #4414, #5478, #5939 ) ;
#2216 = CARTESIAN_POINT ( 'NONE',  ( -2.320000000000000284, 8.040147056835873940, -1.020000000000000018 ) ) ;
#2217 = ORIENTED_EDGE ( 'NONE', *, *, #1167, .F. ) ;
#2218 = AXIS2_PLACEMENT_3D ( 'NONE', #6259, #3291, #5459 ) ;
#2219 = ADVANCED_FACE ( 'NONE', ( #3608 ), #399, .F. ) ;
#2220 = FACE_OUTER_BOUND ( 'NONE', #1239, .T. ) ;
#2221 = DIRECTION ( 'NONE',  ( 0.000000000000000000, 0.000000000000000000, 1.000000000000000000 ) ) ;
#2222 = EDGE_CURVE ( 'NONE', #3025, #1269, #1306, .T. ) ;
#2223 = CARTESIAN_POINT ( 'NONE',  ( 0.6700000000000007061, 0.000000000000000000, -0.5999999999999995337 ) ) ;
#2224 = LINE ( 'NONE', #4198, #2331 ) ;
#2225 = VECTOR ( 'NONE', #4195, 1000.000000000000000 ) ;
#2226 = CARTESIAN_POINT ( 'NONE',  ( -2.399999999999998135, 0.2500000000000000555, -0.5499999999999983791 ) ) ;
#2227 = CARTESIAN_POINT ( 'NONE',  ( -1.870000000000000551, 0.000000000000000000, 1.599999999999999645 ) ) ;
#2228 = DIRECTION ( 'NONE',  ( -1.000000000000000000, 0.000000000000000000, -0.000000000000000000 ) ) ;
#2229 = EDGE_CURVE ( 'NONE', #3559, #3414, #3529, .T. ) ;
#2230 = CARTESIAN_POINT ( 'NONE',  ( -1.920000000000000373, 0.9999999999999998890, 1.420000000000000595 ) ) ;
#2231 = ORIENTED_EDGE ( 'NONE', *, *, #4061, .F. ) ;
#2232 = LINE ( 'NONE', #782, #6685 ) ;
#2233 = CARTESIAN_POINT ( 'NONE',  ( -1.920000000000000373, 1.069999999999999840, 1.420000000000000595 ) ) ;
#2234 = AXIS2_PLACEMENT_3D ( 'NONE', #6258, #130, #223 ) ;
#2235 = B_SPLINE_CURVE_WITH_KNOTS ( 'NONE', 3,
 ( #3002, #4489, #5066, #968, #5637, #6625 ),
 .UNSPECIFIED., .F., .F.,
 ( 4, 2, 4 ),
 ( 0.000000000000000000, 0.5000000000000000000, 1.000000000000000000 ),
 .UNSPECIFIED. ) ;
#2236 = LINE ( 'NONE', #4294, #4431 ) ;
#2237 = EDGE_CURVE ( 'NONE', #842, #4348, #1068, .T. ) ;
#2238 = DIRECTION ( 'NONE',  ( 0.000000000000000000, -0.000000000000000000, -1.000000000000000000 ) ) ;
#2239 = SURFACE_STYLE_USAGE ( .BOTH. , #1699 ) ;
#2240 = CARTESIAN_POINT ( 'NONE',  ( 1.660000000000000586, -1.562049935181331506, -1.599999999999999201 ) ) ;
#2241 = CLOSED_SHELL ( 'NONE', ( #2529, #443, #4806, #1022, #3908, #4557, #1825, #1591, #504, #5920, #850, #891, #4379, #2260, #237, #4897, #4464, #5813, #661, #5077, #3137, #5910, #3999, #1534, #6106, #4973, #3700, #4365, #6359, #2100, #3412, #2420, #5555, #5620, #2761, #3604, #2150, #5135, #2591, #746, #2957, #4724, #1330, #5485, #3092, #4680, #3077, #5940, #353, #2746, #4518, #4250, #339, #4667, #1442, #4184, #3492, #6047, #182, #1549, #802, #1315, #3892, #1283, #5015, #2360, #862, #379, #4613, #4322, #3302, #967, #6211, #3029, #168, #791, #567, #3249, #3353, #4911, #6576, #6535, #6290, #5197, #65, #5678, #4576, #5962, #5662, #5721, #4955 ) ) ;
#2242 = DIRECTION ( 'NONE',  ( 0.000000000000000000, 0.000000000000000000, -1.000000000000000000 ) ) ;
#2243 = DIRECTION ( 'NONE',  ( 0.000000000000000000, 0.000000000000000000, 1.000000000000000000 ) ) ;
#2244 = AXIS2_PLACEMENT_3D ( 'NONE', #3971, #5041, #5571 ) ;
#2245 = FILL_AREA_STYLE_COLOUR ( '', #764 ) ;
#2246 = CARTESIAN_POINT ( 'NONE',  ( 2.320000000000000284, 1.069999999999999840, -1.020000000000000018 ) ) ;
#2247 = VECTOR ( 'NONE', #3927, 1000.000000000000000 ) ;
#2248 = ORIENTED_EDGE ( 'NONE', *, *, #950, .T. ) ;
#2249 = DIRECTION ( 'NONE',  ( 1.000000000000000000, 0.000000000000000000, -0.000000000000000000 ) ) ;
#2250 = SURFACE_STYLE_FILL_AREA ( #717 ) ;
#2251 = ORIENTED_EDGE ( 'NONE', *, *, #1740, .T. ) ;
#2252 = CARTESIAN_POINT ( 'NONE',  ( 2.172835227157002169, 0.9999999999999997780, -1.428095699438972410 ) ) ;
#2253 = LINE ( 'NONE', #447, #2349 ) ;
#2254 = DIRECTION ( 'NONE',  ( 0.000000000000000000, -0.000000000000000000, 1.000000000000000000 ) ) ;
#2255 = CARTESIAN_POINT ( 'NONE',  ( -0.8799999999999994493, -1.562049935181331506, -1.599999999999999645 ) ) ;
#2256 = CARTESIAN_POINT ( 'NONE',  ( -2.300000000000000266, 0.2500000000000001110, 0.8499999999999985345 ) ) ;
#2257 = CARTESIAN_POINT ( 'NONE',  ( 0.9800000000000004263, 0.5000000000000000000, -1.499999999999998890 ) ) ;
#2258 = LINE ( 'NONE', #3792, #2309 ) ;
#2259 = CARTESIAN_POINT ( 'NONE',  ( -2.499999999999997780, 0.8500000000000000888, -0.7499999999999986677 ) ) ;
#2260 = ADVANCED_FACE ( 'NONE', ( #3488 ), #5729, .F. ) ;
#2261 = ORIENTED_EDGE ( 'NONE', *, *, #3518, .T. ) ;
#2262 = ORIENTED_EDGE ( 'NONE', *, *, #4624, .T. ) ;
#2263 = ORIENTED_EDGE ( 'NONE', *, *, #69, .T. ) ;
#2264 = VECTOR ( 'NONE', #3468, 1000.000000000000000 ) ;
#2265 = EDGE_CURVE ( 'NONE', #1671, #3850, #1382, .T. ) ;
#2266 = DIRECTION ( 'NONE',  ( -0.000000000000000000, -0.000000000000000000, 1.000000000000000000 ) ) ;
#2267 = PLANE ( 'NONE',  #998 ) ;
#2268 = CARTESIAN_POINT ( 'NONE',  ( 2.499999999999999556, 0.2500000000000001110, 0.5499999999999988232 ) ) ;
#2269 = DIRECTION ( 'NONE',  ( 1.000000000000000000, 0.000000000000000000, -2.710505431213761085E-16 ) ) ;
#2270 = EDGE_LOOP ( 'NONE', ( #4139, #3930, #5863, #3832 ) ) ;
#2271 = ORIENTED_EDGE ( 'NONE', *, *, #1740, .F. ) ;
#2272 = ADVANCED_FACE ( 'NONE', ( #3598 ), #2795, .F. ) ;
#2273 = CIRCLE ( 'NONE', #5719, 0.09999999999999982514 ) ;
#2274 = CIRCLE ( 'NONE', #4942, 0.09999999999999982514 ) ;
#2275 = AXIS2_PLACEMENT_3D ( 'NONE', #3377, #4166, #4683 ) ;
#2276 = ORIENTED_EDGE ( 'NONE', *, *, #5822, .F. ) ;
#2277 = PLANE ( 'NONE',  #6409 ) ;
#2278 = DIRECTION ( 'NONE',  ( 0.000000000000000000, 0.000000000000000000, -1.000000000000000000 ) ) ;
#2279 = CARTESIAN_POINT ( 'NONE',  ( -2.399999999999998135, 0.2500000000000001110, -0.7499999999999991118 ) ) ;
#2280 = ORIENTED_EDGE ( 'NONE', *, *, #2132, .T. ) ;
#2281 = DIRECTION ( 'NONE',  ( 0.000000000000000000, 0.000000000000000000, -1.000000000000000000 ) ) ;
#2282 = LINE ( 'NONE', #2207, #4540 ) ;
#2283 = CARTESIAN_POINT ( 'NONE',  ( 2.499999999999999556, 1.300000000000000044, -0.7499999999999991118 ) ) ;
#2284 = DIRECTION ( 'NONE',  ( 0.000000000000000000, 0.000000000000000000, 1.000000000000000000 ) ) ;
#2285 = CARTESIAN_POINT ( 'NONE',  ( 2.046016614668267231, 0.9999999999999997780, -1.499999999715186938 ) ) ;
#2286 = LINE ( 'NONE', #2311, #78 ) ;
#2287 = TOROIDAL_SURFACE ( 'NONE', #2964, 0.3500000000000001443, 0.05000000000000000278 ) ;
#2288 = EDGE_LOOP ( 'NONE', ( #732, #890, #93, #5269, #4993, #151 ) ) ;
#2289 = ORIENTED_EDGE ( 'NONE', *, *, #5124, .T. ) ;
#2290 = EDGE_CURVE ( 'NONE', #924, #2637, #3587, .T. ) ;
#2291 = ORIENTED_EDGE ( 'NONE', *, *, #6405, .F. ) ;
#2292 = CARTESIAN_POINT ( 'NONE',  ( 2.247913720713588415, 1.000000000000000000, -1.371016587998432401 ) ) ;
#2293 = CARTESIAN_POINT ( 'NONE',  ( 2.500000000000000444, 1.000000000000000000, 1.599999999999999867 ) ) ;
#2294 = AXIS2_PLACEMENT_3D ( 'NONE', #5965, #4028, #4480 ) ;
#2295 = CARTESIAN_POINT ( 'NONE',  ( 2.320000000000000284, 0.9999999999999998890, 1.020000000000000462 ) ) ;
#2296 = CARTESIAN_POINT ( 'NONE',  ( 7.284483346386986614E-17, 1.300000000000000044, 1.290000000000000702 ) ) ;
#2297 = CARTESIAN_POINT ( 'NONE',  ( 2.300064578456197495, 1.000000000000000000, 1.313345057111799496 ) ) ;
#2298 = AXIS2_PLACEMENT_3D ( 'NONE', #2562, #3586, #1553 ) ;
#2299 = CIRCLE ( 'NONE', #370, 0.09999999999999982514 ) ;
#2300 = SURFACE_STYLE_FILL_AREA ( #756 ) ;
#2301 = ORIENTED_EDGE ( 'NONE', *, *, #3128, .T. ) ;
#2302 = ORIENTED_EDGE ( 'NONE', *, *, #5234, .F. ) ;
#2303 = ORIENTED_EDGE ( 'NONE', *, *, #1413, .F. ) ;
#2304 = CYLINDRICAL_SURFACE ( 'NONE', #5405, 0.1000000000000009076 ) ;
#2305 = B_SPLINE_CURVE_WITH_KNOTS ( 'NONE', 3,
 ( #1868, #5355, #5847, #6357 ),
 .UNSPECIFIED., .F., .F.,
 ( 4, 4 ),
 ( 0.000000000000000000, 1.000000000000000000 ),
 .UNSPECIFIED. ) ;
#2306 = EDGE_CURVE ( 'NONE', #3559, #6388, #5770, .T. ) ;
#2307 = CARTESIAN_POINT ( 'NONE',  ( 2.320000000000000284, 0.9999999999999998890, -1.020000000000000018 ) ) ;
#2308 = LINE ( 'NONE', #3629, #86 ) ;
#2309 = VECTOR ( 'NONE', #3931, 1000.000000000000000 ) ;
#2310 = AXIS2_PLACEMENT_3D ( 'NONE', #814, #4828, #2242 ) ;
#2311 = CARTESIAN_POINT ( 'NONE',  ( -1.870000000000000329, 0.000000000000000000, 0.5999999999999996447 ) ) ;
#2312 = ADVANCED_FACE ( 'NONE', ( #5723 ), #1336, .T. ) ;
#2313 = CARTESIAN_POINT ( 'NONE',  ( -1.560000000000000053, -1.562049935181331506, 1.599999999999999867 ) ) ;
#2314 = ORIENTED_EDGE ( 'NONE', *, *, #5783, .T. ) ;
#2315 = ORIENTED_EDGE ( 'NONE', *, *, #3298, .T. ) ;
#2316 = FACE_OUTER_BOUND ( 'NONE', #2716, .T. ) ;
#2317 = CARTESIAN_POINT ( 'NONE',  ( 0.9800000000000004263, -1.562049935181331506, -1.599999999999999867 ) ) ;
#2318 = AXIS2_PLACEMENT_3D ( 'NONE', #3401, #6455, #898 ) ;
#2319 = CARTESIAN_POINT ( 'NONE',  ( -0.6399999999999989031, 0.9999999999999996669, 1.420000000000000595 ) ) ;
#2320 = ADVANCED_BREP_SHAPE_REPRESENTATION ( 'S518025T-10.000-R', ( #1766, #2555, #3202, #1530, #566, #5065, #768, #4705, #1019, #1818, #4958, #2358, #539 ), #6492 ) ;
#2321 = LINE ( 'NONE', #4146, #4447 ) ;
#2322 = LINE ( 'NONE', #3702, #4588 ) ;
#2323 = ORIENTED_EDGE ( 'NONE', *, *, #5635, .F. ) ;
#2324 = CARTESIAN_POINT ( 'NONE',  ( 2.399999999999999911, 0.8500000000000000888, 0.5499999999999988232 ) ) ;
#2325 = ORIENTED_EDGE ( 'NONE', *, *, #2755, .T. ) ;
#2326 = ORIENTED_EDGE ( 'NONE', *, *, #1973, .F. ) ;
#2327 = ADVANCED_FACE ( 'NONE', ( #3537 ), #2069, .F. ) ;
#2328 = DIRECTION ( 'NONE',  ( 0.000000000000000000, 0.000000000000000000, 1.000000000000000000 ) ) ;
#2329 = VECTOR ( 'NONE', #3655, 1000.000000000000000 ) ;
#2330 = DIRECTION ( 'NONE',  ( 0.000000000000000000, 0.000000000000000000, 1.000000000000000000 ) ) ;
#2331 = VECTOR ( 'NONE', #1175, 1000.000000000000000 ) ;
#2332 = VECTOR ( 'NONE', #4343, 1000.000000000000000 ) ;
#2333 = EDGE_CURVE ( 'NONE', #67, #4301, #5778, .T. ) ;
#2334 = VERTEX_POINT ( 'NONE', #3168 ) ;
#2335 = ORIENTED_EDGE ( 'NONE', *, *, #5840, .F. ) ;
#2336 = DIRECTION ( 'NONE',  ( 1.000000000000000000, 0.000000000000000000, 0.000000000000000000 ) ) ;
#2337 = VECTOR ( 'NONE', #2029, 1000.000000000000000 ) ;
#2338 = CARTESIAN_POINT ( 'NONE',  ( -1.870000000000000329, 0.5000000000000000000, 0.5999999999999996447 ) ) ;
#2339 = CARTESIAN_POINT ( 'NONE',  ( -0.6700000000000007061, -1.562049935181331506, 1.099999999999999645 ) ) ;
#2340 = CARTESIAN_POINT ( 'NONE',  ( -2.320000000000000728, 1.100000000000000311, 1.020000000000000462 ) ) ;
#2341 = AXIS2_PLACEMENT_3D ( 'NONE', #627, #3646, #1620 ) ;
#2342 = PLANE ( 'NONE',  #790 ) ;
#2343 = VECTOR ( 'NONE', #3053, 1000.000000000000000 ) ;
#2344 = VECTOR ( 'NONE', #2966, 1000.000000000000000 ) ;
#2345 = EDGE_CURVE ( 'NONE', #3408, #4227, #1390, .T. ) ;
#2346 = ORIENTED_EDGE ( 'NONE', *, *, #5985, .T. ) ;
#2347 = VERTEX_POINT ( 'NONE', #3686 ) ;
#2348 = AXIS2_PLACEMENT_3D ( 'NONE', #1312, #4902, #5449 ) ;
#2349 = VECTOR ( 'NONE', #1000, 1000.000000000000000 ) ;
#2350 = DIRECTION ( 'NONE',  ( -0.000000000000000000, -1.000000000000000000, -0.000000000000000000 ) ) ;
#2351 = CARTESIAN_POINT ( 'NONE',  ( 1.920000000000000373, 1.300000000000000044, -1.020000000000000018 ) ) ;
#2352 = FILL_AREA_STYLE ('',( #302 ) ) ;
#2353 = CARTESIAN_POINT ( 'NONE',  ( 2.189999999999999947, 1.300000000000000044, -1.019999999999999796 ) ) ;
#2354 = VERTEX_POINT ( 'NONE', #5743 ) ;
#2355 = ORIENTED_EDGE ( 'NONE', *, *, #5108, .F. ) ;
#2356 = LINE ( 'NONE', #1865, #2500 ) ;
#2357 = CARTESIAN_POINT ( 'NONE',  ( -2.309634388589053788, 1.000000000000000000, -1.300389843132520262 ) ) ;
#2358 = MANIFOLD_SOLID_BREP ( 'Cut-Extrude7', #2241 ) ;
#2359 = VECTOR ( 'NONE', #3396, 1000.000000000000000 ) ;
#2360 = ADVANCED_FACE ( 'NONE', ( #5748 ), #2676, .F. ) ;
#2361 = ORIENTED_EDGE ( 'NONE', *, *, #3921, .T. ) ;
#2362 = CARTESIAN_POINT ( 'NONE',  ( 2.500000000000000444, 1.300000000000000044, -0.8499999999999989786 ) ) ;
#2363 = CARTESIAN_POINT ( 'NONE',  ( -1.799999999999999600, 1.289999999999999813, 0.8999999999999998002 ) ) ;
#2364 = CARTESIAN_POINT ( 'NONE',  ( -2.399999999999999911, 0.000000000000000000, 0.5499999999999992673 ) ) ;
#2365 = EDGE_LOOP ( 'NONE', ( #4886, #2533, #607, #4777 ) ) ;
#2366 = CARTESIAN_POINT ( 'NONE',  ( -2.400000000000000799, 1.000000000000000000, -1.020000000000000018 ) ) ;
#2367 = EDGE_CURVE ( 'NONE', #4991, #3816, #1363, .T. ) ;
#2368 = LINE ( 'NONE', #5846, #337 ) ;
#2369 = CARTESIAN_POINT ( 'NONE',  ( -1.920000000000000373, 0.9999999999999998890, -1.420000000000000151 ) ) ;
#2370 = CARTESIAN_POINT ( 'NONE',  ( 2.299999999999997602, 1.000000000000000000, -1.600000000000000311 ) ) ;
#2371 = CARTESIAN_POINT ( 'NONE',  ( 1.920000000000000151, 1.000000000000000000, -1.419999999999999929 ) ) ;
#2372 = EDGE_CURVE ( 'NONE', #1392, #6158, #3426, .T. ) ;
#2373 = LINE ( 'NONE', #1072, #191 ) ;
#2374 = STYLED_ITEM ( 'NONE', ( #2158 ), #566 ) ;
#2375 = ORIENTED_EDGE ( 'NONE', *, *, #1812, .F. ) ;
#2376 = ORIENTED_EDGE ( 'NONE', *, *, #5224, .F. ) ;
#2377 = ADVANCED_FACE ( 'NONE', ( #1314 ), #5281, .F. ) ;
#2378 = CARTESIAN_POINT ( 'NONE',  ( 2.400000000000000799, 1.000000000000000000, -1.020000000000000018 ) ) ;
#2379 = LINE ( 'NONE', #5067, #4671 ) ;
#2380 = AXIS2_PLACEMENT_3D ( 'NONE', #4810, #2350, #5841 ) ;
#2381 = CARTESIAN_POINT ( 'NONE',  ( 2.320000000000000284, 1.069999999999999840, 1.020000000000000462 ) ) ;
#2382 = DIRECTION ( 'NONE',  ( 0.000000000000000000, -1.000000000000000000, 0.000000000000000000 ) ) ;
#2383 = DIRECTION ( 'NONE',  ( -0.000000000000000000, -1.000000000000000000, -0.000000000000000000 ) ) ;
#2384 = FACE_OUTER_BOUND ( 'NONE', #3418, .T. ) ;
#2385 = VECTOR ( 'NONE', #525, 1000.000000000000000 ) ;
#2386 = UNCERTAINTY_MEASURE_WITH_UNIT (LENGTH_MEASURE( 1.000000000000000082E-05 ), #155, 'distance_accuracy_value', 'NONE');
#2387 = VERTEX_POINT ( 'NONE', #6266 ) ;
#2388 = CARTESIAN_POINT ( 'NONE',  ( -2.276890707879062337, 0.9999999999999996669, 1.228794717070149645 ) ) ;
#2389 = EDGE_CURVE ( 'NONE', #3254, #3800, #3519, .T. ) ;
#2390 = ORIENTED_EDGE ( 'NONE', *, *, #1548, .F. ) ;
#2391 = AXIS2_PLACEMENT_3D ( 'NONE', #3548, #1999, #73 ) ;
#2392 = DIRECTION ( 'NONE',  ( -0.000000000000000000, 1.000000000000000000, 0.000000000000000000 ) ) ;
#2393 = FACE_OUTER_BOUND ( 'NONE', #689, .T. ) ;
#2394 = LINE ( 'NONE', #5651, #4620 ) ;
#2395 = CARTESIAN_POINT ( 'NONE',  ( -0.8799999999999994493, 0.5000000000000000000, -1.599999999999999645 ) ) ;
#2396 = CARTESIAN_POINT ( 'NONE',  ( 1.559999999999999831, 0.000000000000000000, 1.599999999999999867 ) ) ;
#2397 = ORIENTED_EDGE ( 'NONE', *, *, #2530, .T. ) ;
#2398 = EDGE_CURVE ( 'NONE', #2347, #6090, #5676, .T. ) ;
#2399 = ORIENTED_EDGE ( 'NONE', *, *, #6421, .T. ) ;
#2400 = ORIENTED_EDGE ( 'NONE', *, *, #3183, .T. ) ;
#2401 = DIRECTION ( 'NONE',  ( -0.000000000000000000, -1.000000000000000000, -0.000000000000000000 ) ) ;
#2402 = LINE ( 'NONE', #1308, #357 ) ;
#2403 = CARTESIAN_POINT ( 'NONE',  ( -2.211670455499229693, 1.000000000000000000, -1.401429968455319974 ) ) ;
#2404 = ADVANCED_FACE ( 'NONE', ( #1246 ), #1151, .F. ) ;
#2405 = FACE_OUTER_BOUND ( 'NONE', #3214, .T. ) ;
#2406 = LINE ( 'NONE', #1644, #4543 ) ;
#2407 = VERTEX_POINT ( 'NONE', #5612 ) ;
#2408 = CARTESIAN_POINT ( 'NONE',  ( 0.6700000000000014833, 0.000000000000000000, 1.599999999999999423 ) ) ;
#2409 = DIRECTION ( 'NONE',  ( -0.000000000000000000, -0.000000000000000000, 1.000000000000000000 ) ) ;
#2410 = ORIENTED_EDGE ( 'NONE', *, *, #2090, .F. ) ;
#2411 = DIRECTION ( 'NONE',  ( 1.000000000000000000, -0.000000000000000000, -2.710505431213760099E-16 ) ) ;
#2412 = LINE ( 'NONE', #800, #4678 ) ;
#2413 = EDGE_CURVE ( 'NONE', #2637, #5484, #3447, .T. ) ;
#2414 = DIRECTION ( 'NONE',  ( -0.000000000000000000, 1.000000000000000000, -0.000000000000000000 ) ) ;
#2415 = DIRECTION ( 'NONE',  ( -0.000000000000000000, 1.000000000000000000, -0.000000000000000000 ) ) ;
#2416 = DIRECTION ( 'NONE',  ( -1.000000000000000000, 0.000000000000000000, 2.710505431213760099E-16 ) ) ;
#2417 = DIRECTION ( 'NONE',  ( 0.000000000000000000, 0.000000000000000000, 1.000000000000000000 ) ) ;
#2418 = CIRCLE ( 'NONE', #799, 0.1000000000000009076 ) ;
#2419 = FACE_OUTER_BOUND ( 'NONE', #5445, .T. ) ;
#2420 = ADVANCED_FACE ( 'NONE', ( #1326 ), #3685, .F. ) ;
#2421 = ORIENTED_EDGE ( 'NONE', *, *, #2525, .T. ) ;
#2422 = ORIENTED_EDGE ( 'NONE', *, *, #1778, .F. ) ;
#2423 = ORIENTED_EDGE ( 'NONE', *, *, #2114, .T. ) ;
#2424 = DIRECTION ( 'NONE',  ( 2.125886612716674587E-16, -0.000000000000000000, 1.000000000000000000 ) ) ;
#2425 = VECTOR ( 'NONE', #4768, 1000.000000000000000 ) ;
#2426 = CARTESIAN_POINT ( 'NONE',  ( -2.399999999999999911, 0.8500000000000000888, 0.7499999999999991118 ) ) ;
#2427 = DIRECTION ( 'NONE',  ( 0.000000000000000000, -1.000000000000000000, 0.000000000000000000 ) ) ;
#2428 = EDGE_CURVE ( 'NONE', #6173, #5764, #1602, .T. ) ;
#2429 = DIRECTION ( 'NONE',  ( -2.710505431213761085E-16, 0.000000000000000000, 1.000000000000000000 ) ) ;
#2430 = DIRECTION ( 'NONE',  ( 1.000000000000000000, 0.000000000000000000, 0.000000000000000000 ) ) ;
#2431 = LINE ( 'NONE', #721, #4694 ) ;
#2432 = STYLED_ITEM ( 'NONE', ( #3035 ), #1530 ) ;
#2433 = LINE ( 'NONE', #4988, #2504 ) ;
#2434 = ORIENTED_EDGE ( 'NONE', *, *, #4755, .F. ) ;
#2435 = DIRECTION ( 'NONE',  ( 0.000000000000000000, -0.000000000000000000, 1.000000000000000000 ) ) ;
#2436 = VERTEX_POINT ( 'NONE', #4597 ) ;
#2437 = VECTOR ( 'NONE', #4994, 1000.000000000000000 ) ;
#2438 = CARTESIAN_POINT ( 'NONE',  ( 2.500000000000000444, 0.000000000000000000, -1.399999999999999467 ) ) ;
#2439 = VECTOR ( 'NONE', #392, 1000.000000000000000 ) ;
#2440 = LINE ( 'NONE', #3480, #2385 ) ;
#2441 = CARTESIAN_POINT ( 'NONE',  ( -2.299999999999999378, 1.000000000000000000, 1.599999999999999867 ) ) ;
#2442 = CARTESIAN_POINT ( 'NONE',  ( -2.025013845556883574, 1.000000000000054401, -1.419999999762610265 ) ) ;
#2443 = ORIENTED_EDGE ( 'NONE', *, *, #4129, .T. ) ;
#2444 = ORIENTED_EDGE ( 'NONE', *, *, #3538, .T. ) ;
#2445 = CARTESIAN_POINT ( 'NONE',  ( 1.559999999999999831, 0.5000000000000000000, -1.499999999999999778 ) ) ;
#2446 = FILL_AREA_STYLE_COLOUR ( '', #6678 ) ;
#2447 = VECTOR ( 'NONE', #3547, 1000.000000000000000 ) ;
#2448 = DIRECTION ( 'NONE',  ( 0.000000000000000000, -1.000000000000000000, 0.000000000000000000 ) ) ;
#2449 = AXIS2_PLACEMENT_3D ( 'NONE', #5992, #5799, #4940 ) ;
#2450 = VECTOR ( 'NONE', #6170, 1000.000000000000000 ) ;
#2451 = FACE_OUTER_BOUND ( 'NONE', #1592, .T. ) ;
#2452 = EDGE_LOOP ( 'NONE', ( #1249, #5689, #5423, #1156 ) ) ;
#2453 = PLANE ( 'NONE',  #6657 ) ;
#2454 = CARTESIAN_POINT ( 'NONE',  ( -0.6700000000000007061, 0.000000000000000000, 1.099999999999999645 ) ) ;
#2455 = ORIENTED_EDGE ( 'NONE', *, *, #950, .F. ) ;
#2456 = CARTESIAN_POINT ( 'NONE',  ( -1.870000000000000551, 0.5000000000000000000, 1.599999999999999645 ) ) ;
#2457 = VERTEX_POINT ( 'NONE', #44 ) ;
#2458 = CARTESIAN_POINT ( 'NONE',  ( -2.300000000000000266, 0.8500000000000000888, 0.4499999999999987343 ) ) ;
#2459 = EDGE_CURVE ( 'NONE', #2534, #582, #1449, .T. ) ;
#2460 = CARTESIAN_POINT ( 'NONE',  ( 2.128794717070176645, 1.000000000000013323, 1.376890707879062203 ) ) ;
#2461 = CARTESIAN_POINT ( 'NONE',  ( 1.920000000000000373, 1.149999999999999911, -1.370000000000000329 ) ) ;
#2462 = EDGE_CURVE ( 'NONE', #6187, #88, #6039, .T. ) ;
#2463 = DIRECTION ( 'NONE',  ( -0.000000000000000000, -0.000000000000000000, 1.000000000000000000 ) ) ;
#2464 = ADVANCED_FACE ( 'NONE', ( #6054 ), #3626, .T. ) ;
#2465 = VECTOR ( 'NONE', #4106, 1000.000000000000000 ) ;
#2466 = AXIS2_PLACEMENT_3D ( 'NONE', #3638, #621, #3600 ) ;
#2467 = ORIENTED_EDGE ( 'NONE', *, *, #3321, .F. ) ;
#2468 = ORIENTED_EDGE ( 'NONE', *, *, #4160, .T. ) ;
#2469 = DIRECTION ( 'NONE',  ( -0.000000000000000000, 1.000000000000000000, -0.000000000000000000 ) ) ;
#2470 = LINE ( 'NONE', #418, #2447 ) ;
#2471 = DIRECTION ( 'NONE',  ( -0.000000000000000000, -1.000000000000000000, -0.000000000000000000 ) ) ;
#2472 = CARTESIAN_POINT ( 'NONE',  ( -1.870000000000000329, 0.5000000000000000000, -1.599999999999999645 ) ) ;
#2473 = CYLINDRICAL_SURFACE ( 'NONE', #1955, 0.09999999999999982514 ) ;
#2474 = LINE ( 'NONE', #2623, #271 ) ;
#2475 = ADVANCED_FACE ( 'NONE', ( #3667 ), #1403, .T. ) ;
#2476 = ORIENTED_EDGE ( 'NONE', *, *, #5543, .T. ) ;
#2477 = CARTESIAN_POINT ( 'NONE',  ( 0.8799999999999990052, 0.5000000000000000000, 1.599999999999999423 ) ) ;
#2478 = AXIS2_PLACEMENT_3D ( 'NONE', #3703, #5804, #5348 ) ;
#2479 = ORIENTED_EDGE ( 'NONE', *, *, #6050, .T. ) ;
#2480 = FACE_OUTER_BOUND ( 'NONE', #1788, .T. ) ;
#2481 = EDGE_CURVE ( 'NONE', #571, #5793, #1558, .T. ) ;
#2482 = CARTESIAN_POINT ( 'NONE',  ( -1.559999999999999831, 0.000000000000000000, 1.499999999999999778 ) ) ;
#2483 = VECTOR ( 'NONE', #2765, 1000.000000000000000 ) ;
#2484 = FACE_OUTER_BOUND ( 'NONE', #5413, .T. ) ;
#2485 = EDGE_CURVE ( 'NONE', #1747, #3939, #5953, .T. ) ;
#2486 = DIRECTION ( 'NONE',  ( 0.000000000000000000, 0.000000000000000000, 1.000000000000000000 ) ) ;
#2487 = CARTESIAN_POINT ( 'NONE',  ( -1.870000000000000329, -1.562049935181331506, -0.5999999999999996447 ) ) ;
#2488 = ORIENTED_EDGE ( 'NONE', *, *, #4833, .T. ) ;
#2489 = ORIENTED_EDGE ( 'NONE', *, *, #5017, .T. ) ;
#2490 = DIRECTION ( 'NONE',  ( 0.000000000000000000, 0.000000000000000000, -1.000000000000000000 ) ) ;
#2491 = FACE_OUTER_BOUND ( 'NONE', #5205, .T. ) ;
#2492 = FACE_OUTER_BOUND ( 'NONE', #4136, .T. ) ;
#2493 = EDGE_CURVE ( 'NONE', #3800, #3584, #1610, .T. ) ;
#2494 = ORIENTED_EDGE ( 'NONE', *, *, #1809, .F. ) ;
#2495 = CARTESIAN_POINT ( 'NONE',  ( -2.270000000000000462, 1.149999999999999911, -1.020000000000000018 ) ) ;
#2496 = ORIENTED_EDGE ( 'NONE', *, *, #1383, .F. ) ;
#2497 = DIRECTION ( 'NONE',  ( 0.000000000000000000, -0.000000000000000000, 1.000000000000000000 ) ) ;
#2498 = ORIENTED_EDGE ( 'NONE', *, *, #2559, .T. ) ;
#2499 = DIRECTION ( 'NONE',  ( 0.000000000000000000, 1.000000000000000000, 0.000000000000000000 ) ) ;
#2500 = VECTOR ( 'NONE', #1344, 1000.000000000000000 ) ;
#2501 = DIRECTION ( 'NONE',  ( -1.000000000000000000, 0.000000000000000000, -0.000000000000000000 ) ) ;
#2502 = DIRECTION ( 'NONE',  ( -0.000000000000000000, -1.000000000000000000, -0.000000000000000000 ) ) ;
#2503 = LINE ( 'NONE', #1660, #4608 ) ;
#2504 = VECTOR ( 'NONE', #5081, 1000.000000000000000 ) ;
#2505 = ORIENTED_EDGE ( 'NONE', *, *, #5273, .T. ) ;
#2506 = ORIENTED_EDGE ( 'NONE', *, *, #2507, .F. ) ;
#2507 = EDGE_CURVE ( 'NONE', #1904, #252, #5887, .T. ) ;
#2508 = ORIENTED_EDGE ( 'NONE', *, *, #5845, .F. ) ;
#2509 = DIRECTION ( 'NONE',  ( 1.000000000000000000, 0.000000000000000000, 0.000000000000000000 ) ) ;
#2510 = FACE_OUTER_BOUND ( 'NONE', #1081, .T. ) ;
#2511 = AXIS2_PLACEMENT_3D ( 'NONE', #5557, #6024, #3008 ) ;
#2512 = CARTESIAN_POINT ( 'NONE',  ( -1.920000000000000373, 0.9999999999999996669, -1.420000000000000373 ) ) ;
#2513 = DIRECTION ( 'NONE',  ( 0.000000000000000000, 0.000000000000000000, 1.000000000000000000 ) ) ;
#2514 = CARTESIAN_POINT ( 'NONE',  ( 1.870000000000000773, 0.5000000000000000000, 0.5999999999999992006 ) ) ;
#2515 = ADVANCED_FACE ( 'NONE', ( #1514 ), #2849, .F. ) ;
#2516 = DIRECTION ( 'NONE',  ( -0.000000000000000000, 0.000000000000000000, 1.000000000000000000 ) ) ;
#2517 = FACE_BOUND ( 'NONE', #5286, .T. ) ;
#2518 = LINE ( 'NONE', #477, #171 ) ;
#2519 = ORIENTED_EDGE ( 'NONE', *, *, #2961, .F. ) ;
#2520 = CARTESIAN_POINT ( 'NONE',  ( 0.6700000000000014833, 0.5000000000000000000, -1.599999999999999423 ) ) ;
#2521 = EDGE_LOOP ( 'NONE', ( #6567, #4063 ) ) ;
#2522 = ORIENTED_EDGE ( 'NONE', *, *, #5879, .F. ) ;
#2523 = EDGE_CURVE ( 'NONE', #114, #711, #1424, .T. ) ;
#2524 = VECTOR ( 'NONE', #1912, 1000.000000000000000 ) ;
#2525 = EDGE_CURVE ( 'NONE', #660, #6577, #5911, .T. ) ;
#2526 = CARTESIAN_POINT ( 'NONE',  ( 2.320000000000000284, 8.040147056835873940, -1.020000000000000018 ) ) ;
#2527 = LINE ( 'NONE', #3684, #2439 ) ;
#2528 = CARTESIAN_POINT ( 'NONE',  ( -0.6700000000000007061, 0.000000000000000000, 1.099999999999999645 ) ) ;
#2529 = ADVANCED_FACE ( 'NONE', ( #6028 ), #6065, .F. ) ;
#2530 = EDGE_CURVE ( 'NONE', #1367, #6090, #1622, .T. ) ;
#2531 = DIRECTION ( 'NONE',  ( 0.000000000000000000, 0.000000000000000000, -1.000000000000000000 ) ) ;
#2532 = ORIENTED_EDGE ( 'NONE', *, *, #2102, .T. ) ;
#2533 = ORIENTED_EDGE ( 'NONE', *, *, #513, .F. ) ;
#2534 = VERTEX_POINT ( 'NONE', #324 ) ;
#2535 = CARTESIAN_POINT ( 'NONE',  ( 2.499999999999999556, 0.8500000000000000888, 0.5499999999999988232 ) ) ;
#2536 = PLANE ( 'NONE',  #4986 ) ;
#2537 = FACE_OUTER_BOUND ( 'NONE', #4503, .T. ) ;
#2538 = DIRECTION ( 'NONE',  ( 0.000000000000000000, 0.000000000000000000, -1.000000000000000000 ) ) ;
#2539 = LINE ( 'NONE', #6454, #4785 ) ;
#2540 = VECTOR ( 'NONE', #3746, 1000.000000000000000 ) ;
#2541 = ORIENTED_EDGE ( 'NONE', *, *, #3592, .F. ) ;
#2542 = CARTESIAN_POINT ( 'NONE',  ( -2.499999999999999556, 1.000000000000000000, 1.599999999999999867 ) ) ;
#2543 = CARTESIAN_POINT ( 'NONE',  ( -2.499999999999999556, 1.300000000000000044, -0.4499999999999994560 ) ) ;
#2544 = ORIENTED_EDGE ( 'NONE', *, *, #3870, .T. ) ;
#2545 = EDGE_CURVE ( 'NONE', #4255, #2134, #3645, .T. ) ;
#2546 = DIRECTION ( 'NONE',  ( 1.000000000000000000, 0.000000000000000000, 2.710505431213760099E-16 ) ) ;
#2547 = EDGE_LOOP ( 'NONE', ( #3020, #5361, #2996, #6379 ) ) ;
#2548 = DIRECTION ( 'NONE',  ( 0.000000000000000000, -1.000000000000000000, 0.000000000000000000 ) ) ;
#2549 = FACE_OUTER_BOUND ( 'NONE', #646, .T. ) ;
#2550 = CARTESIAN_POINT ( 'NONE',  ( 1.919999999999999929, 0.9999999999999996669, 1.420000000000000595 ) ) ;
#2551 = DIRECTION ( 'NONE',  ( -0.000000000000000000, -1.000000000000000000, -0.000000000000000000 ) ) ;
#2552 = AXIS2_PLACEMENT_3D ( 'NONE', #6382, #6484, #1846 ) ;
#2553 = CARTESIAN_POINT ( 'NONE',  ( 2.299999999999998490, 0.2500000000000001110, -0.4499999999999989564 ) ) ;
#2554 = DIRECTION ( 'NONE',  ( -0.000000000000000000, 1.000000000000000000, -0.000000000000000000 ) ) ;
#2555 = MANIFOLD_SOLID_BREP ( 'Fillet2', #6501 ) ;
#2556 = SURFACE_STYLE_FILL_AREA ( #5326 ) ;
#2557 = VECTOR ( 'NONE', #3108, 1000.000000000000000 ) ;
#2558 = ORIENTED_EDGE ( 'NONE', *, *, #5200, .F. ) ;
#2559 = EDGE_CURVE ( 'NONE', #5726, #4473, #5935, .T. ) ;
#2560 = ORIENTED_EDGE ( 'NONE', *, *, #3294, .T. ) ;
#2561 = EDGE_CURVE ( 'NONE', #6256, #5880, #1503, .T. ) ;
#2562 = CARTESIAN_POINT ( 'NONE',  ( 1.920000000000000373, 1.100000000000000311, -1.020000000000000018 ) ) ;
#2563 = LINE ( 'NONE', #3791, #4575 ) ;
#2564 = CARTESIAN_POINT ( 'NONE',  ( -0.6399999999999991251, 0.9999999999999996669, -1.420000000000000373 ) ) ;
#2565 = CARTESIAN_POINT ( 'NONE',  ( 1.920000000000000151, 1.000000000000000000, 1.500000000000000444 ) ) ;
#2566 = CARTESIAN_POINT ( 'NONE',  ( -2.320000000000000284, 1.100000000000000311, -1.020000000000000018 ) ) ;
#2567 = PLANE ( 'NONE',  #2946 ) ;
#2568 = DIRECTION ( 'NONE',  ( -4.336808689942017736E-16, 0.000000000000000000, 1.000000000000000000 ) ) ;
#2569 = VECTOR ( 'NONE', #5490, 1000.000000000000000 ) ;
#2570 = ORIENTED_EDGE ( 'NONE', *, *, #6516, .F. ) ;
#2571 = CARTESIAN_POINT ( 'NONE',  ( -2.170553660484196179, 0.9999999999999997780, 1.448268849454904084 ) ) ;
#2572 = ORIENTED_EDGE ( 'NONE', *, *, #48, .F. ) ;
#2573 = AXIS2_PLACEMENT_3D ( 'NONE', #4485, #456, #4135 ) ;
#2574 = VECTOR ( 'NONE', #2044, 1000.000000000000000 ) ;
#2575 = EDGE_CURVE ( 'NONE', #498, #6210, #3745, .T. ) ;
#2576 = ADVANCED_FACE ( 'NONE', ( #1535 ), #5673, .T. ) ;
#2577 = CARTESIAN_POINT ( 'NONE',  ( 0.9799999999999999822, 1.000000000000000000, 1.599999999999999867 ) ) ;
#2578 = VECTOR ( 'NONE', #3208, 1000.000000000000000 ) ;
#2579 = CYLINDRICAL_SURFACE ( 'NONE', #2466, 0.1000000000000004774 ) ;
#2580 = CARTESIAN_POINT ( 'NONE',  ( 2.320000000000000284, 1.069999999999999840, -1.020000000000000018 ) ) ;
#2581 = CARTESIAN_POINT ( 'NONE',  ( 2.499999999999999556, 0.000000000000000000, -0.7499999999999991118 ) ) ;
#2582 = ORIENTED_EDGE ( 'NONE', *, *, #576, .T. ) ;
#2583 = ORIENTED_EDGE ( 'NONE', *, *, #4876, .T. ) ;
#2584 = CARTESIAN_POINT ( 'NONE',  ( -2.499999999999998668, 0.2500000000000001110, -0.4499999999999987899 ) ) ;
#2585 = PLANE ( 'NONE',  #828 ) ;
#2586 = VECTOR ( 'NONE', #169, 1000.000000000000000 ) ;
#2587 =( GEOMETRIC_REPRESENTATION_CONTEXT ( 3 ) GLOBAL_UNCERTAINTY_ASSIGNED_CONTEXT ( ( #1 ) ) GLOBAL_UNIT_ASSIGNED_CONTEXT ( ( #92, #4733, #3609 ) ) REPRESENTATION_CONTEXT ( 'NONE', 'WORKASPACE' ) );
#2588 = DIRECTION ( 'NONE',  ( -1.000000000000000000, 0.000000000000000000, -0.000000000000000000 ) ) ;
#2589 = EDGE_CURVE ( 'NONE', #6489, #2890, #3758, .T. ) ;
#2590 = LINE ( 'NONE', #2983, #2604 ) ;
#2591 = ADVANCED_FACE ( 'NONE', ( #5986 ), #3777, .F. ) ;
#2592 = ORIENTED_EDGE ( 'NONE', *, *, #4225, .T. ) ;
#2593 = DIRECTION ( 'NONE',  ( 0.000000000000000000, -1.000000000000000000, 0.000000000000000000 ) ) ;
#2594 = CARTESIAN_POINT ( 'NONE',  ( -2.299999999999998490, 0.2500000000000000555, -0.8499999999999985345 ) ) ;
#2595 = VERTEX_POINT ( 'NONE', #3542 ) ;
#2596 = DIRECTION ( 'NONE',  ( -2.710505431213760099E-16, 0.000000000000000000, 1.000000000000000000 ) ) ;
#2597 = CARTESIAN_POINT ( 'NONE',  ( 2.500000000000000444, 1.000000000000000000, 1.500000000000000000 ) ) ;
#2598 = DIRECTION ( 'NONE',  ( 0.000000000000000000, 0.000000000000000000, 1.000000000000000000 ) ) ;
#2599 = CARTESIAN_POINT ( 'NONE',  ( 2.399999999715159316, 0.9999999999999997780, 1.146016614668250222 ) ) ;
#2600 = DIRECTION ( 'NONE',  ( -0.000000000000000000, 1.000000000000000000, -0.000000000000000000 ) ) ;
#2601 = DIRECTION ( 'NONE',  ( -0.000000000000000000, -1.000000000000000000, -0.000000000000000000 ) ) ;
#2602 = DIRECTION ( 'NONE',  ( 0.000000000000000000, 0.000000000000000000, -1.000000000000000000 ) ) ;
#2603 = LINE ( 'NONE', #4082, #2613 ) ;
#2604 = VECTOR ( 'NONE', #6418, 1000.000000000000000 ) ;
#2605 = AXIS2_PLACEMENT_3D ( 'NONE', #200, #1762, #789 ) ;
#2606 = ORIENTED_EDGE ( 'NONE', *, *, #4237, .F. ) ;
#2607 = ORIENTED_EDGE ( 'NONE', *, *, #5515, .F. ) ;
#2608 = CARTESIAN_POINT ( 'NONE',  ( 1.559999999999999831, 0.5000000000000000000, 1.499999999999999778 ) ) ;
#2609 = VECTOR ( 'NONE', #1396, 1000.000000000000000 ) ;
#2610 = DIRECTION ( 'NONE',  ( 0.000000000000000000, 1.000000000000000000, 0.000000000000000000 ) ) ;
#2611 = DIRECTION ( 'NONE',  ( 1.000000000000000000, -0.000000000000000000, 2.125886612716674587E-16 ) ) ;
#2612 = PLANE ( 'NONE',  #2888 ) ;
#2613 = VECTOR ( 'NONE', #3737, 1000.000000000000000 ) ;
#2614 = VECTOR ( 'NONE', #766, 1000.000000000000000 ) ;
#2615 = EDGE_CURVE ( 'NONE', #2804, #2098, #6007, .T. ) ;
#2616 =( BOUNDED_CURVE ( )  B_SPLINE_CURVE ( 2, ( #4865, #813, #180 ),
 .UNSPECIFIED., .F., .F. ) 
 B_SPLINE_CURVE_WITH_KNOTS ( ( 3, 3 ),
 ( 0.000000000000000000, 1.000000000000000000 ),
 .UNSPECIFIED. ) 
 CURVE ( )  GEOMETRIC_REPRESENTATION_ITEM ( )  RATIONAL_B_SPLINE_CURVE ( ( 1.000000000000000000, 0.7071067811865475727, 1.000000000000000000 ) ) 
 REPRESENTATION_ITEM ( '' )  );
#2617 = ORIENTED_EDGE ( 'NONE', *, *, #4225, .F. ) ;
#2618 = CARTESIAN_POINT ( 'NONE',  ( -1.456896669277396337E-16, 1.239999999999999991, -1.289999999999999813 ) ) ;
#2619 = PRESENTATION_LAYER_ASSIGNMENT (  '', '', ( #4303 ) ) ;
#2620 = ORIENTED_EDGE ( 'NONE', *, *, #4558, .T. ) ;
#2621 = LINE ( 'NONE', #915, #423 ) ;
#2622 = AXIS2_PLACEMENT_3D ( 'NONE', #2339, #5980, #4451 ) ;
#2623 = CARTESIAN_POINT ( 'NONE',  ( 2.499999999999998668, 0.2500000000000001110, -0.4499999999999990119 ) ) ;
#2624 = FACE_OUTER_BOUND ( 'NONE', #536, .T. ) ;
#2625 = FACE_OUTER_BOUND ( 'NONE', #3069, .T. ) ;
#2626 = DIRECTION ( 'NONE',  ( 1.000000000000000000, 0.000000000000000000, 0.000000000000000000 ) ) ;
#2627 = CARTESIAN_POINT ( 'NONE',  ( -2.499999999999998668, 0.8500000000000000888, -0.8499999999999985345 ) ) ;
#2628 = ORIENTED_EDGE ( 'NONE', *, *, #1866, .T. ) ;
#2629 = ORIENTED_EDGE ( 'NONE', *, *, #3200, .T. ) ;
#2630 = DIRECTION ( 'NONE',  ( 0.000000000000000000, -0.000000000000000000, -1.000000000000000000 ) ) ;
#2631 = DIRECTION ( 'NONE',  ( 1.000000000000000000, 0.000000000000000000, -0.000000000000000000 ) ) ;
#2632 = CYLINDRICAL_SURFACE ( 'NONE', #6326, 0.3999999999999999667 ) ;
#2633 = ADVANCED_FACE ( 'NONE', ( #6015 ), #3811, .T. ) ;
#2634 = EDGE_CURVE ( 'NONE', #4688, #5284, #4043, .T. ) ;
#2635 = LINE ( 'NONE', #3388, #2757 ) ;
#2636 = LINE ( 'NONE', #2408, #4861 ) ;
#2637 = VERTEX_POINT ( 'NONE', #3090 ) ;
#2638 = DIRECTION ( 'NONE',  ( 1.000000000000000000, 0.000000000000000000, -0.000000000000000000 ) ) ;
#2639 = AXIS2_PLACEMENT_3D ( 'NONE', #971, #5385, #1405 ) ;
#2640 = ORIENTED_EDGE ( 'NONE', *, *, #5983, .F. ) ;
#2641 = CARTESIAN_POINT ( 'NONE',  ( -1.559999999999999831, 0.5000000000000000000, 1.499999999999999778 ) ) ;
#2642 = CARTESIAN_POINT ( 'NONE',  ( -1.799999999999999600, 0.8657359312880714697, 0.8999999999999998002 ) ) ;
#2643 = LINE ( 'NONE', #2195, #4985 ) ;
#2644 = DIRECTION ( 'NONE',  ( 1.000000000000000000, 0.000000000000000000, 0.000000000000000000 ) ) ;
#2645 = CARTESIAN_POINT ( 'NONE',  ( -1.920000000000000373, 1.149999999999999911, -1.020000000000000240 ) ) ;
#2646 = AXIS2_PLACEMENT_3D ( 'NONE', #5790, #1332, #4794 ) ;
#2647 = EDGE_CURVE ( 'NONE', #2407, #5210, #6128, .T. ) ;
#2648 = CARTESIAN_POINT ( 'NONE',  ( 2.500000000000000444, 1.000000000000000000, 1.500000000000000000 ) ) ;
#2649 = LINE ( 'NONE', #2690, #4950 ) ;
#2650 = LINE ( 'NONE', #5893, #4872 ) ;
#2651 = EDGE_CURVE ( 'NONE', #5597, #4472, #6085, .T. ) ;
#2652 = ADVANCED_FACE ( 'NONE', ( #6150 ), #3621, .F. ) ;
#2653 = VERTEX_POINT ( 'NONE', #1469 ) ;
#2654 = ORIENTED_EDGE ( 'NONE', *, *, #4242, .T. ) ;
#2655 = AXIS2_PLACEMENT_3D ( 'NONE', #4551, #6037, #1962 ) ;
#2656 = CARTESIAN_POINT ( 'NONE',  ( -0.6399999999999999023, 1.000000000000000000, 1.500000000000000444 ) ) ;
#2657 = LINE ( 'NONE', #4523, #4877 ) ;
#2658 = DIRECTION ( 'NONE',  ( 4.336808689942017736E-16, 0.000000000000000000, -1.000000000000000000 ) ) ;
#2659 = DIRECTION ( 'NONE',  ( 0.000000000000000000, 0.000000000000000000, 1.000000000000000000 ) ) ;
#2660 = CARTESIAN_POINT ( 'NONE',  ( 2.499999999999998668, 0.8500000000000000888, -0.8499999999999989786 ) ) ;
#2661 = CARTESIAN_POINT ( 'NONE',  ( -2.499999999999997780, 0.2500000000000001110, -0.7499999999999986677 ) ) ;
#2662 = AXIS2_PLACEMENT_3D ( 'NONE', #3946, #2943, #2602 ) ;
#2663 = EDGE_CURVE ( 'NONE', #3047, #993, #3945, .T. ) ;
#2664 = EDGE_LOOP ( 'NONE', ( #4034, #115, #4723, #296 ) ) ;
#2665 = ORIENTED_EDGE ( 'NONE', *, *, #4873, .T. ) ;
#2666 = VECTOR ( 'NONE', #2411, 1000.000000000000000 ) ;
#2667 = LINE ( 'NONE', #410, #457 ) ;
#2668 = PLANE ( 'NONE',  #5547 ) ;
#2669 = FACE_OUTER_BOUND ( 'NONE', #1445, .T. ) ;
#2670 = DIRECTION ( 'NONE',  ( -0.000000000000000000, -0.000000000000000000, -1.000000000000000000 ) ) ;
#2671 = VERTEX_POINT ( 'NONE', #3463 ) ;
#2672 = VERTEX_POINT ( 'NONE', #4573 ) ;
#2673 = EDGE_CURVE ( 'NONE', #6173, #263, #4031, .T. ) ;
#2674 = DIRECTION ( 'NONE',  ( -0.7071067811865511255, 0.000000000000000000, -0.7071067811865440200 ) ) ;
#2675 = LINE ( 'NONE', #3372, #612 ) ;
#2676 = PLANE ( 'NONE',  #2341 ) ;
#2677 = AXIS2_PLACEMENT_3D ( 'NONE', #1604, #4098, #173 ) ;
#2678 = LINE ( 'NONE', #683, #2801 ) ;
#2679 = LINE ( 'NONE', #178, #2714 ) ;
#2680 = ORIENTED_EDGE ( 'NONE', *, *, #1437, .T. ) ;
#2681 = ORIENTED_EDGE ( 'NONE', *, *, #1879, .T. ) ;
#2682 = DIRECTION ( 'NONE',  ( -0.000000000000000000, 1.000000000000000000, -0.000000000000000000 ) ) ;
#2683 = ORIENTED_EDGE ( 'NONE', *, *, #632, .T. ) ;
#2684 = CARTESIAN_POINT ( 'NONE',  ( -2.299999999999998490, 0.8500000000000000888, -0.4499999999999987343 ) ) ;
#2685 = DIRECTION ( 'NONE',  ( 0.000000000000000000, 1.000000000000000000, 0.000000000000000000 ) ) ;
#2686 = EDGE_CURVE ( 'NONE', #1446, #4658, #3922, .T. ) ;
#2687 = VECTOR ( 'NONE', #5503, 1000.000000000000000 ) ;
#2688 = CARTESIAN_POINT ( 'NONE',  ( -1.870000000000000329, -1.562049935181331506, 0.5999999999999996447 ) ) ;
#2689 = DIRECTION ( 'NONE',  ( 1.000000000000000000, 0.000000000000000000, 2.710505431213760099E-16 ) ) ;
#2690 = CARTESIAN_POINT ( 'NONE',  ( -1.870000000000000329, 0.5000000000000000000, -1.599999999999999645 ) ) ;
#2691 = CARTESIAN_POINT ( 'NONE',  ( 2.500000000000000444, 0.000000000000000000, 1.399999999999999467 ) ) ;
#2692 = ADVANCED_FACE ( 'NONE', ( #1736 ), #5011, .F. ) ;
#2693 = VECTOR ( 'NONE', #2885, 1000.000000000000000 ) ;
#2694 = EDGE_LOOP ( 'NONE', ( #3861, #6080, #5526, #3782 ) ) ;
#2695 = ORIENTED_EDGE ( 'NONE', *, *, #6163, .T. ) ;
#2696 = ORIENTED_EDGE ( 'NONE', *, *, #1525, .F. ) ;
#2697 = CARTESIAN_POINT ( 'NONE',  ( -2.499999999999998668, 0.8500000000000000888, -0.8499999999999985345 ) ) ;
#2698 = LINE ( 'NONE', #945, #4847 ) ;
#2699 = AXIS2_PLACEMENT_3D ( 'NONE', #4617, #3467, #5680 ) ;
#2700 = DIRECTION ( 'NONE',  ( -1.000000000000000000, 0.000000000000000000, 0.000000000000000000 ) ) ;
#2701 = CARTESIAN_POINT ( 'NONE',  ( 1.920000000000000373, 1.239999999999999769, 1.290000000000000480 ) ) ;
#2702 = CARTESIAN_POINT ( 'NONE',  ( 2.499999999999997780, 0.2500000000000000555, -0.5499999999999988232 ) ) ;
#2703 = CARTESIAN_POINT ( 'NONE',  ( 1.870000000000001217, -1.562049935181331506, 1.599999999999999201 ) ) ;
#2704 = DIRECTION ( 'NONE',  ( 4.336808689942017736E-16, 0.000000000000000000, 1.000000000000000000 ) ) ;
#2705 = CIRCLE ( 'NONE', #1612, 0.1000000000000009076 ) ;
#2706 = ORIENTED_EDGE ( 'NONE', *, *, #1961, .T. ) ;
#2707 = VERTEX_POINT ( 'NONE', #2994 ) ;
#2708 = VERTEX_POINT ( 'NONE', #412 ) ;
#2709 = AXIS2_PLACEMENT_3D ( 'NONE', #4373, #1948, #4978 ) ;
#2710 = VECTOR ( 'NONE', #4477, 1000.000000000000000 ) ;
#2711 = AXIS2_PLACEMENT_3D ( 'NONE', #797, #2832, #2742 ) ;
#2712 = CARTESIAN_POINT ( 'NONE',  ( -2.300000000000000266, 0.8500000000000000888, 0.4499999999999987343 ) ) ;
#2713 = VECTOR ( 'NONE', #2032, 1000.000000000000000 ) ;
#2714 = VECTOR ( 'NONE', #663, 1000.000000000000000 ) ;
#2715 = CARTESIAN_POINT ( 'NONE',  ( 0.000000000000000000, 0.000000000000000000, 0.000000000000000000 ) ) ;
#2716 = EDGE_LOOP ( 'NONE', ( #4929, #5013, #5045, #5111, #692, #344 ) ) ;
#2717 = DIRECTION ( 'NONE',  ( 0.000000000000000000, 0.000000000000000000, 1.000000000000000000 ) ) ;
#2718 = ORIENTED_EDGE ( 'NONE', *, *, #123, .F. ) ;
#2719 = ORIENTED_EDGE ( 'NONE', *, *, #1194, .T. ) ;
#2720 = CARTESIAN_POINT ( 'NONE',  ( 2.399999999999999911, 0.000000000000000000, -0.5499999999999988232 ) ) ;
#2721 = VECTOR ( 'NONE', #6261, 1000.000000000000000 ) ;
#2722 =( NAMED_UNIT ( * ) PLANE_ANGLE_UNIT ( ) SI_UNIT ( $, .RADIAN. ) );
#2723 = AXIS2_PLACEMENT_3D ( 'NONE', #4252, #5042, #989 ) ;
#2724 = EDGE_LOOP ( 'NONE', ( #3449, #1497, #5978, #5342 ) ) ;
#2725 = EDGE_LOOP ( 'NONE', ( #419, #2302, #2617, #2156 ) ) ;
#2726 = ORIENTED_EDGE ( 'NONE', *, *, #4147, .T. ) ;
#2727 = DIRECTION ( 'NONE',  ( 0.000000000000000000, 0.000000000000000000, 1.000000000000000000 ) ) ;
#2728 = VECTOR ( 'NONE', #3334, 1000.000000000000000 ) ;
#2729 = DIRECTION ( 'NONE',  ( -0.000000000000000000, -1.000000000000000000, -0.000000000000000000 ) ) ;
#2730 = EDGE_CURVE ( 'NONE', #5675, #2073, #3997, .T. ) ;
#2731 = DIRECTION ( 'NONE',  ( -0.000000000000000000, -0.000000000000000000, -1.000000000000000000 ) ) ;
#2732 = CARTESIAN_POINT ( 'NONE',  ( -0.8799999999999994493, 1.300000000000000044, -1.600000000000000311 ) ) ;
#2733 = CARTESIAN_POINT ( 'NONE',  ( -2.399999999999999911, 1.300000000000000044, 0.5499999999999992673 ) ) ;
#2734 = CARTESIAN_POINT ( 'NONE',  ( -1.799999999999999600, 0.8657359312880714697, 0.7499999999999996669 ) ) ;
#2735 = VECTOR ( 'NONE', #5717, 1000.000000000000000 ) ;
#2736 = CYLINDRICAL_SURFACE ( 'NONE', #1722, 0.09999999999999982514 ) ;
#2737 = ORIENTED_EDGE ( 'NONE', *, *, #1115, .F. ) ;
#2738 = ORIENTED_EDGE ( 'NONE', *, *, #414, .F. ) ;
#2739 = ORIENTED_EDGE ( 'NONE', *, *, #513, .T. ) ;
#2740 = CARTESIAN_POINT ( 'NONE',  ( 2.399999999999999911, 1.000000000000000000, 0.5499999999999988232 ) ) ;
#2741 = LINE ( 'NONE', #3985, #2811 ) ;
#2742 = DIRECTION ( 'NONE',  ( 0.000000000000000000, 0.000000000000000000, 1.000000000000000000 ) ) ;
#2743 = DIRECTION ( 'NONE',  ( 0.000000000000000000, 0.000000000000000000, -1.000000000000000000 ) ) ;
#2744 = EDGE_CURVE ( 'NONE', #6270, #6057, #4019, .T. ) ;
#2745 = DIRECTION ( 'NONE',  ( 0.000000000000000000, -1.000000000000000000, 0.000000000000000000 ) ) ;
#2746 = ADVANCED_FACE ( 'NONE', ( #1637 ), #6061, .F. ) ;
#2747 = CARTESIAN_POINT ( 'NONE',  ( 7.284483346386986614E-17, 1.239999999999999991, 1.290000000000000702 ) ) ;
#2748 = CARTESIAN_POINT ( 'NONE',  ( -2.399999999999998135, 0.8500000000000000888, -0.7499999999999991118 ) ) ;
#2749 = FACE_OUTER_BOUND ( 'NONE', #5375, .T. ) ;
#2750 = ORIENTED_EDGE ( 'NONE', *, *, #4242, .F. ) ;
#2751 = EDGE_LOOP ( 'NONE', ( #2665, #4737, #4655, #2759 ) ) ;
#2752 = CARTESIAN_POINT ( 'NONE',  ( 0.6399999999999999023, 1.069999999999999840, -1.420000000000000151 ) ) ;
#2753 = VERTEX_POINT ( 'NONE', #4183 ) ;
#2754 = VECTOR ( 'NONE', #6316, 1000.000000000000000 ) ;
#2755 = EDGE_CURVE ( 'NONE', #6222, #3381, #3904, .T. ) ;
#2756 =( LENGTH_UNIT ( ) NAMED_UNIT ( * ) SI_UNIT ( .MILLI., .METRE. ) );
#2757 = VECTOR ( 'NONE', #2430, 1000.000000000000000 ) ;
#2758 = PLANE ( 'NONE',  #1353 ) ;
#2759 = ORIENTED_EDGE ( 'NONE', *, *, #1115, .T. ) ;
#2760 = AXIS2_PLACEMENT_3D ( 'NONE', #722, #3810, #2284 ) ;
#2761 = ADVANCED_FACE ( 'NONE', ( #4007 ), #1636, .F. ) ;
#2762 = CARTESIAN_POINT ( 'NONE',  ( 1.559999999999999831, 1.300000000000000044, -1.499999999999999778 ) ) ;
#2763 = VERTEX_POINT ( 'NONE', #5296 ) ;
#2764 = EDGE_LOOP ( 'NONE', ( #1729, #1840, #6232, #1540 ) ) ;
#2765 = DIRECTION ( 'NONE',  ( -0.000000000000000000, -1.000000000000000000, -0.000000000000000000 ) ) ;
#2766 = PLANE ( 'NONE',  #2275 ) ;
#2767 = CARTESIAN_POINT ( 'NONE',  ( 2.399999999715078047, 0.9999999999999997780, -1.146016614668256439 ) ) ;
#2768 = CARTESIAN_POINT ( 'NONE',  ( 2.500000000000000444, 0.8500000000000000888, 0.8499999999999989786 ) ) ;
#2769 = FACE_OUTER_BOUND ( 'NONE', #1277, .T. ) ;
#2770 = ORIENTED_EDGE ( 'NONE', *, *, #3834, .T. ) ;
#2771 = ORIENTED_EDGE ( 'NONE', *, *, #172, .T. ) ;
#2772 = CARTESIAN_POINT ( 'NONE',  ( 2.356865096230100765, 1.000000000000000000, -1.218691351903949949 ) ) ;
#2773 = ORIENTED_EDGE ( 'NONE', *, *, #1938, .T. ) ;
#2774 = CARTESIAN_POINT ( 'NONE',  ( -1.920000000000000373, 1.239999999999999769, 1.350000000000000311 ) ) ;
#2775 = FACE_OUTER_BOUND ( 'NONE', #6329, .T. ) ;
#2776 = EDGE_CURVE ( 'NONE', #6452, #4939, #3954, .T. ) ;
#2777 = CARTESIAN_POINT ( 'NONE',  ( -1.920000000000000373, 8.040147056835873940, -1.420000000000000151 ) ) ;
#2778 = CARTESIAN_POINT ( 'NONE',  ( -0.6700000000000002620, 0.000000000000000000, -0.5999999999999997558 ) ) ;
#2779 = CARTESIAN_POINT ( 'NONE',  ( -1.799999999999999600, 0.8657359312880714697, 0.8999999999999998002 ) ) ;
#2780 = AXIS2_PLACEMENT_3D ( 'NONE', #5706, #1490, #587 ) ;
#2781 = VECTOR ( 'NONE', #3268, 1000.000000000000000 ) ;
#2782 = ORIENTED_EDGE ( 'NONE', *, *, #5704, .F. ) ;
#2783 = ORIENTED_EDGE ( 'NONE', *, *, #6038, .T. ) ;
#2784 = EDGE_LOOP ( 'NONE', ( #1021, #275, #3248, #3543, #4178, #5702, #2089, #3464 ) ) ;
#2785 = VECTOR ( 'NONE', #623, 1000.000000000000000 ) ;
#2786 = CARTESIAN_POINT ( 'NONE',  ( 2.320000000000000284, 1.069999999999999840, -1.020000000000000018 ) ) ;
#2787 = DIRECTION ( 'NONE',  ( 0.000000000000000000, 0.000000000000000000, 1.000000000000000000 ) ) ;
#2788 = CARTESIAN_POINT ( 'NONE',  ( -2.499999999999999556, 1.000000000000000000, 1.599999999999999867 ) ) ;
#2789 = EDGE_CURVE ( 'NONE', #3381, #5357, #3934, .T. ) ;
#2790 = PLANE ( 'NONE',  #2880 ) ;
#2791 = SURFACE_STYLE_USAGE ( .BOTH. , #1422 ) ;
#2792 = FACE_OUTER_BOUND ( 'NONE', #1122, .T. ) ;
#2793 = ORIENTED_EDGE ( 'NONE', *, *, #4079, .T. ) ;
#2794 = VERTEX_POINT ( 'NONE', #2691 ) ;
#2795 = PLANE ( 'NONE',  #4758 ) ;
#2796 = AXIS2_PLACEMENT_3D ( 'NONE', #5099, #3574, #5622 ) ;
#2797 = ORIENTED_EDGE ( 'NONE', *, *, #1667, .T. ) ;
#2798 = LINE ( 'NONE', #2762, #5029 ) ;
#2799 = EDGE_CURVE ( 'NONE', #3119, #5914, #6292, .T. ) ;
#2800 = CARTESIAN_POINT ( 'NONE',  ( 2.320000000000000284, 1.100000000000000311, -1.020000000000000018 ) ) ;
#2801 = VECTOR ( 'NONE', #3270, 1000.000000000000000 ) ;
#2802 = EDGE_CURVE ( 'NONE', #80, #3030, #1811, .T. ) ;
#2803 = DIRECTION ( 'NONE',  ( 0.000000000000000000, 0.000000000000000000, -1.000000000000000000 ) ) ;
#2804 = VERTEX_POINT ( 'NONE', #6286 ) ;
#2805 = CARTESIAN_POINT ( 'NONE',  ( 2.500000000000000444, 1.000000000000000000, -1.399999999999999467 ) ) ;
#2806 = ORIENTED_EDGE ( 'NONE', *, *, #5704, .T. ) ;
#2807 = ORIENTED_EDGE ( 'NONE', *, *, #5834, .F. ) ;
#2808 = DIRECTION ( 'NONE',  ( -0.000000000000000000, -1.000000000000000000, -0.000000000000000000 ) ) ;
#2809 = AXIS2_PLACEMENT_3D ( 'NONE', #3692, #2382, #421 ) ;
#2810 = DIRECTION ( 'NONE',  ( -0.000000000000000000, 1.000000000000000000, -0.000000000000000000 ) ) ;
#2811 = VECTOR ( 'NONE', #3900, 1000.000000000000000 ) ;
#2812 = CARTESIAN_POINT ( 'NONE',  ( -1.870000000000000329, 0.5000000000000000000, -1.599999999999999645 ) ) ;
#2813 = EDGE_CURVE ( 'NONE', #5062, #3012, #1834, .T. ) ;
#2814 = FACE_OUTER_BOUND ( 'NONE', #1830, .T. ) ;
#2815 = VERTEX_POINT ( 'NONE', #157 ) ;
#2816 = ADVANCED_FACE ( 'NONE', ( #1844 ), #4750, .F. ) ;
#2817 = EDGE_CURVE ( 'NONE', #954, #1836, #1725, .T. ) ;
#2818 = ORIENTED_EDGE ( 'NONE', *, *, #6174, .F. ) ;
#2819 = CARTESIAN_POINT ( 'NONE',  ( 2.387675741629295523, 0.9999999999999997780, -1.143435892650993768 ) ) ;
#2820 = ORIENTED_EDGE ( 'NONE', *, *, #3015, .T. ) ;
#2821 = CARTESIAN_POINT ( 'NONE',  ( -1.560000000000000053, 1.000000000000000000, 1.599999999999999867 ) ) ;
#2822 = CIRCLE ( 'NONE', #5988, 0.09999999999999982514 ) ;
#2823 = DIRECTION ( 'NONE',  ( 1.000000000000000000, 0.000000000000000000, 0.000000000000000000 ) ) ;
#2824 = DIRECTION ( 'NONE',  ( -0.000000000000000000, -1.000000000000000000, -0.000000000000000000 ) ) ;
#2825 = DIRECTION ( 'NONE',  ( 0.000000000000000000, 0.000000000000000000, -1.000000000000000000 ) ) ;
#2826 = LINE ( 'NONE', #1632, #603 ) ;
#2827 = VERTEX_POINT ( 'NONE', #5835 ) ;
#2828 = ORIENTED_EDGE ( 'NONE', *, *, #5995, .F. ) ;
#2829 = ORIENTED_EDGE ( 'NONE', *, *, #3612, .F. ) ;
#2830 = EDGE_CURVE ( 'NONE', #1367, #2937, #1798, .T. ) ;
#2831 = LINE ( 'NONE', #3266, #3056 ) ;
#2832 = DIRECTION ( 'NONE',  ( -1.000000000000000000, 0.000000000000000000, 0.000000000000000000 ) ) ;
#2833 =( BOUNDED_CURVE ( )  B_SPLINE_CURVE ( 2, ( #2381, #2295, #5384 ),
 .UNSPECIFIED., .F., .F. ) 
 B_SPLINE_CURVE_WITH_KNOTS ( ( 3, 3 ),
 ( 0.000000000000000000, 1.000000000000000000 ),
 .UNSPECIFIED. ) 
 CURVE ( )  GEOMETRIC_REPRESENTATION_ITEM ( )  RATIONAL_B_SPLINE_CURVE ( ( 1.000000000000000000, 0.7071067811865475727, 1.000000000000000000 ) ) 
 REPRESENTATION_ITEM ( '' )  );
#2834 = DIRECTION ( 'NONE',  ( 0.000000000000000000, 1.000000000000000000, 0.000000000000000000 ) ) ;
#2835 = DIRECTION ( 'NONE',  ( 0.000000000000000000, 0.000000000000000000, 1.000000000000000000 ) ) ;
#2836 = LINE ( 'NONE', #6390, #2901 ) ;
#2837 = VERTEX_POINT ( 'NONE', #4700 ) ;
#2838 = VERTEX_POINT ( 'NONE', #6341 ) ;
#2839 = CARTESIAN_POINT ( 'NONE',  ( -2.399999999927659111, 1.000000000000000000, -1.052004573575959778 ) ) ;
#2840 = VERTEX_POINT ( 'NONE', #1209 ) ;
#2841 = VECTOR ( 'NONE', #3086, 1000.000000000000000 ) ;
#2842 = AXIS2_PLACEMENT_3D ( 'NONE', #1162, #1634, #2171 ) ;
#2843 = EDGE_LOOP ( 'NONE', ( #6552, #2506, #596, #484, #5085, #2496, #356, #455 ) ) ;
#2844 = VECTOR ( 'NONE', #4869, 1000.000000000000000 ) ;
#2845 = DIRECTION ( 'NONE',  ( -0.000000000000000000, -1.000000000000000000, -0.000000000000000000 ) ) ;
#2846 = ORIENTED_EDGE ( 'NONE', *, *, #2945, .F. ) ;
#2847 = DIRECTION ( 'NONE',  ( -1.000000000000000000, 0.000000000000000000, -2.710505431213761085E-16 ) ) ;
#2848 = LINE ( 'NONE', #1119, #5186 ) ;
#2849 = PLANE ( 'NONE',  #4432 ) ;
#2850 = EDGE_CURVE ( 'NONE', #1269, #1341, #6308, .T. ) ;
#2851 = ADVANCED_FACE ( 'NONE', ( #1688 ), #2536, .F. ) ;
#2852 = CIRCLE ( 'NONE', #2605, 0.09999999999999971412 ) ;
#2853 = EDGE_CURVE ( 'NONE', #3373, #1367, #1765, .T. ) ;
#2854 = EDGE_LOOP ( 'NONE', ( #2068, #241, #91, #4823 ) ) ;
#2855 = VERTEX_POINT ( 'NONE', #2445 ) ;
#2856 = CARTESIAN_POINT ( 'NONE',  ( 2.200389843132521062, 1.000000000000000000, -1.409634388589047438 ) ) ;
#2857 = DIRECTION ( 'NONE',  ( -0.000000000000000000, 1.000000000000000000, -0.000000000000000000 ) ) ;
#2858 = CARTESIAN_POINT ( 'NONE',  ( -2.399999999999998135, 0.2500000000000001110, -0.5499999999999983791 ) ) ;
#2859 = LINE ( 'NONE', #1333, #662 ) ;
#2860 = CARTESIAN_POINT ( 'NONE',  ( 2.499999999999998668, 0.8500000000000000888, -0.8499999999999989786 ) ) ;
#2861 = DIRECTION ( 'NONE',  ( 0.000000000000000000, 0.000000000000000000, -1.000000000000000000 ) ) ;
#2862 = AXIS2_PLACEMENT_3D ( 'NONE', #314, #5926, #2278 ) ;
#2863 = FACE_OUTER_BOUND ( 'NONE', #4632, .T. ) ;
#2864 = EDGE_LOOP ( 'NONE', ( #2346, #3877, #4380, #2137 ) ) ;
#2865 = ADVANCED_FACE ( 'NONE', ( #1742 ), #6562, .F. ) ;
#2866 = VECTOR ( 'NONE', #138, 1000.000000000000000 ) ;
#2867 = VERTEX_POINT ( 'NONE', #4016 ) ;
#2868 = EDGE_CURVE ( 'NONE', #1739, #3817, #1649, .T. ) ;
#2869 = LINE ( 'NONE', #334, #5347 ) ;
#2870 = VECTOR ( 'NONE', #1759, 1000.000000000000000 ) ;
#2871 = DIRECTION ( 'NONE',  ( 0.000000000000000000, 0.000000000000000000, -1.000000000000000000 ) ) ;
#2872 = PLANE ( 'NONE',  #2449 ) ;
#2873 = AXIS2_PLACEMENT_3D ( 'NONE', #1626, #2593, #1668 ) ;
#2874 = DIRECTION ( 'NONE',  ( 0.000000000000000000, -0.000000000000000000, -1.000000000000000000 ) ) ;
#2875 = LINE ( 'NONE', #1791, #823 ) ;
#2876 = ORIENTED_EDGE ( 'NONE', *, *, #6380, .T. ) ;
#2877 = CIRCLE ( 'NONE', #3184, 0.1000000000000004774 ) ;
#2878 = ORIENTED_EDGE ( 'NONE', *, *, #3361, .T. ) ;
#2879 = DIRECTION ( 'NONE',  ( 1.000000000000000000, 0.000000000000000000, 1.495451272393800824E-15 ) ) ;
#2880 = AXIS2_PLACEMENT_3D ( 'NONE', #5952, #851, #6406 ) ;
#2881 = LINE ( 'NONE', #3775, #5127 ) ;
#2882 = EDGE_CURVE ( 'NONE', #3584, #5780, #6192, .T. ) ;
#2883 = UNCERTAINTY_MEASURE_WITH_UNIT (LENGTH_MEASURE( 1.000000000000000082E-05 ), #4732, 'distance_accuracy_value', 'NONE');
#2884 = ORIENTED_EDGE ( 'NONE', *, *, #5855, .F. ) ;
#2885 = DIRECTION ( 'NONE',  ( -0.000000000000000000, -1.000000000000000000, -0.000000000000000000 ) ) ;
#2886 = CARTESIAN_POINT ( 'NONE',  ( 0.6700000000000014833, 0.5000000000000000000, 1.599999999999999423 ) ) ;
#2887 = CYLINDRICAL_SURFACE ( 'NONE', #4776, 0.04999999999999991257 ) ;
#2888 = AXIS2_PLACEMENT_3D ( 'NONE', #5120, #26, #2141 ) ;
#2889 = CARTESIAN_POINT ( 'NONE',  ( -2.299999999999998490, 0.2500000000000000555, -0.8499999999999985345 ) ) ;
#2890 = VERTEX_POINT ( 'NONE', #1964 ) ;
#2891 = CARTESIAN_POINT ( 'NONE',  ( -0.6700000000000002620, 0.000000000000000000, -0.5999999999999997558 ) ) ;
#2892 = EDGE_LOOP ( 'NONE', ( #1339, #3631, #1506, #5226, #3045, #1226 ) ) ;
#2893 = CARTESIAN_POINT ( 'NONE',  ( 2.399999999999998135, 0.2500000000000000555, -0.7499999999999995559 ) ) ;
#2894 = DIRECTION ( 'NONE',  ( 1.000000000000000000, 0.000000000000000000, -5.646886315028668105E-17 ) ) ;
#2895 = DIRECTION ( 'NONE',  ( -0.000000000000000000, -1.000000000000000000, -0.000000000000000000 ) ) ;
#2896 = FACE_OUTER_BOUND ( 'NONE', #3502, .T. ) ;
#2897 = AXIS2_PLACEMENT_3D ( 'NONE', #2259, #1590, #2131 ) ;
#2898 = CARTESIAN_POINT ( 'NONE',  ( 2.276890707879078324, 1.069999999999999840, -1.228794717070160303 ) ) ;
#2899 = EDGE_CURVE ( 'NONE', #2937, #2347, #3842, .T. ) ;
#2900 = ORIENTED_EDGE ( 'NONE', *, *, #2145, .T. ) ;
#2901 = VECTOR ( 'NONE', #885, 1000.000000000000000 ) ;
#2902 = ORIENTED_EDGE ( 'NONE', *, *, #1957, .T. ) ;
#2903 = ORIENTED_EDGE ( 'NONE', *, *, #3612, .T. ) ;
#2904 = CARTESIAN_POINT ( 'NONE',  ( 2.075289628154684429, 1.000000000000000000, -1.474071332315026073 ) ) ;
#2905 = PLANE ( 'NONE',  #2639 ) ;
#2906 = LINE ( 'NONE', #4078, #5079 ) ;
#2907 = CYLINDRICAL_SURFACE ( 'NONE', #1221, 0.09999999999999982514 ) ;
#2908 = DIRECTION ( 'NONE',  ( -0.000000000000000000, 1.000000000000000000, -0.000000000000000000 ) ) ;
#2909 = CARTESIAN_POINT ( 'NONE',  ( 2.271016587998418323, 1.000000000000000222, 1.347913720713605157 ) ) ;
#2910 = ADVANCED_FACE ( 'NONE', ( #3871 ), #5611, .F. ) ;
#2911 = EDGE_CURVE ( 'NONE', #6493, #5934, #1753, .T. ) ;
#2912 = ORIENTED_EDGE ( 'NONE', *, *, #2290, .T. ) ;
#2913 = CARTESIAN_POINT ( 'NONE',  ( -2.319999999762651921, 0.9999999999999996669, 1.125013845556887437 ) ) ;
#2914 = CIRCLE ( 'NONE', #2040, 0.1499999999999999667 ) ;
#2915 = ORIENTED_EDGE ( 'NONE', *, *, #6263, .F. ) ;
#2916 = LINE ( 'NONE', #3089, #725 ) ;
#2917 = VERTEX_POINT ( 'NONE', #4065 ) ;
#2918 = FACE_OUTER_BOUND ( 'NONE', #5890, .T. ) ;
#2919 = DIRECTION ( 'NONE',  ( 0.000000000000000000, -0.000000000000000000, -1.000000000000000000 ) ) ;
#2920 = CARTESIAN_POINT ( 'NONE',  ( -1.799999999999999600, 1.289999999999999813, 1.049999999999999822 ) ) ;
#2921 = DIRECTION ( 'NONE',  ( -0.000000000000000000, 1.000000000000000000, 0.000000000000000000 ) ) ;
#2922 = DIRECTION ( 'NONE',  ( 0.000000000000000000, -1.000000000000000000, 0.000000000000000000 ) ) ;
#2923 = VERTEX_POINT ( 'NONE', #1421 ) ;
#2924 = EDGE_CURVE ( 'NONE', #6148, #6237, #6097, .T. ) ;
#2925 = EDGE_LOOP ( 'NONE', ( #1769, #6132, #6198, #6022 ) ) ;
#2926 = FACE_OUTER_BOUND ( 'NONE', #5132, .T. ) ;
#2927 =( NAMED_UNIT ( * ) SI_UNIT ( $, .STERADIAN. ) SOLID_ANGLE_UNIT ( ) );
#2928 = ORIENTED_EDGE ( 'NONE', *, *, #2024, .T. ) ;
#2929 = DIRECTION ( 'NONE',  ( 0.000000000000000000, 0.000000000000000000, -1.000000000000000000 ) ) ;
#2930 = AXIS2_PLACEMENT_3D ( 'NONE', #5386, #4180, #5339 ) ;
#2931 = VECTOR ( 'NONE', #6336, 1000.000000000000000 ) ;
#2932 = ORIENTED_EDGE ( 'NONE', *, *, #3065, .T. ) ;
#2933 = CARTESIAN_POINT ( 'NONE',  ( 2.499999999999999556, 1.300000000000000044, 1.599999999999999867 ) ) ;
#2934 = VECTOR ( 'NONE', #2502, 1000.000000000000000 ) ;
#2935 = LINE ( 'NONE', #5479, #709 ) ;
#2936 = CARTESIAN_POINT ( 'NONE',  ( -2.499999999999997780, 0.8500000000000000888, -0.5499999999999983791 ) ) ;
#2937 = VERTEX_POINT ( 'NONE', #6086 ) ;
#2938 = CIRCLE ( 'NONE', #5190, 0.2000000000000003164 ) ;
#2939 = ORIENTED_EDGE ( 'NONE', *, *, #1560, .T. ) ;
#2940 = CARTESIAN_POINT ( 'NONE',  ( 2.399999999999999911, 1.000000000000000000, -0.7499999999999995559 ) ) ;
#2941 = CARTESIAN_POINT ( 'NONE',  ( -2.499999999999999556, 0.2500000000000001110, 0.7499999999999986677 ) ) ;
#2942 = LINE ( 'NONE', #2167, #5340 ) ;
#2943 = DIRECTION ( 'NONE',  ( -0.000000000000000000, 1.000000000000000000, -0.000000000000000000 ) ) ;
#2944 = LINE ( 'NONE', #2139, #2965 ) ;
#2945 = EDGE_CURVE ( 'NONE', #2867, #1291, #1656, .T. ) ;
#2946 = AXIS2_PLACEMENT_3D ( 'NONE', #3100, #4095, #2228 ) ;
#2947 = ORIENTED_EDGE ( 'NONE', *, *, #4488, .T. ) ;
#2948 = CYLINDRICAL_SURFACE ( 'NONE', #4288, 0.1499999999999999667 ) ;
#2949 = ORIENTED_EDGE ( 'NONE', *, *, #4035, .F. ) ;
#2950 = LINE ( 'NONE', #365, #795 ) ;
#2951 = EDGE_LOOP ( 'NONE', ( #2947, #3244, #2932, #1527, #6197, #2958 ) ) ;
#2952 = CARTESIAN_POINT ( 'NONE',  ( -0.6700000000000005951, 0.5000000000000000000, -1.599999999999999645 ) ) ;
#2953 = AXIS2_PLACEMENT_3D ( 'NONE', #6350, #2871, #2700 ) ;
#2954 = CARTESIAN_POINT ( 'NONE',  ( -1.920000000000000373, 0.9999999999999997780, -1.500000000000000222 ) ) ;
#2955 = DIRECTION ( 'NONE',  ( 1.000000000000000000, 0.000000000000000000, 0.000000000000000000 ) ) ;
#2956 = DIRECTION ( 'NONE',  ( -6.570922257487908021E-16, 0.000000000000000000, 1.000000000000000000 ) ) ;
#2957 = ADVANCED_FACE ( 'NONE', ( #3879 ), #2585, .F. ) ;
#2958 = ORIENTED_EDGE ( 'NONE', *, *, #1079, .T. ) ;
#2959 = CARTESIAN_POINT ( 'NONE',  ( -0.6700000000000002620, 0.000000000000000000, -0.5999999999999997558 ) ) ;
#2960 = LINE ( 'NONE', #3579, #5240 ) ;
#2961 = EDGE_CURVE ( 'NONE', #6478, #5016, #1777, .T. ) ;
#2962 = ORIENTED_EDGE ( 'NONE', *, *, #3298, .F. ) ;
#2963 = ORIENTED_EDGE ( 'NONE', *, *, #1399, .T. ) ;
#2964 = AXIS2_PLACEMENT_3D ( 'NONE', #3282, #6563, #3751 ) ;
#2965 = VECTOR ( 'NONE', #3146, 1000.000000000000000 ) ;
#2966 = DIRECTION ( 'NONE',  ( -1.000000000000000000, 0.000000000000000000, 0.000000000000000000 ) ) ;
#2967 = CARTESIAN_POINT ( 'NONE',  ( 2.499999999999999556, 0.2500000000000001110, 0.7499999999999991118 ) ) ;
#2968 = ADVANCED_FACE ( 'NONE', ( #6108 ), #1665, .F. ) ;
#2969 = AXIS2_PLACEMENT_3D ( 'NONE', #6333, #733, #2254 ) ;
#2970 = CARTESIAN_POINT ( 'NONE',  ( -0.6700000000000005951, 0.000000000000000000, 1.599999999999999645 ) ) ;
#2971 = ORIENTED_EDGE ( 'NONE', *, *, #6149, .F. ) ;
#2972 = VECTOR ( 'NONE', #5009, 1000.000000000000000 ) ;
#2973 = VERTEX_POINT ( 'NONE', #6682 ) ;
#2974 = CARTESIAN_POINT ( 'NONE',  ( 2.399999999999999911, 0.8500000000000000888, 0.5499999999999988232 ) ) ;
#2975 = VECTOR ( 'NONE', #3768, 1000.000000000000000 ) ;
#2976 = DIRECTION ( 'NONE',  ( -0.000000000000000000, 1.000000000000000000, -0.000000000000000000 ) ) ;
#2977 = EDGE_CURVE ( 'NONE', #4572, #3047, #6253, .T. ) ;
#2978 = ORIENTED_EDGE ( 'NONE', *, *, #1727, .F. ) ;
#2979 = CARTESIAN_POINT ( 'NONE',  ( -2.369413592204448360, 1.000000000000000222, -1.188422368525931416 ) ) ;
#2980 = LINE ( 'NONE', #3669, #3006 ) ;
#2981 = DIRECTION ( 'NONE',  ( -0.000000000000000000, -1.000000000000000000, -0.000000000000000000 ) ) ;
#2982 = ORIENTED_EDGE ( 'NONE', *, *, #4061, .T. ) ;
#2983 = CARTESIAN_POINT ( 'NONE',  ( -2.399999999999998135, 0.2500000000000000555, -0.7499999999999991118 ) ) ;
#2984 = VECTOR ( 'NONE', #4133, 1000.000000000000000 ) ;
#2985 = FACE_OUTER_BOUND ( 'NONE', #3141, .T. ) ;
#2986 = CARTESIAN_POINT ( 'NONE',  ( 2.250000000000000444, 1.149999999999999911, 1.020000000000000462 ) ) ;
#2987 = ORIENTED_EDGE ( 'NONE', *, *, #4035, .T. ) ;
#2988 = VECTOR ( 'NONE', #5897, 1000.000000000000000 ) ;
#2989 = CARTESIAN_POINT ( 'NONE',  ( -2.299999999999998490, 0.8500000000000000888, -0.8499999999999985345 ) ) ;
#2990 = VERTEX_POINT ( 'NONE', #2067 ) ;
#2991 = PLANE ( 'NONE',  #2294 ) ;
#2992 = CARTESIAN_POINT ( 'NONE',  ( -1.920000000000000373, 1.000000000000000000, -1.500000000000000222 ) ) ;
#2993 = DIRECTION ( 'NONE',  ( -2.710505431213760099E-16, 0.000000000000000000, -1.000000000000000000 ) ) ;
#2994 = CARTESIAN_POINT ( 'NONE',  ( 1.870000000000001217, 0.5000000000000000000, -1.599999999999999201 ) ) ;
#2995 = LINE ( 'NONE', #1897, #5088 ) ;
#2996 = ORIENTED_EDGE ( 'NONE', *, *, #4586, .F. ) ;
#2997 = VECTOR ( 'NONE', #5757, 1000.000000000000000 ) ;
#2998 = VECTOR ( 'NONE', #338, 1000.000000000000000 ) ;
#2999 = ORIENTED_EDGE ( 'NONE', *, *, #1587, .T. ) ;
#3000 = FACE_OUTER_BOUND ( 'NONE', #1027, .T. ) ;
#3001 = ORIENTED_EDGE ( 'NONE', *, *, #4651, .T. ) ;
#3002 = CARTESIAN_POINT ( 'NONE',  ( 1.920000000000000373, 1.069999999999999840, 1.420000000000000373 ) ) ;
#3003 = DIRECTION ( 'NONE',  ( 0.000000000000000000, 0.000000000000000000, 1.000000000000000000 ) ) ;
#3004 = DIRECTION ( 'NONE',  ( 0.000000000000000000, 0.000000000000000000, 1.000000000000000000 ) ) ;
#3005 = EDGE_CURVE ( 'NONE', #6140, #6478, #6119, .T. ) ;
#3006 = VECTOR ( 'NONE', #5641, 1000.000000000000000 ) ;
#3007 = CARTESIAN_POINT ( 'NONE',  ( 2.399999999999998135, 0.8500000000000000888, -0.5499999999999988232 ) ) ;
#3008 = DIRECTION ( 'NONE',  ( 0.000000000000000000, -0.000000000000000000, -1.000000000000000000 ) ) ;
#3009 = STYLED_ITEM ( 'NONE', ( #3161 ), #1818 ) ;
#3010 = ORIENTED_EDGE ( 'NONE', *, *, #4586, .T. ) ;
#3011 = DIRECTION ( 'NONE',  ( -0.000000000000000000, 1.000000000000000000, -0.000000000000000000 ) ) ;
#3012 = VERTEX_POINT ( 'NONE', #4467 ) ;
#3013 = LINE ( 'NONE', #5235, #2844 ) ;
#3014 = EDGE_LOOP ( 'NONE', ( #1705, #2323, #1882, #1855 ) ) ;
#3015 = EDGE_CURVE ( 'NONE', #1629, #3584, #1698, .T. ) ;
#3016 = CARTESIAN_POINT ( 'NONE',  ( 1.920000000000000373, 1.100000000000000311, 1.420000000000000373 ) ) ;
#3017 = CARTESIAN_POINT ( 'NONE',  ( 2.499999999999999556, 0.8500000000000000888, 0.7499999999999991118 ) ) ;
#3018 = AXIS2_PLACEMENT_3D ( 'NONE', #579, #3164, #4213 ) ;
#3019 = DIRECTION ( 'NONE',  ( 1.000000000000000000, -0.000000000000000000, 0.000000000000000000 ) ) ;
#3020 = ORIENTED_EDGE ( 'NONE', *, *, #3933, .F. ) ;
#3021 = LINE ( 'NONE', #62, #2984 ) ;
#3022 = VECTOR ( 'NONE', #1881, 1000.000000000000000 ) ;
#3023 = VERTEX_POINT ( 'NONE', #2974 ) ;
#3024 = FACE_OUTER_BOUND ( 'NONE', #6209, .T. ) ;
#3025 = VERTEX_POINT ( 'NONE', #3486 ) ;
#3026 = CARTESIAN_POINT ( 'NONE',  ( 1.559999999999999831, 0.000000000000000000, -1.599999999999999867 ) ) ;
#3027 = AXIS2_PLACEMENT_3D ( 'NONE', #5695, #1108, #2626 ) ;
#3028 = EDGE_CURVE ( 'NONE', #5938, #6476, #6318, .T. ) ;
#3029 = ADVANCED_FACE ( 'NONE', ( #6526 ), #2612, .F. ) ;
#3030 = VERTEX_POINT ( 'NONE', #1601 ) ;
#3031 = DIRECTION ( 'NONE',  ( -0.000000000000000000, -1.000000000000000000, -0.000000000000000000 ) ) ;
#3032 = CARTESIAN_POINT ( 'NONE',  ( -2.200389843132509959, 1.000000000000000000, 1.409634388589058984 ) ) ;
#3033 = CARTESIAN_POINT ( 'NONE',  ( 2.270000000000000462, 1.149999999999999911, 1.020000000000000462 ) ) ;
#3034 = EDGE_LOOP ( 'NONE', ( #4097, #501, #4699, #4337 ) ) ;
#3035 = PRESENTATION_STYLE_ASSIGNMENT (( #4830 ) ) ;
#3036 = DIRECTION ( 'NONE',  ( 0.000000000000000000, 0.000000000000000000, 1.000000000000000000 ) ) ;
#3037 = ORIENTED_EDGE ( 'NONE', *, *, #3436, .F. ) ;
#3038 = EDGE_CURVE ( 'NONE', #176, #1980, #6362, .T. ) ;
#3039 = CARTESIAN_POINT ( 'NONE',  ( 2.319999999762733189, 0.9999999999999996669, 1.125013845556865455 ) ) ;
#3040 = DIRECTION ( 'NONE',  ( 0.000000000000000000, -0.000000000000000000, 1.000000000000000000 ) ) ;
#3041 = DIRECTION ( 'NONE',  ( 0.000000000000000000, 0.000000000000000000, -1.000000000000000000 ) ) ;
#3042 = EDGE_CURVE ( 'NONE', #5414, #6043, #1963, .T. ) ;
#3043 = CARTESIAN_POINT ( 'NONE',  ( 1.559999999999999831, 1.300000000000000044, -1.599999999999999867 ) ) ;
#3044 = AXIS2_PLACEMENT_3D ( 'NONE', #4056, #5131, #1521 ) ;
#3045 = ORIENTED_EDGE ( 'NONE', *, *, #2789, .F. ) ;
#3046 = LINE ( 'NONE', #1432, #5207 ) ;
#3047 = VERTEX_POINT ( 'NONE', #3055 ) ;
#3048 = FACE_OUTER_BOUND ( 'NONE', #6461, .T. ) ;
#3049 = EDGE_LOOP ( 'NONE', ( #4276, #6002, #6342, #6546 ) ) ;
#3050 = PLANE ( 'NONE',  #718 ) ;
#3051 = CARTESIAN_POINT ( 'NONE',  ( -0.8799999999999990052, 1.000000000000000000, 1.599999999999999867 ) ) ;
#3052 = CARTESIAN_POINT ( 'NONE',  ( 2.250000000000000444, 1.149999999999999911, -1.019999999999999574 ) ) ;
#3053 = DIRECTION ( 'NONE',  ( -0.000000000000000000, -1.000000000000000000, -0.000000000000000000 ) ) ;
#3054 = EDGE_CURVE ( 'NONE', #6124, #5001, #4345, .T. ) ;
#3055 = CARTESIAN_POINT ( 'NONE',  ( -2.299999999999998490, 0.2500000000000001110, -0.8499999999999985345 ) ) ;
#3056 = VECTOR ( 'NONE', #3576, 1000.000000000000000 ) ;
#3057 = ORIENTED_EDGE ( 'NONE', *, *, #5374, .F. ) ;
#3058 = LINE ( 'NONE', #641, #867 ) ;
#3059 = DIRECTION ( 'NONE',  ( 1.000000000000000000, -0.000000000000000000, 0.000000000000000000 ) ) ;
#3060 = AXIS2_PLACEMENT_3D ( 'NONE', #3278, #3237, #4295 ) ;
#3061 = ORIENTED_EDGE ( 'NONE', *, *, #1923, .T. ) ;
#3062 = VECTOR ( 'NONE', #5861, 1000.000000000000000 ) ;
#3063 = ORIENTED_EDGE ( 'NONE', *, *, #2523, .F. ) ;
#3064 = DIRECTION ( 'NONE',  ( -1.000000000000000000, 0.000000000000000000, 0.000000000000000000 ) ) ;
#3065 = EDGE_CURVE ( 'NONE', #4824, #4572, #4094, .T. ) ;
#3066 = DIRECTION ( 'NONE',  ( 0.000000000000000000, 0.000000000000000000, 1.000000000000000000 ) ) ;
#3067 = VECTOR ( 'NONE', #5289, 1000.000000000000000 ) ;
#3068 = CARTESIAN_POINT ( 'NONE',  ( -2.025013845558524039, 1.069999999999999840, -1.420000000000000151 ) ) ;
#3069 = EDGE_LOOP ( 'NONE', ( #6182, #1754, #4582, #3950 ) ) ;
#3070 = ORIENTED_EDGE ( 'NONE', *, *, #2651, .F. ) ;
#3071 = DIRECTION ( 'NONE',  ( 1.000000000000000000, -0.000000000000000000, -2.710505431213760099E-16 ) ) ;
#3072 = DIRECTION ( 'NONE',  ( -0.000000000000000000, -1.000000000000000000, -0.000000000000000000 ) ) ;
#3073 = CIRCLE ( 'NONE', #1941, 0.1000000000000009076 ) ;
#3074 = VERTEX_POINT ( 'NONE', #652 ) ;
#3075 = DIRECTION ( 'NONE',  ( -1.000000000000000000, -0.000000000000000000, -0.000000000000000000 ) ) ;
#3076 = FACE_OUTER_BOUND ( 'NONE', #739, .T. ) ;
#3077 = ADVANCED_FACE ( 'NONE', ( #1890 ), #4307, .F. ) ;
#3078 = LINE ( 'NONE', #678, #5291 ) ;
#3079 = EDGE_CURVE ( 'NONE', #4255, #6062, #1913, .T. ) ;
#3080 = CLOSED_SHELL ( 'NONE', ( #5470, #6272, #6466, #1210, #2404, #393, #2202, #2851, #610, #6423 ) ) ;
#3081 = CARTESIAN_POINT ( 'NONE',  ( 1.920000000000000373, 1.149999999999999911, 1.370000000000000551 ) ) ;
#3082 = VECTOR ( 'NONE', #3660, 1000.000000000000000 ) ;
#3083 = CARTESIAN_POINT ( 'NONE',  ( 2.499999999999997780, 0.2500000000000001110, -0.5499999999999988232 ) ) ;
#3084 = ORIENTED_EDGE ( 'NONE', *, *, #6395, .F. ) ;
#3085 = LINE ( 'NONE', #6473, #680 ) ;
#3086 = DIRECTION ( 'NONE',  ( -1.000000000000000000, 0.000000000000000000, 0.000000000000000000 ) ) ;
#3087 = ORIENTED_EDGE ( 'NONE', *, *, #2481, .F. ) ;
#3088 = CARTESIAN_POINT ( 'NONE',  ( 0.6700000000000014833, 0.5000000000000000000, 1.599999999999999423 ) ) ;
#3089 = CARTESIAN_POINT ( 'NONE',  ( 0.9800000000000004263, -1.562049935181331506, 1.499999999999998890 ) ) ;
#3090 = CARTESIAN_POINT ( 'NONE',  ( 2.500000000000000444, 0.2500000000000001110, 0.4499999999999990119 ) ) ;
#3091 = LINE ( 'NONE', #1087, #672 ) ;
#3092 = ADVANCED_FACE ( 'NONE', ( #2005 ), #4233, .F. ) ;
#3093 = ORIENTED_EDGE ( 'NONE', *, *, #5261, .T. ) ;
#3094 = EDGE_LOOP ( 'NONE', ( #2628, #639, #520, #2560, #668, #309 ) ) ;
#3095 = ORIENTED_EDGE ( 'NONE', *, *, #3420, .F. ) ;
#3096 = ORIENTED_EDGE ( 'NONE', *, *, #2523, .T. ) ;
#3097 = DIRECTION ( 'NONE',  ( -1.000000000000000000, -0.000000000000000000, 2.710505431213760099E-16 ) ) ;
#3098 = AXIS2_PLACEMENT_3D ( 'NONE', #1807, #2383, #1949 ) ;
#3099 = DIRECTION ( 'NONE',  ( -1.000000000000000000, 0.000000000000000000, 0.000000000000000000 ) ) ;
#3100 = CARTESIAN_POINT ( 'NONE',  ( -1.920000000000000373, 8.040147056835873940, 1.420000000000000373 ) ) ;
#3101 =( LENGTH_UNIT ( ) NAMED_UNIT ( * ) SI_UNIT ( .MILLI., .METRE. ) );
#3102 = CIRCLE ( 'NONE', #1732, 0.3499999999999999223 ) ;
#3103 = ORIENTED_EDGE ( 'NONE', *, *, #3123, .F. ) ;
#3104 = CARTESIAN_POINT ( 'NONE',  ( -2.499999999999999556, 0.000000000000000000, 0.5499999999999992673 ) ) ;
#3105 = ORIENTED_EDGE ( 'NONE', *, *, #6666, .F. ) ;
#3106 = ORIENTED_EDGE ( 'NONE', *, *, #6149, .T. ) ;
#3107 = ORIENTED_EDGE ( 'NONE', *, *, #6120, .F. ) ;
#3108 = DIRECTION ( 'NONE',  ( -0.000000000000000000, -1.000000000000000000, -0.000000000000000000 ) ) ;
#3109 = CARTESIAN_POINT ( 'NONE',  ( 2.400000000000000799, 0.9999999999999997780, 0.3400000000000000244 ) ) ;
#3110 = VECTOR ( 'NONE', #6180, 1000.000000000000000 ) ;
#3111 = EDGE_CURVE ( 'NONE', #1400, #2098, #4103, .T. ) ;
#3112 = CARTESIAN_POINT ( 'NONE',  ( -1.920000000000000373, 0.9999999999999996669, -1.420000000000000373 ) ) ;
#3113 = ORIENTED_EDGE ( 'NONE', *, *, #1447, .F. ) ;
#3114 = VECTOR ( 'NONE', #6059, 1000.000000000000000 ) ;
#3115 = ORIENTED_EDGE ( 'NONE', *, *, #6107, .F. ) ;
#3116 = CARTESIAN_POINT ( 'NONE',  ( 1.559999999999999831, 1.000000000000000000, -1.599999999999999867 ) ) ;
#3117 = CARTESIAN_POINT ( 'NONE',  ( 0.9800000000000004263, 1.300000000000000044, 1.499999999999998890 ) ) ;
#3118 = VERTEX_POINT ( 'NONE', #3916 ) ;
#3119 = VERTEX_POINT ( 'NONE', #4374 ) ;
#3120 = DIRECTION ( 'NONE',  ( -1.000000000000000000, 0.000000000000000000, 0.000000000000000000 ) ) ;
#3121 = AXIS2_PLACEMENT_3D ( 'NONE', #6315, #5856, #6369 ) ;
#3122 = LINE ( 'NONE', #2989, #5064 ) ;
#3123 = EDGE_CURVE ( 'NONE', #6187, #6148, #6551, .T. ) ;
#3124 = ORIENTED_EDGE ( 'NONE', *, *, #615, .T. ) ;
#3125 = CARTESIAN_POINT ( 'NONE',  ( -2.500000000000000444, 0.8500000000000000888, 0.4499999999999987899 ) ) ;
#3126 = CARTESIAN_POINT ( 'NONE',  ( -2.350783183191292647, 1.000000000000000222, 1.231471972465449705 ) ) ;
#3127 = VECTOR ( 'NONE', #1983, 1000.000000000000000 ) ;
#3128 = EDGE_CURVE ( 'NONE', #3458, #197, #6540, .T. ) ;
#3129 = CARTESIAN_POINT ( 'NONE',  ( 2.499999999999997780, 0.8500000000000000888, -0.7499999999999991118 ) ) ;
#3130 = ORIENTED_EDGE ( 'NONE', *, *, #6223, .F. ) ;
#3131 = ORIENTED_EDGE ( 'NONE', *, *, #3079, .F. ) ;
#3132 = DIRECTION ( 'NONE',  ( -0.000000000000000000, -1.000000000000000000, -0.000000000000000000 ) ) ;
#3133 = ORIENTED_EDGE ( 'NONE', *, *, #1399, .F. ) ;
#3134 = DIRECTION ( 'NONE',  ( -0.000000000000000000, -1.000000000000000000, -0.000000000000000000 ) ) ;
#3135 = AXIS2_PLACEMENT_3D ( 'NONE', #1860, #1483, #4547 ) ;
#3136 = CARTESIAN_POINT ( 'NONE',  ( -2.320000000000000728, 1.069999999999999840, 1.020000000000000462 ) ) ;
#3137 = ADVANCED_FACE ( 'NONE', ( #2113 ), #6544, .F. ) ;
#3138 = EDGE_LOOP ( 'NONE', ( #5155, #1435, #1018, #3471 ) ) ;
#3139 = EDGE_CURVE ( 'NONE', #6270, #3030, #6586, .T. ) ;
#3140 = FACE_OUTER_BOUND ( 'NONE', #2724, .T. ) ;
#3141 = EDGE_LOOP ( 'NONE', ( #4311, #2455, #227, #345, #2719, #2325, #4630, #1915 ) ) ;
#3142 = ORIENTED_EDGE ( 'NONE', *, *, #4105, .T. ) ;
#3143 = EDGE_CURVE ( 'NONE', #3936, #2025, #1937, .T. ) ;
#3144 = ORIENTED_EDGE ( 'NONE', *, *, #5481, .T. ) ;
#3145 = CARTESIAN_POINT ( 'NONE',  ( -2.499999999999999556, 0.000000000000000000, 1.599999999999999867 ) ) ;
#3146 = DIRECTION ( 'NONE',  ( -0.000000000000000000, -0.000000000000000000, 1.000000000000000000 ) ) ;
#3147 = AXIS2_PLACEMENT_3D ( 'NONE', #5102, #1582, #6096 ) ;
#3148 = CARTESIAN_POINT ( 'NONE',  ( 2.299999999999998490, 0.2500000000000000555, -0.4499999999999989564 ) ) ;
#3149 = DIRECTION ( 'NONE',  ( -0.000000000000000000, 1.000000000000000000, -0.000000000000000000 ) ) ;
#3150 = ADVANCED_FACE ( 'NONE', ( #6487 ), #6384, .F. ) ;
#3151 = EDGE_LOOP ( 'NONE', ( #3828, #3717, #5665, #3446 ) ) ;
#3152 = DIRECTION ( 'NONE',  ( -0.000000000000000000, -1.000000000000000000, -0.000000000000000000 ) ) ;
#3153 = AXIS2_PLACEMENT_3D ( 'NONE', #2088, #552, #1049 ) ;
#3154 = ORIENTED_EDGE ( 'NONE', *, *, #5380, .F. ) ;
#3155 = ORIENTED_EDGE ( 'NONE', *, *, #83, .T. ) ;
#3156 = VERTEX_POINT ( 'NONE', #5267 ) ;
#3157 = UNCERTAINTY_MEASURE_WITH_UNIT (LENGTH_MEASURE( 1.000000000000000082E-05 ), #179, 'distance_accuracy_value', 'NONE');
#3158 = DIRECTION ( 'NONE',  ( -0.000000000000000000, 1.000000000000000000, -0.000000000000000000 ) ) ;
#3159 = CARTESIAN_POINT ( 'NONE',  ( 2.500000000000000444, 1.300000000000000044, -0.4499999999999990119 ) ) ;
#3160 = ORIENTED_EDGE ( 'NONE', *, *, #2237, .F. ) ;
#3161 = PRESENTATION_STYLE_ASSIGNMENT (( #14 ) ) ;
#3162 =( BOUNDED_SURFACE ( )  B_SPLINE_SURFACE ( 2, 3, ( 
 ( #3271, #3580, #4232, #4285 ),
 ( #4697, #3620, #2214, #107 ),
 ( #3136, #1589, #4083, #684 ) ),
 .UNSPECIFIED., .F., .F., .F. ) 
 B_SPLINE_SURFACE_WITH_KNOTS ( ( 3, 3 ),
 ( 4, 4 ),
 ( 0.000000000000000000, 1.000000000000000000 ),
 ( -0.002040000000000000580, 2.168404344971008868E-19 ),
 .UNSPECIFIED. ) 
 GEOMETRIC_REPRESENTATION_ITEM ( )  RATIONAL_B_SPLINE_SURFACE ( (
 ( 1.000000000000000000, 1.000000000000000000, 1.000000000000000000, 1.000000000000000000),
 ( 0.7071067811865475727, 0.7071067811865475727, 0.7071067811865475727, 0.7071067811865475727),
 ( 1.000000000000000000, 1.000000000000000000, 1.000000000000000000, 1.000000000000000000) ) ) 
 REPRESENTATION_ITEM ( '' )  SURFACE ( )  );
#3163 = VERTEX_POINT ( 'NONE', #5218 ) ;
#3164 = DIRECTION ( 'NONE',  ( -0.000000000000000000, -1.000000000000000000, -0.000000000000000000 ) ) ;
#3165 = CARTESIAN_POINT ( 'NONE',  ( -1.559999999999999831, 0.000000000000000000, -1.499999999999999778 ) ) ;
#3166 = EDGE_LOOP ( 'NONE', ( #3493, #1858, #6550, #5540 ) ) ;
#3167 = ORIENTED_EDGE ( 'NONE', *, *, #5222, .T. ) ;
#3168 = CARTESIAN_POINT ( 'NONE',  ( -2.499999999999999556, 0.000000000000000000, -1.399999999999999467 ) ) ;
#3169 = EDGE_CURVE ( 'NONE', #4658, #1387, #4247, .T. ) ;
#3170 = PLANE ( 'NONE',  #129 ) ;
#3171 = ORIENTED_EDGE ( 'NONE', *, *, #6322, .F. ) ;
#3172 = CARTESIAN_POINT ( 'NONE',  ( 2.399999999999999911, 1.000000000000000000, -0.5499999999999988232 ) ) ;
#3173 = CARTESIAN_POINT ( 'NONE',  ( 1.870000000000000773, -1.562049935181331506, 0.5999999999999992006 ) ) ;
#3174 = VERTEX_POINT ( 'NONE', #5168 ) ;
#3175 = VERTEX_POINT ( 'NONE', #122 ) ;
#3176 = CARTESIAN_POINT ( 'NONE',  ( 1.559999999999999831, 0.5000000000000000000, 1.499999999999999778 ) ) ;
#3177 = EDGE_LOOP ( 'NONE', ( #6255, #3433, #6115, #5735 ) ) ;
#3178 = PLANE ( 'NONE',  #5112 ) ;
#3179 = DIRECTION ( 'NONE',  ( 0.000000000000000000, 0.000000000000000000, -1.000000000000000000 ) ) ;
#3180 = DIRECTION ( 'NONE',  ( -0.000000000000000000, -1.000000000000000000, -0.000000000000000000 ) ) ;
#3181 = DIRECTION ( 'NONE',  ( 0.000000000000000000, 1.000000000000000000, 0.000000000000000000 ) ) ;
#3182 = CARTESIAN_POINT ( 'NONE',  ( 0.6399999999999999023, 1.069999999999999840, 1.420000000000000373 ) ) ;
#3183 = EDGE_CURVE ( 'NONE', #3156, #1228, #2041, .T. ) ;
#3184 = AXIS2_PLACEMENT_3D ( 'NONE', #4405, #1004, #3041 ) ;
#3185 = ORIENTED_EDGE ( 'NONE', *, *, #6460, .T. ) ;
#3186 = CIRCLE ( 'NONE', #5664, 0.1000000000000009076 ) ;
#3187 = ORIENTED_EDGE ( 'NONE', *, *, #6606, .F. ) ;
#3188 = ORIENTED_EDGE ( 'NONE', *, *, #3634, .F. ) ;
#3189 = ORIENTED_EDGE ( 'NONE', *, *, #2306, .F. ) ;
#3190 = CARTESIAN_POINT ( 'NONE',  ( 1.920000000000000151, 1.000000000000000000, 1.500000000000000444 ) ) ;
#3191 = DIRECTION ( 'NONE',  ( 0.000000000000000000, 0.000000000000000000, 1.000000000000000000 ) ) ;
#3192 = ADVANCED_FACE ( 'NONE', ( #1925 ), #1513, .F. ) ;
#3193 =( GEOMETRIC_REPRESENTATION_CONTEXT ( 3 ) GLOBAL_UNCERTAINTY_ASSIGNED_CONTEXT ( ( #5853 ) ) GLOBAL_UNIT_ASSIGNED_CONTEXT ( ( #2756, #3290, #3760 ) ) REPRESENTATION_CONTEXT ( 'NONE', 'WORKASPACE' ) );
#3194 = ORIENTED_EDGE ( 'NONE', *, *, #5805, .F. ) ;
#3195 = VECTOR ( 'NONE', #1064, 1000.000000000000000 ) ;
#3196 = PLANE ( 'NONE',  #6634 ) ;
#3197 = ORIENTED_EDGE ( 'NONE', *, *, #6120, .T. ) ;
#3198 = ORIENTED_EDGE ( 'NONE', *, *, #4888, .F. ) ;
#3199 = ORIENTED_EDGE ( 'NONE', *, *, #655, .F. ) ;
#3200 = EDGE_CURVE ( 'NONE', #1980, #6140, #4218, .T. ) ;
#3201 = CARTESIAN_POINT ( 'NONE',  ( 1.920000000000000373, -4.290147056835873940, -1.350000000000000089 ) ) ;
#3202 = MANIFOLD_SOLID_BREP ( 'Boss-Extrude4', #2001 ) ;
#3203 = PLANE ( 'NONE',  #3431 ) ;
#3204 = AXIS2_PLACEMENT_3D ( 'NONE', #161, #5302, #6293 ) ;
#3205 = EDGE_LOOP ( 'NONE', ( #1303, #3303, #3909, #980 ) ) ;
#3206 = CIRCLE ( 'NONE', #6370, 0.3500000000000000333 ) ;
#3207 = EDGE_LOOP ( 'NONE', ( #4875, #2807, #5097, #5076 ) ) ;
#3208 = DIRECTION ( 'NONE',  ( -4.336808689942017736E-16, 0.000000000000000000, 1.000000000000000000 ) ) ;
#3209 = ORIENTED_EDGE ( 'NONE', *, *, #1797, .T. ) ;
#3210 = ORIENTED_EDGE ( 'NONE', *, *, #3042, .F. ) ;
#3211 = FILL_AREA_STYLE_COLOUR ( '', #3616 ) ;
#3212 = EDGE_CURVE ( 'NONE', #30, #4968, #4157, .T. ) ;
#3213 = CARTESIAN_POINT ( 'NONE',  ( 1.870000000000000773, -1.562049935181331506, -0.5999999999999992006 ) ) ;
#3214 = EDGE_LOOP ( 'NONE', ( #5628, #3380, #3272, #5420 ) ) ;
#3215 = DIRECTION ( 'NONE',  ( 0.000000000000000000, 0.000000000000000000, 1.000000000000000000 ) ) ;
#3216 = DIRECTION ( 'NONE',  ( 0.000000000000000000, 0.000000000000000000, 1.000000000000000000 ) ) ;
#3217 = AXIS2_PLACEMENT_3D ( 'NONE', #5477, #2427, #1849 ) ;
#3218 = CARTESIAN_POINT ( 'NONE',  ( 2.499999999999998668, 0.8500000000000000888, -0.8499999999999989786 ) ) ;
#3219 = ORIENTED_EDGE ( 'NONE', *, *, #5650, .T. ) ;
#3220 = ORIENTED_EDGE ( 'NONE', *, *, #1346, .T. ) ;
#3221 = DIRECTION ( 'NONE',  ( 0.000000000000000000, 0.000000000000000000, 1.000000000000000000 ) ) ;
#3222 = VERTEX_POINT ( 'NONE', #2101 ) ;
#3223 = DIRECTION ( 'NONE',  ( 0.000000000000000000, 0.000000000000000000, 1.000000000000000000 ) ) ;
#3224 = CARTESIAN_POINT ( 'NONE',  ( 2.235936695440833510, 1.000000000000000000, 1.381612038773823103 ) ) ;
#3225 = CARTESIAN_POINT ( 'NONE',  ( -0.6700000000000005951, 0.000000000000000000, -1.599999999999999645 ) ) ;
#3226 = DIRECTION ( 'NONE',  ( 0.000000000000000000, 0.000000000000000000, -1.000000000000000000 ) ) ;
#3227 = DIRECTION ( 'NONE',  ( -0.000000000000000000, -1.000000000000000000, -0.000000000000000000 ) ) ;
#3228 = EDGE_CURVE ( 'NONE', #2128, #5669, #6459, .T. ) ;
#3229 = ORIENTED_EDGE ( 'NONE', *, *, #3911, .T. ) ;
#3230 = VECTOR ( 'NONE', #4048, 1000.000000000000000 ) ;
#3231 = ORIENTED_EDGE ( 'NONE', *, *, #4727, .F. ) ;
#3232 = MECHANICAL_DESIGN_GEOMETRIC_PRESENTATION_REPRESENTATION (  '', ( #3744 ), #6241 ) ;
#3233 = EDGE_LOOP ( 'NONE', ( #4200, #4236, #4159, #266 ) ) ;
#3234 = ORIENTED_EDGE ( 'NONE', *, *, #3370, .F. ) ;
#3235 = CARTESIAN_POINT ( 'NONE',  ( 1.920000000000000373, 1.300000000000000044, -1.289999999999999813 ) ) ;
#3236 = FILL_AREA_STYLE ('',( #1342 ) ) ;
#3237 = DIRECTION ( 'NONE',  ( 0.000000000000000000, -1.000000000000000000, 0.000000000000000000 ) ) ;
#3238 = VECTOR ( 'NONE', #2424, 1000.000000000000000 ) ;
#3239 = DIRECTION ( 'NONE',  ( -0.000000000000000000, -1.000000000000000000, -0.000000000000000000 ) ) ;
#3240 = CARTESIAN_POINT ( 'NONE',  ( 1.870000000000000773, 0.000000000000000000, 0.5999999999999992006 ) ) ;
#3241 = DIRECTION ( 'NONE',  ( 1.000000000000000000, 0.000000000000000000, 0.000000000000000000 ) ) ;
#3242 = STYLED_ITEM ( 'NONE', ( #5877 ), #2555 ) ;
#3243 = EDGE_CURVE ( 'NONE', #682, #5785, #4182, .T. ) ;
#3244 = ORIENTED_EDGE ( 'NONE', *, *, #686, .T. ) ;
#3245 = CIRCLE ( 'NONE', #4516, 0.09999999999999982514 ) ;
#3246 = CARTESIAN_POINT ( 'NONE',  ( -2.276890707879075659, 1.069999999999999840, 1.228794717070163189 ) ) ;
#3247 = ORIENTED_EDGE ( 'NONE', *, *, #5661, .F. ) ;
#3248 = ORIENTED_EDGE ( 'NONE', *, *, #5739, .T. ) ;
#3249 = ADVANCED_FACE ( 'NONE', ( #4118 ), #5581, .F. ) ;
#3250 = CARTESIAN_POINT ( 'NONE',  ( -2.499999999999999556, 1.300000000000000044, 0.5499999999999992673 ) ) ;
#3251 = DIRECTION ( 'NONE',  ( -0.000000000000000000, 1.000000000000000000, -0.000000000000000000 ) ) ;
#3252 = DIRECTION ( 'NONE',  ( -0.000000000000000000, -1.000000000000000000, -0.000000000000000000 ) ) ;
#3253 = VERTEX_POINT ( 'NONE', #4177 ) ;
#3254 = VERTEX_POINT ( 'NONE', #2124 ) ;
#3255 = CARTESIAN_POINT ( 'NONE',  ( 1.660000000000000586, 0.5000000000000000000, 1.599999999999999201 ) ) ;
#3256 = CARTESIAN_POINT ( 'NONE',  ( 0.9799999999999999822, 0.5000000000000000000, 1.599999999999999867 ) ) ;
#3257 = EDGE_LOOP ( 'NONE', ( #1792, #1451, #6045, #948 ) ) ;
#3258 = CARTESIAN_POINT ( 'NONE',  ( 2.128794717070160214, 1.069999999999999840, -1.376890707879078191 ) ) ;
#3259 = AXIS2_PLACEMENT_3D ( 'NONE', #5672, #6145, #3226 ) ;
#3260 = ADVANCED_FACE ( 'NONE', ( #6426 ), #2103, .T. ) ;
#3261 = ORIENTED_EDGE ( 'NONE', *, *, #368, .T. ) ;
#3262 = CARTESIAN_POINT ( 'NONE',  ( 1.920000000000000151, 1.000000000000000000, -1.500000000000000000 ) ) ;
#3263 = LINE ( 'NONE', #6306, #1067 ) ;
#3264 = DIRECTION ( 'NONE',  ( -0.000000000000000000, 1.000000000000000000, -0.000000000000000000 ) ) ;
#3265 = ORIENTED_EDGE ( 'NONE', *, *, #242, .T. ) ;
#3266 = CARTESIAN_POINT ( 'NONE',  ( -1.559999999999999831, -1.562049935181331506, 1.499999999999999778 ) ) ;
#3267 = ORIENTED_EDGE ( 'NONE', *, *, #6201, .F. ) ;
#3268 = DIRECTION ( 'NONE',  ( 0.7071067811865511255, -0.000000000000000000, 0.7071067811865440200 ) ) ;
#3269 = CARTESIAN_POINT ( 'NONE',  ( 2.159129397495919367, 1.000000000000000000, 1.436062456092658923 ) ) ;
#3270 = DIRECTION ( 'NONE',  ( -1.000000000000000000, 0.000000000000000000, -2.710505431213760099E-16 ) ) ;
#3271 = CARTESIAN_POINT ( 'NONE',  ( -2.400000000000001243, 0.9999999999999997780, 1.020000000000000462 ) ) ;
#3272 = ORIENTED_EDGE ( 'NONE', *, *, #184, .F. ) ;
#3273 = LINE ( 'NONE', #3517, #1026 ) ;
#3274 = VERTEX_POINT ( 'NONE', #3218 ) ;
#3275 = CARTESIAN_POINT ( 'NONE',  ( -2.299999999999998490, 0.8500000000000000888, -0.8499999999999985345 ) ) ;
#3276 = EDGE_CURVE ( 'NONE', #6046, #6124, #4335, .T. ) ;
#3277 = CARTESIAN_POINT ( 'NONE',  ( -0.6700000000000007061, 0.5000000000000000000, 1.099999999999999645 ) ) ;
#3278 = CARTESIAN_POINT ( 'NONE',  ( 2.499999999999997780, 0.000000000000000000, -1.599999999999999867 ) ) ;
#3279 = DIRECTION ( 'NONE',  ( 1.000000000000000000, 0.000000000000000000, 0.000000000000000000 ) ) ;
#3280 = PLANE ( 'NONE',  #34 ) ;
#3281 = DIRECTION ( 'NONE',  ( 4.336808689942017736E-16, -0.000000000000000000, 1.000000000000000000 ) ) ;
#3282 = CARTESIAN_POINT ( 'NONE',  ( -1.920000000000000373, 1.100000000000000311, 1.020000000000000462 ) ) ;
#3283 = EDGE_CURVE ( 'NONE', #3369, #3743, #6499, .T. ) ;
#3284 = ORIENTED_EDGE ( 'NONE', *, *, #1079, .F. ) ;
#3285 = LINE ( 'NONE', #2959, #5598 ) ;
#3286 = DIRECTION ( 'NONE',  ( 0.000000000000000000, 0.000000000000000000, 1.000000000000000000 ) ) ;
#3287 = EDGE_CURVE ( 'NONE', #6577, #2672, #4286, .T. ) ;
#3288 = ORIENTED_EDGE ( 'NONE', *, *, #5322, .F. ) ;
#3289 = AXIS2_PLACEMENT_3D ( 'NONE', #6502, #1909, #6675 ) ;
#3290 =( NAMED_UNIT ( * ) PLANE_ANGLE_UNIT ( ) SI_UNIT ( $, .RADIAN. ) );
#3291 = DIRECTION ( 'NONE',  ( 0.000000000000000000, 1.000000000000000000, 0.000000000000000000 ) ) ;
#3292 = CARTESIAN_POINT ( 'NONE',  ( 2.499999999999999556, 0.000000000000000000, 1.599999999999999867 ) ) ;
#3293 = ORIENTED_EDGE ( 'NONE', *, *, #4855, .F. ) ;
#3294 = EDGE_CURVE ( 'NONE', #3804, #472, #105, .T. ) ;
#3295 = VECTOR ( 'NONE', #6252, 1000.000000000000000 ) ;
#3296 = PLANE ( 'NONE',  #5278 ) ;
#3297 = CARTESIAN_POINT ( 'NONE',  ( 2.399999999999999911, 0.2500000000000001110, 0.5499999999999988232 ) ) ;
#3298 = EDGE_CURVE ( 'NONE', #3156, #5036, #128, .T. ) ;
#3299 = ORIENTED_EDGE ( 'NONE', *, *, #5032, .T. ) ;
#3300 = CARTESIAN_POINT ( 'NONE',  ( 1.870000000000001217, 0.5000000000000000000, 1.599999999999999201 ) ) ;
#3301 = AXIS2_PLACEMENT_3D ( 'NONE', #4344, #798, #2743 ) ;
#3302 = ADVANCED_FACE ( 'NONE', ( #4549 ), #2080, .F. ) ;
#3303 = ORIENTED_EDGE ( 'NONE', *, *, #5250, .T. ) ;
#3304 = DIRECTION ( 'NONE',  ( -0.000000000000000000, -1.000000000000000000, -0.000000000000000000 ) ) ;
#3305 = FACE_OUTER_BOUND ( 'NONE', #333, .T. ) ;
#3306 = DIRECTION ( 'NONE',  ( 0.000000000000000000, 0.000000000000000000, -1.000000000000000000 ) ) ;
#3307 = DIRECTION ( 'NONE',  ( -0.000000000000000000, 1.000000000000000000, -0.000000000000000000 ) ) ;
#3308 = ORIENTED_EDGE ( 'NONE', *, *, #2730, .T. ) ;
#3309 = DIRECTION ( 'NONE',  ( 0.000000000000000000, 1.000000000000000000, 0.000000000000000000 ) ) ;
#3310 = EDGE_CURVE ( 'NONE', #765, #1617, #2133, .T. ) ;
#3311 = CARTESIAN_POINT ( 'NONE',  ( -1.660000000000000808, -1.562049935181331506, 1.599999999999999645 ) ) ;
#3312 = CARTESIAN_POINT ( 'NONE',  ( -2.348268849454891338, 0.9999999999999997780, 1.270553660484182057 ) ) ;
#3313 = VECTOR ( 'NONE', #3097, 1000.000000000000000 ) ;
#3314 = ADVANCED_FACE ( 'NONE', ( #2316 ), #4646, .T. ) ;
#3315 = VERTEX_POINT ( 'NONE', #6178 ) ;
#3316 = VECTOR ( 'NONE', #1141, 1000.000000000000000 ) ;
#3317 = UNCERTAINTY_MEASURE_WITH_UNIT (LENGTH_MEASURE( 1.000000000000000082E-05 ), #3101, 'distance_accuracy_value', 'NONE');
#3318 = ORIENTED_EDGE ( 'NONE', *, *, #4413, .T. ) ;
#3319 = PLANE ( 'NONE',  #5974 ) ;
#3320 = DIRECTION ( 'NONE',  ( 0.000000000000000000, 0.000000000000000000, -1.000000000000000000 ) ) ;
#3321 = EDGE_CURVE ( 'NONE', #1799, #3804, #4364, .T. ) ;
#3322 = CARTESIAN_POINT ( 'NONE',  ( -1.919999999999999929, 1.000000000000000000, 1.500000000000000444 ) ) ;
#3323 = CARTESIAN_POINT ( 'NONE',  ( 1.559999999999999831, 0.5000000000000000000, -1.599999999999999867 ) ) ;
#3324 = CARTESIAN_POINT ( 'NONE',  ( -2.046016614668266342, 0.9999999999999997780, -1.499999999715132315 ) ) ;
#3325 =( BOUNDED_SURFACE ( )  B_SPLINE_SURFACE ( 2, 3, ( 
 ( #5084, #1030, #3109, #1484 ),
 ( #4058, #6676, #1522, #3603 ),
 ( #2580, #4108, #3763, #4826 ) ),
 .UNSPECIFIED., .F., .F., .F. ) 
 B_SPLINE_SURFACE_WITH_KNOTS ( ( 3, 3 ),
 ( 4, 4 ),
 ( 0.000000000000000000, 1.000000000000000000 ),
 ( 0.000000000000000000, 0.002040000000000000580 ),
 .UNSPECIFIED. ) 
 GEOMETRIC_REPRESENTATION_ITEM ( )  RATIONAL_B_SPLINE_SURFACE ( (
 ( 1.000000000000000000, 1.000000000000000000, 1.000000000000000000, 1.000000000000000000),
 ( 0.7071067811865475727, 0.7071067811865475727, 0.7071067811865475727, 0.7071067811865475727),
 ( 1.000000000000000000, 1.000000000000000000, 1.000000000000000000, 1.000000000000000000) ) ) 
 REPRESENTATION_ITEM ( '' )  SURFACE ( )  );
#3326 = VERTEX_POINT ( 'NONE', #3984 ) ;
#3327 = DIRECTION ( 'NONE',  ( 0.000000000000000000, 0.000000000000000000, 1.000000000000000000 ) ) ;
#3328 = ORIENTED_EDGE ( 'NONE', *, *, #48, .T. ) ;
#3329 = ORIENTED_EDGE ( 'NONE', *, *, #387, .T. ) ;
#3330 = EDGE_CURVE ( 'NONE', #5367, #3939, #2253, .T. ) ;
#3331 = PLANE ( 'NONE',  #4704 ) ;
#3332 = CARTESIAN_POINT ( 'NONE',  ( 0.9800000000000004263, 1.000000000000000000, -1.599999999999999867 ) ) ;
#3333 = MECHANICAL_DESIGN_GEOMETRIC_PRESENTATION_REPRESENTATION (  '', ( #1851 ), #5746 ) ;
#3334 = DIRECTION ( 'NONE',  ( 0.000000000000000000, 0.000000000000000000, 1.000000000000000000 ) ) ;
#3335 = ORIENTED_EDGE ( 'NONE', *, *, #3557, .T. ) ;
#3336 = FACE_OUTER_BOUND ( 'NONE', #3754, .T. ) ;
#3337 = DIRECTION ( 'NONE',  ( 0.000000000000000000, 0.000000000000000000, -1.000000000000000000 ) ) ;
#3338 = ORIENTED_EDGE ( 'NONE', *, *, #2090, .T. ) ;
#3339 = CARTESIAN_POINT ( 'NONE',  ( 2.320000000000000284, 0.9999999999999996669, -1.020000000000000018 ) ) ;
#3340 = ORIENTED_EDGE ( 'NONE', *, *, #6056, .F. ) ;
#3341 = EDGE_CURVE ( 'NONE', #5617, #1479, #4408, .T. ) ;
#3342 = VERTEX_POINT ( 'NONE', #3033 ) ;
#3343 = CARTESIAN_POINT ( 'NONE',  ( 2.399999999859316446, 1.000000000000000222, -1.082222472633207921 ) ) ;
#3344 = VECTOR ( 'NONE', #5078, 1000.000000000000000 ) ;
#3345 = PLANE ( 'NONE',  #1377 ) ;
#3346 = PLANE ( 'NONE',  #5787 ) ;
#3347 = VERTEX_POINT ( 'NONE', #4077 ) ;
#3348 = EDGE_CURVE ( 'NONE', #924, #117, #94, .T. ) ;
#3349 = DIRECTION ( 'NONE',  ( 1.000000000000000000, 0.000000000000000000, -5.646886315028668105E-17 ) ) ;
#3350 = CARTESIAN_POINT ( 'NONE',  ( 2.280246648774711726, 1.000000000000000222, 1.337611297053391768 ) ) ;
#3351 = DIRECTION ( 'NONE',  ( 0.000000000000000000, 0.000000000000000000, 1.000000000000000000 ) ) ;
#3352 = ORIENTED_EDGE ( 'NONE', *, *, #3648, .F. ) ;
#3353 = ADVANCED_FACE ( 'NONE', ( #118 ), #4565, .F. ) ;
#3354 = EDGE_CURVE ( 'NONE', #3408, #4258, #2122, .T. ) ;
#3355 = ORIENTED_EDGE ( 'NONE', *, *, #5310, .T. ) ;
#3356 = FACE_OUTER_BOUND ( 'NONE', #4546, .T. ) ;
#3357 = EDGE_LOOP ( 'NONE', ( #906, #4932, #3130, #2939 ) ) ;
#3358 = DIRECTION ( 'NONE',  ( -1.000000000000000000, -0.000000000000000000, -0.000000000000000000 ) ) ;
#3359 = ORIENTED_EDGE ( 'NONE', *, *, #2413, .F. ) ;
#3360 = DIRECTION ( 'NONE',  ( 0.000000000000000000, -0.000000000000000000, -1.000000000000000000 ) ) ;
#3361 = EDGE_CURVE ( 'NONE', #4686, #6377, #4561, .T. ) ;
#3362 = DIRECTION ( 'NONE',  ( -4.336808689942017736E-16, 0.000000000000000000, 1.000000000000000000 ) ) ;
#3363 = ADVANCED_FACE ( 'NONE', ( #4454 ), #1669, .F. ) ;
#3364 = ORIENTED_EDGE ( 'NONE', *, *, #2145, .F. ) ;
#3365 = VECTOR ( 'NONE', #1546, 1000.000000000000000 ) ;
#3366 = CARTESIAN_POINT ( 'NONE',  ( -2.300064578456201936, 0.9999999999999997780, -1.313345057111795056 ) ) ;
#3367 = AXIS2_PLACEMENT_3D ( 'NONE', #2526, #3064, #1958 ) ;
#3368 = ORIENTED_EDGE ( 'NONE', *, *, #4383, .T. ) ;
#3369 = VERTEX_POINT ( 'NONE', #5475 ) ;
#3370 = EDGE_CURVE ( 'NONE', #5793, #4473, #4425, .T. ) ;
#3371 = EDGE_CURVE ( 'NONE', #101, #3386, #2232, .T. ) ;
#3372 = CARTESIAN_POINT ( 'NONE',  ( -1.870000000000000329, 0.5000000000000000000, 0.5999999999999996447 ) ) ;
#3373 = VERTEX_POINT ( 'NONE', #3384 ) ;
#3374 = VECTOR ( 'NONE', #5810, 1000.000000000000000 ) ;
#3375 = CARTESIAN_POINT ( 'NONE',  ( 0.9799999999999999822, 0.000000000000000000, 1.599999999999999867 ) ) ;
#3376 = AXIS2_PLACEMENT_3D ( 'NONE', #6098, #5054, #408 ) ;
#3377 = CARTESIAN_POINT ( 'NONE',  ( -2.499999999999999556, 1.000000000000000000, -1.600000000000000311 ) ) ;
#3378 = ORIENTED_EDGE ( 'NONE', *, *, #6083, .F. ) ;
#3379 = CARTESIAN_POINT ( 'NONE',  ( -0.9799999999999999822, 0.5000000000000000000, 1.599999999999999867 ) ) ;
#3380 = ORIENTED_EDGE ( 'NONE', *, *, #1088, .F. ) ;
#3381 = VERTEX_POINT ( 'NONE', #4226 ) ;
#3382 = CARTESIAN_POINT ( 'NONE',  ( 2.336062456092666384, 1.000000000000000000, -1.259129397495890812 ) ) ;
#3383 = FACE_OUTER_BOUND ( 'NONE', #4802, .T. ) ;
#3384 = CARTESIAN_POINT ( 'NONE',  ( 1.660000000000000586, 1.000000000000000000, 1.599999999999999867 ) ) ;
#3385 = DIRECTION ( 'NONE',  ( -1.000000000000000000, 0.000000000000000000, 1.807003620809174632E-16 ) ) ;
#3386 = VERTEX_POINT ( 'NONE', #1756 ) ;
#3387 = DIRECTION ( 'NONE',  ( 0.000000000000000000, 0.000000000000000000, -1.000000000000000000 ) ) ;
#3388 = CARTESIAN_POINT ( 'NONE',  ( -0.8799999999999994493, 0.000000000000000000, -1.599999999999999645 ) ) ;
#3389 = CARTESIAN_POINT ( 'NONE',  ( -2.399999999999999911, 1.300000000000000044, -0.5499999999999992673 ) ) ;
#3390 = ORIENTED_EDGE ( 'NONE', *, *, #1470, .F. ) ;
#3391 = ORIENTED_EDGE ( 'NONE', *, *, #4306, .T. ) ;
#3392 = ORIENTED_EDGE ( 'NONE', *, *, #6151, .F. ) ;
#3393 = LINE ( 'NONE', #340, #3195 ) ;
#3394 = EDGE_CURVE ( 'NONE', #1779, #3030, #72, .T. ) ;
#3395 = ORIENTED_EDGE ( 'NONE', *, *, #3394, .F. ) ;
#3396 = DIRECTION ( 'NONE',  ( 0.000000000000000000, 0.000000000000000000, -1.000000000000000000 ) ) ;
#3397 = EDGE_LOOP ( 'NONE', ( #2085, #3544, #6245, #1943, #6311, #1584 ) ) ;
#3398 = ORIENTED_EDGE ( 'NONE', *, *, #5113, .F. ) ;
#3399 = CARTESIAN_POINT ( 'NONE',  ( 2.399999999999999911, 0.2500000000000001110, 0.7499999999999995559 ) ) ;
#3400 = CARTESIAN_POINT ( 'NONE',  ( -1.799999999999999600, 1.289999999999999813, 0.8999999999999998002 ) ) ;
#3401 = CARTESIAN_POINT ( 'NONE',  ( 1.920000000000000373, 1.300000000000000044, 1.020000000000000462 ) ) ;
#3402 = VERTEX_POINT ( 'NONE', #2774 ) ;
#3403 = VECTOR ( 'NONE', #4499, 1000.000000000000000 ) ;
#3404 = CARTESIAN_POINT ( 'NONE',  ( -2.335046766094937443, 0.9999999999999997780, -1.261038878632586790 ) ) ;
#3405 = EDGE_CURVE ( 'NONE', #6140, #6088, #4354, .T. ) ;
#3406 = ORIENTED_EDGE ( 'NONE', *, *, #3169, .T. ) ;
#3407 = ORIENTED_EDGE ( 'NONE', *, *, #4913, .T. ) ;
#3408 = VERTEX_POINT ( 'NONE', #5868 ) ;
#3409 = DIRECTION ( 'NONE',  ( -0.000000000000000000, 1.000000000000000000, 0.000000000000000000 ) ) ;
#3410 = DIRECTION ( 'NONE',  ( 0.000000000000000000, 0.000000000000000000, 1.000000000000000000 ) ) ;
#3411 = CARTESIAN_POINT ( 'NONE',  ( 2.499999999999998668, 0.8500000000000000888, -0.8499999999999989786 ) ) ;
#3412 = ADVANCED_FACE ( 'NONE', ( #6673 ), #3345, .F. ) ;
#3413 = DIRECTION ( 'NONE',  ( 0.000000000000000000, 0.000000000000000000, 1.000000000000000000 ) ) ;
#3414 = VERTEX_POINT ( 'NONE', #1370 ) ;
#3415 = DIRECTION ( 'NONE',  ( -0.000000000000000000, -1.000000000000000000, -0.000000000000000000 ) ) ;
#3416 = DIRECTION ( 'NONE',  ( 0.000000000000000000, 0.000000000000000000, 1.000000000000000000 ) ) ;
#3417 = FILL_AREA_STYLE ('',( #3856 ) ) ;
#3418 = EDGE_LOOP ( 'NONE', ( #3144, #3308, #45, #4702, #3368, #1051 ) ) ;
#3419 = DIRECTION ( 'NONE',  ( 1.000000000000000000, 0.000000000000000000, 0.000000000000000000 ) ) ;
#3420 = EDGE_CURVE ( 'NONE', #1694, #2354, #2273, .T. ) ;
#3421 = ORIENTED_EDGE ( 'NONE', *, *, #6594, .F. ) ;
#3422 = ORIENTED_EDGE ( 'NONE', *, *, #3863, .T. ) ;
#3423 = AXIS2_PLACEMENT_3D ( 'NONE', #4165, #5700, #1191 ) ;
#3424 = ORIENTED_EDGE ( 'NONE', *, *, #4664, .F. ) ;
#3425 = CARTESIAN_POINT ( 'NONE',  ( 2.327876530883337125, 0.9999999999999997780, -1.272900014217260622 ) ) ;
#3426 = LINE ( 'NONE', #4168, #3478 ) ;
#3427 = EDGE_CURVE ( 'NONE', #3533, #5378, #2196, .T. ) ;
#3428 = DIRECTION ( 'NONE',  ( 1.000000000000000000, 0.000000000000000000, -0.000000000000000000 ) ) ;
#3429 = ORIENTED_EDGE ( 'NONE', *, *, #110, .F. ) ;
#3430 = DIRECTION ( 'NONE',  ( -0.000000000000000000, 1.000000000000000000, -0.000000000000000000 ) ) ;
#3431 = AXIS2_PLACEMENT_3D ( 'NONE', #2715, #1318, #4357 ) ;
#3432 = VERTEX_POINT ( 'NONE', #5337 ) ;
#3433 = ORIENTED_EDGE ( 'NONE', *, *, #1288, .T. ) ;
#3434 = DIRECTION ( 'NONE',  ( -0.000000000000000000, -1.000000000000000000, -0.000000000000000000 ) ) ;
#3435 = ORIENTED_EDGE ( 'NONE', *, *, #2345, .T. ) ;
#3436 = EDGE_CURVE ( 'NONE', #839, #323, #2164, .T. ) ;
#3437 = CYLINDRICAL_SURFACE ( 'NONE', #3554, 0.1000000000000009076 ) ;
#3438 = EDGE_CURVE ( 'NONE', #197, #935, #2152, .T. ) ;
#3439 = ORIENTED_EDGE ( 'NONE', *, *, #5686, .F. ) ;
#3440 = DIRECTION ( 'NONE',  ( 0.000000000000000000, -0.000000000000000000, 1.000000000000000000 ) ) ;
#3441 = ORIENTED_EDGE ( 'NONE', *, *, #2868, .F. ) ;
#3442 = EDGE_LOOP ( 'NONE', ( #5562, #3500, #1316, #5699 ) ) ;
#3443 = DIRECTION ( 'NONE',  ( -1.000000000000000000, 0.000000000000000000, -2.710505431213761085E-16 ) ) ;
#3444 = STYLED_ITEM ( 'NONE', ( #4353 ), #5065 ) ;
#3445 = CARTESIAN_POINT ( 'NONE',  ( -2.319999999999999840, 0.9999999999999996669, -1.020000000000000240 ) ) ;
#3446 = ORIENTED_EDGE ( 'NONE', *, *, #5814, .F. ) ;
#3447 = LINE ( 'NONE', #3567, #3566 ) ;
#3448 = EDGE_CURVE ( 'NONE', #1617, #2653, #6596, .T. ) ;
#3449 = ORIENTED_EDGE ( 'NONE', *, *, #3785, .T. ) ;
#3450 = EDGE_CURVE ( 'NONE', #429, #4292, #2282, .T. ) ;
#3451 = VERTEX_POINT ( 'NONE', #282 ) ;
#3452 = ORIENTED_EDGE ( 'NONE', *, *, #3911, .F. ) ;
#3453 = ADVANCED_FACE ( 'NONE', ( #6618 ), #1802, .F. ) ;
#3454 = CARTESIAN_POINT ( 'NONE',  ( 2.299999999999998490, 0.2500000000000001110, -0.4499999999999989564 ) ) ;
#3455 = AXIS2_PLACEMENT_3D ( 'NONE', #2661, #1062, #4538 ) ;
#3456 = CARTESIAN_POINT ( 'NONE',  ( -0.9800000000000004263, 0.5000000000000000000, 1.499999999999998890 ) ) ;
#3457 = CARTESIAN_POINT ( 'NONE',  ( -0.6700000000000007061, 0.5000000000000000000, 1.099999999999999645 ) ) ;
#3458 = VERTEX_POINT ( 'NONE', #4837 ) ;
#3459 = DIRECTION ( 'NONE',  ( 0.000000000000000000, 0.000000000000000000, 1.000000000000000000 ) ) ;
#3460 = CARTESIAN_POINT ( 'NONE',  ( -2.499999999999997780, 0.2500000000000001110, -0.5499999999999983791 ) ) ;
#3461 = CARTESIAN_POINT ( 'NONE',  ( 2.500000000000000444, 0.2500000000000001110, 0.8499999999999989786 ) ) ;
#3462 = ORIENTED_EDGE ( 'NONE', *, *, #3589, .T. ) ;
#3463 = CARTESIAN_POINT ( 'NONE',  ( 2.320000000000000284, 1.069999999999999840, -1.020000000000000018 ) ) ;
#3464 = ORIENTED_EDGE ( 'NONE', *, *, #4320, .T. ) ;
#3465 = ORIENTED_EDGE ( 'NONE', *, *, #5200, .T. ) ;
#3466 = EDGE_CURVE ( 'NONE', #3817, #6078, #2833, .T. ) ;
#3467 = DIRECTION ( 'NONE',  ( -0.000000000000000000, 1.000000000000000000, -0.000000000000000000 ) ) ;
#3468 = DIRECTION ( 'NONE',  ( 0.000000000000000000, 1.000000000000000000, 0.000000000000000000 ) ) ;
#3469 = UNCERTAINTY_MEASURE_WITH_UNIT (LENGTH_MEASURE( 1.000000000000000082E-05 ), #6681, 'distance_accuracy_value', 'NONE');
#3470 = DIRECTION ( 'NONE',  ( 0.000000000000000000, 0.000000000000000000, -1.000000000000000000 ) ) ;
#3471 = ORIENTED_EDGE ( 'NONE', *, *, #4319, .T. ) ;
#3472 = CARTESIAN_POINT ( 'NONE',  ( 2.499999999999999556, 1.300000000000000044, -0.7499999999999991118 ) ) ;
#3473 = CARTESIAN_POINT ( 'NONE',  ( 1.870000000000001217, 0.000000000000000000, 1.599999999999999201 ) ) ;
#3474 = AXIS2_PLACEMENT_3D ( 'NONE', #3379, #5898, #4362 ) ;
#3475 = ORIENTED_EDGE ( 'NONE', *, *, #4458, .T. ) ;
#3476 = ORIENTED_EDGE ( 'NONE', *, *, #5017, .F. ) ;
#3477 = DIRECTION ( 'NONE',  ( -0.000000000000000000, -1.000000000000000000, -0.000000000000000000 ) ) ;
#3478 = VECTOR ( 'NONE', #533, 1000.000000000000000 ) ;
#3479 = ORIENTED_EDGE ( 'NONE', *, *, #4033, .F. ) ;
#3480 = CARTESIAN_POINT ( 'NONE',  ( -1.870000000000000551, 0.5000000000000000000, 1.599999999999999645 ) ) ;
#3481 = VERTEX_POINT ( 'NONE', #1201 ) ;
#3482 = EDGE_LOOP ( 'NONE', ( #2878, #440, #636, #2806 ) ) ;
#3483 = DIRECTION ( 'NONE',  ( 0.000000000000000000, 0.000000000000000000, -1.000000000000000000 ) ) ;
#3484 = CARTESIAN_POINT ( 'NONE',  ( -2.250000000000000444, 1.149999999999999911, -1.020000000000000240 ) ) ;
#3485 = EDGE_CURVE ( 'NONE', #1060, #6377, #6627, .T. ) ;
#3486 = CARTESIAN_POINT ( 'NONE',  ( -0.6700000000000005951, 0.5000000000000000000, -1.599999999999999645 ) ) ;
#3487 = DIRECTION ( 'NONE',  ( -0.000000000000000000, -1.000000000000000000, -0.000000000000000000 ) ) ;
#3488 = FACE_OUTER_BOUND ( 'NONE', #3969, .T. ) ;
#3489 = CARTESIAN_POINT ( 'NONE',  ( -2.247805921940662532, 1.000000000000000000, -1.370908789225489199 ) ) ;
#3490 = AXIS2_PLACEMENT_3D ( 'NONE', #1192, #6010, #3944 ) ;
#3491 = ORIENTED_EDGE ( 'NONE', *, *, #6481, .F. ) ;
#3492 = ADVANCED_FACE ( 'NONE', ( #2187 ), #1294, .F. ) ;
#3493 = ORIENTED_EDGE ( 'NONE', *, *, #3054, .T. ) ;
#3494 = EDGE_LOOP ( 'NONE', ( #10, #5193, #5256, #5245 ) ) ;
#3495 = DIRECTION ( 'NONE',  ( 0.000000000000000000, 1.000000000000000000, 0.000000000000000000 ) ) ;
#3496 = DIRECTION ( 'NONE',  ( 0.000000000000000000, 0.000000000000000000, 1.000000000000000000 ) ) ;
#3497 = CARTESIAN_POINT ( 'NONE',  ( -2.399999999999999911, 0.000000000000000000, -0.5499999999999992673 ) ) ;
#3498 = AXIS2_PLACEMENT_3D ( 'NONE', #529, #5138, #2674 ) ;
#3499 = DIRECTION ( 'NONE',  ( -0.000000000000000000, -1.000000000000000000, -0.000000000000000000 ) ) ;
#3500 = ORIENTED_EDGE ( 'NONE', *, *, #196, .F. ) ;
#3501 = CARTESIAN_POINT ( 'NONE',  ( -2.499999999999999556, 1.000000000000000000, 1.599999999999999867 ) ) ;
#3502 = EDGE_LOOP ( 'NONE', ( #3087, #57, #2498, #3234 ) ) ;
#3503 = ORIENTED_EDGE ( 'NONE', *, *, #2575, .F. ) ;
#3504 = ADVANCED_FACE ( 'NONE', ( #4517 ), #4580, .T. ) ;
#3505 = AXIS2_PLACEMENT_3D ( 'NONE', #1334, #3430, #5595 ) ;
#3506 = DIRECTION ( 'NONE',  ( 0.000000000000000000, 0.000000000000000000, -1.000000000000000000 ) ) ;
#3507 = VECTOR ( 'NONE', #5404, 1000.000000000000000 ) ;
#3508 = AXIS2_PLACEMENT_3D ( 'NONE', #2936, #3940, #5005 ) ;
#3509 = CARTESIAN_POINT ( 'NONE',  ( -1.920000000000000373, 1.069999999999999840, -1.420000000000000151 ) ) ;
#3510 = DIRECTION ( 'NONE',  ( 1.000000000000000000, -0.000000000000000000, 4.336808689942017736E-16 ) ) ;
#3511 = ORIENTED_EDGE ( 'NONE', *, *, #3466, .F. ) ;
#3512 = DIRECTION ( 'NONE',  ( 0.000000000000000000, 1.000000000000000000, 0.000000000000000000 ) ) ;
#3513 = B_SPLINE_CURVE_WITH_KNOTS ( 'NONE', 3,
 ( #5831, #58, #1544, #4798, #6181, #2210 ),
 .UNSPECIFIED., .F., .F.,
 ( 4, 2, 4 ),
 ( 0.000000000000000000, 0.5000000000000000000, 1.000000000000000000 ),
 .UNSPECIFIED. ) ;
#3514 = DIRECTION ( 'NONE',  ( 1.000000000000000000, 0.000000000000000000, 0.000000000000000000 ) ) ;
#3515 = ORIENTED_EDGE ( 'NONE', *, *, #965, .F. ) ;
#3516 = ORIENTED_EDGE ( 'NONE', *, *, #5113, .T. ) ;
#3517 = CARTESIAN_POINT ( 'NONE',  ( -1.870000000000000329, 0.5000000000000000000, -0.5999999999999996447 ) ) ;
#3518 = EDGE_CURVE ( 'NONE', #5682, #3560, #4462, .T. ) ;
#3519 = LINE ( 'NONE', #6131, #5697 ) ;
#3520 = AXIS2_PLACEMENT_3D ( 'NONE', #40, #4110, #4635 ) ;
#3521 = ORIENTED_EDGE ( 'NONE', *, *, #5236, .F. ) ;
#3522 = ORIENTED_EDGE ( 'NONE', *, *, #714, .T. ) ;
#3523 = ORIENTED_EDGE ( 'NONE', *, *, #5944, .T. ) ;
#3524 = DIRECTION ( 'NONE',  ( 1.000000000000000000, 0.000000000000000000, 0.000000000000000000 ) ) ;
#3525 = AXIS2_PLACEMENT_3D ( 'NONE', #5053, #5151, #2165 ) ;
#3526 = DIRECTION ( 'NONE',  ( 0.000000000000000000, 0.000000000000000000, -1.000000000000000000 ) ) ;
#3527 = DIRECTION ( 'NONE',  ( 1.000000000000000000, 0.000000000000000000, -1.495451272393800824E-15 ) ) ;
#3528 = EDGE_CURVE ( 'NONE', #5345, #3825, #2205, .T. ) ;
#3529 = LINE ( 'NONE', #1349, #1398 ) ;
#3530 = SURFACE_STYLE_USAGE ( .BOTH. , #5140 ) ;
#3531 = ORIENTED_EDGE ( 'NONE', *, *, #1481, .F. ) ;
#3532 = AXIS2_PLACEMENT_3D ( 'NONE', #6130, #1574, #1453 ) ;
#3533 = VERTEX_POINT ( 'NONE', #6248 ) ;
#3534 = ORIENTED_EDGE ( 'NONE', *, *, #5185, .F. ) ;
#3535 = DIRECTION ( 'NONE',  ( 0.000000000000000000, 0.000000000000000000, -1.000000000000000000 ) ) ;
#3536 = CARTESIAN_POINT ( 'NONE',  ( -0.9800000000000004263, 0.5000000000000000000, -1.599999999999999867 ) ) ;
#3537 = FACE_OUTER_BOUND ( 'NONE', #1463, .T. ) ;
#3538 = EDGE_CURVE ( 'NONE', #3533, #4982, #6663, .T. ) ;
#3539 = CARTESIAN_POINT ( 'NONE',  ( 1.559999999999999831, 1.000000000000000000, 1.499999999999999778 ) ) ;
#3540 = DIRECTION ( 'NONE',  ( -1.000000000000000000, 0.000000000000000000, -0.000000000000000000 ) ) ;
#3541 = EDGE_LOOP ( 'NONE', ( #6207, #2375, #6121, #3783 ) ) ;
#3542 = CARTESIAN_POINT ( 'NONE',  ( -2.500000000000000444, 0.2500000000000000555, 0.4499999999999987899 ) ) ;
#3543 = ORIENTED_EDGE ( 'NONE', *, *, #2008, .T. ) ;
#3544 = ORIENTED_EDGE ( 'NONE', *, *, #3079, .T. ) ;
#3545 = B_SPLINE_CURVE_WITH_KNOTS ( 'NONE', 3,
 ( #5351, #212, #166, #698 ),
 .UNSPECIFIED., .F., .F.,
 ( 4, 4 ),
 ( 0.000000000000000000, 1.000000000000000000 ),
 .UNSPECIFIED. ) ;
#3546 = DIRECTION ( 'NONE',  ( 1.000000000000000000, 0.000000000000000000, -3.252606517456513302E-16 ) ) ;
#3547 = DIRECTION ( 'NONE',  ( -0.000000000000000000, -1.000000000000000000, -0.000000000000000000 ) ) ;
#3548 = CARTESIAN_POINT ( 'NONE',  ( 2.299999999999998490, 0.8500000000000000888, -0.8499999999999989786 ) ) ;
#3549 = ORIENTED_EDGE ( 'NONE', *, *, #3139, .F. ) ;
#3550 = CARTESIAN_POINT ( 'NONE',  ( -2.499999999999999556, 1.300000000000000044, 0.8499999999999994227 ) ) ;
#3551 = DIRECTION ( 'NONE',  ( -0.000000000000000000, 1.000000000000000000, -0.000000000000000000 ) ) ;
#3552 = ORIENTED_EDGE ( 'NONE', *, *, #4190, .T. ) ;
#3553 = ORIENTED_EDGE ( 'NONE', *, *, #2333, .T. ) ;
#3554 = AXIS2_PLACEMENT_3D ( 'NONE', #2317, #853, #3327 ) ;
#3555 = ADVANCED_FACE ( 'NONE', ( #2220 ), #4041, .F. ) ;
#3556 = CARTESIAN_POINT ( 'NONE',  ( 2.399999999999999911, 1.300000000000000044, -0.5499999999999988232 ) ) ;
#3557 = EDGE_CURVE ( 'NONE', #2134, #3632, #4444, .T. ) ;
#3558 = CARTESIAN_POINT ( 'NONE',  ( -2.299999999999998490, 0.8500000000000000888, -0.8499999999999985345 ) ) ;
#3559 = VERTEX_POINT ( 'NONE', #4714 ) ;
#3560 = VERTEX_POINT ( 'NONE', #5768 ) ;
#3561 = CARTESIAN_POINT ( 'NONE',  ( -2.499999999999997780, 0.8500000000000000888, -0.5499999999999983791 ) ) ;
#3562 = AXIS2_PLACEMENT_3D ( 'NONE', #2168, #2083, #3693 ) ;
#3563 = DIRECTION ( 'NONE',  ( 0.000000000000000000, 0.000000000000000000, -1.000000000000000000 ) ) ;
#3564 = PLANE ( 'NONE',  #3867 ) ;
#3565 = CARTESIAN_POINT ( 'NONE',  ( 2.300000000000000266, 0.2500000000000001110, 0.8499999999999989786 ) ) ;
#3566 = VECTOR ( 'NONE', #5189, 1000.000000000000000 ) ;
#3567 = CARTESIAN_POINT ( 'NONE',  ( 2.500000000000000444, 0.2500000000000001110, 0.4499999999999990119 ) ) ;
#3568 = DIRECTION ( 'NONE',  ( -0.000000000000000000, -1.000000000000000000, -0.000000000000000000 ) ) ;
#3569 = VERTEX_POINT ( 'NONE', #6626 ) ;
#3570 = VERTEX_POINT ( 'NONE', #463 ) ;
#3571 = EDGE_CURVE ( 'NONE', #101, #82, #33, .T. ) ;
#3572 = CARTESIAN_POINT ( 'NONE',  ( -1.170000000000005702, 0.5000000000000000000, 0.5999999999999996447 ) ) ;
#3573 = CARTESIAN_POINT ( 'NONE',  ( 2.320000000000000284, 8.040147056835873940, -1.020000000000000018 ) ) ;
#3574 = DIRECTION ( 'NONE',  ( 1.000000000000000000, 0.000000000000000000, -4.336808689942017736E-16 ) ) ;
#3575 = CARTESIAN_POINT ( 'NONE',  ( 2.299999999999998490, 0.8500000000000000888, -0.8499999999999989786 ) ) ;
#3576 = DIRECTION ( 'NONE',  ( -0.000000000000000000, 1.000000000000000000, -0.000000000000000000 ) ) ;
#3577 = CIRCLE ( 'NONE', #1767, 0.1000000000000004774 ) ;
#3578 = B_SPLINE_CURVE_WITH_KNOTS ( 'NONE', 3,
 ( #124, #2752, #654, #1230 ),
 .UNSPECIFIED., .F., .F.,
 ( 4, 4 ),
 ( 0.000000000000000000, 1.000000000000000000 ),
 .UNSPECIFIED. ) ;
#3579 = CARTESIAN_POINT ( 'NONE',  ( -2.399999999999999911, 0.2500000000000000555, 0.7499999999999991118 ) ) ;
#3580 = CARTESIAN_POINT ( 'NONE',  ( -2.400000000000001243, 0.9999999999999997780, 0.3400000000000001354 ) ) ;
#3581 = AXIS2_PLACEMENT_3D ( 'NONE', #1373, #2908, #3823 ) ;
#3582 = CARTESIAN_POINT ( 'NONE',  ( -1.799999999999999600, 0.8657359312880714697, 1.049999999999999822 ) ) ;
#3583 = ORIENTED_EDGE ( 'NONE', *, *, #5912, .T. ) ;
#3584 = VERTEX_POINT ( 'NONE', #3952 ) ;
#3585 = AXIS2_PLACEMENT_3D ( 'NONE', #3613, #5147, #2638 ) ;
#3586 = DIRECTION ( 'NONE',  ( 0.000000000000000000, 1.000000000000000000, 0.000000000000000000 ) ) ;
#3587 = LINE ( 'NONE', #5533, #3507 ) ;
#3588 = CARTESIAN_POINT ( 'NONE',  ( 1.920000000000000151, 0.9999999999999997780, -1.500000000000000222 ) ) ;
#3589 = EDGE_CURVE ( 'NONE', #6043, #571, #6652, .T. ) ;
#3590 = CARTESIAN_POINT ( 'NONE',  ( 2.500000000000000444, 1.000000000000000000, -0.8499999999999989786 ) ) ;
#3591 = DIRECTION ( 'NONE',  ( 0.000000000000000000, 0.000000000000000000, 1.000000000000000000 ) ) ;
#3592 = EDGE_CURVE ( 'NONE', #3570, #2334, #46, .T. ) ;
#3593 = CARTESIAN_POINT ( 'NONE',  ( -2.499999999999998668, 0.2500000000000000555, -0.8499999999999985345 ) ) ;
#3594 = ORIENTED_EDGE ( 'NONE', *, *, #5564, .F. ) ;
#3595 = ORIENTED_EDGE ( 'NONE', *, *, #1425, .F. ) ;
#3596 = CARTESIAN_POINT ( 'NONE',  ( -2.250000000000000444, -4.290147056835873940, -1.020000000000000240 ) ) ;
#3597 = AXIS2_PLACEMENT_3D ( 'NONE', #5712, #2126, #5751 ) ;
#3598 = FACE_OUTER_BOUND ( 'NONE', #5753, .T. ) ;
#3599 =( BOUNDED_SURFACE ( )  B_SPLINE_SURFACE ( 2, 3, ( 
 ( #5126, #6118, #2571, #3312, #4334, #5876 ),
 ( #886, #1376, #1854, #2388, #2913, #705 ),
 ( #2233, #6160, #4201, #3246, #4626, #1101 ) ),
 .UNSPECIFIED., .F., .F., .F. ) 
 B_SPLINE_SURFACE_WITH_KNOTS ( ( 3, 3 ),
 ( 4, 2, 4 ),
 ( 0.000000000000000000, 1.000000000000000000 ),
 ( 3.141592653589793116, 3.926990816987241395, 4.712388980384689674 ),
 .UNSPECIFIED. ) 
 GEOMETRIC_REPRESENTATION_ITEM ( )  RATIONAL_B_SPLINE_SURFACE ( (
 ( 1.000000000000000000, 1.000000000000000000, 1.000000000000000000, 1.000000000000000000, 1.000000000000000000, 1.000000000000000000),
 ( 0.7071067811865475727, 0.7071067811865475727, 0.7071067811865475727, 0.7071067811865475727, 0.7071067811865475727, 0.7071067811865475727),
 ( 1.000000000000000000, 1.000000000000000000, 1.000000000000000000, 1.000000000000000000, 1.000000000000000000, 1.000000000000000000) ) ) 
 REPRESENTATION_ITEM ( '' )  SURFACE ( )  );
#3600 = DIRECTION ( 'NONE',  ( 0.000000000000000000, 0.000000000000000000, 1.000000000000000000 ) ) ;
#3601 = EDGE_LOOP ( 'NONE', ( #1845, #6281, #100, #4020 ) ) ;
#3602 = ORIENTED_EDGE ( 'NONE', *, *, #1088, .T. ) ;
#3603 = CARTESIAN_POINT ( 'NONE',  ( 2.320000000000000284, 0.9999999999999996669, 1.020000000000000462 ) ) ;
#3604 = ADVANCED_FACE ( 'NONE', ( #4530 ), #2304, .F. ) ;
#3605 = CARTESIAN_POINT ( 'NONE',  ( -1.870000000000000329, 0.000000000000000000, -0.5999999999999996447 ) ) ;
#3606 = DIRECTION ( 'NONE',  ( -0.000000000000000000, 1.000000000000000000, -0.000000000000000000 ) ) ;
#3607 = CARTESIAN_POINT ( 'NONE',  ( -2.499999999999999556, 1.300000000000000044, 0.8499999999999994227 ) ) ;
#3608 = FACE_OUTER_BOUND ( 'NONE', #6368, .T. ) ;
#3609 =( NAMED_UNIT ( * ) SI_UNIT ( $, .STERADIAN. ) SOLID_ANGLE_UNIT ( ) );
#3610 = VERTEX_POINT ( 'NONE', #3051 ) ;
#3611 = ORIENTED_EDGE ( 'NONE', *, *, #5322, .T. ) ;
#3612 = EDGE_CURVE ( 'NONE', #5764, #2855, #4805, .T. ) ;
#3613 = CARTESIAN_POINT ( 'NONE',  ( 2.499999999999998668, 0.2500000000000001110, -0.8499999999999989786 ) ) ;
#3614 = CARTESIAN_POINT ( 'NONE',  ( -2.213345057111778313, 1.000000000000000000, 1.400064578456214459 ) ) ;
#3615 = DIRECTION ( 'NONE',  ( 0.000000000000000000, -0.000000000000000000, 1.000000000000000000 ) ) ;
#3616 = COLOUR_RGB ( '',0.2509803921568627416, 0.2509803921568627416, 0.2509803921568627416 ) ;
#3617 = SURFACE_SIDE_STYLE ('',( #383 ) ) ;
#3618 = CARTESIAN_POINT ( 'NONE',  ( 2.348268849454890894, 0.9999999999999997780, 1.270553660484196046 ) ) ;
#3619 = CARTESIAN_POINT ( 'NONE',  ( 1.982222472633181853, 0.9999999999999997780, 1.499999999859342514 ) ) ;
#3620 = CARTESIAN_POINT ( 'NONE',  ( -2.320000000000590479, 0.9999999999999996669, 0.3400000000000005240 ) ) ;
#3621 = PLANE ( 'NONE',  #5501 ) ;
#3622 = ORIENTED_EDGE ( 'NONE', *, *, #5374, .T. ) ;
#3623 = ORIENTED_EDGE ( 'NONE', *, *, #2575, .T. ) ;
#3624 = EDGE_CURVE ( 'NONE', #4525, #82, #2379, .T. ) ;
#3625 = DIRECTION ( 'NONE',  ( 0.000000000000000000, 0.000000000000000000, 1.000000000000000000 ) ) ;
#3626 = CYLINDRICAL_SURFACE ( 'NONE', #6545, 0.05000000000000012768 ) ;
#3627 = AXIS2_PLACEMENT_3D ( 'NONE', #2618, #4718, #6203 ) ;
#3628 = CARTESIAN_POINT ( 'NONE',  ( -1.799999999999999600, 1.300000000000000044, 0.8999999999999998002 ) ) ;
#3629 = CARTESIAN_POINT ( 'NONE',  ( 2.499999999999998668, 0.2500000000000001110, -0.8499999999999989786 ) ) ;
#3630 = DIRECTION ( 'NONE',  ( 0.000000000000000000, 0.000000000000000000, 1.000000000000000000 ) ) ;
#3631 = ORIENTED_EDGE ( 'NONE', *, *, #5515, .T. ) ;
#3632 = VERTEX_POINT ( 'NONE', #1942 ) ;
#3633 = CARTESIAN_POINT ( 'NONE',  ( 1.870000000000001217, 0.000000000000000000, -1.599999999999999201 ) ) ;
#3634 = EDGE_CURVE ( 'NONE', #5378, #5851, #2470, .T. ) ;
#3635 = VECTOR ( 'NONE', #821, 1000.000000000000000 ) ;
#3636 = ADVANCED_FACE ( 'NONE', ( #249 ), #5116, .F. ) ;
#3637 = EDGE_CURVE ( 'NONE', #5158, #5074, #153, .T. ) ;
#3638 = CARTESIAN_POINT ( 'NONE',  ( 1.559999999999999831, -1.562049935181331506, -1.599999999999999867 ) ) ;
#3639 = ORIENTED_EDGE ( 'NONE', *, *, #4713, .F. ) ;
#3640 = EDGE_LOOP ( 'NONE', ( #3124, #5740, #5905, #3622, #4167, #2912 ) ) ;
#3641 = DIRECTION ( 'NONE',  ( 0.000000000000000000, 0.000000000000000000, 1.000000000000000000 ) ) ;
#3642 = CARTESIAN_POINT ( 'NONE',  ( 0.6700000000000007061, 0.000000000000000000, 0.5999999999999995337 ) ) ;
#3643 = CARTESIAN_POINT ( 'NONE',  ( -2.189999999999999947, 1.239999999999999769, 1.020000000000000462 ) ) ;
#3644 = DIRECTION ( 'NONE',  ( 1.000000000000000000, 0.000000000000000000, 1.495451272393800824E-15 ) ) ;
#3645 = LINE ( 'NONE', #5967, #5895 ) ;
#3646 = DIRECTION ( 'NONE',  ( -2.710505431213761085E-16, 0.000000000000000000, -1.000000000000000000 ) ) ;
#3647 = AXIS2_PLACEMENT_3D ( 'NONE', #2351, #1384, #3926 ) ;
#3648 = EDGE_CURVE ( 'NONE', #1392, #5786, #276, .T. ) ;
#3649 = DIRECTION ( 'NONE',  ( -0.000000000000000000, 0.000000000000000000, 1.000000000000000000 ) ) ;
#3650 = ORIENTED_EDGE ( 'NONE', *, *, #83, .F. ) ;
#3651 = VERTEX_POINT ( 'NONE', #2353 ) ;
#3652 = ADVANCED_FACE ( 'NONE', ( #369 ), #4593, .T. ) ;
#3653 = DIRECTION ( 'NONE',  ( -0.000000000000000000, -1.000000000000000000, -0.000000000000000000 ) ) ;
#3654 = EDGE_CURVE ( 'NONE', #6237, #82, #163, .T. ) ;
#3655 = DIRECTION ( 'NONE',  ( -0.000000000000000000, 1.000000000000000000, -0.000000000000000000 ) ) ;
#3656 = CARTESIAN_POINT ( 'NONE',  ( -1.920000000000000373, 1.149999999999999911, -1.020000000000000240 ) ) ;
#3657 = CARTESIAN_POINT ( 'NONE',  ( -0.6700000000000007061, 0.000000000000000000, 1.099999999999999645 ) ) ;
#3658 = DIRECTION ( 'NONE',  ( 0.000000000000000000, 0.000000000000000000, 1.000000000000000000 ) ) ;
#3659 = AXIS2_PLACEMENT_3D ( 'NONE', #5426, #6331, #1714 ) ;
#3660 = DIRECTION ( 'NONE',  ( -0.000000000000000000, 1.000000000000000000, -0.000000000000000000 ) ) ;
#3661 = CARTESIAN_POINT ( 'NONE',  ( -2.500000000000000444, 0.2500000000000001110, 0.8499999999999985345 ) ) ;
#3662 = CARTESIAN_POINT ( 'NONE',  ( -1.559999999999999831, 1.300000000000000044, 1.499999999999999778 ) ) ;
#3663 = EDGE_LOOP ( 'NONE', ( #5968, #3398, #1002, #5812 ) ) ;
#3664 = CLOSED_SHELL ( 'NONE', ( #1407, #6514, #4857, #2652, #5603, #5878, #4, #1074 ) ) ;
#3665 = EDGE_CURVE ( 'NONE', #6407, #2917, #4603, .T. ) ;
#3666 = CARTESIAN_POINT ( 'NONE',  ( -2.499999999999999556, 0.2500000000000000000, -0.8499999999999994227 ) ) ;
#3667 = FACE_OUTER_BOUND ( 'NONE', #1401, .T. ) ;
#3668 = CARTESIAN_POINT ( 'NONE',  ( -2.300000000000000266, 0.8500000000000000888, 0.8499999999999985345 ) ) ;
#3669 = CARTESIAN_POINT ( 'NONE',  ( 1.559999999999999831, 0.5000000000000000000, -1.499999999999999778 ) ) ;
#3670 = CARTESIAN_POINT ( 'NONE',  ( -2.133381453602102518, 1.000000000000000000, 1.449767493193585777 ) ) ;
#3671 = AXIS2_PLACEMENT_3D ( 'NONE', #5248, #5338, #2727 ) ;
#3672 = DIRECTION ( 'NONE',  ( 0.000000000000000000, 1.000000000000000000, 0.000000000000000000 ) ) ;
#3673 = DIRECTION ( 'NONE',  ( -0.000000000000000000, -1.000000000000000000, -0.000000000000000000 ) ) ;
#3674 = ORIENTED_EDGE ( 'NONE', *, *, #1374, .T. ) ;
#3675 = ORIENTED_EDGE ( 'NONE', *, *, #6093, .F. ) ;
#3676 = DIRECTION ( 'NONE',  ( -0.000000000000000000, 1.000000000000000000, 0.000000000000000000 ) ) ;
#3677 = VECTOR ( 'NONE', #1080, 1000.000000000000000 ) ;
#3678 = EDGE_CURVE ( 'NONE', #3743, #5471, #2563, .T. ) ;
#3679 = DIRECTION ( 'NONE',  ( 0.000000000000000000, 1.000000000000000000, 0.000000000000000000 ) ) ;
#3680 = ORIENTED_EDGE ( 'NONE', *, *, #1542, .F. ) ;
#3681 = EDGE_LOOP ( 'NONE', ( #2261, #400, #6590, #6309 ) ) ;
#3682 = CARTESIAN_POINT ( 'NONE',  ( -0.8799999999999994493, 1.000000000000000000, -1.600000000000000311 ) ) ;
#3683 = DIRECTION ( 'NONE',  ( 0.000000000000000000, 0.000000000000000000, -1.000000000000000000 ) ) ;
#3684 = CARTESIAN_POINT ( 'NONE',  ( -1.660000000000000586, 1.300000000000000044, -1.600000000000000311 ) ) ;
#3685 = CYLINDRICAL_SURFACE ( 'NONE', #4754, 0.1000000000000009076 ) ;
#3686 = CARTESIAN_POINT ( 'NONE',  ( 0.9800000000000004263, 0.5000000000000000000, 1.499999999999998890 ) ) ;
#3687 = EDGE_CURVE ( 'NONE', #5924, #4148, #4790, .T. ) ;
#3688 = ADVANCED_FACE ( 'NONE', ( #290 ), #4347, .F. ) ;
#3689 = ORIENTED_EDGE ( 'NONE', *, *, #3341, .F. ) ;
#3690 = ORIENTED_EDGE ( 'NONE', *, *, #3143, .F. ) ;
#3691 = DIRECTION ( 'NONE',  ( 1.000000000000000000, -0.000000000000000000, 0.000000000000000000 ) ) ;
#3692 = CARTESIAN_POINT ( 'NONE',  ( -2.499999999999999556, 0.000000000000000000, 0.7499999999999995559 ) ) ;
#3693 = DIRECTION ( 'NONE',  ( 0.000000000000000000, 0.000000000000000000, 1.000000000000000000 ) ) ;
#3694 = CARTESIAN_POINT ( 'NONE',  ( 2.200325056072255592, 1.000000000000000000, 1.409853557144667091 ) ) ;
#3695 = CARTESIAN_POINT ( 'NONE',  ( -1.799999999999999600, 1.300000000000000044, 0.8999999999999998002 ) ) ;
#3696 = EDGE_CURVE ( 'NONE', #584, #1799, #2412, .T. ) ;
#3697 = ORIENTED_EDGE ( 'NONE', *, *, #6304, .F. ) ;
#3698 = EDGE_LOOP ( 'NONE', ( #3210, #5411, #2263, #5299 ) ) ;
#3699 = AXIS2_PLACEMENT_3D ( 'NONE', #6102, #1884, #3988 ) ;
#3700 = ADVANCED_FACE ( 'NONE', ( #2549 ), #2790, .T. ) ;
#3701 = DIRECTION ( 'NONE',  ( -0.000000000000000000, 1.000000000000000000, 0.000000000000000000 ) ) ;
#3702 = CARTESIAN_POINT ( 'NONE',  ( -2.299999999999999378, 1.300000000000000044, 1.599999999999999867 ) ) ;
#3703 = CARTESIAN_POINT ( 'NONE',  ( -2.499999999999999556, 0.8500000000000000888, 0.7499999999999986677 ) ) ;
#3704 = APPLICATION_CONTEXT ( 'automotive_design' ) ;
#3705 = DIRECTION ( 'NONE',  ( -1.000000000000000000, 0.000000000000000000, 0.000000000000000000 ) ) ;
#3706 = CARTESIAN_POINT ( 'NONE',  ( 2.399999999999999911, 1.000000000000000000, -1.600000000000000311 ) ) ;
#3707 = DIRECTION ( 'NONE',  ( 0.000000000000000000, 0.000000000000000000, -1.000000000000000000 ) ) ;
#3708 = ORIENTED_EDGE ( 'NONE', *, *, #2290, .F. ) ;
#3709 = ORIENTED_EDGE ( 'NONE', *, *, #4774, .F. ) ;
#3710 = EDGE_CURVE ( 'NONE', #4443, #5027, #2356, .T. ) ;
#3711 = CARTESIAN_POINT ( 'NONE',  ( 1.920000000000000373, 1.100000000000000311, -1.420000000000000151 ) ) ;
#3712 = AXIS2_PLACEMENT_3D ( 'NONE', #3662, #5619, #4071 ) ;
#3713 = VECTOR ( 'NONE', #4878, 1000.000000000000000 ) ;
#3714 = DIRECTION ( 'NONE',  ( -0.000000000000000000, -1.000000000000000000, -0.000000000000000000 ) ) ;
#3715 = CARTESIAN_POINT ( 'NONE',  ( 0.6700000000000014833, 0.000000000000000000, -1.599999999999999423 ) ) ;
#3716 = ORIENTED_EDGE ( 'NONE', *, *, #6208, .F. ) ;
#3717 = ORIENTED_EDGE ( 'NONE', *, *, #4458, .F. ) ;
#3718 = CARTESIAN_POINT ( 'NONE',  ( 2.300000000000000266, 0.2500000000000001110, 0.8499999999999989786 ) ) ;
#3719 = VECTOR ( 'NONE', #2469, 1000.000000000000000 ) ;
#3720 = CARTESIAN_POINT ( 'NONE',  ( 1.920000000000000151, 1.000000000000000000, -1.500000000000000000 ) ) ;
#3721 = DIRECTION ( 'NONE',  ( 0.000000000000000000, 0.000000000000000000, -1.000000000000000000 ) ) ;
#3722 = CARTESIAN_POINT ( 'NONE',  ( -1.870000000000000329, 0.000000000000000000, -0.5999999999999996447 ) ) ;
#3723 = COLOUR_RGB ( '',0.7921568627450980005, 0.8196078431372548767, 0.9333333333333333481 ) ;
#3724 = CARTESIAN_POINT ( 'NONE',  ( 1.920000000000000151, 1.069999999999999840, -1.419999999999999929 ) ) ;
#3725 = EDGE_CURVE ( 'NONE', #4472, #2923, #2402, .T. ) ;
#3726 = FACE_OUTER_BOUND ( 'NONE', #3207, .T. ) ;
#3727 = EDGE_CURVE ( 'NONE', #139, #2020, #4634, .T. ) ;
#3728 = ORIENTED_EDGE ( 'NONE', *, *, #258, .T. ) ;
#3729 = ORIENTED_EDGE ( 'NONE', *, *, #4638, .T. ) ;
#3730 = FACE_OUTER_BOUND ( 'NONE', #174, .T. ) ;
#3731 = CARTESIAN_POINT ( 'NONE',  ( 2.133381453602093192, 1.000000000000000222, -1.449767493193607093 ) ) ;
#3732 = AXIS2_PLACEMENT_3D ( 'NONE', #5381, #5867, #238 ) ;
#3733 = DIRECTION ( 'NONE',  ( -0.000000000000000000, 1.000000000000000000, -0.000000000000000000 ) ) ;
#3734 = CARTESIAN_POINT ( 'NONE',  ( -2.499999999999999556, 1.000000000000000000, 1.599999999999999867 ) ) ;
#3735 = VECTOR ( 'NONE', #1985, 1000.000000000000000 ) ;
#3736 = CARTESIAN_POINT ( 'NONE',  ( 1.920000000000000373, 1.239999999999999769, -1.020000000000000018 ) ) ;
#3737 = DIRECTION ( 'NONE',  ( -0.000000000000000000, 1.000000000000000000, 0.000000000000000000 ) ) ;
#3738 = LINE ( 'NONE', #3573, #6058 ) ;
#3739 = EDGE_CURVE ( 'NONE', #3929, #3156, #254, .T. ) ;
#3740 = DIRECTION ( 'NONE',  ( 4.336808689942017736E-16, -0.000000000000000000, 1.000000000000000000 ) ) ;
#3741 = ADVANCED_FACE ( 'NONE', ( #4585 ), #211, .F. ) ;
#3742 = ORIENTED_EDGE ( 'NONE', *, *, #3710, .T. ) ;
#3743 = VERTEX_POINT ( 'NONE', #3240 ) ;
#3744 = STYLED_ITEM ( 'NONE', ( #1876 ), #3202 ) ;
#3745 = CIRCLE ( 'NONE', #2662, 0.09999999999999982514 ) ;
#3746 = DIRECTION ( 'NONE',  ( -0.000000000000000000, -1.000000000000000000, -0.000000000000000000 ) ) ;
#3747 = DIRECTION ( 'NONE',  ( -0.7071067811865441310, 0.000000000000000000, 0.7071067811865510144 ) ) ;
#3748 = FACE_OUTER_BOUND ( 'NONE', #2547, .T. ) ;
#3749 = CARTESIAN_POINT ( 'NONE',  ( -1.952004573575929269, 0.9999999999999995559, 1.499999999927652539 ) ) ;
#3750 = CARTESIAN_POINT ( 'NONE',  ( -1.920000000000000373, 1.300000000000000044, -1.020000000000000240 ) ) ;
#3751 = DIRECTION ( 'NONE',  ( 0.000000000000000000, 0.000000000000000000, 1.000000000000000000 ) ) ;
#3752 = AXIS2_PLACEMENT_3D ( 'NONE', #203, #3181, #1724 ) ;
#3753 = VERTEX_POINT ( 'NONE', #5354 ) ;
#3754 = EDGE_LOOP ( 'NONE', ( #1595, #4187, #3392, #6504 ) ) ;
#3755 = CIRCLE ( 'NONE', #5763, 0.1000000000000009076 ) ;
#3756 = EDGE_CURVE ( 'NONE', #4484, #6057, #4729, .T. ) ;
#3757 = CARTESIAN_POINT ( 'NONE',  ( 2.500000000000000444, 0.2500000000000001110, 0.8499999999999989786 ) ) ;
#3758 = LINE ( 'NONE', #6146, #1578 ) ;
#3759 = DIRECTION ( 'NONE',  ( 1.000000000000000000, 0.000000000000000000, 2.710505431213760099E-16 ) ) ;
#3760 =( NAMED_UNIT ( * ) SI_UNIT ( $, .STERADIAN. ) SOLID_ANGLE_UNIT ( ) );
#3761 = ORIENTED_EDGE ( 'NONE', *, *, #1374, .F. ) ;
#3762 = ORIENTED_EDGE ( 'NONE', *, *, #2530, .F. ) ;
#3763 = CARTESIAN_POINT ( 'NONE',  ( 2.320000000000000284, 1.069999999999999840, 0.3400000000000000244 ) ) ;
#3764 = FACE_OUTER_BOUND ( 'NONE', #5320, .T. ) ;
#3765 = DIRECTION ( 'NONE',  ( 0.000000000000000000, -1.000000000000000000, 0.000000000000000000 ) ) ;
#3766 = EDGE_CURVE ( 'NONE', #4572, #6210, #177, .T. ) ;
#3767 = CARTESIAN_POINT ( 'NONE',  ( 0.6700000000000014833, 0.5000000000000000000, 1.599999999999999423 ) ) ;
#3768 = DIRECTION ( 'NONE',  ( -0.000000000000000000, 1.000000000000000000, -0.000000000000000000 ) ) ;
#3769 = VECTOR ( 'NONE', #776, 1000.000000000000000 ) ;
#3770 = CYLINDRICAL_SURFACE ( 'NONE', #1564, 0.09999999999999982514 ) ;
#3771 = ORIENTED_EDGE ( 'NONE', *, *, #4093, .F. ) ;
#3772 = VERTEX_POINT ( 'NONE', #1734 ) ;
#3773 = LINE ( 'NONE', #478, #6025 ) ;
#3774 = CARTESIAN_POINT ( 'NONE',  ( 0.6700000000000014833, 0.5000000000000000000, -1.599999999999999423 ) ) ;
#3775 = CARTESIAN_POINT ( 'NONE',  ( -2.499999999999999556, 1.300000000000000044, 0.4499999999999994560 ) ) ;
#3776 = EDGE_CURVE ( 'NONE', #1870, #2840, #2368, .T. ) ;
#3777 = CYLINDRICAL_SURFACE ( 'NONE', #1243, 0.1000000000000009076 ) ;
#3778 = CARTESIAN_POINT ( 'NONE',  ( 2.400000000000000355, 1.000000000000000000, 1.020000000000000462 ) ) ;
#3779 = AXIS2_PLACEMENT_3D ( 'NONE', #5388, #5431, #4885 ) ;
#3780 = DIRECTION ( 'NONE',  ( 0.000000000000000000, -1.000000000000000000, 0.000000000000000000 ) ) ;
#3781 = FACE_OUTER_BOUND ( 'NONE', #5561, .T. ) ;
#3782 = ORIENTED_EDGE ( 'NONE', *, *, #1322, .F. ) ;
#3783 = ORIENTED_EDGE ( 'NONE', *, *, #873, .F. ) ;
#3784 = LINE ( 'NONE', #1508, #1607 ) ;
#3785 = EDGE_CURVE ( 'NONE', #4954, #1212, #5842, .T. ) ;
#3786 = DIRECTION ( 'NONE',  ( -1.000000000000000000, -0.000000000000000000, -0.000000000000000000 ) ) ;
#3787 = CARTESIAN_POINT ( 'NONE',  ( -2.399999999999999911, 1.300000000000000044, 0.5499999999999992673 ) ) ;
#3788 = VECTOR ( 'NONE', #5287, 1000.000000000000000 ) ;
#3789 = DIRECTION ( 'NONE',  ( 0.000000000000000000, 0.000000000000000000, 1.000000000000000000 ) ) ;
#3790 = ADVANCED_FACE ( 'NONE', ( #2480 ), #696, .T. ) ;
#3791 = CARTESIAN_POINT ( 'NONE',  ( 1.870000000000001217, 0.000000000000000000, 1.599999999999999201 ) ) ;
#3792 = CARTESIAN_POINT ( 'NONE',  ( 2.299999999999998490, 0.2500000000000000555, -0.4499999999999989564 ) ) ;
#3793 = ORIENTED_EDGE ( 'NONE', *, *, #5805, .T. ) ;
#3794 = ORIENTED_EDGE ( 'NONE', *, *, #633, .T. ) ;
#3795 = EDGE_CURVE ( 'NONE', #5785, #6013, #189, .T. ) ;
#3796 = LINE ( 'NONE', #4192, #6251 ) ;
#3797 = CARTESIAN_POINT ( 'NONE',  ( -1.920000000000000373, 1.000000000000000000, -1.500000000000000222 ) ) ;
#3798 = AXIS2_PLACEMENT_3D ( 'NONE', #1385, #896, #3360 ) ;
#3799 = AXIS2_PLACEMENT_3D ( 'NONE', #20, #1994, #3625 ) ;
#3800 = VERTEX_POINT ( 'NONE', #2112 ) ;
#3801 = CYLINDRICAL_SURFACE ( 'NONE', #4326, 0.2000000000000003164 ) ;
#3802 = CARTESIAN_POINT ( 'NONE',  ( 1.870000000000000773, 0.000000000000000000, -0.5999999999999992006 ) ) ;
#3803 = CARTESIAN_POINT ( 'NONE',  ( -1.799999999999999600, 1.289999999999999813, 0.8999999999999998002 ) ) ;
#3804 = VERTEX_POINT ( 'NONE', #528 ) ;
#3805 = EDGE_LOOP ( 'NONE', ( #2314, #2582 ) ) ;
#3806 = DIRECTION ( 'NONE',  ( 1.000000000000000000, 0.000000000000000000, -0.000000000000000000 ) ) ;
#3807 = LINE ( 'NONE', #3275, #1808 ) ;
#3808 = ADVANCED_FACE ( 'NONE', ( #2491 ), #4644, .T. ) ;
#3809 = CARTESIAN_POINT ( 'NONE',  ( 1.920000000000000373, 8.040147056835873940, 1.020000000000000462 ) ) ;
#3810 = DIRECTION ( 'NONE',  ( -0.000000000000000000, -1.000000000000000000, -0.000000000000000000 ) ) ;
#3811 = CYLINDRICAL_SURFACE ( 'NONE', #586, 0.3299999999999997935 ) ;
#3812 = CARTESIAN_POINT ( 'NONE',  ( 2.400000000000000799, 0.9999999999999997780, -1.020000000000000018 ) ) ;
#3813 = ORIENTED_EDGE ( 'NONE', *, *, #6250, .F. ) ;
#3814 = FACE_OUTER_BOUND ( 'NONE', #1071, .T. ) ;
#3815 = AXIS2_PLACEMENT_3D ( 'NONE', #5929, #1978, #2328 ) ;
#3816 = VERTEX_POINT ( 'NONE', #2970 ) ;
#3817 = VERTEX_POINT ( 'NONE', #3928 ) ;
#3818 = LINE ( 'NONE', #5019, #6048 ) ;
#3819 = DIRECTION ( 'NONE',  ( -0.000000000000000000, -1.000000000000000000, -0.000000000000000000 ) ) ;
#3820 = AXIS2_PLACEMENT_3D ( 'NONE', #2747, #5885, #5919 ) ;
#3821 = CARTESIAN_POINT ( 'NONE',  ( -2.499999999999999556, 0.2500000000000000555, 0.7499999999999986677 ) ) ;
#3822 = VECTOR ( 'NONE', #4067, 1000.000000000000000 ) ;
#3823 = DIRECTION ( 'NONE',  ( 0.000000000000000000, 0.000000000000000000, -1.000000000000000000 ) ) ;
#3824 = EDGE_CURVE ( 'NONE', #495, #3315, #346, .T. ) ;
#3825 = VERTEX_POINT ( 'NONE', #1524 ) ;
#3826 = VECTOR ( 'NONE', #50, 1000.000000000000000 ) ;
#3827 = CLOSED_SHELL ( 'NONE', ( #5368, #2515, #1482, #1647, #3636, #5767, #3453, #3314 ) ) ;
#3828 = ORIENTED_EDGE ( 'NONE', *, *, #1299, .T. ) ;
#3829 = FACE_OUTER_BOUND ( 'NONE', #6312, .T. ) ;
#3830 =( GEOMETRIC_REPRESENTATION_CONTEXT ( 3 ) GLOBAL_UNCERTAINTY_ASSIGNED_CONTEXT ( ( #3845 ) ) GLOBAL_UNIT_ASSIGNED_CONTEXT ( ( #1244, #2722, #1707 ) ) REPRESENTATION_CONTEXT ( 'NONE', 'WORKASPACE' ) );
#3831 = PLANE ( 'NONE',  #2711 ) ;
#3832 = ORIENTED_EDGE ( 'NONE', *, *, #4689, .F. ) ;
#3833 = CIRCLE ( 'NONE', #4970, 0.4000000000000001887 ) ;
#3834 = EDGE_CURVE ( 'NONE', #2973, #3451, #326, .T. ) ;
#3835 = CARTESIAN_POINT ( 'NONE',  ( -1.981548495694787748, 1.000000000000000000, 1.497193095762528348 ) ) ;
#3836 = DIRECTION ( 'NONE',  ( 0.000000000000000000, 0.000000000000000000, -1.000000000000000000 ) ) ;
#3837 = CARTESIAN_POINT ( 'NONE',  ( 2.499999999999999556, 1.000000000000000000, 0.7499999999999991118 ) ) ;
#3838 = VERTEX_POINT ( 'NONE', #6127 ) ;
#3839 = ORIENTED_EDGE ( 'NONE', *, *, #1812, .T. ) ;
#3840 = TOROIDAL_SURFACE ( 'NONE', #2298, 0.3500000000000000333, 0.05000000000000000278 ) ;
#3841 = CARTESIAN_POINT ( 'NONE',  ( -2.397193095762551351, 1.000000000000000000, -1.081548495694760748 ) ) ;
#3842 = LINE ( 'NONE', #3117, #6077 ) ;
#3843 = VERTEX_POINT ( 'NONE', #3605 ) ;
#3844 = FACE_OUTER_BOUND ( 'NONE', #54, .T. ) ;
#3845 = UNCERTAINTY_MEASURE_WITH_UNIT (LENGTH_MEASURE( 1.000000000000000082E-05 ), #1244, 'distance_accuracy_value', 'NONE');
#3846 = EDGE_CURVE ( 'NONE', #5060, #3481, #4703, .T. ) ;
#3847 = PLANE ( 'NONE',  #1207 ) ;
#3848 = PLANE ( 'NONE',  #1638 ) ;
#3849 = ORIENTED_EDGE ( 'NONE', *, *, #563, .F. ) ;
#3850 = VERTEX_POINT ( 'NONE', #3484 ) ;
#3851 = CARTESIAN_POINT ( 'NONE',  ( 1.870000000000001217, -1.562049935181331506, -1.599999999999999201 ) ) ;
#3852 = LINE ( 'NONE', #3399, #4006 ) ;
#3853 =( GEOMETRIC_REPRESENTATION_CONTEXT ( 3 ) GLOBAL_UNCERTAINTY_ASSIGNED_CONTEXT ( ( #2386 ) ) GLOBAL_UNIT_ASSIGNED_CONTEXT ( ( #155, #202, #1635 ) ) REPRESENTATION_CONTEXT ( 'NONE', 'WORKASPACE' ) );
#3854 = CARTESIAN_POINT ( 'NONE',  ( 2.190000000000000391, 1.300000000000000044, 1.020000000000000462 ) ) ;
#3855 = CARTESIAN_POINT ( 'NONE',  ( -0.6700000000000007061, 0.5000000000000000000, 1.099999999999999645 ) ) ;
#3856 = FILL_AREA_STYLE_COLOUR ( '', #5331 ) ;
#3857 = VECTOR ( 'NONE', #4032, 1000.000000000000000 ) ;
#3858 = CARTESIAN_POINT ( 'NONE',  ( 1.559999999999999831, 1.300000000000000044, 1.499999999999999778 ) ) ;
#3859 = ORIENTED_EDGE ( 'NONE', *, *, #3371, .F. ) ;
#3860 = CYLINDRICAL_SURFACE ( 'NONE', #3732, 0.3300000000000000155 ) ;
#3861 = ORIENTED_EDGE ( 'NONE', *, *, #184, .T. ) ;
#3862 = ORIENTED_EDGE ( 'NONE', *, *, #1559, .F. ) ;
#3863 = EDGE_CURVE ( 'NONE', #5780, #4484, #299, .T. ) ;
#3864 = TOROIDAL_SURFACE ( 'NONE', #4953, 0.2699999999999997957, 0.05999999999999999778 ) ;
#3865 = ADVANCED_FACE ( 'NONE', ( #2510 ), #6642, .F. ) ;
#3866 = CARTESIAN_POINT ( 'NONE',  ( -2.299999999999998490, 0.2500000000000001110, -0.4499999999999987343 ) ) ;
#3867 = AXIS2_PLACEMENT_3D ( 'NONE', #6265, #6558, #1616 ) ;
#3868 = DIRECTION ( 'NONE',  ( -1.000000000000000000, 0.000000000000000000, 3.252606517456513302E-16 ) ) ;
#3869 = DIRECTION ( 'NONE',  ( 0.000000000000000000, 0.000000000000000000, -1.000000000000000000 ) ) ;
#3870 = EDGE_CURVE ( 'NONE', #991, #5934, #311, .T. ) ;
#3871 = FACE_OUTER_BOUND ( 'NONE', #430, .T. ) ;
#3872 = DIRECTION ( 'NONE',  ( -1.000000000000000000, 0.000000000000000000, -0.000000000000000000 ) ) ;
#3873 = DIRECTION ( 'NONE',  ( -1.000000000000000000, 0.000000000000000000, 0.000000000000000000 ) ) ;
#3874 = DIRECTION ( 'NONE',  ( -0.000000000000000000, 1.000000000000000000, -0.000000000000000000 ) ) ;
#3875 = EDGE_LOOP ( 'NONE', ( #486, #558, #2750, #462 ) ) ;
#3876 = ORIENTED_EDGE ( 'NONE', *, *, #35, .F. ) ;
#3877 = ORIENTED_EDGE ( 'NONE', *, *, #1975, .T. ) ;
#3878 = PRESENTATION_LAYER_ASSIGNMENT (  '', '', ( #209 ) ) ;
#3879 = FACE_OUTER_BOUND ( 'NONE', #4804, .T. ) ;
#3880 = CARTESIAN_POINT ( 'NONE',  ( 2.250000000000000444, 1.149999999999999911, 1.020000000000000462 ) ) ;
#3881 = ORIENTED_EDGE ( 'NONE', *, *, #373, .T. ) ;
#3882 = CYLINDRICAL_SURFACE ( 'NONE', #5225, 0.1000000000000009076 ) ;
#3883 = DIRECTION ( 'NONE',  ( 0.000000000000000000, 1.000000000000000000, 0.000000000000000000 ) ) ;
#3884 = CARTESIAN_POINT ( 'NONE',  ( -2.499999999999999556, 0.8500000000000000888, 0.7499999999999986677 ) ) ;
#3885 = AXIS2_PLACEMENT_3D ( 'NONE', #3998, #2429, #6630 ) ;
#3886 = DIRECTION ( 'NONE',  ( 0.000000000000000000, 0.000000000000000000, 1.000000000000000000 ) ) ;
#3887 = ORIENTED_EDGE ( 'NONE', *, *, #3624, .F. ) ;
#3888 = ORIENTED_EDGE ( 'NONE', *, *, #3450, .F. ) ;
#3889 = CARTESIAN_POINT ( 'NONE',  ( -2.159129397495886060, 1.000000000000000000, -1.436062456092674022 ) ) ;
#3890 = AXIS2_PLACEMENT_3D ( 'NONE', #2933, #6613, #268 ) ;
#3891 = VECTOR ( 'NONE', #2115, 1000.000000000000000 ) ;
#3892 = ADVANCED_FACE ( 'NONE', ( #4753 ), #480, .F. ) ;
#3893 = ORIENTED_EDGE ( 'NONE', *, *, #5261, .F. ) ;
#3894 = VECTOR ( 'NONE', #3409, 1000.000000000000000 ) ;
#3895 = EDGE_CURVE ( 'NONE', #670, #4556, #4771, .T. ) ;
#3896 = CARTESIAN_POINT ( 'NONE',  ( 2.499999999999999556, 0.8500000000000000888, 0.7499999999999991118 ) ) ;
#3897 = ORIENTED_EDGE ( 'NONE', *, *, #2545, .T. ) ;
#3898 = VERTEX_POINT ( 'NONE', #1110 ) ;
#3899 = CARTESIAN_POINT ( 'NONE',  ( -2.300000000000000266, 0.2500000000000000555, 0.8499999999999985345 ) ) ;
#3900 = DIRECTION ( 'NONE',  ( 0.000000000000000000, 0.000000000000000000, -1.000000000000000000 ) ) ;
#3901 = DIRECTION ( 'NONE',  ( 0.000000000000000000, 0.000000000000000000, 1.000000000000000000 ) ) ;
#3902 = AXIS2_PLACEMENT_3D ( 'NONE', #1394, #4912, #6055 ) ;
#3903 = SURFACE_SIDE_STYLE ('',( #5350 ) ) ;
#3904 = LINE ( 'NONE', #5798, #4055 ) ;
#3905 = CARTESIAN_POINT ( 'NONE',  ( 2.320000000000000284, 1.069999999999999840, -1.125013845558522574 ) ) ;
#3906 = EDGE_LOOP ( 'NONE', ( #1262, #3729, #1233, #1996 ) ) ;
#3907 = FACE_OUTER_BOUND ( 'NONE', #5257, .T. ) ;
#3908 = ADVANCED_FACE ( 'NONE', ( #2537 ), #1486, .F. ) ;
#3909 = ORIENTED_EDGE ( 'NONE', *, *, #2615, .T. ) ;
#3910 = VERTEX_POINT ( 'NONE', #5654 ) ;
#3911 = EDGE_CURVE ( 'NONE', #2794, #30, #2698, .T. ) ;
#3912 = CARTESIAN_POINT ( 'NONE',  ( -1.870000000000000329, 0.5000000000000000000, -0.5999999999999996447 ) ) ;
#3913 = CARTESIAN_POINT ( 'NONE',  ( 1.920000000000000151, 1.069999999999999840, -1.420000000000000151 ) ) ;
#3914 = DIRECTION ( 'NONE',  ( 0.000000000000000000, -0.000000000000000000, 1.000000000000000000 ) ) ;
#3915 = CARTESIAN_POINT ( 'NONE',  ( -1.870000000000000329, 0.5000000000000000000, 0.5999999999999996447 ) ) ;
#3916 = CARTESIAN_POINT ( 'NONE',  ( -0.9800000000000004263, 0.000000000000000000, 1.499999999999998890 ) ) ;
#3917 = EDGE_LOOP ( 'NONE', ( #1329, #6415, #5703, #2057 ) ) ;
#3918 = LINE ( 'NONE', #5789, #6133 ) ;
#3919 = ORIENTED_EDGE ( 'NONE', *, *, #3962, .F. ) ;
#3920 = ORIENTED_EDGE ( 'NONE', *, *, #1957, .F. ) ;
#3921 = EDGE_CURVE ( 'NONE', #6105, #670, #554, .T. ) ;
#3922 = CIRCLE ( 'NONE', #2573, 0.09999999999999982514 ) ;
#3923 = DIRECTION ( 'NONE',  ( 0.000000000000000000, 0.000000000000000000, 1.000000000000000000 ) ) ;
#3924 = ORIENTED_EDGE ( 'NONE', *, *, #6020, .F. ) ;
#3925 = VECTOR ( 'NONE', #589, 1000.000000000000000 ) ;
#3926 = DIRECTION ( 'NONE',  ( 0.000000000000000000, 0.000000000000000000, 1.000000000000000000 ) ) ;
#3927 = DIRECTION ( 'NONE',  ( 1.000000000000000000, -0.000000000000000000, -2.710505431213760099E-16 ) ) ;
#3928 = CARTESIAN_POINT ( 'NONE',  ( 2.320000000000000284, 1.069999999999999840, 1.020000000000000462 ) ) ;
#3929 = VERTEX_POINT ( 'NONE', #3642 ) ;
#3930 = ORIENTED_EDGE ( 'NONE', *, *, #1232, .F. ) ;
#3931 = DIRECTION ( 'NONE',  ( -1.000000000000000000, -0.000000000000000000, 2.710505431213760099E-16 ) ) ;
#3932 = CARTESIAN_POINT ( 'NONE',  ( -1.920000000000000373, 8.040147056835873940, -1.420000000000000151 ) ) ;
#3933 = EDGE_CURVE ( 'NONE', #3753, #88, #413, .T. ) ;
#3934 = LINE ( 'NONE', #642, #6161 ) ;
#3935 = AXIS2_PLACEMENT_3D ( 'NONE', #6654, #4916, #4483 ) ;
#3936 = VERTEX_POINT ( 'NONE', #4162 ) ;
#3937 = DIRECTION ( 'NONE',  ( -0.000000000000000000, 1.000000000000000000, -0.000000000000000000 ) ) ;
#3938 = ORIENTED_EDGE ( 'NONE', *, *, #5173, .T. ) ;
#3939 = VERTEX_POINT ( 'NONE', #2805 ) ;
#3940 = DIRECTION ( 'NONE',  ( 0.000000000000000000, -1.000000000000000000, 0.000000000000000000 ) ) ;
#3941 = CARTESIAN_POINT ( 'NONE',  ( -2.400000000000000799, 1.000000000000000000, 1.019999999999999574 ) ) ;
#3942 = CARTESIAN_POINT ( 'NONE',  ( 2.499999999999998668, 0.8500000000000000888, -0.8499999999999989786 ) ) ;
#3943 = CARTESIAN_POINT ( 'NONE',  ( 1.660000000000000586, 1.000000000000000000, -1.600000000000000311 ) ) ;
#3944 = DIRECTION ( 'NONE',  ( 0.000000000000000000, 0.000000000000000000, 1.000000000000000000 ) ) ;
#3945 = LINE ( 'NONE', #1093, #4069 ) ;
#3946 = CARTESIAN_POINT ( 'NONE',  ( -2.499999999999997780, 0.8500000000000000888, -0.7499999999999986677 ) ) ;
#3947 = EDGE_CURVE ( 'NONE', #3432, #2707, #2643, .T. ) ;
#3948 = ORIENTED_EDGE ( 'NONE', *, *, #1470, .T. ) ;
#3949 = ORIENTED_EDGE ( 'NONE', *, *, #6322, .T. ) ;
#3950 = ORIENTED_EDGE ( 'NONE', *, *, #6083, .T. ) ;
#3951 = DIRECTION ( 'NONE',  ( -0.000000000000000000, -0.000000000000000000, 1.000000000000000000 ) ) ;
#3952 = CARTESIAN_POINT ( 'NONE',  ( -2.500000000000000444, 0.2500000000000000555, 0.8499999999999985345 ) ) ;
#3953 = PLANE ( 'NONE',  #1981 ) ;
#3954 = LINE ( 'NONE', #3661, #6169 ) ;
#3955 = CARTESIAN_POINT ( 'NONE',  ( -1.920000000000000373, 1.100000000000000311, 1.370000000000000551 ) ) ;
#3956 = CARTESIAN_POINT ( 'NONE',  ( -2.499999999999999556, 1.300000000000000044, -0.5499999999999992673 ) ) ;
#3957 = ORIENTED_EDGE ( 'NONE', *, *, #5406, .F. ) ;
#3958 = ADVANCED_FACE ( 'NONE', ( #2775 ), #2632, .T. ) ;
#3959 = DIRECTION ( 'NONE',  ( 0.000000000000000000, -0.000000000000000000, -1.000000000000000000 ) ) ;
#3960 = ORIENTED_EDGE ( 'NONE', *, *, #2222, .F. ) ;
#3961 = ORIENTED_EDGE ( 'NONE', *, *, #3921, .F. ) ;
#3962 = EDGE_CURVE ( 'NONE', #4348, #4898, #5100, .T. ) ;
#3963 = EDGE_CURVE ( 'NONE', #5660, #6256, #4995, .T. ) ;
#3964 = VECTOR ( 'NONE', #3072, 1000.000000000000000 ) ;
#3965 = DIRECTION ( 'NONE',  ( -0.000000000000000000, 1.000000000000000000, -0.000000000000000000 ) ) ;
#3966 = ORIENTED_EDGE ( 'NONE', *, *, #1785, .F. ) ;
#3967 = DIRECTION ( 'NONE',  ( -1.000000000000000000, -0.000000000000000000, -0.000000000000000000 ) ) ;
#3968 = AXIS2_PLACEMENT_3D ( 'NONE', #1381, #2392, #3923 ) ;
#3969 = EDGE_LOOP ( 'NONE', ( #5403, #3390, #6468, #4738 ) ) ;
#3970 = VERTEX_POINT ( 'NONE', #719 ) ;
#3971 = CARTESIAN_POINT ( 'NONE',  ( -0.9800000000000004263, 1.000000000000000000, -1.599999999999999867 ) ) ;
#3972 = DIRECTION ( 'NONE',  ( -0.000000000000000000, 1.000000000000000000, 0.000000000000000000 ) ) ;
#3973 = CARTESIAN_POINT ( 'NONE',  ( -2.235936695440823296, 1.000000000000000000, -1.381612038773833984 ) ) ;
#3974 = VECTOR ( 'NONE', #301, 1000.000000000000000 ) ;
#3975 = EDGE_CURVE ( 'NONE', #6452, #4255, #4934, .T. ) ;
#3976 = VECTOR ( 'NONE', #6604, 1000.000000000000000 ) ;
#3977 = EDGE_CURVE ( 'NONE', #1189, #6013, #503, .T. ) ;
#3978 = EDGE_LOOP ( 'NONE', ( #1259, #3552, #1328, #4726, #3583, #6358, #1386, #1129 ) ) ;
#3979 = CARTESIAN_POINT ( 'NONE',  ( -1.799999999999999600, 1.289999999999999813, 0.8999999999999998002 ) ) ;
#3980 = ORIENTED_EDGE ( 'NONE', *, *, #4674, .T. ) ;
#3981 = MECHANICAL_DESIGN_GEOMETRIC_PRESENTATION_REPRESENTATION (  '', ( #1577 ), #1304 ) ;
#3982 = VERTEX_POINT ( 'NONE', #5738 ) ;
#3983 = PLANE ( 'NONE',  #5613 ) ;
#3984 = CARTESIAN_POINT ( 'NONE',  ( -2.299999999999997602, 1.000000000000000000, -1.600000000000000311 ) ) ;
#3985 = CARTESIAN_POINT ( 'NONE',  ( 2.300000000000000266, 0.8500000000000000888, 0.8499999999999989786 ) ) ;
#3986 = CIRCLE ( 'NONE', #4879, 0.09999999999999982514 ) ;
#3987 = CARTESIAN_POINT ( 'NONE',  ( -1.920000000000000373, 1.069999999999999840, -1.420000000000000151 ) ) ;
#3988 = DIRECTION ( 'NONE',  ( 1.000000000000000000, 0.000000000000000000, 0.000000000000000000 ) ) ;
#3989 = VECTOR ( 'NONE', #6171, 1000.000000000000000 ) ;
#3990 = DIRECTION ( 'NONE',  ( -0.000000000000000000, 1.000000000000000000, -0.000000000000000000 ) ) ;
#3991 = ORIENTED_EDGE ( 'NONE', *, *, #6498, .F. ) ;
#3992 = ORIENTED_EDGE ( 'NONE', *, *, #6421, .F. ) ;
#3993 = ORIENTED_EDGE ( 'NONE', *, *, #2899, .F. ) ;
#3994 = DIRECTION ( 'NONE',  ( 0.000000000000000000, 0.000000000000000000, -1.000000000000000000 ) ) ;
#3995 = LINE ( 'NONE', #116, #6074 ) ;
#3996 = CARTESIAN_POINT ( 'NONE',  ( 1.559999999999999831, 0.5000000000000000000, 1.499999999999999778 ) ) ;
#3997 = LINE ( 'NONE', #962, #1709 ) ;
#3998 = CARTESIAN_POINT ( 'NONE',  ( 1.870000000000000773, 0.5000000000000000000, -0.5999999999999992006 ) ) ;
#3999 = ADVANCED_FACE ( 'NONE', ( #4856 ), #1241, .F. ) ;
#4000 = DIRECTION ( 'NONE',  ( 1.000000000000000000, 0.000000000000000000, 0.000000000000000000 ) ) ;
#4001 = EDGE_LOOP ( 'NONE', ( #6063, #1894, #3762, #4014 ) ) ;
#4002 = EDGE_CURVE ( 'NONE', #877, #5785, #432, .T. ) ;
#4003 = CARTESIAN_POINT ( 'NONE',  ( 1.920000000000000373, 1.100000000000000311, -1.420000000000000151 ) ) ;
#4004 = VERTEX_POINT ( 'NONE', #226 ) ;
#4005 = LINE ( 'NONE', #1633, #6238 ) ;
#4006 = VECTOR ( 'NONE', #3701, 1000.000000000000000 ) ;
#4007 = FACE_OUTER_BOUND ( 'NONE', #3233, .T. ) ;
#4008 = DIRECTION ( 'NONE',  ( -0.000000000000000000, -1.000000000000000000, -0.000000000000000000 ) ) ;
#4009 = ORIENTED_EDGE ( 'NONE', *, *, #1247, .F. ) ;
#4010 = DIRECTION ( 'NONE',  ( -0.000000000000000000, 1.000000000000000000, -0.000000000000000000 ) ) ;
#4011 = ADVANCED_FACE ( 'NONE', ( #5006 ), #489, .T. ) ;
#4012 = CARTESIAN_POINT ( 'NONE',  ( -2.276890707879078324, 1.069999999999999840, -1.228794717070160525 ) ) ;
#4013 = ORIENTED_EDGE ( 'NONE', *, *, #3028, .F. ) ;
#4014 = ORIENTED_EDGE ( 'NONE', *, *, #2830, .T. ) ;
#4015 = EDGE_CURVE ( 'NONE', #4536, #2917, #5040, .T. ) ;
#4016 = CARTESIAN_POINT ( 'NONE',  ( 0.6700000000000014833, 0.5000000000000000000, 1.599999999999999423 ) ) ;
#4017 = CARTESIAN_POINT ( 'NONE',  ( 0.6700000000000007061, -1.562049935181331506, -0.5999999999999995337 ) ) ;
#4018 = AXIS2_PLACEMENT_3D ( 'NONE', #6653, #817, #2894 ) ;
#4019 = CIRCLE ( 'NONE', #6528, 0.2000000000000003164 ) ;
#4020 = ORIENTED_EDGE ( 'NONE', *, *, #4638, .F. ) ;
#4021 = DIRECTION ( 'NONE',  ( -1.000000000000000000, -0.000000000000000000, -0.000000000000000000 ) ) ;
#4022 = CARTESIAN_POINT ( 'NONE',  ( -2.327876530883319361, 1.000000000000000000, 1.272900014217278608 ) ) ;
#4023 = ORIENTED_EDGE ( 'NONE', *, *, #2615, .F. ) ;
#4024 = ORIENTED_EDGE ( 'NONE', *, *, #982, .F. ) ;
#4025 = CARTESIAN_POINT ( 'NONE',  ( 2.300000000000000266, 0.2500000000000001110, 0.4499999999999989564 ) ) ;
#4026 = CARTESIAN_POINT ( 'NONE',  ( 2.299999999999998490, 0.8500000000000000888, -0.8499999999999989786 ) ) ;
#4027 = CIRCLE ( 'NONE', #5909, 0.1499999999999999667 ) ;
#4028 = DIRECTION ( 'NONE',  ( -2.710505431213760099E-16, 0.000000000000000000, -1.000000000000000000 ) ) ;
#4029 = CARTESIAN_POINT ( 'NONE',  ( 0.6700000000000007061, 0.5000000000000000000, 0.5999999999999995337 ) ) ;
#4030 = CARTESIAN_POINT ( 'NONE',  ( 0.6700000000000007061, 0.5000000000000000000, -0.5999999999999995337 ) ) ;
#4031 = LINE ( 'NONE', #15, #6277 ) ;
#4032 = DIRECTION ( 'NONE',  ( 0.000000000000000000, 1.000000000000000000, 0.000000000000000000 ) ) ;
#4033 = EDGE_CURVE ( 'NONE', #5914, #6124, #574, .T. ) ;
#4034 = ORIENTED_EDGE ( 'NONE', *, *, #2850, .T. ) ;
#4035 = EDGE_CURVE ( 'NONE', #1613, #263, #4827, .T. ) ;
#4036 = ORIENTED_EDGE ( 'NONE', *, *, #3963, .F. ) ;
#4037 = EDGE_LOOP ( 'NONE', ( #2770, #645, #4905, #5638 ) ) ;
#4038 = VECTOR ( 'NONE', #6094, 1000.000000000000000 ) ;
#4039 = DIRECTION ( 'NONE',  ( -3.252606517456513302E-16, 0.000000000000000000, -1.000000000000000000 ) ) ;
#4040 = VECTOR ( 'NONE', #664, 1000.000000000000000 ) ;
#4041 = PLANE ( 'NONE',  #6521 ) ;
#4042 = DIRECTION ( 'NONE',  ( 0.000000000000000000, 0.000000000000000000, 1.000000000000000000 ) ) ;
#4043 = LINE ( 'NONE', #4656, #6264 ) ;
#4044 = DIRECTION ( 'NONE',  ( 0.000000000000000000, 0.000000000000000000, -1.000000000000000000 ) ) ;
#4045 = DIRECTION ( 'NONE',  ( 0.000000000000000000, 0.000000000000000000, -1.000000000000000000 ) ) ;
#4046 = ORIENTED_EDGE ( 'NONE', *, *, #4015, .F. ) ;
#4047 = EDGE_CURVE ( 'NONE', #3373, #1195, #388, .T. ) ;
#4048 = DIRECTION ( 'NONE',  ( -1.000000000000000000, -0.000000000000000000, 2.710505431213760099E-16 ) ) ;
#4049 = EDGE_LOOP ( 'NONE', ( #964, #3602, #1628, #1679 ) ) ;
#4050 = EDGE_LOOP ( 'NONE', ( #4330, #5811, #4676, #4716, #3479, #5510 ) ) ;
#4051 = FACE_OUTER_BOUND ( 'NONE', #4325, .T. ) ;
#4052 = EDGE_CURVE ( 'NONE', #737, #3560, #4866, .T. ) ;
#4053 = TOROIDAL_SURFACE ( 'NONE', #2218, 0.3499999999999999223, 0.05000000000000000278 ) ;
#4054 = AXIS2_PLACEMENT_3D ( 'NONE', #4355, #811, #5498 ) ;
#4055 = VECTOR ( 'NONE', #3740, 1000.000000000000000 ) ;
#4056 = CARTESIAN_POINT ( 'NONE',  ( 0.9800000000000004263, 0.5000000000000000000, -1.599999999999999867 ) ) ;
#4057 = EDGE_LOOP ( 'NONE', ( #5990, #136, #4191, #6522 ) ) ;
#4058 = CARTESIAN_POINT ( 'NONE',  ( 2.320000000000000284, 0.9999999999999996669, -1.020000000000000018 ) ) ;
#4059 = AXIS2_PLACEMENT_3D ( 'NONE', #374, #4975, #3003 ) ;
#4060 = DIRECTION ( 'NONE',  ( -1.000000000000000000, 0.000000000000000000, 5.646886315028668105E-17 ) ) ;
#4061 = EDGE_CURVE ( 'NONE', #5793, #5456, #524, .T. ) ;
#4062 = ORIENTED_EDGE ( 'NONE', *, *, #4741, .F. ) ;
#4063 = ORIENTED_EDGE ( 'NONE', *, *, #6435, .T. ) ;
#4064 = SURFACE_SIDE_STYLE ('',( #2556 ) ) ;
#4065 = CARTESIAN_POINT ( 'NONE',  ( 0.8799999999999994493, 0.5000000000000000000, -1.599999999999999423 ) ) ;
#4066 = EDGE_CURVE ( 'NONE', #5937, #5551, #2798, .T. ) ;
#4067 = DIRECTION ( 'NONE',  ( 1.000000000000000000, 0.000000000000000000, -1.495451272393800824E-15 ) ) ;
#4068 = CIRCLE ( 'NONE', #5837, 0.2000000000000003164 ) ;
#4069 = VECTOR ( 'NONE', #5156, 1000.000000000000000 ) ;
#4070 = ORIENTED_EDGE ( 'NONE', *, *, #2817, .T. ) ;
#4071 = DIRECTION ( 'NONE',  ( -1.000000000000000000, 0.000000000000000000, -0.000000000000000000 ) ) ;
#4072 = ADVANCED_FACE ( 'NONE', ( #381 ), #4209, .F. ) ;
#4073 = DIRECTION ( 'NONE',  ( 0.000000000000000000, 0.000000000000000000, 1.000000000000000000 ) ) ;
#4074 = ORIENTED_EDGE ( 'NONE', *, *, #4305, .F. ) ;
#4075 = EDGE_LOOP ( 'NONE', ( #1290, #6420, #1327, #1165 ) ) ;
#4076 = CYLINDRICAL_SURFACE ( 'NONE', #5241, 0.09999999999999982514 ) ;
#4077 = CARTESIAN_POINT ( 'NONE',  ( 2.500000000000000444, 0.8500000000000000888, 0.8499999999999989786 ) ) ;
#4078 = CARTESIAN_POINT ( 'NONE',  ( 2.500000000000000444, 0.8500000000000000888, 0.8499999999999989786 ) ) ;
#4079 = EDGE_CURVE ( 'NONE', #657, #2794, #601, .T. ) ;
#4080 = VECTOR ( 'NONE', #1611, 1000.000000000000000 ) ;
#4081 = DIRECTION ( 'NONE',  ( 0.000000000000000000, 0.000000000000000000, 1.000000000000000000 ) ) ;
#4082 = CARTESIAN_POINT ( 'NONE',  ( 2.399999999999998135, 0.2500000000000001110, -0.7499999999999995559 ) ) ;
#4083 = CARTESIAN_POINT ( 'NONE',  ( -2.320000000000000284, 1.069999999999999840, -0.3399999999999990252 ) ) ;
#4084 = VECTOR ( 'NONE', #1078, 1000.000000000000000 ) ;
#4085 = CARTESIAN_POINT ( 'NONE',  ( -2.499999999999998668, 0.2500000000000001110, -0.8499999999999985345 ) ) ;
#4086 = ORIENTED_EDGE ( 'NONE', *, *, #523, .F. ) ;
#4087 = ORIENTED_EDGE ( 'NONE', *, *, #5971, .T. ) ;
#4088 = LINE ( 'NONE', #2472, #1997 ) ;
#4089 = LINE ( 'NONE', #1555, #4291 ) ;
#4090 = VERTEX_POINT ( 'NONE', #5369 ) ;
#4091 = CARTESIAN_POINT ( 'NONE',  ( 0.9800000000000004263, 0.5000000000000000000, 1.499999999999998890 ) ) ;
#4092 = VECTOR ( 'NONE', #2409, 1000.000000000000000 ) ;
#4093 = EDGE_CURVE ( 'NONE', #1114, #32, #467, .T. ) ;
#4094 = CIRCLE ( 'NONE', #3455, 0.09999999999999982514 ) ;
#4095 = DIRECTION ( 'NONE',  ( 0.000000000000000000, 0.000000000000000000, -1.000000000000000000 ) ) ;
#4096 = DIRECTION ( 'NONE',  ( 0.000000000000000000, 0.000000000000000000, -1.000000000000000000 ) ) ;
#4097 = ORIENTED_EDGE ( 'NONE', *, *, #801, .T. ) ;
#4098 = DIRECTION ( 'NONE',  ( -0.000000000000000000, -1.000000000000000000, -0.000000000000000000 ) ) ;
#4099 = ORIENTED_EDGE ( 'NONE', *, *, #2730, .F. ) ;
#4100 = VECTOR ( 'NONE', #11, 1000.000000000000000 ) ;
#4101 = FACE_OUTER_BOUND ( 'NONE', #1816, .T. ) ;
#4102 = ORIENTED_EDGE ( 'NONE', *, *, #3977, .T. ) ;
#4103 =( BOUNDED_CURVE ( )  B_SPLINE_CURVE ( 2, ( #701, #2230, #1375 ),
 .UNSPECIFIED., .F., .F. ) 
 B_SPLINE_CURVE_WITH_KNOTS ( ( 3, 3 ),
 ( 0.000000000000000000, 1.000000000000000000 ),
 .UNSPECIFIED. ) 
 CURVE ( )  GEOMETRIC_REPRESENTATION_ITEM ( )  RATIONAL_B_SPLINE_CURVE ( ( 1.000000000000000000, 0.7071067811865475727, 1.000000000000000000 ) ) 
 REPRESENTATION_ITEM ( '' )  );
#4104 = CIRCLE ( 'NONE', #292, 0.1000000000000009076 ) ;
#4105 = EDGE_CURVE ( 'NONE', #1479, #117, #2741, .T. ) ;
#4106 = DIRECTION ( 'NONE',  ( 1.000000000000000000, -0.000000000000000000, -0.000000000000000000 ) ) ;
#4107 = ORIENTED_EDGE ( 'NONE', *, *, #5419, .F. ) ;
#4108 = CARTESIAN_POINT ( 'NONE',  ( 2.320000000000000284, 1.069999999999999840, -0.3399999999999995803 ) ) ;
#4109 = AXIS2_PLACEMENT_3D ( 'NONE', #960, #4569, #3040 ) ;
#4110 = DIRECTION ( 'NONE',  ( -1.000000000000000000, 0.000000000000000000, -2.168404344971008868E-16 ) ) ;
#4111 = EDGE_LOOP ( 'NONE', ( #3920, #1927, #4514, #4300 ) ) ;
#4112 = VECTOR ( 'NONE', #5889, 1000.000000000000000 ) ;
#4113 = VECTOR ( 'NONE', #4245, 1000.000000000000000 ) ;
#4114 = CARTESIAN_POINT ( 'NONE',  ( -2.128794663505312990, 1.069999999999999840, -1.376890761443925637 ) ) ;
#4115 = DIRECTION ( 'NONE',  ( -0.000000000000000000, -1.000000000000000000, -0.000000000000000000 ) ) ;
#4116 = ORIENTED_EDGE ( 'NONE', *, *, #496, .F. ) ;
#4117 = FACE_OUTER_BOUND ( 'NONE', #4687, .T. ) ;
#4118 = FACE_OUTER_BOUND ( 'NONE', #6364, .T. ) ;
#4119 = PRODUCT_DEFINITION ( 'UNKNOWN', '', #1409, #6680 ) ;
#4120 = ORIENTED_EDGE ( 'NONE', *, *, #4402, .F. ) ;
#4121 = EDGE_CURVE ( 'NONE', #1100, #5210, #5052, .T. ) ;
#4122 = CARTESIAN_POINT ( 'NONE',  ( -1.799999999999999600, 1.289999999999999813, 0.8999999999999998002 ) ) ;
#4123 = CARTESIAN_POINT ( 'NONE',  ( -2.387675741629292858, 1.000000000000000000, 1.143435892650983332 ) ) ;
#4124 = ORIENTED_EDGE ( 'NONE', *, *, #659, .T. ) ;
#4125 = CIRCLE ( 'NONE', #3581, 0.09999999999999971412 ) ;
#4126 = FACE_OUTER_BOUND ( 'NONE', #1877, .T. ) ;
#4127 = EDGE_LOOP ( 'NONE', ( #4736, #308, #284, #2739 ) ) ;
#4128 = CARTESIAN_POINT ( 'NONE',  ( 2.300000000000000266, 0.8500000000000000888, 0.8499999999999989786 ) ) ;
#4129 = EDGE_CURVE ( 'NONE', #5044, #429, #2675, .T. ) ;
#4130 = SURFACE_STYLE_USAGE ( .BOTH. , #3617 ) ;
#4131 = LINE ( 'NONE', #5323, #4040 ) ;
#4132 = CARTESIAN_POINT ( 'NONE',  ( 1.870000000000000773, -1.562049935181331506, -0.5999999999999992006 ) ) ;
#4133 = DIRECTION ( 'NONE',  ( -1.000000000000000000, -0.000000000000000000, 9.035018104045869462E-17 ) ) ;
#4134 = EDGE_CURVE ( 'NONE', #452, #870, #2822, .T. ) ;
#4135 = DIRECTION ( 'NONE',  ( 0.000000000000000000, 0.000000000000000000, 1.000000000000000000 ) ) ;
#4136 = EDGE_LOOP ( 'NONE', ( #572, #5125, #2846, #464 ) ) ;
#4137 = AXIS2_PLACEMENT_3D ( 'NONE', #3979, #1875, #5959 ) ;
#4138 = ADVANCED_FACE ( 'NONE', ( #619 ), #403, .F. ) ;
#4139 = ORIENTED_EDGE ( 'NONE', *, *, #451, .T. ) ;
#4140 = VECTOR ( 'NONE', #1296, 1000.000000000000000 ) ;
#4141 = VECTOR ( 'NONE', #1511, 1000.000000000000000 ) ;
#4142 = ORIENTED_EDGE ( 'NONE', *, *, #300, .T. ) ;
#4143 = DIRECTION ( 'NONE',  ( 0.000000000000000000, 0.000000000000000000, 1.000000000000000000 ) ) ;
#4144 = VECTOR ( 'NONE', #6052, 1000.000000000000000 ) ;
#4145 = VECTOR ( 'NONE', #2568, 1000.000000000000000 ) ;
#4146 = CARTESIAN_POINT ( 'NONE',  ( -2.299999999999998490, 0.2500000000000001110, -0.8499999999999985345 ) ) ;
#4147 = EDGE_CURVE ( 'NONE', #5016, #582, #4901, .T. ) ;
#4148 = VERTEX_POINT ( 'NONE', #3854 ) ;
#4149 = CARTESIAN_POINT ( 'NONE',  ( -0.6700000000000005951, -1.562049935181331506, -1.599999999999999645 ) ) ;
#4150 = ORIENTED_EDGE ( 'NONE', *, *, #2333, .F. ) ;
#4151 = STYLED_ITEM ( 'NONE', ( #4393 ), #4958 ) ;
#4152 = LINE ( 'NONE', #2734, #2107 ) ;
#4153 = FACE_OUTER_BOUND ( 'NONE', #1010, .T. ) ;
#4154 = ORIENTED_EDGE ( 'NONE', *, *, #2853, .F. ) ;
#4155 = CIRCLE ( 'NONE', #2135, 0.09999999999999982514 ) ;
#4156 = AXIS2_PLACEMENT_3D ( 'NONE', #4691, #590, #1627 ) ;
#4157 = CIRCLE ( 'NONE', #4642, 0.09999999999999982514 ) ;
#4158 = DIRECTION ( 'NONE',  ( 0.000000000000000000, 0.000000000000000000, -1.000000000000000000 ) ) ;
#4159 = ORIENTED_EDGE ( 'NONE', *, *, #1678, .F. ) ;
#4160 = EDGE_CURVE ( 'NONE', #1747, #3569, #2621, .T. ) ;
#4161 = CARTESIAN_POINT ( 'NONE',  ( -1.920000000000000373, -4.290147056835873940, -1.020000000000000240 ) ) ;
#4162 = CARTESIAN_POINT ( 'NONE',  ( 1.870000000000001217, 0.000000000000000000, -1.599999999999999201 ) ) ;
#4163 = ORIENTED_EDGE ( 'NONE', *, *, #5731, .T. ) ;
#4164 = LINE ( 'NONE', #5616, #4175 ) ;
#4165 = CARTESIAN_POINT ( 'NONE',  ( 1.920000000000000373, 1.100000000000000311, 1.370000000000000551 ) ) ;
#4166 = DIRECTION ( 'NONE',  ( 0.000000000000000000, 0.000000000000000000, 1.000000000000000000 ) ) ;
#4167 = ORIENTED_EDGE ( 'NONE', *, *, #6481, .T. ) ;
#4168 = CARTESIAN_POINT ( 'NONE',  ( 2.399999999999999911, 1.300000000000000044, -0.7499999999999995559 ) ) ;
#4169 = LINE ( 'NONE', #2240, #4080 ) ;
#4170 = VECTOR ( 'NONE', #1914, 1000.000000000000000 ) ;
#4171 = ORIENTED_EDGE ( 'NONE', *, *, #329, .T. ) ;
#4172 = EDGE_CURVE ( 'NONE', #1291, #3369, #2657, .T. ) ;
#4173 = DIRECTION ( 'NONE',  ( -0.000000000000000000, 1.000000000000000000, -0.000000000000000000 ) ) ;
#4174 = VERTEX_POINT ( 'NONE', #5104 ) ;
#4175 = VECTOR ( 'NONE', #6645, 1000.000000000000000 ) ;
#4176 = LINE ( 'NONE', #6303, #6417 ) ;
#4177 = CARTESIAN_POINT ( 'NONE',  ( 1.660000000000000586, 0.5000000000000000000, -1.599999999999999201 ) ) ;
#4178 = ORIENTED_EDGE ( 'NONE', *, *, #6208, .T. ) ;
#4179 = DIRECTION ( 'NONE',  ( -0.000000000000000000, 1.000000000000000000, -0.000000000000000000 ) ) ;
#4180 = DIRECTION ( 'NONE',  ( -1.495451272393800824E-15, 0.000000000000000000, -1.000000000000000000 ) ) ;
#4181 = CARTESIAN_POINT ( 'NONE',  ( -1.920000000000000373, 1.100000000000000311, -1.020000000000000240 ) ) ;
#4182 = LINE ( 'NONE', #4522, #2017 ) ;
#4183 = CARTESIAN_POINT ( 'NONE',  ( -2.399999999999999911, 0.2500000000000000555, 0.7499999999999991118 ) ) ;
#4184 = ADVANCED_FACE ( 'NONE', ( #4910 ), #1837, .F. ) ;
#4185 = CARTESIAN_POINT ( 'NONE',  ( -0.6399999999999996803, 1.069999999999999840, 1.420000000000000373 ) ) ;
#4186 = ORIENTED_EDGE ( 'NONE', *, *, #6513, .T. ) ;
#4187 = ORIENTED_EDGE ( 'NONE', *, *, #1157, .T. ) ;
#4188 = LINE ( 'NONE', #1155, #6479 ) ;
#4189 = CIRCLE ( 'NONE', #3060, 0.2000000000000003164 ) ;
#4190 = EDGE_CURVE ( 'NONE', #4954, #842, #5999, .T. ) ;
#4191 = ORIENTED_EDGE ( 'NONE', *, *, #3795, .T. ) ;
#4192 = CARTESIAN_POINT ( 'NONE',  ( 1.660000000000000586, 0.000000000000000000, -1.599999999999999201 ) ) ;
#4193 = AXIS2_PLACEMENT_3D ( 'NONE', #1408, #3780, #3959 ) ;
#4194 = LINE ( 'NONE', #433, #4271 ) ;
#4195 = DIRECTION ( 'NONE',  ( -0.000000000000000000, 1.000000000000000000, 0.000000000000000000 ) ) ;
#4196 = DIRECTION ( 'NONE',  ( -7.589415207398531038E-16, 0.000000000000000000, -1.000000000000000000 ) ) ;
#4197 = DIRECTION ( 'NONE',  ( 1.000000000000000000, 0.000000000000000000, 0.000000000000000000 ) ) ;
#4198 = CARTESIAN_POINT ( 'NONE',  ( -1.170000000000005702, 0.5000000000000000000, 0.5999999999999996447 ) ) ;
#4199 = CARTESIAN_POINT ( 'NONE',  ( 2.499999999999999556, 0.2500000000000001110, 0.5499999999999988232 ) ) ;
#4200 = ORIENTED_EDGE ( 'NONE', *, *, #1417, .T. ) ;
#4201 = CARTESIAN_POINT ( 'NONE',  ( -2.128794717070163323, 1.069999999999999840, 1.376890707879075748 ) ) ;
#4202 = ORIENTED_EDGE ( 'NONE', *, *, #2776, .F. ) ;
#4203 = VERTEX_POINT ( 'NONE', #2891 ) ;
#4204 = LINE ( 'NONE', #4909, #2039 ) ;
#4205 = EDGE_CURVE ( 'NONE', #2837, #4989, #441, .T. ) ;
#4206 = CARTESIAN_POINT ( 'NONE',  ( 2.500000000000000444, 0.8500000000000000888, 0.4499999999999990119 ) ) ;
#4207 = ORIENTED_EDGE ( 'NONE', *, *, #1437, .F. ) ;
#4208 = CARTESIAN_POINT ( 'NONE',  ( -0.6700000000000002620, 0.5000000000000000000, -0.5999999999999997558 ) ) ;
#4209 = PLANE ( 'NONE',  #6076 ) ;
#4210 = ORIENTED_EDGE ( 'NONE', *, *, #6448, .F. ) ;
#4211 = LINE ( 'NONE', #3942, #6494 ) ;
#4212 = FACE_OUTER_BOUND ( 'NONE', #18, .T. ) ;
#4213 = DIRECTION ( 'NONE',  ( 0.000000000000000000, 0.000000000000000000, -1.000000000000000000 ) ) ;
#4214 = CARTESIAN_POINT ( 'NONE',  ( -2.499999999999999556, 0.8500000000000000888, 0.5499999999999983791 ) ) ;
#4215 = ORIENTED_EDGE ( 'NONE', *, *, #1993, .T. ) ;
#4216 = CARTESIAN_POINT ( 'NONE',  ( -2.300000000000000266, 0.8500000000000000888, 0.8499999999999985345 ) ) ;
#4217 = EDGE_CURVE ( 'NONE', #4600, #4556, #4889, .T. ) ;
#4218 = CIRCLE ( 'NONE', #5327, 0.1000000000000004774 ) ;
#4219 = DIRECTION ( 'NONE',  ( 0.000000000000000000, 0.000000000000000000, -1.000000000000000000 ) ) ;
#4220 = VERTEX_POINT ( 'NONE', #863 ) ;
#4221 = CARTESIAN_POINT ( 'NONE',  ( 2.499999999999998668, 0.2500000000000001110, -0.8499999999999989786 ) ) ;
#4222 = DIRECTION ( 'NONE',  ( 0.000000000000000000, 0.000000000000000000, 1.000000000000000000 ) ) ;
#4223 = ORIENTED_EDGE ( 'NONE', *, *, #6617, .F. ) ;
#4224 = LINE ( 'NONE', #6142, #4100 ) ;
#4225 = EDGE_CURVE ( 'NONE', #4274, #1452, #476, .T. ) ;
#4226 = CARTESIAN_POINT ( 'NONE',  ( 1.870000000000001217, 0.5000000000000000000, 1.599999999999999201 ) ) ;
#4227 = VERTEX_POINT ( 'NONE', #494 ) ;
#4228 = CARTESIAN_POINT ( 'NONE',  ( -1.920000000000000373, 1.300000000000000044, 1.020000000000000462 ) ) ;
#4229 = LINE ( 'NONE', #5928, #4293 ) ;
#4230 = DIRECTION ( 'NONE',  ( 0.000000000000000000, 1.000000000000000000, 0.000000000000000000 ) ) ;
#4231 = AXIS2_PLACEMENT_3D ( 'NONE', #5694, #6166, #1107 ) ;
#4232 = CARTESIAN_POINT ( 'NONE',  ( -2.400000000000000799, 0.9999999999999997780, -0.3399999999999992473 ) ) ;
#4233 = CYLINDRICAL_SURFACE ( 'NONE', #6602, 0.09999999999999982514 ) ;
#4234 = DIRECTION ( 'NONE',  ( 0.000000000000000000, 1.000000000000000000, 0.000000000000000000 ) ) ;
#4235 = CARTESIAN_POINT ( 'NONE',  ( -1.919999999999999929, 1.069999999999999840, 1.420000000000000373 ) ) ;
#4236 = ORIENTED_EDGE ( 'NONE', *, *, #5494, .F. ) ;
#4237 = EDGE_CURVE ( 'NONE', #3253, #1411, #516, .T. ) ;
#4238 = ORIENTED_EDGE ( 'NONE', *, *, #1480, .T. ) ;
#4239 = CIRCLE ( 'NONE', #5383, 0.3300000000000000155 ) ;
#4240 = CIRCLE ( 'NONE', #2478, 0.09999999999999982514 ) ;
#4241 = ORIENTED_EDGE ( 'NONE', *, *, #470, .T. ) ;
#4242 = EDGE_CURVE ( 'NONE', #2815, #1770, #537, .T. ) ;
#4243 = CARTESIAN_POINT ( 'NONE',  ( -1.920000000000000373, 1.239999999999999769, 1.020000000000000462 ) ) ;
#4244 = DIRECTION ( 'NONE',  ( 0.000000000000000000, 0.000000000000000000, 1.000000000000000000 ) ) ;
#4245 = DIRECTION ( 'NONE',  ( -0.000000000000000000, 1.000000000000000000, -0.000000000000000000 ) ) ;
#4246 = APPLICATION_PROTOCOL_DEFINITION ( 'draft international standard', 'automotive_design', 1998, #3704 ) ;
#4247 = LINE ( 'NONE', #6249, #6575 ) ;
#4248 = AXIS2_PLACEMENT_3D ( 'NONE', #833, #3307, #3869 ) ;
#4249 = DIRECTION ( 'NONE',  ( -1.000000000000000000, 0.000000000000000000, 0.000000000000000000 ) ) ;
#4250 = ADVANCED_FACE ( 'NONE', ( #5150 ), #6573, .F. ) ;
#4251 = DIRECTION ( 'NONE',  ( 0.000000000000000000, 1.000000000000000000, 0.000000000000000000 ) ) ;
#4252 = CARTESIAN_POINT ( 'NONE',  ( -2.499999999999999556, 1.000000000000000000, -1.600000000000000311 ) ) ;
#4253 = ORIENTED_EDGE ( 'NONE', *, *, #329, .F. ) ;
#4254 = CARTESIAN_POINT ( 'NONE',  ( -1.870000000000000551, -1.562049935181331506, 1.599999999999999645 ) ) ;
#4255 = VERTEX_POINT ( 'NONE', #318 ) ;
#4256 = CIRCLE ( 'NONE', #5294, 0.05000000000000012768 ) ;
#4257 = FACE_OUTER_BOUND ( 'NONE', #628, .T. ) ;
#4258 = VERTEX_POINT ( 'NONE', #958 ) ;
#4259 = EDGE_CURVE ( 'NONE', #5334, #6489, #3122, .T. ) ;
#4260 = LINE ( 'NONE', #4592, #2027 ) ;
#4261 = CARTESIAN_POINT ( 'NONE',  ( 1.870000000000001217, 0.000000000000000000, 1.599999999999999201 ) ) ;
#4262 = ORIENTED_EDGE ( 'NONE', *, *, #1678, .T. ) ;
#4263 = DIRECTION ( 'NONE',  ( -1.000000000000000000, -0.000000000000000000, -0.000000000000000000 ) ) ;
#4264 = CARTESIAN_POINT ( 'NONE',  ( 2.500000000000000444, 1.300000000000000044, -0.8499999999999989786 ) ) ;
#4265 = ORIENTED_EDGE ( 'NONE', *, *, #5, .T. ) ;
#4266 = VECTOR ( 'NONE', #6411, 1000.000000000000000 ) ;
#4267 = SURFACE_STYLE_USAGE ( .BOTH. , #4064 ) ;
#4268 = SURFACE_SIDE_STYLE ('',( #5083 ) ) ;
#4269 = ORIENTED_EDGE ( 'NONE', *, *, #3648, .T. ) ;
#4270 = CARTESIAN_POINT ( 'NONE',  ( 2.399999999999998135, 0.2500000000000001110, -0.7499999999999995559 ) ) ;
#4271 = VECTOR ( 'NONE', #3524, 1000.000000000000000 ) ;
#4272 = EDGE_CURVE ( 'NONE', #5786, #88, #744, .T. ) ;
#4273 = VECTOR ( 'NONE', #542, 1000.000000000000000 ) ;
#4274 = VERTEX_POINT ( 'NONE', #1499 ) ;
#4275 = CARTESIAN_POINT ( 'NONE',  ( 2.270908789225497770, 1.000000000000000000, -1.347805921940653739 ) ) ;
#4276 = ORIENTED_EDGE ( 'NONE', *, *, #6151, .T. ) ;
#4277 = FACE_OUTER_BOUND ( 'NONE', #4287, .T. ) ;
#4278 = VECTOR ( 'NONE', #5727, 1000.000000000000000 ) ;
#4279 = DIRECTION ( 'NONE',  ( -0.000000000000000000, 1.000000000000000000, -0.000000000000000000 ) ) ;
#4280 = ORIENTED_EDGE ( 'NONE', *, *, #4259, .F. ) ;
#4281 = CARTESIAN_POINT ( 'NONE',  ( -1.799999999999999600, 1.300000000000000044, 0.7499999999999996669 ) ) ;
#4282 = VECTOR ( 'NONE', #4728, 1000.000000000000000 ) ;
#4283 = PLANE ( 'NONE',  #6307 ) ;
#4284 = DIRECTION ( 'NONE',  ( -2.125886612716674587E-16, -0.000000000000000000, -1.000000000000000000 ) ) ;
#4285 = CARTESIAN_POINT ( 'NONE',  ( -2.400000000000000799, 0.9999999999999997780, -1.020000000000000018 ) ) ;
#4286 = LINE ( 'NONE', #2641, #4377 ) ;
#4287 = EDGE_LOOP ( 'NONE', ( #5614, #3267, #5636, #5679 ) ) ;
#4288 = AXIS2_PLACEMENT_3D ( 'NONE', #5464, #2415, #3901 ) ;
#4289 = ORIENTED_EDGE ( 'NONE', *, *, #2367, .F. ) ;
#4290 = CIRCLE ( 'NONE', #1715, 0.3299999999999995715 ) ;
#4291 = VECTOR ( 'NONE', #2610, 1000.000000000000000 ) ;
#4292 = VERTEX_POINT ( 'NONE', #1359 ) ;
#4293 = VECTOR ( 'NONE', #4263, 1000.000000000000000 ) ;
#4294 = CARTESIAN_POINT ( 'NONE',  ( -1.870000000000000551, 0.5000000000000000000, 1.599999999999999645 ) ) ;
#4295 = DIRECTION ( 'NONE',  ( 0.000000000000000000, 0.000000000000000000, -1.000000000000000000 ) ) ;
#4296 = DIRECTION ( 'NONE',  ( 0.000000000000000000, 0.000000000000000000, -1.000000000000000000 ) ) ;
#4297 =( LENGTH_UNIT ( ) NAMED_UNIT ( * ) SI_UNIT ( .MILLI., .METRE. ) );
#4298 = DIRECTION ( 'NONE',  ( -0.000000000000000000, 1.000000000000000000, -0.000000000000000000 ) ) ;
#4299 = CARTESIAN_POINT ( 'NONE',  ( -2.500000000000000444, 0.8500000000000000888, 0.8499999999999985345 ) ) ;
#4300 = ORIENTED_EDGE ( 'NONE', *, *, #3870, .F. ) ;
#4301 = VERTEX_POINT ( 'NONE', #4795 ) ;
#4302 = FACE_OUTER_BOUND ( 'NONE', #893, .T. ) ;
#4303 = STYLED_ITEM ( 'NONE', ( #4808 ), #768 ) ;
#4304 = EDGE_LOOP ( 'NONE', ( #5488, #3849, #3284, #3516 ) ) ;
#4305 = EDGE_CURVE ( 'NONE', #2753, #3174, #643, .T. ) ;
#4306 = EDGE_CURVE ( 'NONE', #6210, #5660, #715, .T. ) ;
#4307 = CYLINDRICAL_SURFACE ( 'NONE', #1143, 0.09999999999999982514 ) ;
#4308 = ADVANCED_FACE ( 'NONE', ( #2896 ), #4692, .F. ) ;
#4309 = CARTESIAN_POINT ( 'NONE',  ( 2.320000000000000284, 1.069999999999999840, 1.020000000000000462 ) ) ;
#4310 = DIRECTION ( 'NONE',  ( 0.000000000000000000, 1.000000000000000000, 0.000000000000000000 ) ) ;
#4311 = ORIENTED_EDGE ( 'NONE', *, *, #2398, .F. ) ;
#4312 = CARTESIAN_POINT ( 'NONE',  ( -1.870000000000000329, 0.000000000000000000, -1.599999999999999645 ) ) ;
#4313 = CARTESIAN_POINT ( 'NONE',  ( -2.299999999999998490, 0.8500000000000000888, -0.8499999999999985345 ) ) ;
#4314 = ORIENTED_EDGE ( 'NONE', *, *, #3795, .F. ) ;
#4315 = VECTOR ( 'NONE', #360, 1000.000000000000000 ) ;
#4316 = DIRECTION ( 'NONE',  ( 7.589415207398531038E-16, 0.000000000000000000, 1.000000000000000000 ) ) ;
#4317 = PLANE ( 'NONE',  #6462 ) ;
#4318 = VERTEX_POINT ( 'NONE', #1585 ) ;
#4319 = EDGE_CURVE ( 'NONE', #4701, #1392, #5303, .T. ) ;
#4320 = EDGE_CURVE ( 'NONE', #2653, #5862, #3102, .T. ) ;
#4321 = ORIENTED_EDGE ( 'NONE', *, *, #4160, .F. ) ;
#4322 = ADVANCED_FACE ( 'NONE', ( #5137 ), #5828, .F. ) ;
#4323 = DIRECTION ( 'NONE',  ( 0.000000000000000000, 0.000000000000000000, 1.000000000000000000 ) ) ;
#4324 = DIRECTION ( 'NONE',  ( -1.000000000000000000, 0.000000000000000000, 9.035018104045870694E-17 ) ) ;
#4325 = EDGE_LOOP ( 'NONE', ( #1793, #243, #6440, #1939 ) ) ;
#4326 = AXIS2_PLACEMENT_3D ( 'NONE', #911, #6519, #4475 ) ;
#4327 = FACE_OUTER_BOUND ( 'NONE', #4623, .T. ) ;
#4328 = CIRCLE ( 'NONE', #1801, 0.1000000000000009076 ) ;
#4329 = CARTESIAN_POINT ( 'NONE',  ( -1.920000000000000373, 1.149999999999999911, -1.370000000000000329 ) ) ;
#4330 = ORIENTED_EDGE ( 'NONE', *, *, #1886, .F. ) ;
#4331 = CARTESIAN_POINT ( 'NONE',  ( -1.559999999999999831, 0.5000000000000000000, -1.499999999999999778 ) ) ;
#4332 = PLANE ( 'NONE',  #2511 ) ;
#4333 = PLANE ( 'NONE',  #3779 ) ;
#4334 = CARTESIAN_POINT ( 'NONE',  ( -2.399999999715078047, 0.9999999999999997780, 1.146016614668261768 ) ) ;
#4335 = CIRCLE ( 'NONE', #3525, 0.09999999999999982514 ) ;
#4336 = EDGE_CURVE ( 'NONE', #4484, #4749, #5360, .T. ) ;
#4337 = ORIENTED_EDGE ( 'NONE', *, *, #5845, .T. ) ;
#4338 = EDGE_CURVE ( 'NONE', #2457, #1779, #5101, .T. ) ;
#4339 = VERTEX_POINT ( 'NONE', #1630 ) ;
#4340 = LINE ( 'NONE', #5517, #1954 ) ;
#4341 = FACE_OUTER_BOUND ( 'NONE', #4111, .T. ) ;
#4342 = AXIS2_PLACEMENT_3D ( 'NONE', #4744, #2208, #6278 ) ;
#4343 = DIRECTION ( 'NONE',  ( 7.589415207398531038E-16, 0.000000000000000000, -1.000000000000000000 ) ) ;
#4344 = CARTESIAN_POINT ( 'NONE',  ( -2.399999999999999911, 0.2500000000000001110, 0.7499999999999991118 ) ) ;
#4345 = LINE ( 'NONE', #3593, #6512 ) ;
#4346 =( NAMED_UNIT ( * ) SI_UNIT ( $, .STERADIAN. ) SOLID_ANGLE_UNIT ( ) );
#4347 = PLANE ( 'NONE',  #1654 ) ;
#4348 = VERTEX_POINT ( 'NONE', #150 ) ;
#4349 = EDGE_CURVE ( 'NONE', #5414, #2708, #2831, .T. ) ;
#4350 = DIRECTION ( 'NONE',  ( -0.000000000000000000, -1.000000000000000000, -0.000000000000000000 ) ) ;
#4351 = ORIENTED_EDGE ( 'NONE', *, *, #671, .T. ) ;
#4352 = FACE_OUTER_BOUND ( 'NONE', #1826, .T. ) ;
#4353 = PRESENTATION_STYLE_ASSIGNMENT (( #255 ) ) ;
#4354 = LINE ( 'NONE', #1716, #12 ) ;
#4355 = CARTESIAN_POINT ( 'NONE',  ( -2.189999999999999947, 1.239999999999999991, -1.020000000000000240 ) ) ;
#4356 = VERTEX_POINT ( 'NONE', #6230 ) ;
#4357 = DIRECTION ( 'NONE',  ( 0.000000000000000000, -0.000000000000000000, -1.000000000000000000 ) ) ;
#4358 = CARTESIAN_POINT ( 'NONE',  ( 2.399999999999999911, 1.300000000000000044, -0.7499999999999995559 ) ) ;
#4359 = EDGE_LOOP ( 'NONE', ( #3155, #3531, #917, #720 ) ) ;
#4360 = EDGE_CURVE ( 'NONE', #101, #984, #2906, .T. ) ;
#4361 = PLANE ( 'NONE',  #2194 ) ;
#4362 = DIRECTION ( 'NONE',  ( 1.301042606982593488E-14, 0.000000000000000000, -1.000000000000000000 ) ) ;
#4363 = CYLINDRICAL_SURFACE ( 'NONE', #132, 0.1499999999999999667 ) ;
#4364 = CIRCLE ( 'NONE', #5642, 0.09999999999999982514 ) ;
#4365 = ADVANCED_FACE ( 'NONE', ( #2918 ), #2031, .F. ) ;
#4366 = EDGE_LOOP ( 'NONE', ( #5761, #5956, #907, #2049 ) ) ;
#4367 = CARTESIAN_POINT ( 'NONE',  ( 2.237611297053393233, 1.000000000000000444, -1.380246648774704932 ) ) ;
#4368 = ORIENTED_EDGE ( 'NONE', *, *, #728, .T. ) ;
#4369 = VECTOR ( 'NONE', #4766, 1000.000000000000000 ) ;
#4370 = DIRECTION ( 'NONE',  ( -1.000000000000000000, 0.000000000000000000, -0.000000000000000000 ) ) ;
#4371 = DIRECTION ( 'NONE',  ( 0.000000000000000000, 1.000000000000000000, 0.000000000000000000 ) ) ;
#4372 = EDGE_CURVE ( 'NONE', #472, #1060, #5161, .T. ) ;
#4373 = CARTESIAN_POINT ( 'NONE',  ( 2.500000000000000444, 1.000000000000000000, -1.600000000000000311 ) ) ;
#4374 = CARTESIAN_POINT ( 'NONE',  ( -2.399999999999998135, 0.8500000000000000888, -0.7499999999999991118 ) ) ;
#4375 = DIRECTION ( 'NONE',  ( 0.000000000000000000, -1.000000000000000000, -0.000000000000000000 ) ) ;
#4376 = AXIS2_PLACEMENT_3D ( 'NONE', #2645, #3134, #3658 ) ;
#4377 = VECTOR ( 'NONE', #6228, 1000.000000000000000 ) ;
#4378 = ORIENTED_EDGE ( 'NONE', *, *, #1797, .F. ) ;
#4379 = ADVANCED_FACE ( 'NONE', ( #702 ), #5175, .F. ) ;
#4380 = ORIENTED_EDGE ( 'NONE', *, *, #3438, .F. ) ;
#4381 = VECTOR ( 'NONE', #2921, 1000.000000000000000 ) ;
#4382 = LINE ( 'NONE', #5259, #4412 ) ;
#4383 = EDGE_CURVE ( 'NONE', #984, #6032, #631, .T. ) ;
#4384 = DIRECTION ( 'NONE',  ( 7.589415207398531038E-16, -0.000000000000000000, -1.000000000000000000 ) ) ;
#4385 = DIRECTION ( 'NONE',  ( 1.000000000000000000, 0.000000000000000000, 2.710505431213760099E-16 ) ) ;
#4386 = CARTESIAN_POINT ( 'NONE',  ( -2.045309764362783778, 1.000000000000000000, 1.483238459776128115 ) ) ;
#4387 = VECTOR ( 'NONE', #1086, 1000.000000000000000 ) ;
#4388 =( NAMED_UNIT ( * ) PLANE_ANGLE_UNIT ( ) SI_UNIT ( $, .RADIAN. ) );
#4389 = CARTESIAN_POINT ( 'NONE',  ( -2.400000000000000355, 0.9999999999999997780, -1.020000000000000240 ) ) ;
#4390 = ORIENTED_EDGE ( 'NONE', *, *, #6629, .F. ) ;
#4391 = EDGE_CURVE ( 'NONE', #4673, #6070, #864, .T. ) ;
#4392 = CARTESIAN_POINT ( 'NONE',  ( -0.6700000000000005951, 0.5000000000000000000, -1.599999999999999645 ) ) ;
#4393 = PRESENTATION_STYLE_ASSIGNMENT (( #2791 ) ) ;
#4394 = EDGE_CURVE ( 'NONE', #5456, #6430, #3078, .T. ) ;
#4395 = CARTESIAN_POINT ( 'NONE',  ( 1.920000000000000373, 1.239999999999999769, -1.350000000000000089 ) ) ;
#4396 = AXIS2_PLACEMENT_3D ( 'NONE', #691, #1216, #1343 ) ;
#4397 = VECTOR ( 'NONE', #3733, 1000.000000000000000 ) ;
#4398 = CARTESIAN_POINT ( 'NONE',  ( -2.299999999999998490, 0.8500000000000000888, -0.8499999999999985345 ) ) ;
#4399 = VERTEX_POINT ( 'NONE', #195 ) ;
#4400 = DIRECTION ( 'NONE',  ( -1.000000000000000000, 0.000000000000000000, -4.336808689942017736E-16 ) ) ;
#4401 = CARTESIAN_POINT ( 'NONE',  ( 1.559999999999999831, -1.562049935181331506, 1.599999999999999867 ) ) ;
#4402 = EDGE_CURVE ( 'NONE', #4203, #6493, #3091, .T. ) ;
#4403 = FACE_OUTER_BOUND ( 'NONE', #822, .T. ) ;
#4404 = CARTESIAN_POINT ( 'NONE',  ( -2.499999999999997780, 1.000000000000000000, -1.599999999999999867 ) ) ;
#4405 = CARTESIAN_POINT ( 'NONE',  ( 1.559999999999999831, 0.5000000000000000000, -1.599999999999999867 ) ) ;
#4406 = EDGE_CURVE ( 'NONE', #2815, #495, #2848, .T. ) ;
#4407 = DIRECTION ( 'NONE',  ( 2.168404344971008868E-16, 0.000000000000000000, -1.000000000000000000 ) ) ;
#4408 = LINE ( 'NONE', #1462, #4434 ) ;
#4409 = AXIS2_PLACEMENT_3D ( 'NONE', #87, #2151, #135 ) ;
#4410 = CARTESIAN_POINT ( 'NONE',  ( -2.500000000000000444, 0.2500000000000001110, 0.4499999999999987899 ) ) ;
#4411 = LINE ( 'NONE', #5309, #6677 ) ;
#4412 = VECTOR ( 'NONE', #4384, 1000.000000000000000 ) ;
#4413 = EDGE_CURVE ( 'NONE', #364, #3533, #2942, .T. ) ;
#4414 = CARTESIAN_POINT ( 'NONE',  ( -2.499999999999999556, 0.000000000000000000, -0.7499999999999995559 ) ) ;
#4415 = CARTESIAN_POINT ( 'NONE',  ( -1.799999999999999600, 1.289999999999999813, 0.7499999999999996669 ) ) ;
#4416 = VECTOR ( 'NONE', #1057, 1000.000000000000000 ) ;
#4417 = ADVANCED_FACE ( 'NONE', ( #757 ), #5087, .T. ) ;
#4418 = LINE ( 'NONE', #1733, #2247 ) ;
#4419 = LINE ( 'NONE', #2543, #2130 ) ;
#4420 = AXIS2_PLACEMENT_3D ( 'NONE', #2733, #5758, #6236 ) ;
#4421 = CARTESIAN_POINT ( 'NONE',  ( 1.920000000000000373, 1.069999999999999840, 1.420000000000000373 ) ) ;
#4422 = ORIENTED_EDGE ( 'NONE', *, *, #5310, .F. ) ;
#4423 = EDGE_CURVE ( 'NONE', #3174, #5780, #887, .T. ) ;
#4424 = CARTESIAN_POINT ( 'NONE',  ( -1.920000000000000373, 1.069999999999999840, 1.420000000000000373 ) ) ;
#4425 = LINE ( 'NONE', #193, #4397 ) ;
#4426 = DIRECTION ( 'NONE',  ( 0.000000000000000000, -1.000000000000000000, 0.000000000000000000 ) ) ;
#4427 = DIRECTION ( 'NONE',  ( 1.000000000000000000, 0.000000000000000000, 0.000000000000000000 ) ) ;
#4428 = ADVANCED_FACE ( 'NONE', ( #653 ), #6439, .F. ) ;
#4429 = CARTESIAN_POINT ( 'NONE',  ( -2.280246648774712614, 1.000000000000000000, -1.337611297053387105 ) ) ;
#4430 = FACE_OUTER_BOUND ( 'NONE', #125, .T. ) ;
#4431 = VECTOR ( 'NONE', #1819, 1000.000000000000000 ) ;
#4432 = AXIS2_PLACEMENT_3D ( 'NONE', #4270, #723, #4784 ) ;
#4433 = ORIENTED_EDGE ( 'NONE', *, *, #126, .F. ) ;
#4434 = VECTOR ( 'NONE', #1496, 1000.000000000000000 ) ;
#4435 = EDGE_CURVE ( 'NONE', #966, #2867, #901, .T. ) ;
#4436 = DIRECTION ( 'NONE',  ( 0.000000000000000000, 0.000000000000000000, -1.000000000000000000 ) ) ;
#4437 = AXIS2_PLACEMENT_3D ( 'NONE', #5522, #382, #5028 ) ;
#4438 = DIRECTION ( 'NONE',  ( -0.000000000000000000, 1.000000000000000000, -0.000000000000000000 ) ) ;
#4439 = VECTOR ( 'NONE', #25, 1000.000000000000000 ) ;
#4440 = CARTESIAN_POINT ( 'NONE',  ( -1.919999999999999929, 1.000000000000000000, 1.500000000000000444 ) ) ;
#4441 = SURFACE_STYLE_USAGE ( .BOTH. , #3903 ) ;
#4442 = DIRECTION ( 'NONE',  ( -0.000000000000000000, 1.000000000000000000, -0.000000000000000000 ) ) ;
#4443 = VERTEX_POINT ( 'NONE', #2858 ) ;
#4444 = LINE ( 'NONE', #2426, #4416 ) ;
#4445 = EDGE_CURVE ( 'NONE', #32, #1965, #2869, .T. ) ;
#4446 = CARTESIAN_POINT ( 'NONE',  ( 1.559999999999999831, 1.000000000000000000, -1.499999999999999778 ) ) ;
#4447 = VECTOR ( 'NONE', #5684, 1000.000000000000000 ) ;
#4448 = AXIS2_PLACEMENT_3D ( 'NONE', #4132, #6339, #5251 ) ;
#4449 = UNCERTAINTY_MEASURE_WITH_UNIT (LENGTH_MEASURE( 1.000000000000000082E-05 ), #6244, 'distance_accuracy_value', 'NONE');
#4450 = CARTESIAN_POINT ( 'NONE',  ( 2.500000000000000444, 1.000000000000000000, 1.399999999999999467 ) ) ;
#4451 = DIRECTION ( 'NONE',  ( 2.168404344971008868E-16, 0.000000000000000000, 1.000000000000000000 ) ) ;
#4452 = DIRECTION ( 'NONE',  ( -0.000000000000000000, 1.000000000000000000, -0.000000000000000000 ) ) ;
#4453 = ORIENTED_EDGE ( 'NONE', *, *, #2589, .F. ) ;
#4454 = FACE_OUTER_BOUND ( 'NONE', #5146, .T. ) ;
#4455 = DIRECTION ( 'NONE',  ( 0.000000000000000000, 1.000000000000000000, 0.000000000000000000 ) ) ;
#4456 = EDGE_CURVE ( 'NONE', #4174, #3402, #2859, .T. ) ;
#4457 = LINE ( 'NONE', #3715, #6624 ) ;
#4458 = EDGE_CURVE ( 'NONE', #1387, #2595, #2881, .T. ) ;
#4459 = CARTESIAN_POINT ( 'NONE',  ( 2.500000000000000444, 0.2500000000000001110, 0.8499999999999989786 ) ) ;
#4460 = EDGE_LOOP ( 'NONE', ( #2422, #4611, #6324, #6449 ) ) ;
#4461 = DIRECTION ( 'NONE',  ( 3.252606517456513302E-16, 0.000000000000000000, 1.000000000000000000 ) ) ;
#4462 = CIRCLE ( 'NONE', #4059, 0.05999999999999994227 ) ;
#4463 = DIRECTION ( 'NONE',  ( -0.000000000000000000, -1.000000000000000000, -0.000000000000000000 ) ) ;
#4464 = ADVANCED_FACE ( 'NONE', ( #3076 ), #2905, .F. ) ;
#4465 = AXIS2_PLACEMENT_3D ( 'NONE', #3026, #5094, #1083 ) ;
#4466 = CARTESIAN_POINT ( 'NONE',  ( -1.920000000000000373, 1.149999999999999911, 1.350000000000000755 ) ) ;
#4467 = CARTESIAN_POINT ( 'NONE',  ( -2.320000000000000284, 1.069999999999999840, -1.020000000000000018 ) ) ;
#4468 = CARTESIAN_POINT ( 'NONE',  ( 2.399999999999999911, 0.000000000000000000, 0.7499999999999995559 ) ) ;
#4469 = DIRECTION ( 'NONE',  ( 0.000000000000000000, 0.000000000000000000, 1.000000000000000000 ) ) ;
#4470 = AXIS2_PLACEMENT_3D ( 'NONE', #894, #5563, #3440 ) ;
#4471 = CIRCLE ( 'NONE', #1781, 0.1499999999999999667 ) ;
#4472 = VERTEX_POINT ( 'NONE', #4925 ) ;
#4473 = VERTEX_POINT ( 'NONE', #2338 ) ;
#4474 = VECTOR ( 'NONE', #121, 1000.000000000000000 ) ;
#4475 = DIRECTION ( 'NONE',  ( 0.000000000000000000, 0.000000000000000000, -1.000000000000000000 ) ) ;
#4476 = CARTESIAN_POINT ( 'NONE',  ( -2.172835227157026594, 1.000000000000000000, 1.428095699438949762 ) ) ;
#4477 = DIRECTION ( 'NONE',  ( 0.7071067811865511255, -0.000000000000000000, 0.7071067811865440200 ) ) ;
#4478 = FACE_OUTER_BOUND ( 'NONE', #1036, .T. ) ;
#4479 = FACE_OUTER_BOUND ( 'NONE', #5379, .T. ) ;
#4480 = DIRECTION ( 'NONE',  ( -1.000000000000000000, 0.000000000000000000, 2.710505431213760099E-16 ) ) ;
#4481 = DIRECTION ( 'NONE',  ( 3.252606517456513302E-16, 0.000000000000000000, 1.000000000000000000 ) ) ;
#4482 = AXIS2_PLACEMENT_3D ( 'NONE', #1687, #5808, #1966 ) ;
#4483 = DIRECTION ( 'NONE',  ( -1.000000000000000000, 0.000000000000000000, 0.000000000000000000 ) ) ;
#4484 = VERTEX_POINT ( 'NONE', #5514 ) ;
#4485 = CARTESIAN_POINT ( 'NONE',  ( -2.499999999999999556, 0.000000000000000000, -0.5499999999999992673 ) ) ;
#4486 = EDGE_LOOP ( 'NONE', ( #475, #55, #4390, #2443 ) ) ;
#4487 = VECTOR ( 'NONE', #5593, 1000.000000000000000 ) ;
#4488 = EDGE_CURVE ( 'NONE', #834, #4443, #826, .T. ) ;
#4489 = CARTESIAN_POINT ( 'NONE',  ( 2.024719755119659848, 1.070000000000000062, 1.420000000000000595 ) ) ;
#4490 = VECTOR ( 'NONE', #900, 1000.000000000000000 ) ;
#4491 = CARTESIAN_POINT ( 'NONE',  ( -2.499999999999999556, 1.300000000000000044, -1.399999999999999467 ) ) ;
#4492 = DIRECTION ( 'NONE',  ( 0.000000000000000000, 1.000000000000000000, 0.000000000000000000 ) ) ;
#4493 = ORIENTED_EDGE ( 'NONE', *, *, #5604, .F. ) ;
#4494 = DIRECTION ( 'NONE',  ( -1.000000000000000000, 0.000000000000000000, 0.000000000000000000 ) ) ;
#4495 = EDGE_LOOP ( 'NONE', ( #103, #855, #6672, #2681 ) ) ;
#4496 =( NAMED_UNIT ( * ) SI_UNIT ( $, .STERADIAN. ) SOLID_ANGLE_UNIT ( ) );
#4497 = ORIENTED_EDGE ( 'NONE', *, *, #3427, .F. ) ;
#4498 = VECTOR ( 'NONE', #1013, 1000.000000000000000 ) ;
#4499 = DIRECTION ( 'NONE',  ( 1.000000000000000000, 0.000000000000000000, 0.000000000000000000 ) ) ;
#4500 = FACE_OUTER_BOUND ( 'NONE', #3805, .T. ) ;
#4501 = CYLINDRICAL_SURFACE ( 'NONE', #234, 0.2000000000000003164 ) ;
#4502 = EDGE_CURVE ( 'NONE', #3118, #3175, #2995, .T. ) ;
#4503 = EDGE_LOOP ( 'NONE', ( #6165, #1618, #5947, #3839 ) ) ;
#4504 = ADVANCED_FACE ( 'NONE', ( #852 ), #1372, .T. ) ;
#4505 = CARTESIAN_POINT ( 'NONE',  ( -2.499999999999999556, 0.2500000000000001110, 0.5499999999999983791 ) ) ;
#4506 = EDGE_LOOP ( 'NONE', ( #4845, #385, #332, #297 ) ) ;
#4507 = DIRECTION ( 'NONE',  ( 2.168404344971008868E-16, 0.000000000000000000, 1.000000000000000000 ) ) ;
#4508 = VECTOR ( 'NONE', #5976, 1000.000000000000000 ) ;
#4509 = CARTESIAN_POINT ( 'NONE',  ( 1.870000000000000773, -1.562049935181331506, 0.5999999999999992006 ) ) ;
#4510 = DIRECTION ( 'NONE',  ( -1.000000000000000000, 0.000000000000000000, 1.129377263005733621E-16 ) ) ;
#4511 = CARTESIAN_POINT ( 'NONE',  ( -2.200325056072265806, 1.000000000000000000, -1.409853557144663760 ) ) ;
#4512 = LINE ( 'NONE', #3550, #6591 ) ;
#4513 = ORIENTED_EDGE ( 'NONE', *, *, #3863, .F. ) ;
#4514 = ORIENTED_EDGE ( 'NONE', *, *, #2911, .T. ) ;
#4515 = ORIENTED_EDGE ( 'NONE', *, *, #5224, .T. ) ;
#4516 = AXIS2_PLACEMENT_3D ( 'NONE', #4844, #1902, #6669 ) ;
#4517 = FACE_OUTER_BOUND ( 'NONE', #629, .T. ) ;
#4518 = ADVANCED_FACE ( 'NONE', ( #5103 ), #3953, .F. ) ;
#4519 = DIRECTION ( 'NONE',  ( -7.589415207398531038E-16, 0.000000000000000000, -1.000000000000000000 ) ) ;
#4520 = CARTESIAN_POINT ( 'NONE',  ( -2.300000000000000266, 0.8500000000000000888, 0.4499999999999987343 ) ) ;
#4521 = DIRECTION ( 'NONE',  ( 0.000000000000000000, 0.000000000000000000, 1.000000000000000000 ) ) ;
#4522 = CARTESIAN_POINT ( 'NONE',  ( 2.399999999999999911, 0.000000000000000000, -0.5499999999999988232 ) ) ;
#4523 = CARTESIAN_POINT ( 'NONE',  ( 0.6700000000000007061, 0.5000000000000000000, 0.5999999999999995337 ) ) ;
#4524 = CARTESIAN_POINT ( 'NONE',  ( -2.319999999999999840, 0.9999999999999998890, -1.020000000000000240 ) ) ;
#4525 = VERTEX_POINT ( 'NONE', #4450 ) ;
#4526 = DIRECTION ( 'NONE',  ( 0.000000000000000000, 0.000000000000000000, 1.000000000000000000 ) ) ;
#4527 = ORIENTED_EDGE ( 'NONE', *, *, #230, .F. ) ;
#4528 = FACE_OUTER_BOUND ( 'NONE', #3014, .T. ) ;
#4529 = ORIENTED_EDGE ( 'NONE', *, *, #1214, .T. ) ;
#4530 = FACE_OUTER_BOUND ( 'NONE', #267, .T. ) ;
#4531 = DIRECTION ( 'NONE',  ( 1.000000000000000000, -0.000000000000000000, 1.807003620809174632E-16 ) ) ;
#4532 = LINE ( 'NONE', #167, #4381 ) ;
#4533 = FACE_OUTER_BOUND ( 'NONE', #2166, .T. ) ;
#4534 = CARTESIAN_POINT ( 'NONE',  ( 1.919999999999999929, 0.9999999999999996669, -1.420000000000000373 ) ) ;
#4535 = DIRECTION ( 'NONE',  ( -1.000000000000000000, 0.000000000000000000, 0.000000000000000000 ) ) ;
#4536 = VERTEX_POINT ( 'NONE', #1719 ) ;
#4537 = PLANE ( 'NONE',  #2709 ) ;
#4538 = DIRECTION ( 'NONE',  ( 0.000000000000000000, 0.000000000000000000, -1.000000000000000000 ) ) ;
#4539 = CLOSED_SHELL ( 'NONE', ( #4625, #2219, #2968, #4428, #3363, #5059, #3688, #3192, #5568, #5298 ) ) ;
#4540 = VECTOR ( 'NONE', #331, 1000.000000000000000 ) ;
#4541 = CARTESIAN_POINT ( 'NONE',  ( -2.399999999999999911, 1.000000000000000000, 0.5499999999999992673 ) ) ;
#4542 = CIRCLE ( 'NONE', #5693, 0.06000000000000015737 ) ;
#4543 = VECTOR ( 'NONE', #2266, 1000.000000000000000 ) ;
#4544 = EDGE_CURVE ( 'NONE', #1968, #5726, #703, .T. ) ;
#4545 = ORIENTED_EDGE ( 'NONE', *, *, #35, .T. ) ;
#4546 = EDGE_LOOP ( 'NONE', ( #2361, #6116, #6194, #2007 ) ) ;
#4547 = DIRECTION ( 'NONE',  ( 0.000000000000000000, 0.000000000000000000, 1.000000000000000000 ) ) ;
#4548 = ORIENTED_EDGE ( 'NONE', *, *, #6405, .T. ) ;
#4549 = FACE_OUTER_BOUND ( 'NONE', #5392, .T. ) ;
#4550 = AXIS2_PLACEMENT_3D ( 'NONE', #2293, #5516, #3216 ) ;
#4551 = CARTESIAN_POINT ( 'NONE',  ( -1.920000000000000373, 8.040147056835873940, 1.020000000000000462 ) ) ;
#4552 = CARTESIAN_POINT ( 'NONE',  ( 1.559999999999999831, 1.000000000000000000, 1.599999999999999867 ) ) ;
#4553 = DIRECTION ( 'NONE',  ( 1.000000000000000000, 0.000000000000000000, 7.589415207398531038E-16 ) ) ;
#4554 = CIRCLE ( 'NONE', #897, 0.09999999999999971412 ) ;
#4555 = EDGE_CURVE ( 'NONE', #6013, #5367, #5114, .T. ) ;
#4556 = VERTEX_POINT ( 'NONE', #377 ) ;
#4557 = ADVANCED_FACE ( 'NONE', ( #5416 ), #2907, .F. ) ;
#4558 = EDGE_CURVE ( 'NONE', #6254, #2334, #5162, .T. ) ;
#4559 = ORIENTED_EDGE ( 'NONE', *, *, #1727, .T. ) ;
#4560 = CARTESIAN_POINT ( 'NONE',  ( 1.870000000000001217, 0.5000000000000000000, 1.599999999999999201 ) ) ;
#4561 = LINE ( 'NONE', #3575, #2143 ) ;
#4562 = CARTESIAN_POINT ( 'NONE',  ( -2.499999999999999556, 1.000000000000000000, -1.600000000000000311 ) ) ;
#4563 = CARTESIAN_POINT ( 'NONE',  ( 1.920000000000000373, 1.149999999999999911, -1.350000000000000089 ) ) ;
#4564 = AXIS2_PLACEMENT_3D ( 'NONE', #697, #2787, #1220 ) ;
#4565 = PLANE ( 'NONE',  #3147 ) ;
#4566 = DIRECTION ( 'NONE',  ( 0.000000000000000000, 1.000000000000000000, 0.000000000000000000 ) ) ;
#4567 = FACE_OUTER_BOUND ( 'NONE', #1043, .T. ) ;
#4568 = VECTOR ( 'NONE', #3358, 1000.000000000000000 ) ;
#4569 = DIRECTION ( 'NONE',  ( -0.000000000000000000, 1.000000000000000000, 0.000000000000000000 ) ) ;
#4570 = CARTESIAN_POINT ( 'NONE',  ( -2.250000000000000000, 1.149999999999999911, 1.020000000000000240 ) ) ;
#4571 = CARTESIAN_POINT ( 'NONE',  ( -1.660000000000000586, 0.5000000000000000000, -1.599999999999999645 ) ) ;
#4572 = VERTEX_POINT ( 'NONE', #784 ) ;
#4573 = CARTESIAN_POINT ( 'NONE',  ( -1.559999999999999831, 0.5000000000000000000, 1.499999999999999778 ) ) ;
#4574 = ORIENTED_EDGE ( 'NONE', *, *, #1413, .T. ) ;
#4575 = VECTOR ( 'NONE', #3281, 1000.000000000000000 ) ;
#4576 = ADVANCED_FACE ( 'NONE', ( #767 ), #3346, .T. ) ;
#4577 = CARTESIAN_POINT ( 'NONE',  ( 2.299999999999998490, 0.8500000000000000888, -0.4499999999999989564 ) ) ;
#4578 = CIRCLE ( 'NONE', #3423, 0.04999999999999991257 ) ;
#4579 = VECTOR ( 'NONE', #1683, 1000.000000000000000 ) ;
#4580 =( BOUNDED_SURFACE ( )  B_SPLINE_SURFACE ( 2, 3, ( 
 ( #2954, #6069, #6113, #3588 ),
 ( #2512, #2564, #6539, #4534 ),
 ( #3509, #2185, #1995, #3913 ) ),
 .UNSPECIFIED., .F., .F., .F. ) 
 B_SPLINE_SURFACE_WITH_KNOTS ( ( 3, 3 ),
 ( 4, 4 ),
 ( 0.000000000000000000, 1.000000000000000000 ),
 ( 0.000000000000000000, 0.003840000000000000965 ),
 .UNSPECIFIED. ) 
 GEOMETRIC_REPRESENTATION_ITEM ( )  RATIONAL_B_SPLINE_SURFACE ( (
 ( 1.000000000000000000, 1.000000000000000000, 1.000000000000000000, 1.000000000000000000),
 ( 0.7071067811865475727, 0.7071067811865475727, 0.7071067811865475727, 0.7071067811865475727),
 ( 1.000000000000000000, 1.000000000000000000, 1.000000000000000000, 1.000000000000000000) ) ) 
 REPRESENTATION_ITEM ( '' )  SURFACE ( )  );
#4581 = CARTESIAN_POINT ( 'NONE',  ( 2.299999999999998490, 0.8500000000000000888, -0.4499999999999989564 ) ) ;
#4582 = ORIENTED_EDGE ( 'NONE', *, *, #1417, .F. ) ;
#4583 = PLANE ( 'NONE',  #5038 ) ;
#4584 = EDGE_LOOP ( 'NONE', ( #3887, #3209, #3229, #3980, #3859, #1930 ) ) ;
#4585 = FACE_OUTER_BOUND ( 'NONE', #3698, .T. ) ;
#4586 = EDGE_CURVE ( 'NONE', #5786, #3074, #5176, .T. ) ;
#4587 = CARTESIAN_POINT ( 'NONE',  ( -2.499999999999999556, 1.000000000000000000, 1.599999999999999867 ) ) ;
#4588 = VECTOR ( 'NONE', #5439, 1000.000000000000000 ) ;
#4589 = EDGE_LOOP ( 'NONE', ( #4887, #207, #6349, #219 ) ) ;
#4590 = PLANE ( 'NONE',  #4470 ) ;
#4591 = ORIENTED_EDGE ( 'NONE', *, *, #286, .T. ) ;
#4592 = CARTESIAN_POINT ( 'NONE',  ( 2.399999999999999911, 0.8500000000000000888, 0.7499999999999995559 ) ) ;
#4593 = CYLINDRICAL_SURFACE ( 'NONE', #3820, 0.05999999999999994227 ) ;
#4594 = DIRECTION ( 'NONE',  ( -0.000000000000000000, -1.000000000000000000, -0.000000000000000000 ) ) ;
#4595 = EDGE_CURVE ( 'NONE', #5210, #1100, #745, .T. ) ;
#4596 = CARTESIAN_POINT ( 'NONE',  ( 2.399999999999999911, 1.000000000000000000, -1.600000000000000311 ) ) ;
#4597 = CARTESIAN_POINT ( 'NONE',  ( -2.500000000000000444, 0.8500000000000000888, 0.4499999999999987899 ) ) ;
#4598 = AXIS2_PLACEMENT_3D ( 'NONE', #2688, #6280, #2644 ) ;
#4599 = CYLINDRICAL_SURFACE ( 'NONE', #2953, 0.06000000000000015737 ) ;
#4600 = VERTEX_POINT ( 'NONE', #3052 ) ;
#4601 = EDGE_LOOP ( 'NONE', ( #6176, #4351, #6530, #1758, #3881, #6099, #4621, #2042 ) ) ;
#4602 = CARTESIAN_POINT ( 'NONE',  ( 2.500000000000000444, 1.000000000000000000, 0.8499999999999989786 ) ) ;
#4603 = LINE ( 'NONE', #5311, #199 ) ;
#4604 = PLANE ( 'NONE',  #2873 ) ;
#4605 = DIRECTION ( 'NONE',  ( -0.000000000000000000, -0.000000000000000000, -1.000000000000000000 ) ) ;
#4606 = DIRECTION ( 'NONE',  ( -1.000000000000000000, 0.000000000000000000, 0.000000000000000000 ) ) ;
#4607 = EDGE_CURVE ( 'NONE', #5659, #1446, #2944, .T. ) ;
#4608 = VECTOR ( 'NONE', #3071, 1000.000000000000000 ) ;
#4609 = LINE ( 'NONE', #6450, #4568 ) ;
#4610 = CARTESIAN_POINT ( 'NONE',  ( -2.399999999999999911, 1.000000000000000000, 0.7500000000000000000 ) ) ;
#4611 = ORIENTED_EDGE ( 'NONE', *, *, #1275, .T. ) ;
#4612 = DIRECTION ( 'NONE',  ( 1.000000000000000000, 0.000000000000000000, -0.000000000000000000 ) ) ;
#4613 = ADVANCED_FACE ( 'NONE', ( #5212 ), #1474, .F. ) ;
#4614 = ORIENTED_EDGE ( 'NONE', *, *, #3947, .T. ) ;
#4615 = VECTOR ( 'NONE', #4251, 1000.000000000000000 ) ;
#4616 = AXIS2_PLACEMENT_3D ( 'NONE', #562, #4249, #3591 ) ;
#4617 = CARTESIAN_POINT ( 'NONE',  ( -2.499999999999999556, 1.000000000000000000, 0.5499999999999992673 ) ) ;
#4618 = AXIS2_PLACEMENT_3D ( 'NONE', #316, #1187, #1700 ) ;
#4619 = FACE_OUTER_BOUND ( 'NONE', #2725, .T. ) ;
#4620 = VECTOR ( 'NONE', #4008, 1000.000000000000000 ) ;
#4621 = ORIENTED_EDGE ( 'NONE', *, *, #4689, .T. ) ;
#4622 = CARTESIAN_POINT ( 'NONE',  ( 2.499999999999999556, 1.300000000000000044, 0.7499999999999991118 ) ) ;
#4623 = EDGE_LOOP ( 'NONE', ( #1771, #2289, #4171, #2146, #2592, #4668, #4764, #2421, #375 ) ) ;
#4624 = EDGE_CURVE ( 'NONE', #5551, #1836, #2980, .T. ) ;
#4625 = ADVANCED_FACE ( 'NONE', ( #4051 ), #1831, .F. ) ;
#4626 = CARTESIAN_POINT ( 'NONE',  ( -2.320000000000000284, 1.069999999999999840, 1.125013845558522352 ) ) ;
#4627 = LINE ( 'NONE', #5993, #4661 ) ;
#4628 = VECTOR ( 'NONE', #5605, 1000.000000000000000 ) ;
#4629 = AXIS2_PLACEMENT_3D ( 'NONE', #1730, #2180, #4244 ) ;
#4630 = ORIENTED_EDGE ( 'NONE', *, *, #2789, .T. ) ;
#4631 = CARTESIAN_POINT ( 'NONE',  ( -0.9799999999999999822, -1.562049935181331506, 1.599999999999999867 ) ) ;
#4632 = EDGE_LOOP ( 'NONE', ( #4493, #888, #1920, #1551 ) ) ;
#4633 = CARTESIAN_POINT ( 'NONE',  ( 1.559999999999999831, 0.5000000000000000000, -1.599999999999999867 ) ) ;
#4634 = CIRCLE ( 'NONE', #1149, 0.1000000000000004774 ) ;
#4635 = DIRECTION ( 'NONE',  ( -2.168404344971008868E-16, 0.000000000000000000, 1.000000000000000000 ) ) ;
#4636 = CARTESIAN_POINT ( 'NONE',  ( 0.6700000000000007061, 0.5000000000000000000, 0.5999999999999995337 ) ) ;
#4637 = DIRECTION ( 'NONE',  ( 1.495451272393800824E-15, 0.000000000000000000, 1.000000000000000000 ) ) ;
#4638 = EDGE_CURVE ( 'NONE', #3402, #777, #1872, .T. ) ;
#4639 = FACE_OUTER_BOUND ( 'NONE', #4057, .T. ) ;
#4640 = LINE ( 'NONE', #5854, #2465 ) ;
#4641 = ORIENTED_EDGE ( 'NONE', *, *, #3015, .F. ) ;
#4642 = AXIS2_PLACEMENT_3D ( 'NONE', #564, #1099, #1557 ) ;
#4643 = ORIENTED_EDGE ( 'NONE', *, *, #5447, .F. ) ;
#4644 = CYLINDRICAL_SURFACE ( 'NONE', #2655, 0.4000000000000001887 ) ;
#4645 = CARTESIAN_POINT ( 'NONE',  ( 2.399999999999999911, 1.300000000000000044, 0.7499999999999995559 ) ) ;
#4646 = PLANE ( 'NONE',  #1989 ) ;
#4647 = CARTESIAN_POINT ( 'NONE',  ( -2.399999999999999911, 1.300000000000000044, 0.7500000000000000000 ) ) ;
#4648 = LINE ( 'NONE', #1526, #204 ) ;
#4649 = CYLINDRICAL_SURFACE ( 'NONE', #3968, 0.09999999999999982514 ) ;
#4650 = FILL_AREA_STYLE_COLOUR ( '', #591 ) ;
#4651 = EDGE_CURVE ( 'NONE', #5036, #114, #1970, .T. ) ;
#4652 = DIRECTION ( 'NONE',  ( -0.000000000000000000, 1.000000000000000000, 0.000000000000000000 ) ) ;
#4653 = CARTESIAN_POINT ( 'NONE',  ( 2.499999999999998668, 0.2500000000000000555, -0.8499999999999989786 ) ) ;
#4654 = PLANE ( 'NONE',  #1458 ) ;
#4655 = ORIENTED_EDGE ( 'NONE', *, *, #3696, .F. ) ;
#4656 = CARTESIAN_POINT ( 'NONE',  ( 0.6700000000000014833, 0.000000000000000000, -1.599999999999999423 ) ) ;
#4657 = EDGE_LOOP ( 'NONE', ( #3328, #335, #1037, #5744 ) ) ;
#4658 = VERTEX_POINT ( 'NONE', #5117 ) ;
#4659 = VECTOR ( 'NONE', #2269, 1000.000000000000000 ) ;
#4660 = DIRECTION ( 'NONE',  ( -0.000000000000000000, 1.000000000000000000, -0.000000000000000000 ) ) ;
#4661 = VECTOR ( 'NONE', #5398, 1000.000000000000000 ) ;
#4662 = FACE_OUTER_BOUND ( 'NONE', #6029, .T. ) ;
#4663 = DIRECTION ( 'NONE',  ( -0.000000000000000000, -1.000000000000000000, -0.000000000000000000 ) ) ;
#4664 = EDGE_CURVE ( 'NONE', #2827, #3369, #6465, .T. ) ;
#4665 = ORIENTED_EDGE ( 'NONE', *, *, #5234, .T. ) ;
#4666 = DIRECTION ( 'NONE',  ( 0.000000000000000000, 1.000000000000000000, 0.000000000000000000 ) ) ;
#4667 = ADVANCED_FACE ( 'NONE', ( #6453 ), #4709, .F. ) ;
#4668 = ORIENTED_EDGE ( 'NONE', *, *, #5002, .T. ) ;
#4669 = CARTESIAN_POINT ( 'NONE',  ( 1.920000000000000373, 1.100000000000000311, -1.020000000000000018 ) ) ;
#4670 = ORIENTED_EDGE ( 'NONE', *, *, #1517, .T. ) ;
#4671 = VECTOR ( 'NONE', #1439, 1000.000000000000000 ) ;
#4672 = CARTESIAN_POINT ( 'NONE',  ( -1.559999999999999831, 1.300000000000000044, -1.499999999999999778 ) ) ;
#4673 = VERTEX_POINT ( 'NONE', #3996 ) ;
#4674 = EDGE_CURVE ( 'NONE', #30, #3386, #6300, .T. ) ;
#4675 = CARTESIAN_POINT ( 'NONE',  ( -1.920000000000000373, 1.149999999999999911, 1.370000000000000551 ) ) ;
#4676 = ORIENTED_EDGE ( 'NONE', *, *, #6093, .T. ) ;
#4677 = CARTESIAN_POINT ( 'NONE',  ( -2.499999999999999556, 1.000000000000000000, -1.600000000000000311 ) ) ;
#4678 = VECTOR ( 'NONE', #260, 1000.000000000000000 ) ;
#4679 = AXIS2_PLACEMENT_3D ( 'NONE', #4228, #5201, #594 ) ;
#4680 = ADVANCED_FACE ( 'NONE', ( #1998 ), #120, .F. ) ;
#4681 = DIRECTION ( 'NONE',  ( -0.000000000000000000, -1.000000000000000000, -0.000000000000000000 ) ) ;
#4682 = CARTESIAN_POINT ( 'NONE',  ( 2.270000000000000462, 1.149999999999999911, -1.020000000000000018 ) ) ;
#4683 = DIRECTION ( 'NONE',  ( 1.000000000000000000, 0.000000000000000000, -0.000000000000000000 ) ) ;
#4684 = DIRECTION ( 'NONE',  ( 1.000000000000000000, -0.000000000000000000, 0.000000000000000000 ) ) ;
#4685 = LINE ( 'NONE', #1285, #2483 ) ;
#4686 = VERTEX_POINT ( 'NONE', #4581 ) ;
#4687 = EDGE_LOOP ( 'NONE', ( #923, #608, #788, #2280, #931, #4515, #5301, #2928 ) ) ;
#4688 = VERTEX_POINT ( 'NONE', #512 ) ;
#4689 = EDGE_CURVE ( 'NONE', #4148, #3651, #6289, .T. ) ;
#4690 = PLANE ( 'NONE',  #555 ) ;
#4691 = CARTESIAN_POINT ( 'NONE',  ( -1.920000000000000373, 1.239999999999999769, -1.020000000000000240 ) ) ;
#4692 = PLANE ( 'NONE',  #4342 ) ;
#4693 = EDGE_CURVE ( 'NONE', #5277, #1428, #4761, .T. ) ;
#4694 = VECTOR ( 'NONE', #1242, 1000.000000000000000 ) ;
#4695 = CIRCLE ( 'NONE', #3135, 0.04999999999999991257 ) ;
#4696 = CARTESIAN_POINT ( 'NONE',  ( -2.300000000000000266, 0.2500000000000001110, 0.4499999999999987343 ) ) ;
#4697 = CARTESIAN_POINT ( 'NONE',  ( -2.320000000000000728, 0.9999999999999996669, 1.020000000000000462 ) ) ;
#4698 = AXIS2_PLACEMENT_3D ( 'NONE', #6301, #466, #4044 ) ;
#4699 = ORIENTED_EDGE ( 'NONE', *, *, #4205, .F. ) ;
#4700 = CARTESIAN_POINT ( 'NONE',  ( -2.500000000000000444, 0.8500000000000000888, 0.4499999999999987899 ) ) ;
#4701 = VERTEX_POINT ( 'NONE', #3590 ) ;
#4702 = ORIENTED_EDGE ( 'NONE', *, *, #4360, .T. ) ;
#4703 = LINE ( 'NONE', #4466, #4717 ) ;
#4704 = AXIS2_PLACEMENT_3D ( 'NONE', #3803, #4310, #1355 ) ;
#4705 = MANIFOLD_SOLID_BREP ( 'Boss-Extrude6[1]', #1348 ) ;
#4706 = FACE_OUTER_BOUND ( 'NONE', #4657, .T. ) ;
#4707 = FACE_OUTER_BOUND ( 'NONE', #5402, .T. ) ;
#4708 =( NAMED_UNIT ( * ) PLANE_ANGLE_UNIT ( ) SI_UNIT ( $, .RADIAN. ) );
#4709 = PLANE ( 'NONE',  #5056 ) ;
#4710 = EDGE_LOOP ( 'NONE', ( #1178, #1154, #5647, #5472 ) ) ;
#4711 = CARTESIAN_POINT ( 'NONE',  ( -1.870000000000000329, 0.000000000000000000, 0.5999999999999996447 ) ) ;
#4712 = ORIENTED_EDGE ( 'NONE', *, *, #1457, .T. ) ;
#4713 = EDGE_CURVE ( 'NONE', #938, #6124, #4089, .T. ) ;
#4714 = CARTESIAN_POINT ( 'NONE',  ( -0.6700000000000005951, 0.000000000000000000, 1.599999999999999645 ) ) ;
#4715 = DIRECTION ( 'NONE',  ( -0.000000000000000000, 1.000000000000000000, 0.000000000000000000 ) ) ;
#4716 = ORIENTED_EDGE ( 'NONE', *, *, #4713, .T. ) ;
#4717 = VECTOR ( 'NONE', #4060, 1000.000000000000000 ) ;
#4718 = DIRECTION ( 'NONE',  ( -1.000000000000000000, 0.000000000000000000, 1.129377263005733621E-16 ) ) ;
#4719 = AXIS2_PLACEMENT_3D ( 'NONE', #6019, #6587, #6385 ) ;
#4720 = LINE ( 'NONE', #1720, #4734 ) ;
#4721 = LINE ( 'NONE', #5736, #261 ) ;
#4722 = AXIS2_PLACEMENT_3D ( 'NONE', #2313, #6508, #2835 ) ;
#4723 = ORIENTED_EDGE ( 'NONE', *, *, #6163, .F. ) ;
#4724 = ADVANCED_FACE ( 'NONE', ( #4153 ), #4076, .F. ) ;
#4725 = ORIENTED_EDGE ( 'NONE', *, *, #6414, .T. ) ;
#4726 = ORIENTED_EDGE ( 'NONE', *, *, #3962, .T. ) ;
#4727 = EDGE_CURVE ( 'NONE', #781, #6661, #6534, .T. ) ;
#4728 = DIRECTION ( 'NONE',  ( 0.000000000000000000, 0.000000000000000000, 1.000000000000000000 ) ) ;
#4729 = LINE ( 'NONE', #5807, #4615 ) ;
#4730 = DIRECTION ( 'NONE',  ( 0.000000000000000000, -1.000000000000000000, 0.000000000000000000 ) ) ;
#4731 = FILL_AREA_STYLE_COLOUR ( '', #371 ) ;
#4732 =( LENGTH_UNIT ( ) NAMED_UNIT ( * ) SI_UNIT ( .MILLI., .METRE. ) );
#4733 =( NAMED_UNIT ( * ) PLANE_ANGLE_UNIT ( ) SI_UNIT ( $, .RADIAN. ) );
#4734 = VECTOR ( 'NONE', #1121, 1000.000000000000000 ) ;
#4735 = FACE_OUTER_BOUND ( 'NONE', #4751, .T. ) ;
#4736 = ORIENTED_EDGE ( 'NONE', *, *, #3678, .T. ) ;
#4737 = ORIENTED_EDGE ( 'NONE', *, *, #858, .F. ) ;
#4738 = ORIENTED_EDGE ( 'NONE', *, *, #5209, .T. ) ;
#4739 = DIRECTION ( 'NONE',  ( -0.000000000000000000, 1.000000000000000000, -0.000000000000000000 ) ) ;
#4740 = ADVANCED_FACE ( 'NONE', ( #2072 ), #1731, .F. ) ;
#4741 = EDGE_CURVE ( 'NONE', #2025, #4688, #6355, .T. ) ;
#4742 = DIRECTION ( 'NONE',  ( 1.000000000000000000, 0.000000000000000000, 0.000000000000000000 ) ) ;
#4743 = CARTESIAN_POINT ( 'NONE',  ( -0.6700000000000005951, -1.562049935181331506, -1.599999999999999645 ) ) ;
#4744 = CARTESIAN_POINT ( 'NONE',  ( -1.870000000000000551, -1.562049935181331506, 1.599999999999999645 ) ) ;
#4745 = VECTOR ( 'NONE', #5656, 1000.000000000000000 ) ;
#4746 = FACE_OUTER_BOUND ( 'NONE', #2270, .T. ) ;
#4747 = DIRECTION ( 'NONE',  ( 0.000000000000000000, 1.000000000000000000, 0.000000000000000000 ) ) ;
#4748 = CARTESIAN_POINT ( 'NONE',  ( 2.499999999999999556, 1.300000000000000044, 0.5499999999999988232 ) ) ;
#4749 = VERTEX_POINT ( 'NONE', #4811 ) ;
#4750 = PLANE ( 'NONE',  #3752 ) ;
#4751 = EDGE_LOOP ( 'NONE', ( #5587, #1738, #5395, #940, #5519, #5602, #969, #1282 ) ) ;
#4752 = ORIENTED_EDGE ( 'NONE', *, *, #210, .T. ) ;
#4753 = FACE_OUTER_BOUND ( 'NONE', #2036, .T. ) ;
#4754 = AXIS2_PLACEMENT_3D ( 'NONE', #5701, #6172, #2157 ) ;
#4755 = EDGE_CURVE ( 'NONE', #4989, #3254, #6328, .T. ) ;
#4756 = CARTESIAN_POINT ( 'NONE',  ( -2.024719755119660292, 1.069999999999999840, 1.420000000000000595 ) ) ;
#4757 = FACE_OUTER_BOUND ( 'NONE', #4601, .T. ) ;
#4758 = AXIS2_PLACEMENT_3D ( 'NONE', #3932, #4469, #6408 ) ;
#4759 = FACE_OUTER_BOUND ( 'NONE', #908, .T. ) ;
#4760 = CARTESIAN_POINT ( 'NONE',  ( -0.9800000000000004263, 1.300000000000000044, 1.499999999999998890 ) ) ;
#4761 =( BOUNDED_CURVE ( )  B_SPLINE_CURVE ( 2, ( #609, #2048, #2565 ),
 .UNSPECIFIED., .F., .F. ) 
 B_SPLINE_CURVE_WITH_KNOTS ( ( 3, 3 ),
 ( 0.000000000000000000, 1.000000000000000000 ),
 .UNSPECIFIED. ) 
 CURVE ( )  GEOMETRIC_REPRESENTATION_ITEM ( )  RATIONAL_B_SPLINE_CURVE ( ( 1.000000000000000000, 0.7071067811865475727, 1.000000000000000000 ) ) 
 REPRESENTATION_ITEM ( '' )  );
#4762 = DIRECTION ( 'NONE',  ( -1.000000000000000000, 0.000000000000000000, -2.710505431213761085E-16 ) ) ;
#4763 = APPLICATION_CONTEXT ( 'automotive_design' ) ;
#4764 = ORIENTED_EDGE ( 'NONE', *, *, #5406, .T. ) ;
#4765 = PLANE ( 'NONE',  #39 ) ;
#4766 = DIRECTION ( 'NONE',  ( -1.000000000000000000, 0.000000000000000000, 0.000000000000000000 ) ) ;
#4767 = EDGE_LOOP ( 'NONE', ( #3391, #6221, #1605, #5295 ) ) ;
#4768 = DIRECTION ( 'NONE',  ( -0.000000000000000000, 1.000000000000000000, 0.000000000000000000 ) ) ;
#4769 = CARTESIAN_POINT ( 'NONE',  ( 1.920000000000000151, 1.000000000000000000, -1.500000000000000000 ) ) ;
#4770 = ORIENTED_EDGE ( 'NONE', *, *, #3834, .F. ) ;
#4771 = CIRCLE ( 'NONE', #2079, 0.3299999999999999045 ) ;
#4772 = DIRECTION ( 'NONE',  ( 0.000000000000000000, 0.000000000000000000, -1.000000000000000000 ) ) ;
#4773 = CARTESIAN_POINT ( 'NONE',  ( 1.920000000000000151, 0.9999999999999997780, 1.500000000000000444 ) ) ;
#4774 = EDGE_CURVE ( 'NONE', #4939, #2134, #4240, .T. ) ;
#4775 = LINE ( 'NONE', #347, #4628 ) ;
#4776 = AXIS2_PLACEMENT_3D ( 'NONE', #1501, #6143, #5755 ) ;
#4777 = ORIENTED_EDGE ( 'NONE', *, *, #4172, .T. ) ;
#4778 = ORIENTED_EDGE ( 'NONE', *, *, #655, .T. ) ;
#4779 = DIRECTION ( 'NONE',  ( -1.000000000000000000, -0.000000000000000000, 9.035018104045869462E-17 ) ) ;
#4780 = CARTESIAN_POINT ( 'NONE',  ( -2.399999999999999911, 0.000000000000000000, 0.5499999999999992673 ) ) ;
#4781 = CARTESIAN_POINT ( 'NONE',  ( -1.920000000000000373, -4.290147056835873940, -1.349999999999999645 ) ) ;
#4782 = DIRECTION ( 'NONE',  ( -1.000000000000000000, 0.000000000000000000, 0.000000000000000000 ) ) ;
#4783 = CARTESIAN_POINT ( 'NONE',  ( 2.300000000000000266, 0.8500000000000000888, 0.8499999999999989786 ) ) ;
#4784 = DIRECTION ( 'NONE',  ( 0.000000000000000000, 0.000000000000000000, 1.000000000000000000 ) ) ;
#4785 = VECTOR ( 'NONE', #849, 1000.000000000000000 ) ;
#4786 = FACE_OUTER_BOUND ( 'NONE', #2843, .T. ) ;
#4787 = ORIENTED_EDGE ( 'NONE', *, *, #3438, .T. ) ;
#4788 = ADVANCED_FACE ( 'NONE', ( #4101 ), #1265, .F. ) ;
#4789 = ORIENTED_EDGE ( 'NONE', *, *, #563, .T. ) ;
#4790 = CIRCLE ( 'NONE', #2318, 0.2699999999999998512 ) ;
#4791 = CARTESIAN_POINT ( 'NONE',  ( 2.499999999999997780, 0.8500000000000000888, -0.5499999999999988232 ) ) ;
#4792 = PLANE ( 'NONE',  #5850 ) ;
#4793 = MECHANICAL_DESIGN_GEOMETRIC_PRESENTATION_REPRESENTATION (  '', ( #2374 ), #2059 ) ;
#4794 = DIRECTION ( 'NONE',  ( 0.000000000000000000, 0.000000000000000000, -1.000000000000000000 ) ) ;
#4795 = CARTESIAN_POINT ( 'NONE',  ( -2.300000000000000266, 0.8500000000000000888, 0.8499999999999985345 ) ) ;
#4796 = LINE ( 'NONE', #624, #2450 ) ;
#4797 = VECTOR ( 'NONE', #1655, 1000.000000000000000 ) ;
#4798 = CARTESIAN_POINT ( 'NONE',  ( 2.128794663505312990, 1.070000000000000062, -1.376890761443924971 ) ) ;
#4799 = CARTESIAN_POINT ( 'NONE',  ( 1.870000000000000773, 0.5000000000000000000, 0.5999999999999992006 ) ) ;
#4800 = AXIS2_PLACEMENT_3D ( 'NONE', #51, #2123, #4222 ) ;
#4801 = CARTESIAN_POINT ( 'NONE',  ( 2.300000000000000266, 0.8500000000000000888, 0.4499999999999989564 ) ) ;
#4802 = EDGE_LOOP ( 'NONE', ( #4527, #6288, #159, #283 ) ) ;
#4803 = CARTESIAN_POINT ( 'NONE',  ( 0.9800000000000004263, 1.300000000000000044, -1.499999999999998890 ) ) ;
#4804 = EDGE_LOOP ( 'NONE', ( #6396, #2262, #6268, #4545 ) ) ;
#4805 = LINE ( 'NONE', #6585, #142 ) ;
#4806 = ADVANCED_FACE ( 'NONE', ( #4257 ), #2267, .F. ) ;
#4807 = EDGE_CURVE ( 'NONE', #5669, #765, #6344, .T. ) ;
#4808 = PRESENTATION_STYLE_ASSIGNMENT (( #4267 ) ) ;
#4809 = VECTOR ( 'NONE', #444, 1000.000000000000000 ) ;
#4810 = CARTESIAN_POINT ( 'NONE',  ( -0.9800000000000004263, 1.300000000000000044, -1.599999999999999867 ) ) ;
#4811 = CARTESIAN_POINT ( 'NONE',  ( -2.299999999999999378, 0.000000000000000000, 1.599999999999999867 ) ) ;
#4812 = ORIENTED_EDGE ( 'NONE', *, *, #6060, .F. ) ;
#4813 = AXIS2_PLACEMENT_3D ( 'NONE', #665, #3252, #2281 ) ;
#4814 = CARTESIAN_POINT ( 'NONE',  ( 0.000000000000000000, 0.5000000000000000000, 0.000000000000000000 ) ) ;
#4815 = DIRECTION ( 'NONE',  ( 0.000000000000000000, 1.000000000000000000, 0.000000000000000000 ) ) ;
#4816 = VERTEX_POINT ( 'NONE', #2226 ) ;
#4817 = DIRECTION ( 'NONE',  ( -0.000000000000000000, 1.000000000000000000, -0.000000000000000000 ) ) ;
#4818 = DIRECTION ( 'NONE',  ( 0.000000000000000000, 0.000000000000000000, 1.000000000000000000 ) ) ;
#4819 = VECTOR ( 'NONE', #1075, 1000.000000000000000 ) ;
#4820 = VECTOR ( 'NONE', #154, 1000.000000000000000 ) ;
#4821 = CYLINDRICAL_SURFACE ( 'NONE', #1293, 0.1000000000000009076 ) ;
#4822 = EDGE_CURVE ( 'NONE', #4174, #5924, #6271, .T. ) ;
#4823 = ORIENTED_EDGE ( 'NONE', *, *, #2647, .F. ) ;
#4824 = VERTEX_POINT ( 'NONE', #1772 ) ;
#4825 = CARTESIAN_POINT ( 'NONE',  ( 2.320000000000000284, 1.069999999999999840, 0.3400000000000003575 ) ) ;
#4826 = CARTESIAN_POINT ( 'NONE',  ( 2.320000000000000284, 1.069999999999999840, 1.020000000000000462 ) ) ;
#4827 = CIRCLE ( 'NONE', #2310, 0.1000000000000009076 ) ;
#4828 = DIRECTION ( 'NONE',  ( -0.000000000000000000, 1.000000000000000000, -0.000000000000000000 ) ) ;
#4829 = CARTESIAN_POINT ( 'NONE',  ( -2.400000000000000799, 1.000000000000000000, -1.020000000000000018 ) ) ;
#4830 = SURFACE_STYLE_USAGE ( .BOTH. , #4268 ) ;
#4831 = CARTESIAN_POINT ( 'NONE',  ( -1.870000000000000551, 0.5000000000000000000, 1.599999999999999645 ) ) ;
#4832 = CIRCLE ( 'NONE', #2234, 0.09999999999999982514 ) ;
#4833 = EDGE_CURVE ( 'NONE', #5367, #3569, #4189, .T. ) ;
#4834 = ORIENTED_EDGE ( 'NONE', *, *, #620, .T. ) ;
#4835 = ORIENTED_EDGE ( 'NONE', *, *, #3005, .T. ) ;
#4836 = CARTESIAN_POINT ( 'NONE',  ( -0.9800000000000004263, 1.000000000000000000, -1.499999999999998890 ) ) ;
#4837 = CARTESIAN_POINT ( 'NONE',  ( -1.660000000000000586, 1.000000000000000000, -1.600000000000000311 ) ) ;
#4838 = CARTESIAN_POINT ( 'NONE',  ( 0.000000000000000000, 0.5000000000000000000, 0.000000000000000000 ) ) ;
#4839 = VECTOR ( 'NONE', #3873, 1000.000000000000000 ) ;
#4840 = LINE ( 'NONE', #1186, #4797 ) ;
#4841 = PLANE ( 'NONE',  #4598 ) ;
#4842 = CARTESIAN_POINT ( 'NONE',  ( 2.399999999927658223, 0.9999999999999995559, 1.052004573575934909 ) ) ;
#4843 = PLANE ( 'NONE',  #358 ) ;
#4844 = CARTESIAN_POINT ( 'NONE',  ( 2.499999999999997780, 0.2500000000000001110, -0.7499999999999991118 ) ) ;
#4845 = ORIENTED_EDGE ( 'NONE', *, *, #2744, .T. ) ;
#4846 = ORIENTED_EDGE ( 'NONE', *, *, #315, .T. ) ;
#4847 = VECTOR ( 'NONE', #3526, 1000.000000000000000 ) ;
#4848 = PRESENTATION_STYLE_ASSIGNMENT (( #4130 ) ) ;
#4849 = DIRECTION ( 'NONE',  ( 0.000000000000000000, 0.000000000000000000, -1.000000000000000000 ) ) ;
#4850 = CARTESIAN_POINT ( 'NONE',  ( -2.029776755169091729, 1.000000000000000222, 1.487196363658710663 ) ) ;
#4851 = ORIENTED_EDGE ( 'NONE', *, *, #4129, .F. ) ;
#4852 = ORIENTED_EDGE ( 'NONE', *, *, #4413, .F. ) ;
#4853 = CARTESIAN_POINT ( 'NONE',  ( -2.400000000000000799, 1.000000000000000000, 1.019999999999999574 ) ) ;
#4854 = DIRECTION ( 'NONE',  ( -0.000000000000000000, 1.000000000000000000, -0.000000000000000000 ) ) ;
#4855 = EDGE_CURVE ( 'NONE', #197, #5938, #1896, .T. ) ;
#4856 = FACE_OUTER_BOUND ( 'NONE', #2892, .T. ) ;
#4857 = ADVANCED_FACE ( 'NONE', ( #4126 ), #1933, .F. ) ;
#4858 = CARTESIAN_POINT ( 'NONE',  ( 2.500000000000000444, 0.2500000000000000555, 0.8499999999999989786 ) ) ;
#4859 = EDGE_CURVE ( 'NONE', #6105, #5682, #6445, .T. ) ;
#4860 = VECTOR ( 'NONE', #2600, 1000.000000000000000 ) ;
#4861 = VECTOR ( 'NONE', #4519, 1000.000000000000000 ) ;
#4862 = ORIENTED_EDGE ( 'NONE', *, *, #143, .F. ) ;
#4863 = EDGE_LOOP ( 'NONE', ( #5681, #1063, #5627, #6346 ) ) ;
#4864 = CARTESIAN_POINT ( 'NONE',  ( -0.6399999999999999023, 1.069999999999999840, 1.420000000000000373 ) ) ;
#4865 = CARTESIAN_POINT ( 'NONE',  ( 1.920000000000000373, 1.069999999999999840, -1.420000000000000151 ) ) ;
#4866 = LINE ( 'NONE', #4781, #2785 ) ;
#4867 = AXIS2_PLACEMENT_3D ( 'NONE', #2967, #6036, #3483 ) ;
#4868 = CARTESIAN_POINT ( 'NONE',  ( 1.920000000000000373, 1.239999999999999991, -1.289999999999999813 ) ) ;
#4869 = DIRECTION ( 'NONE',  ( -0.000000000000000000, -1.000000000000000000, -0.000000000000000000 ) ) ;
#4870 = DIRECTION ( 'NONE',  ( -0.000000000000000000, -1.000000000000000000, -0.000000000000000000 ) ) ;
#4871 = LINE ( 'NONE', #1545, #2735 ) ;
#4872 = VECTOR ( 'NONE', #6051, 1000.000000000000000 ) ;
#4873 = EDGE_CURVE ( 'NONE', #870, #273, #1984, .T. ) ;
#4874 = ORIENTED_EDGE ( 'NONE', *, *, #6263, .T. ) ;
#4875 = ORIENTED_EDGE ( 'NONE', *, *, #6574, .T. ) ;
#4876 = EDGE_CURVE ( 'NONE', #6478, #2534, #1945, .T. ) ;
#4877 = VECTOR ( 'NONE', #5007, 1000.000000000000000 ) ;
#4878 = DIRECTION ( 'NONE',  ( -7.589415207398531038E-16, 0.000000000000000000, -1.000000000000000000 ) ) ;
#4879 = AXIS2_PLACEMENT_3D ( 'NONE', #70, #1473, #4143 ) ;
#4880 = CARTESIAN_POINT ( 'NONE',  ( -2.499999999999999556, 1.000000000000000000, -0.7499999999999995559 ) ) ;
#4881 = DIRECTION ( 'NONE',  ( 0.000000000000000000, -0.000000000000000000, 1.000000000000000000 ) ) ;
#4882 = LINE ( 'NONE', #4799, #448 ) ;
#4883 = DIRECTION ( 'NONE',  ( -0.000000000000000000, -1.000000000000000000, -0.000000000000000000 ) ) ;
#4884 = CARTESIAN_POINT ( 'NONE',  ( 2.499999999999999556, 1.000000000000000000, 0.5499999999999988232 ) ) ;
#4885 = DIRECTION ( 'NONE',  ( 0.000000000000000000, -0.000000000000000000, 1.000000000000000000 ) ) ;
#4886 = ORIENTED_EDGE ( 'NONE', *, *, #3283, .T. ) ;
#4887 = ORIENTED_EDGE ( 'NONE', *, *, #1052, .F. ) ;
#4888 = EDGE_CURVE ( 'NONE', #3347, #1479, #4176, .T. ) ;
#4889 = LINE ( 'NONE', #4961, #2687 ) ;
#4890 = AXIS2_PLACEMENT_3D ( 'NONE', #3734, #1159, #1672 ) ;
#4891 = LINE ( 'NONE', #6184, #625 ) ;
#4892 = CYLINDRICAL_SURFACE ( 'NONE', #3890, 0.2000000000000003164 ) ;
#4893 = CARTESIAN_POINT ( 'NONE',  ( -2.299999999999998490, 0.2500000000000001110, -0.4499999999999987343 ) ) ;
#4894 = CARTESIAN_POINT ( 'NONE',  ( -1.559999999999999831, 0.000000000000000000, -1.499999999999999778 ) ) ;
#4895 = ORIENTED_EDGE ( 'NONE', *, *, #1667, .F. ) ;
#4896 = DIRECTION ( 'NONE',  ( -0.000000000000000000, 1.000000000000000000, -0.000000000000000000 ) ) ;
#4897 = ADVANCED_FACE ( 'NONE', ( #4212 ), #1225, .F. ) ;
#4898 = VERTEX_POINT ( 'NONE', #4769 ) ;
#4899 = CARTESIAN_POINT ( 'NONE',  ( -2.170553660484173086, 0.9999999999999997780, -1.448268849454899865 ) ) ;
#4900 = EDGE_CURVE ( 'NONE', #4989, #3982, #2047, .T. ) ;
#4901 = CIRCLE ( 'NONE', #5630, 0.1000000000000009076 ) ;
#4902 = DIRECTION ( 'NONE',  ( -0.000000000000000000, 1.000000000000000000, -0.000000000000000000 ) ) ;
#4903 = VECTOR ( 'NONE', #2729, 1000.000000000000000 ) ;
#4904 = FACE_OUTER_BOUND ( 'NONE', #5906, .T. ) ;
#4905 = ORIENTED_EDGE ( 'NONE', *, *, #4383, .F. ) ;
#4906 = ORIENTED_EDGE ( 'NONE', *, *, #6050, .F. ) ;
#4907 = ORIENTED_EDGE ( 'NONE', *, *, #2459, .F. ) ;
#4908 = DIRECTION ( 'NONE',  ( 0.000000000000000000, 1.000000000000000000, 0.000000000000000000 ) ) ;
#4909 = CARTESIAN_POINT ( 'NONE',  ( -2.250000000000000000, -4.290147056835873940, 1.020000000000000462 ) ) ;
#4910 = FACE_OUTER_BOUND ( 'NONE', #5852, .T. ) ;
#4911 = ADVANCED_FACE ( 'NONE', ( #2201 ), #5312, .F. ) ;
#4912 = DIRECTION ( 'NONE',  ( -1.000000000000000000, 0.000000000000000000, 0.000000000000000000 ) ) ;
#4913 = EDGE_CURVE ( 'NONE', #1050, #3119, #2159, .T. ) ;
#4914 = CARTESIAN_POINT ( 'NONE',  ( 2.319999999999999840, 1.069999999999999840, 1.125013845558516135 ) ) ;
#4915 = CARTESIAN_POINT ( 'NONE',  ( -2.399999999999999911, 1.300000000000000044, 0.5499999999999992673 ) ) ;
#4916 = DIRECTION ( 'NONE',  ( 0.000000000000000000, 0.000000000000000000, -1.000000000000000000 ) ) ;
#4917 = DIRECTION ( 'NONE',  ( -0.000000000000000000, -1.000000000000000000, -0.000000000000000000 ) ) ;
#4918 = FACE_OUTER_BOUND ( 'NONE', #1507, .T. ) ;
#4919 = LINE ( 'NONE', #2712, #2614 ) ;
#4920 = ORIENTED_EDGE ( 'NONE', *, *, #5556, .T. ) ;
#4921 = ORIENTED_EDGE ( 'NONE', *, *, #1599, .F. ) ;
#4922 = ORIENTED_EDGE ( 'NONE', *, *, #710, .T. ) ;
#4923 = CARTESIAN_POINT ( 'NONE',  ( 2.045309764362785110, 0.9999999999999997780, -1.483238459776146767 ) ) ;
#4924 = DIRECTION ( 'NONE',  ( 3.252606517456513302E-16, 0.000000000000000000, 1.000000000000000000 ) ) ;
#4925 = CARTESIAN_POINT ( 'NONE',  ( 0.6700000000000007061, 0.000000000000000000, -0.5999999999999995337 ) ) ;
#4926 = EDGE_CURVE ( 'NONE', #711, #4673, #28, .T. ) ;
#4927 = CYLINDRICAL_SURFACE ( 'NONE', #3098, 0.4000000000000001887 ) ;
#4928 = LINE ( 'NONE', #3201, #531 ) ;
#4929 = ORIENTED_EDGE ( 'NONE', *, *, #4134, .F. ) ;
#4930 = DIRECTION ( 'NONE',  ( 1.000000000000000000, -0.000000000000000000, 0.000000000000000000 ) ) ;
#4931 = AXIS2_PLACEMENT_3D ( 'NONE', #1502, #2895, #5506 ) ;
#4932 = ORIENTED_EDGE ( 'NONE', *, *, #2114, .F. ) ;
#4933 = ORIENTED_EDGE ( 'NONE', *, *, #2389, .F. ) ;
#4934 = CIRCLE ( 'NONE', #4409, 0.09999999999999982514 ) ;
#4935 = VECTOR ( 'NONE', #4284, 1000.000000000000000 ) ;
#4936 = LINE ( 'NONE', #1741, #4967 ) ;
#4937 = ADVANCED_FACE ( 'NONE', ( #4479 ), #2287, .T. ) ;
#4938 = CARTESIAN_POINT ( 'NONE',  ( 2.499999999999998668, 0.8500000000000000888, -0.4499999999999990119 ) ) ;
#4939 = VERTEX_POINT ( 'NONE', #4299 ) ;
#4940 = DIRECTION ( 'NONE',  ( 0.000000000000000000, 0.000000000000000000, -1.000000000000000000 ) ) ;
#4941 = ORIENTED_EDGE ( 'NONE', *, *, #4624, .F. ) ;
#4942 = AXIS2_PLACEMENT_3D ( 'NONE', #2268, #4896, #3836 ) ;
#4943 = DIRECTION ( 'NONE',  ( 0.000000000000000000, 0.000000000000000000, 1.000000000000000000 ) ) ;
#4944 = ORIENTED_EDGE ( 'NONE', *, *, #5543, .F. ) ;
#4945 = DIRECTION ( 'NONE',  ( 0.000000000000000000, 0.000000000000000000, -1.000000000000000000 ) ) ;
#4946 = VECTOR ( 'NONE', #1789, 1000.000000000000000 ) ;
#4947 = EDGE_CURVE ( 'NONE', #3012, #1212, #2305, .T. ) ;
#4948 = CARTESIAN_POINT ( 'NONE',  ( -2.118691351903954079, 1.000000000000000000, -1.456865096230111734 ) ) ;
#4949 = AXIS2_PLACEMENT_3D ( 'NONE', #3955, #4494, #1760 ) ;
#4950 = VECTOR ( 'NONE', #2731, 1000.000000000000000 ) ;
#4951 = LINE ( 'NONE', #1145, #493 ) ;
#4952 = ORIENTED_EDGE ( 'NONE', *, *, #4488, .F. ) ;
#4953 = AXIS2_PLACEMENT_3D ( 'NONE', #4243, #3883, #2221 ) ;
#4954 = VERTEX_POINT ( 'NONE', #214 ) ;
#4955 = ADVANCED_FACE ( 'NONE', ( #4403 ), #4501, .F. ) ;
#4956 = ORIENTED_EDGE ( 'NONE', *, *, #4755, .T. ) ;
#4957 = CARTESIAN_POINT ( 'NONE',  ( 2.399999999999999911, 0.2500000000000001110, 0.5499999999999988232 ) ) ;
#4958 = MANIFOLD_SOLID_BREP ( 'Boss-Extrude6[4]', #4980 ) ;
#4959 = DIRECTION ( 'NONE',  ( 0.000000000000000000, -0.000000000000000000, -1.000000000000000000 ) ) ;
#4960 = VECTOR ( 'NONE', #5858, 1000.000000000000000 ) ;
#4961 = CARTESIAN_POINT ( 'NONE',  ( 2.250000000000000444, -4.290147056835873940, -1.019999999999999796 ) ) ;
#4962 = CARTESIAN_POINT ( 'NONE',  ( -2.400000000000000799, 1.000000000000000000, -1.020000000000000018 ) ) ;
#4963 = DIRECTION ( 'NONE',  ( -0.000000000000000000, 1.000000000000000000, -0.000000000000000000 ) ) ;
#4964 =( LENGTH_UNIT ( ) NAMED_UNIT ( * ) SI_UNIT ( .MILLI., .METRE. ) );
#4965 = EDGE_CURVE ( 'NONE', #3910, #495, #2258, .T. ) ;
#4966 = DIRECTION ( 'NONE',  ( -0.000000000000000000, -1.000000000000000000, -0.000000000000000000 ) ) ;
#4967 = VECTOR ( 'NONE', #3679, 1000.000000000000000 ) ;
#4968 = VERTEX_POINT ( 'NONE', #4468 ) ;
#4969 = ORIENTED_EDGE ( 'NONE', *, *, #5451, .F. ) ;
#4970 = AXIS2_PLACEMENT_3D ( 'NONE', #5335, #3304, #4323 ) ;
#4971 = EDGE_LOOP ( 'NONE', ( #3335, #5639, #3131, #3897 ) ) ;
#4972 = VECTOR ( 'NONE', #4566, 1000.000000000000000 ) ;
#4973 = ADVANCED_FACE ( 'NONE', ( #6557 ), #5246, .F. ) ;
#4974 = CARTESIAN_POINT ( 'NONE',  ( 0.6700000000000014833, 0.5000000000000000000, 1.599999999999999423 ) ) ;
#4975 = DIRECTION ( 'NONE',  ( -1.000000000000000000, 0.000000000000000000, 0.000000000000000000 ) ) ;
#4976 = CARTESIAN_POINT ( 'NONE',  ( -1.660000000000000808, 0.5000000000000000000, 1.599999999999999645 ) ) ;
#4977 = LINE ( 'NONE', #1278, #2557 ) ;
#4978 = DIRECTION ( 'NONE',  ( 0.000000000000000000, 0.000000000000000000, 1.000000000000000000 ) ) ;
#4979 = EDGE_CURVE ( 'NONE', #1400, #4954, #6348, .T. ) ;
#4980 = CLOSED_SHELL ( 'NONE', ( #1657, #4740, #5242, #1492, #109, #2377, #2816, #1922 ) ) ;
#4981 = ORIENTED_EDGE ( 'NONE', *, *, #1371, .T. ) ;
#4982 = VERTEX_POINT ( 'NONE', #5538 ) ;
#4983 = DIRECTION ( 'NONE',  ( -0.000000000000000000, 1.000000000000000000, -0.000000000000000000 ) ) ;
#4984 = AXIS2_PLACEMENT_3D ( 'NONE', #4199, #4715, #3630 ) ;
#4985 = VECTOR ( 'NONE', #770, 1000.000000000000000 ) ;
#4986 = AXIS2_PLACEMENT_3D ( 'NONE', #5531, #4637, #3527 ) ;
#4987 = CYLINDRICAL_SURFACE ( 'NONE', #876, 0.09999999999999982514 ) ;
#4988 = CARTESIAN_POINT ( 'NONE',  ( -1.920000000000000373, 1.100000000000000311, 1.420000000000000373 ) ) ;
#4989 = VERTEX_POINT ( 'NONE', #4520 ) ;
#4990 = CARTESIAN_POINT ( 'NONE',  ( -2.276890761443925992, 1.069999999999999840, 1.228794663505313522 ) ) ;
#4991 = VERTEX_POINT ( 'NONE', #2454 ) ;
#4992 = PLANE ( 'NONE',  #1047 ) ;
#4993 = ORIENTED_EDGE ( 'NONE', *, *, #3276, .F. ) ;
#4994 = DIRECTION ( 'NONE',  ( 0.000000000000000000, 0.000000000000000000, -1.000000000000000000 ) ) ;
#4995 = LINE ( 'NONE', #4313, #2728 ) ;
#4996 = CARTESIAN_POINT ( 'NONE',  ( -2.500000000000000444, 0.2500000000000000555, 0.8499999999999985345 ) ) ;
#4997 = CARTESIAN_POINT ( 'NONE',  ( -2.499999999999997780, 0.2500000000000001110, -0.7499999999999986677 ) ) ;
#4998 = CARTESIAN_POINT ( 'NONE',  ( -2.131471972465419640, 0.9999999999999997780, -1.450783183191324710 ) ) ;
#4999 = ORIENTED_EDGE ( 'NONE', *, *, #17, .T. ) ;
#5000 = ORIENTED_EDGE ( 'NONE', *, *, #3710, .F. ) ;
#5001 = VERTEX_POINT ( 'NONE', #2594 ) ;
#5002 = EDGE_CURVE ( 'NONE', #1452, #6294, #2087, .T. ) ;
#5003 = CARTESIAN_POINT ( 'NONE',  ( -1.560000000000000053, 0.5000000000000000000, 1.599999999999999867 ) ) ;
#5004 = CARTESIAN_POINT ( 'NONE',  ( -2.270908789225470237, 1.000000000000000222, 1.347805921940683271 ) ) ;
#5005 = DIRECTION ( 'NONE',  ( 0.000000000000000000, -0.000000000000000000, -1.000000000000000000 ) ) ;
#5006 = FACE_OUTER_BOUND ( 'NONE', #4049, .T. ) ;
#5007 = DIRECTION ( 'NONE',  ( -0.000000000000000000, -1.000000000000000000, -0.000000000000000000 ) ) ;
#5008 = CARTESIAN_POINT ( 'NONE',  ( 1.920000000000000151, 1.069999999999999840, 1.420000000000000373 ) ) ;
#5009 = DIRECTION ( 'NONE',  ( 1.000000000000000000, 0.000000000000000000, -2.710505431213761085E-16 ) ) ;
#5010 = DIRECTION ( 'NONE',  ( -0.000000000000000000, 1.000000000000000000, 0.000000000000000000 ) ) ;
#5011 = PLANE ( 'NONE',  #5169 ) ;
#5012 = CIRCLE ( 'NONE', #5677, 0.3999999999999999667 ) ;
#5013 = ORIENTED_EDGE ( 'NONE', *, *, #6574, .F. ) ;
#5014 = VERTEX_POINT ( 'NONE', #4563 ) ;
#5015 = ADVANCED_FACE ( 'NONE', ( #2096 ), #1460, .F. ) ;
#5016 = VERTEX_POINT ( 'NONE', #1040 ) ;
#5017 = EDGE_CURVE ( 'NONE', #3408, #2890, #4419, .T. ) ;
#5018 = VECTOR ( 'NONE', #272, 1000.000000000000000 ) ;
#5019 = CARTESIAN_POINT ( 'NONE',  ( 1.870000000000001217, 0.5000000000000000000, -1.599999999999999201 ) ) ;
#5020 = AXIS2_PLACEMENT_3D ( 'NONE', #5875, #2825, #291 ) ;
#5021 = DIRECTION ( 'NONE',  ( -0.000000000000000000, 1.000000000000000000, -0.000000000000000000 ) ) ;
#5022 = FACE_OUTER_BOUND ( 'NONE', #5196, .T. ) ;
#5023 = CARTESIAN_POINT ( 'NONE',  ( 0.9800000000000004263, 0.5000000000000000000, -1.499999999999998890 ) ) ;
#5024 = DIRECTION ( 'NONE',  ( 0.000000000000000000, 0.000000000000000000, 1.000000000000000000 ) ) ;
#5025 = ORIENTED_EDGE ( 'NONE', *, *, #3824, .F. ) ;
#5026 = ORIENTED_EDGE ( 'NONE', *, *, #5451, .T. ) ;
#5027 = VERTEX_POINT ( 'NONE', #5666 ) ;
#5028 = DIRECTION ( 'NONE',  ( 0.000000000000000000, 0.000000000000000000, 1.000000000000000000 ) ) ;
#5029 = VECTOR ( 'NONE', #1615, 1000.000000000000000 ) ;
#5030 =( GEOMETRIC_REPRESENTATION_CONTEXT ( 3 ) GLOBAL_UNCERTAINTY_ASSIGNED_CONTEXT ( ( #3469 ) ) GLOBAL_UNIT_ASSIGNED_CONTEXT ( ( #6681, #6129, #2197 ) ) REPRESENTATION_CONTEXT ( 'NONE', 'WORKASPACE' ) );
#5031 = FACE_OUTER_BOUND ( 'NONE', #4075, .T. ) ;
#5032 = EDGE_CURVE ( 'NONE', #5891, #3175, #4328, .T. ) ;
#5033 = DIRECTION ( 'NONE',  ( 0.000000000000000000, 0.000000000000000000, 1.000000000000000000 ) ) ;
#5034 = ORIENTED_EDGE ( 'NONE', *, *, #5834, .T. ) ;
#5035 = CARTESIAN_POINT ( 'NONE',  ( 2.299999999999998490, 0.8500000000000000888, -0.8499999999999989786 ) ) ;
#5036 = VERTEX_POINT ( 'NONE', #2078 ) ;
#5037 = ORIENTED_EDGE ( 'NONE', *, *, #1795, .T. ) ;
#5038 = AXIS2_PLACEMENT_3D ( 'NONE', #6665, #2611, #1017 ) ;
#5039 = DIRECTION ( 'NONE',  ( 4.336808689942017736E-16, 0.000000000000000000, 1.000000000000000000 ) ) ;
#5040 = LINE ( 'NONE', #5896, #565 ) ;
#5041 = DIRECTION ( 'NONE',  ( -0.000000000000000000, 1.000000000000000000, -0.000000000000000000 ) ) ;
#5042 = DIRECTION ( 'NONE',  ( 0.000000000000000000, 0.000000000000000000, 1.000000000000000000 ) ) ;
#5043 = DIRECTION ( 'NONE',  ( -0.000000000000000000, 1.000000000000000000, -0.000000000000000000 ) ) ;
#5044 = VERTEX_POINT ( 'NONE', #5749 ) ;
#5045 = ORIENTED_EDGE ( 'NONE', *, *, #3361, .F. ) ;
#5046 = EDGE_CURVE ( 'NONE', #3481, #1671, #6568, .T. ) ;
#5047 = ORIENTED_EDGE ( 'NONE', *, *, #1975, .F. ) ;
#5048 = CARTESIAN_POINT ( 'NONE',  ( -2.399999999999999911, 0.000000000000000000, -0.7500000000000000000 ) ) ;
#5049 = CARTESIAN_POINT ( 'NONE',  ( -0.6700000000000005951, 0.5000000000000000000, 1.599999999999999645 ) ) ;
#5050 = EDGE_CURVE ( 'NONE', #323, #1613, #2108, .T. ) ;
#5051 = CARTESIAN_POINT ( 'NONE',  ( -2.499999999999997780, 0.2500000000000000555, -0.5499999999999983791 ) ) ;
#5053 = CARTESIAN_POINT ( 'NONE',  ( -2.499999999999997780, 0.2500000000000000555, -0.7499999999999986677 ) ) ;
#5052 = CIRCLE ( 'NONE', #3815, 0.1499999999999999667 ) ;
#5054 = DIRECTION ( 'NONE',  ( -1.000000000000000000, 0.000000000000000000, -7.589415207398531038E-16 ) ) ;
#5055 = CARTESIAN_POINT ( 'NONE',  ( -0.8799999999999994493, 0.5000000000000000000, -1.599999999999999645 ) ) ;
#5056 = AXIS2_PLACEMENT_3D ( 'NONE', #6155, #3510, #2658 ) ;
#5057 = PLANE ( 'NONE',  #1033 ) ;
#5058 = LINE ( 'NONE', #1674, #4820 ) ;
#5059 = ADVANCED_FACE ( 'NONE', ( #4341 ), #4792, .F. ) ;
#5060 = VERTEX_POINT ( 'NONE', #5382 ) ;
#5061 = EDGE_LOOP ( 'NONE', ( #1089, #1025, #5775, #1652 ) ) ;
#5062 = VERTEX_POINT ( 'NONE', #2566 ) ;
#5063 = AXIS2_PLACEMENT_3D ( 'NONE', #4884, #5430, #5024 ) ;
#5064 = VECTOR ( 'NONE', #3496, 1000.000000000000000 ) ;
#5065 = MANIFOLD_SOLID_BREP ( 'Boss-Extrude5[3]', #5752 ) ;
#5066 = CARTESIAN_POINT ( 'NONE',  ( 2.128794663505312545, 1.069999999999999840, 1.376890761443925859 ) ) ;
#5067 = CARTESIAN_POINT ( 'NONE',  ( 2.500000000000000444, 1.000000000000000000, 1.599999999999999867 ) ) ;
#5068 = CARTESIAN_POINT ( 'NONE',  ( -1.559999999999999831, -1.562049935181331506, -1.599999999999999867 ) ) ;
#5069 = LINE ( 'NONE', #320, #5142 ) ;
#5070 = AXIS2_PLACEMENT_3D ( 'NONE', #380, #934, #838 ) ;
#5071 = DIRECTION ( 'NONE',  ( 0.000000000000000000, 0.000000000000000000, -1.000000000000000000 ) ) ;
#5072 = B_SPLINE_CURVE_WITH_KNOTS ( 'NONE', 3,
 ( #42, #5781, #4114, #1077, #1416, #5187 ),
 .UNSPECIFIED., .F., .F.,
 ( 4, 2, 4 ),
 ( 0.000000000000000000, 0.5000000000000000000, 1.000000000000000000 ),
 .UNSPECIFIED. ) ;
#5073 = DIRECTION ( 'NONE',  ( 1.000000000000000000, 0.000000000000000000, 0.000000000000000000 ) ) ;
#5074 = VERTEX_POINT ( 'NONE', #164 ) ;
#5075 = FACE_OUTER_BOUND ( 'NONE', #162, .T. ) ;
#5076 = ORIENTED_EDGE ( 'NONE', *, *, #3485, .T. ) ;
#5077 = ADVANCED_FACE ( 'NONE', ( #2182 ), #3831, .F. ) ;
#5078 = DIRECTION ( 'NONE',  ( -0.000000000000000000, -1.000000000000000000, -0.000000000000000000 ) ) ;
#5079 = VECTOR ( 'NONE', #4606, 1000.000000000000000 ) ;
#5080 = LINE ( 'NONE', #4029, #2972 ) ;
#5081 = DIRECTION ( 'NONE',  ( -1.000000000000000000, 0.000000000000000000, 0.000000000000000000 ) ) ;
#5082 = ORIENTED_EDGE ( 'NONE', *, *, #5913, .T. ) ;
#5083 = SURFACE_STYLE_FILL_AREA ( #90 ) ;
#5084 = CARTESIAN_POINT ( 'NONE',  ( 2.400000000000000799, 0.9999999999999997780, -1.020000000000000018 ) ) ;
#5085 = ORIENTED_EDGE ( 'NONE', *, *, #481, .F. ) ;
#5086 = CARTESIAN_POINT ( 'NONE',  ( 2.300000000000000266, 0.2500000000000000555, 0.8499999999999989786 ) ) ;
#5087 = CYLINDRICAL_SURFACE ( 'NONE', #1431, 0.1499999999999999667 ) ;
#5088 = VECTOR ( 'NONE', #5021, 1000.000000000000000 ) ;
#5089 = DIRECTION ( 'NONE',  ( 0.000000000000000000, 0.000000000000000000, 1.000000000000000000 ) ) ;
#5090 = PRESENTATION_LAYER_ASSIGNMENT (  '', '', ( #2026 ) ) ;
#5091 = DIRECTION ( 'NONE',  ( 7.589415207398531038E-16, 0.000000000000000000, -1.000000000000000000 ) ) ;
#5092 = LINE ( 'NONE', #740, #2998 ) ;
#5093 = ORIENTED_EDGE ( 'NONE', *, *, #1257, .F. ) ;
#5094 = DIRECTION ( 'NONE',  ( -0.000000000000000000, 1.000000000000000000, -0.000000000000000000 ) ) ;
#5095 = AXIS2_PLACEMENT_3D ( 'NONE', #1780, #5495, #2929 ) ;
#5096 = CIRCLE ( 'NONE', #3935, 0.06000000000000015737 ) ;
#5097 = ORIENTED_EDGE ( 'NONE', *, *, #434, .F. ) ;
#5098 = DIRECTION ( 'NONE',  ( 0.000000000000000000, 0.000000000000000000, -1.000000000000000000 ) ) ;
#5099 = CARTESIAN_POINT ( 'NONE',  ( 1.870000000000001217, 0.5000000000000000000, 1.599999999999999201 ) ) ;
#5100 = B_SPLINE_CURVE_WITH_KNOTS ( 'NONE', 3,
 ( #1284, #1703, #6371, #3720 ),
 .UNSPECIFIED., .F., .F.,
 ( 4, 4 ),
 ( 0.000000000000000000, 1.000000000000000000 ),
 .UNSPECIFIED. ) ;
#5102 = CARTESIAN_POINT ( 'NONE',  ( -2.299999999999998490, 0.8500000000000000888, -0.8499999999999985345 ) ) ;
#5101 = LINE ( 'NONE', #2597, #2841 ) ;
#5103 = FACE_OUTER_BOUND ( 'NONE', #5377, .T. ) ;
#5104 = CARTESIAN_POINT ( 'NONE',  ( 1.920000000000000373, 1.239999999999999769, 1.350000000000000533 ) ) ;
#5105 = PLANE ( 'NONE',  #112 ) ;
#5106 = CARTESIAN_POINT ( 'NONE',  ( 2.500000000000000444, 1.300000000000000044, 0.4499999999999990119 ) ) ;
#5107 = CARTESIAN_POINT ( 'NONE',  ( 2.399999999999999911, 1.300000000000000044, -0.5499999999999988232 ) ) ;
#5108 = EDGE_CURVE ( 'NONE', #1639, #6407, #4382, .T. ) ;
#5109 = ORIENTED_EDGE ( 'NONE', *, *, #858, .T. ) ;
#5110 = FACE_OUTER_BOUND ( 'NONE', #81, .T. ) ;
#5111 = ORIENTED_EDGE ( 'NONE', *, *, #1961, .F. ) ;
#5112 = AXIS2_PLACEMENT_3D ( 'NONE', #6337, #4747, #5715 ) ;
#5113 = EDGE_CURVE ( 'NONE', #993, #6256, #2189, .T. ) ;
#5114 = LINE ( 'NONE', #5977, #758 ) ;
#5115 = DIRECTION ( 'NONE',  ( -1.000000000000000000, 0.000000000000000000, 0.000000000000000000 ) ) ;
#5116 = PLANE ( 'NONE',  #479 ) ;
#5117 = CARTESIAN_POINT ( 'NONE',  ( -2.499999999999999556, 0.000000000000000000, -0.4499999999999994560 ) ) ;
#5118 = LINE ( 'NONE', #3088, #5130 ) ;
#5119 = CARTESIAN_POINT ( 'NONE',  ( 2.399999999999999911, 0.2500000000000000555, 0.7499999999999995559 ) ) ;
#5120 = CARTESIAN_POINT ( 'NONE',  ( 2.300000000000000266, 0.8500000000000000888, 0.8499999999999989786 ) ) ;
#5121 = EDGE_LOOP ( 'NONE', ( #2376, #809, #4559, #3037 ) ) ;
#5122 = MECHANICAL_DESIGN_GEOMETRIC_PRESENTATION_REPRESENTATION (  '', ( #209 ), #3193 ) ;
#5123 = VECTOR ( 'NONE', #1395, 1000.000000000000000 ) ;
#5124 = EDGE_CURVE ( 'NONE', #80, #5468, #2236, .T. ) ;
#5125 = ORIENTED_EDGE ( 'NONE', *, *, #4172, .F. ) ;
#5126 = CARTESIAN_POINT ( 'NONE',  ( -1.920000000000000373, 0.9999999999999997780, 1.500000000000000666 ) ) ;
#5127 = VECTOR ( 'NONE', #244, 1000.000000000000000 ) ;
#5128 = AXIS2_PLACEMENT_3D ( 'NONE', #5766, #3239, #1600 ) ;
#5129 = ORIENTED_EDGE ( 'NONE', *, *, #4807, .T. ) ;
#5130 = VECTOR ( 'NONE', #5796, 1000.000000000000000 ) ;
#5131 = DIRECTION ( 'NONE',  ( -0.000000000000000000, -1.000000000000000000, -0.000000000000000000 ) ) ;
#5132 = EDGE_LOOP ( 'NONE', ( #6622, #4812, #6543, #4665 ) ) ;
#5133 = EDGE_LOOP ( 'NONE', ( #1561, #2971, #1427, #6031 ) ) ;
#5134 = AXIS2_PLACEMENT_3D ( 'NONE', #1354, #1833, #359 ) ;
#5135 = ADVANCED_FACE ( 'NONE', ( #6668 ), #97, .F. ) ;
#5136 = CARTESIAN_POINT ( 'NONE',  ( -2.128794717070153553, 0.9999999999999996669, -1.376890707879071751 ) ) ;
#5137 = FACE_OUTER_BOUND ( 'NONE', #5792, .T. ) ;
#5138 = DIRECTION ( 'NONE',  ( 0.7071067811865440200, 0.000000000000000000, -0.7071067811865511255 ) ) ;
#5139 = CARTESIAN_POINT ( 'NONE',  ( 0.6700000000000014833, 0.5000000000000000000, 1.599999999999999423 ) ) ;
#5140 = SURFACE_SIDE_STYLE ('',( #1234 ) ) ;
#5141 = VERTEX_POINT ( 'NONE', #1305 ) ;
#5142 = VECTOR ( 'NONE', #1979, 1000.000000000000000 ) ;
#5143 = EDGE_CURVE ( 'NONE', #6270, #4749, #2322, .T. ) ;
#5144 = ORIENTED_EDGE ( 'NONE', *, *, #5983, .T. ) ;
#5145 = DIRECTION ( 'NONE',  ( -0.000000000000000000, 1.000000000000000000, 0.000000000000000000 ) ) ;
#5146 = EDGE_LOOP ( 'NONE', ( #4207, #2532, #68, #4120 ) ) ;
#5147 = DIRECTION ( 'NONE',  ( 0.000000000000000000, 0.000000000000000000, 1.000000000000000000 ) ) ;
#5148 = CARTESIAN_POINT ( 'NONE',  ( -2.309853557144661007, 1.000000000000000000, 1.300325056072250351 ) ) ;
#5149 = AXIS2_PLACEMENT_3D ( 'NONE', #3628, #1015, #1598 ) ;
#5151 = DIRECTION ( 'NONE',  ( -0.000000000000000000, 1.000000000000000000, -0.000000000000000000 ) ) ;
#5150 = FACE_OUTER_BOUND ( 'NONE', #1977, .T. ) ;
#5152 = DIRECTION ( 'NONE',  ( 1.000000000000000000, 0.000000000000000000, 0.000000000000000000 ) ) ;
#5153 = DIRECTION ( 'NONE',  ( 1.000000000000000000, 0.000000000000000000, 0.000000000000000000 ) ) ;
#5154 = DIRECTION ( 'NONE',  ( -0.000000000000000000, 1.000000000000000000, -0.000000000000000000 ) ) ;
#5155 = ORIENTED_EDGE ( 'NONE', *, *, #2372, .T. ) ;
#5156 = DIRECTION ( 'NONE',  ( 0.000000000000000000, 0.000000000000000000, 1.000000000000000000 ) ) ;
#5157 = TOROIDAL_SURFACE ( 'NONE', #2842, 0.2699999999999999067, 0.05999999999999999778 ) ;
#5158 = VERTEX_POINT ( 'NONE', #1263 ) ;
#5159 = EDGE_CURVE ( 'NONE', #4090, #194, #2406, .T. ) ;
#5160 = ORIENTED_EDGE ( 'NONE', *, *, #1412, .T. ) ;
#5161 = LINE ( 'NONE', #56, #3067 ) ;
#5162 = CIRCLE ( 'NONE', #4719, 0.2000000000000003164 ) ;
#5163 = CARTESIAN_POINT ( 'NONE',  ( -0.6700000000000005951, 0.5000000000000000000, 1.599999999999999645 ) ) ;
#5164 = FILL_AREA_STYLE_COLOUR ( '', #1842 ) ;
#5165 = ORIENTED_EDGE ( 'NONE', *, *, #6386, .F. ) ;
#5166 = VECTOR ( 'NONE', #1337, 1000.000000000000000 ) ;
#5167 = DIRECTION ( 'NONE',  ( 3.252606517456513302E-16, 0.000000000000000000, 1.000000000000000000 ) ) ;
#5168 = CARTESIAN_POINT ( 'NONE',  ( -2.399999999999999911, 0.000000000000000000, 0.7500000000000000000 ) ) ;
#5169 = AXIS2_PLACEMENT_3D ( 'NONE', #5544, #1433, #6011 ) ;
#5170 = ORIENTED_EDGE ( 'NONE', *, *, #3947, .F. ) ;
#5171 = LINE ( 'NONE', #6474, #2609 ) ;
#5172 = ORIENTED_EDGE ( 'NONE', *, *, #847, .T. ) ;
#5173 = EDGE_CURVE ( 'NONE', #2671, #4399, #5649, .T. ) ;
#5174 = CARTESIAN_POINT ( 'NONE',  ( 0.6700000000000007061, 0.5000000000000000000, -0.5999999999999995337 ) ) ;
#5175 = CYLINDRICAL_SURFACE ( 'NONE', #1651, 0.1000000000000009076 ) ;
#5176 = LINE ( 'NONE', #5428, #5271 ) ;
#5177 = VERTEX_POINT ( 'NONE', #6243 ) ;
#5178 = FACE_OUTER_BOUND ( 'NONE', #6610, .T. ) ;
#5179 = ADVANCED_FACE ( 'NONE', ( #4746 ), #4599, .T. ) ;
#5180 = DIRECTION ( 'NONE',  ( 0.000000000000000000, 0.000000000000000000, 1.000000000000000000 ) ) ;
#5181 = ORIENTED_EDGE ( 'NONE', *, *, #4391, .T. ) ;
#5182 = DIRECTION ( 'NONE',  ( 1.000000000000000000, 0.000000000000000000, -0.000000000000000000 ) ) ;
#5183 = ORIENTED_EDGE ( 'NONE', *, *, #3436, .T. ) ;
#5184 = CARTESIAN_POINT ( 'NONE',  ( -2.276890707879084985, 0.9999999999999996669, -1.228794717070167186 ) ) ;
#5185 = EDGE_CURVE ( 'NONE', #194, #6452, #4609, .T. ) ;
#5186 = VECTOR ( 'NONE', #1252, 1000.000000000000000 ) ;
#5187 = CARTESIAN_POINT ( 'NONE',  ( -2.320000000000000284, 1.069999999999999840, -1.020000000000000018 ) ) ;
#5188 = DIRECTION ( 'NONE',  ( 0.000000000000000000, -1.000000000000000000, 0.000000000000000000 ) ) ;
#5189 = DIRECTION ( 'NONE',  ( -0.000000000000000000, 1.000000000000000000, 0.000000000000000000 ) ) ;
#5190 = AXIS2_PLACEMENT_3D ( 'NONE', #4404, #1838, #3416 ) ;
#5191 = VERTEX_POINT ( 'NONE', #754 ) ;
#5192 = LINE ( 'NONE', #5055, #774 ) ;
#5193 = ORIENTED_EDGE ( 'NONE', *, *, #1181, .T. ) ;
#5194 = DIRECTION ( 'NONE',  ( -1.000000000000000000, 0.000000000000000000, -0.000000000000000000 ) ) ;
#5195 = CIRCLE ( 'NONE', #1404, 0.09999999999999971412 ) ;
#5196 = EDGE_LOOP ( 'NONE', ( #6325, #3476, #3435, #4124 ) ) ;
#5197 = ADVANCED_FACE ( 'NONE', ( #4759 ), #3319, .F. ) ;
#5198 = CARTESIAN_POINT ( 'NONE',  ( 1.559999999999999831, 0.000000000000000000, -1.499999999999999778 ) ) ;
#5199 = CARTESIAN_POINT ( 'NONE',  ( 2.499999999999997780, 0.8500000000000000888, -0.7499999999999991118 ) ) ;
#5200 = EDGE_CURVE ( 'NONE', #3584, #2753, #216, .T. ) ;
#5201 = DIRECTION ( 'NONE',  ( 0.000000000000000000, 1.000000000000000000, 0.000000000000000000 ) ) ;
#5202 = DIRECTION ( 'NONE',  ( -0.000000000000000000, -1.000000000000000000, -0.000000000000000000 ) ) ;
#5203 = PLANE ( 'NONE',  #4448 ) ;
#5204 = CARTESIAN_POINT ( 'NONE',  ( -1.799999999999999600, 1.300000000000000044, 0.8999999999999998002 ) ) ;
#5205 = EDGE_LOOP ( 'NONE', ( #4023, #3523, #1096, #1640 ) ) ;
#5206 = DIRECTION ( 'NONE',  ( 7.589415207398531038E-16, -0.000000000000000000, -1.000000000000000000 ) ) ;
#5207 = VECTOR ( 'NONE', #3499, 1000.000000000000000 ) ;
#5208 = VECTOR ( 'NONE', #1929, 1000.000000000000000 ) ;
#5209 = EDGE_CURVE ( 'NONE', #2457, #6577, #181, .T. ) ;
#5210 = VERTEX_POINT ( 'NONE', #5802 ) ;
#5211 = ORIENTED_EDGE ( 'NONE', *, *, #210, .F. ) ;
#5212 = FACE_OUTER_BOUND ( 'NONE', #3875, .T. ) ;
#5213 = CARTESIAN_POINT ( 'NONE',  ( -1.799999999999999600, 1.300000000000000044, 1.049999999999999822 ) ) ;
#5214 = UNCERTAINTY_MEASURE_WITH_UNIT (LENGTH_MEASURE( 1.000000000000000082E-05 ), #975, 'distance_accuracy_value', 'NONE');
#5215 = VERTEX_POINT ( 'NONE', #6296 ) ;
#5216 = LINE ( 'NONE', #454, #3127 ) ;
#5217 = CARTESIAN_POINT ( 'NONE',  ( -1.799999999999999600, 1.289999999999999813, 0.8999999999999998002 ) ) ;
#5218 = CARTESIAN_POINT ( 'NONE',  ( -0.6700000000000005951, 0.5000000000000000000, -1.599999999999999645 ) ) ;
#5219 = VERTEX_POINT ( 'NONE', #5882 ) ;
#5220 = LINE ( 'NONE', #819, #5321 ) ;
#5221 = ORIENTED_EDGE ( 'NONE', *, *, #2024, .F. ) ;
#5222 = EDGE_CURVE ( 'NONE', #3569, #3936, #158, .T. ) ;
#5223 = PLANE ( 'NONE',  #606 ) ;
#5224 = EDGE_CURVE ( 'NONE', #4472, #839, #113, .T. ) ;
#5225 = AXIS2_PLACEMENT_3D ( 'NONE', #6, #4173, #1039 ) ;
#5226 = ORIENTED_EDGE ( 'NONE', *, *, #5866, .T. ) ;
#5227 = VECTOR ( 'NONE', #640, 1000.000000000000000 ) ;
#5228 = CARTESIAN_POINT ( 'NONE',  ( 1.559999999999999831, 0.5000000000000000000, -1.499999999999999778 ) ) ;
#5229 = ORIENTED_EDGE ( 'NONE', *, *, #5840, .T. ) ;
#5230 = LINE ( 'NONE', #775, #808 ) ;
#5231 = DIRECTION ( 'NONE',  ( -0.000000000000000000, 1.000000000000000000, -0.000000000000000000 ) ) ;
#5232 = EDGE_LOOP ( 'NONE', ( #546, #2771, #535, #2494 ) ) ;
#5233 = CARTESIAN_POINT ( 'NONE',  ( -2.499999999999999556, 1.000000000000000000, 1.599999999999999867 ) ) ;
#5234 = EDGE_CURVE ( 'NONE', #1452, #4991, #236, .T. ) ;
#5235 = CARTESIAN_POINT ( 'NONE',  ( -0.8799999999999990052, 1.300000000000000044, 1.599999999999999867 ) ) ;
#5236 = EDGE_CURVE ( 'NONE', #1366, #6388, #2373, .T. ) ;
#5237 = CARTESIAN_POINT ( 'NONE',  ( 2.500000000000000444, 1.000000000000000000, 1.599999999999999867 ) ) ;
#5238 = ORIENTED_EDGE ( 'NONE', *, *, #6380, .F. ) ;
#5239 = FACE_OUTER_BOUND ( 'NONE', #2925, .T. ) ;
#5240 = VECTOR ( 'NONE', #13, 1000.000000000000000 ) ;
#5241 = AXIS2_PLACEMENT_3D ( 'NONE', #1135, #6399, #3320 ) ;
#5242 = ADVANCED_FACE ( 'NONE', ( #2451 ), #145, .F. ) ;
#5243 = ORIENTED_EDGE ( 'NONE', *, *, #6448, .T. ) ;
#5244 = LINE ( 'NONE', #1286, #5300 ) ;
#5245 = ORIENTED_EDGE ( 'NONE', *, *, #1938, .F. ) ;
#5246 = PLANE ( 'NONE',  #4550 ) ;
#5247 = CARTESIAN_POINT ( 'NONE',  ( 1.870000000000000773, 0.000000000000000000, 0.5999999999999992006 ) ) ;
#5248 = CARTESIAN_POINT ( 'NONE',  ( 2.499999999999999556, 1.000000000000000000, -0.7499999999999991118 ) ) ;
#5249 = CARTESIAN_POINT ( 'NONE',  ( 2.300000000000000266, 0.2500000000000001110, 0.4499999999999989564 ) ) ;
#5250 = EDGE_CURVE ( 'NONE', #5263, #2804, #2433, .T. ) ;
#5251 = DIRECTION ( 'NONE',  ( -1.000000000000000000, 0.000000000000000000, -2.710505431213761085E-16 ) ) ;
#5252 = CARTESIAN_POINT ( 'NONE',  ( 2.500000000000000444, 1.300000000000000044, 1.399999999999999467 ) ) ;
#5253 = ORIENTED_EDGE ( 'NONE', *, *, #3348, .F. ) ;
#5254 = LINE ( 'NONE', #4415, #793 ) ;
#5255 = PLANE ( 'NONE',  #3712 ) ;
#5256 = ORIENTED_EDGE ( 'NONE', *, *, #4926, .T. ) ;
#5257 = EDGE_LOOP ( 'NONE', ( #1016, #2489, #1898, #5460, #3406, #3475, #2508, #4670 ) ) ;
#5258 = CARTESIAN_POINT ( 'NONE',  ( 2.500000000000000444, 1.000000000000000000, 0.4499999999999990119 ) ) ;
#5259 = CARTESIAN_POINT ( 'NONE',  ( 0.6700000000000014833, 0.5000000000000000000, -1.599999999999999423 ) ) ;
#5260 = FILL_AREA_STYLE ('',( #5164 ) ) ;
#5261 = EDGE_CURVE ( 'NONE', #4749, #206, #4775, .T. ) ;
#5262 = CARTESIAN_POINT ( 'NONE',  ( -2.161038878632571603, 0.9999999999999997780, 1.435046766094935089 ) ) ;
#5263 = VERTEX_POINT ( 'NONE', #3016 ) ;
#5264 = LINE ( 'NONE', #106, #5227 ) ;
#5265 = CARTESIAN_POINT ( 'NONE',  ( 2.190000000000000391, 1.239999999999999991, 1.020000000000000462 ) ) ;
#5266 = DIRECTION ( 'NONE',  ( -0.000000000000000000, -1.000000000000000000, -0.000000000000000000 ) ) ;
#5267 = CARTESIAN_POINT ( 'NONE',  ( 1.870000000000000773, 0.000000000000000000, 0.5999999999999992006 ) ) ;
#5268 = EDGE_LOOP ( 'NONE', ( #974, #3689, #3057, #6021 ) ) ;
#5269 = ORIENTED_EDGE ( 'NONE', *, *, #3054, .F. ) ;
#5270 = DIRECTION ( 'NONE',  ( 1.000000000000000000, 0.000000000000000000, -0.000000000000000000 ) ) ;
#5271 = VECTOR ( 'NONE', #4663, 1000.000000000000000 ) ;
#5272 = ORIENTED_EDGE ( 'NONE', *, *, #5108, .T. ) ;
#5273 = EDGE_CURVE ( 'NONE', #1836, #2917, #328, .T. ) ;
#5274 = DIRECTION ( 'NONE',  ( -0.000000000000000000, -1.000000000000000000, -0.000000000000000000 ) ) ;
#5275 = ORIENTED_EDGE ( 'NONE', *, *, #2052, .F. ) ;
#5276 = CARTESIAN_POINT ( 'NONE',  ( -2.499999999999997780, 0.8500000000000000888, -0.5499999999999983791 ) ) ;
#5277 = VERTEX_POINT ( 'NONE', #4421 ) ;
#5278 = AXIS2_PLACEMENT_3D ( 'NONE', #3767, #6373, #4316 ) ;
#5279 = DIRECTION ( 'NONE',  ( 0.000000000000000000, -0.000000000000000000, -1.000000000000000000 ) ) ;
#5280 = CARTESIAN_POINT ( 'NONE',  ( -1.170000000000005702, 0.000000000000000000, 0.5999999999999996447 ) ) ;
#5281 = PLANE ( 'NONE',  #6260 ) ;
#5282 = ORIENTED_EDGE ( 'NONE', *, *, #4674, .F. ) ;
#5283 = LINE ( 'NONE', #5106, #2934 ) ;
#5284 = VERTEX_POINT ( 'NONE', #5524 ) ;
#5285 = CIRCLE ( 'NONE', #2760, 0.1000000000000009076 ) ;
#5286 = EDGE_LOOP ( 'NONE', ( #6135, #3924 ) ) ;
#5287 = DIRECTION ( 'NONE',  ( 1.000000000000000000, -0.000000000000000000, 0.000000000000000000 ) ) ;
#5288 = DIRECTION ( 'NONE',  ( -0.000000000000000000, -1.000000000000000000, -0.000000000000000000 ) ) ;
#5289 = DIRECTION ( 'NONE',  ( -0.000000000000000000, -0.000000000000000000, -1.000000000000000000 ) ) ;
#5290 = FILL_AREA_STYLE ('',( #4650 ) ) ;
#5291 = VECTOR ( 'NONE', #4179, 1000.000000000000000 ) ;
#5292 = CARTESIAN_POINT ( 'NONE',  ( 2.299999999999999378, 1.000000000000000000, 1.599999999999999867 ) ) ;
#5293 = DIRECTION ( 'NONE',  ( 0.000000000000000000, 0.000000000000000000, -1.000000000000000000 ) ) ;
#5294 = AXIS2_PLACEMENT_3D ( 'NONE', #6353, #5308, #3279 ) ;
#5295 = ORIENTED_EDGE ( 'NONE', *, *, #3766, .T. ) ;
#5296 = CARTESIAN_POINT ( 'NONE',  ( -0.6700000000000007061, 0.000000000000000000, 1.099999999999999645 ) ) ;
#5297 = PRESENTATION_STYLE_ASSIGNMENT (( #4441 ) ) ;
#5298 = ADVANCED_FACE ( 'NONE', ( #280 ), #2061, .T. ) ;
#5299 = ORIENTED_EDGE ( 'NONE', *, *, #5769, .F. ) ;
#5300 = VECTOR ( 'NONE', #229, 1000.000000000000000 ) ;
#5301 = ORIENTED_EDGE ( 'NONE', *, *, #6666, .T. ) ;
#5302 = DIRECTION ( 'NONE',  ( 2.710505431213760099E-16, 0.000000000000000000, -1.000000000000000000 ) ) ;
#5303 = CIRCLE ( 'NONE', #3671, 0.09999999999999982514 ) ;
#5304 = EDGE_CURVE ( 'NONE', #2937, #220, #205, .T. ) ;
#5305 =( LENGTH_UNIT ( ) NAMED_UNIT ( * ) SI_UNIT ( .MILLI., .METRE. ) );
#5306 = ORIENTED_EDGE ( 'NONE', *, *, #2169, .F. ) ;
#5307 = LINE ( 'NONE', #1723, #889 ) ;
#5308 = DIRECTION ( 'NONE',  ( 0.000000000000000000, -0.000000000000000000, 1.000000000000000000 ) ) ;
#5309 = CARTESIAN_POINT ( 'NONE',  ( -0.6700000000000005951, 0.5000000000000000000, -1.599999999999999645 ) ) ;
#5310 = EDGE_CURVE ( 'NONE', #1617, #2128, #4695, .T. ) ;
#5311 = CARTESIAN_POINT ( 'NONE',  ( 1.870000000000001217, 0.5000000000000000000, -1.599999999999999201 ) ) ;
#5312 = PLANE ( 'NONE',  #4482 ) ;
#5313 = ORIENTED_EDGE ( 'NONE', *, *, #6279, .F. ) ;
#5314 = LINE ( 'NONE', #3297, #2988 ) ;
#5315 = VERTEX_POINT ( 'NONE', #4938 ) ;
#5316 = ADVANCED_FACE ( 'NONE', ( #4735 ), #4590, .F. ) ;
#5317 = AXIS2_PLACEMENT_3D ( 'NONE', #4791, #6538, #5473 ) ;
#5318 = ORIENTED_EDGE ( 'NONE', *, *, #4134, .T. ) ;
#5319 = DIRECTION ( 'NONE',  ( -0.000000000000000000, 1.000000000000000000, -0.000000000000000000 ) ) ;
#5320 = EDGE_LOOP ( 'NONE', ( #2818, #4548, #881, #5170 ) ) ;
#5321 = VECTOR ( 'NONE', #1324, 1000.000000000000000 ) ;
#5322 = EDGE_CURVE ( 'NONE', #4701, #3939, #225, .T. ) ;
#5323 = CARTESIAN_POINT ( 'NONE',  ( -1.870000000000000329, 0.5000000000000000000, -0.5999999999999996447 ) ) ;
#5324 = ORIENTED_EDGE ( 'NONE', *, *, #1275, .F. ) ;
#5325 = DIRECTION ( 'NONE',  ( 1.000000000000000000, 0.000000000000000000, 0.000000000000000000 ) ) ;
#5326 = FILL_AREA_STYLE ('',( #4731 ) ) ;
#5327 = AXIS2_PLACEMENT_3D ( 'NONE', #2003, #3551, #4045 ) ;
#5328 =( NAMED_UNIT ( * ) PLANE_ANGLE_UNIT ( ) SI_UNIT ( $, .RADIAN. ) );
#5329 = CARTESIAN_POINT ( 'NONE',  ( 2.319999999762651921, 0.9999999999999996669, -1.125013845556882330 ) ) ;
#5330 = ORIENTED_EDGE ( 'NONE', *, *, #2153, .F. ) ;
#5331 = COLOUR_RGB ( '',0.9686274509803921573, 0.8784313725490195957, 0.5999999999999999778 ) ;
#5332 = ORIENTED_EDGE ( 'NONE', *, *, #759, .T. ) ;
#5333 = ORIENTED_EDGE ( 'NONE', *, *, #4306, .F. ) ;
#5334 = VERTEX_POINT ( 'NONE', #3558 ) ;
#5335 = CARTESIAN_POINT ( 'NONE',  ( -1.920000000000000373, 1.100000000000000311, 1.020000000000000462 ) ) ;
#5336 = CARTESIAN_POINT ( 'NONE',  ( -0.6700000000000002620, -1.562049935181331506, -0.5999999999999997558 ) ) ;
#5337 = CARTESIAN_POINT ( 'NONE',  ( 1.870000000000001217, 0.000000000000000000, -1.599999999999999201 ) ) ;
#5338 = DIRECTION ( 'NONE',  ( -0.000000000000000000, 1.000000000000000000, -0.000000000000000000 ) ) ;
#5339 = DIRECTION ( 'NONE',  ( -1.000000000000000000, 0.000000000000000000, 1.495451272393800824E-15 ) ) ;
#5340 = VECTOR ( 'NONE', #1202, 1000.000000000000000 ) ;
#5341 = CARTESIAN_POINT ( 'NONE',  ( 2.399999999999998135, 0.2500000000000001110, -0.5499999999999988232 ) ) ;
#5342 = ORIENTED_EDGE ( 'NONE', *, *, #4190, .F. ) ;
#5343 = DIRECTION ( 'NONE',  ( -0.000000000000000000, -1.000000000000000000, -0.000000000000000000 ) ) ;
#5344 = ORIENTED_EDGE ( 'NONE', *, *, #123, .T. ) ;
#5345 = VERTEX_POINT ( 'NONE', #3880 ) ;
#5346 = ORIENTED_EDGE ( 'NONE', *, *, #3725, .F. ) ;
#5347 = VECTOR ( 'NONE', #3470, 1000.000000000000000 ) ;
#5348 = DIRECTION ( 'NONE',  ( 0.000000000000000000, 0.000000000000000000, 1.000000000000000000 ) ) ;
#5349 = ORIENTED_EDGE ( 'NONE', *, *, #2169, .T. ) ;
#5350 = SURFACE_STYLE_FILL_AREA ( #3417 ) ;
#5351 = CARTESIAN_POINT ( 'NONE',  ( 2.400000000000000799, 1.000000000000000000, -1.020000000000000018 ) ) ;
#5352 = DIRECTION ( 'NONE',  ( 0.000000000000000000, 0.000000000000000000, 1.000000000000000000 ) ) ;
#5353 = ADVANCED_FACE ( 'NONE', ( #4533 ), #305, .T. ) ;
#5354 = CARTESIAN_POINT ( 'NONE',  ( 2.499999999999998668, 0.8500000000000000888, -0.4499999999999990119 ) ) ;
#5355 = CARTESIAN_POINT ( 'NONE',  ( -2.320000000000000284, 1.069999999999999840, -0.3399999999999999134 ) ) ;
#5356 = ORIENTED_EDGE ( 'NONE', *, *, #1785, .T. ) ;
#5357 = VERTEX_POINT ( 'NONE', #6034 ) ;
#5358 = ORIENTED_EDGE ( 'NONE', *, *, #2428, .F. ) ;
#5359 = DIRECTION ( 'NONE',  ( -0.000000000000000000, -0.000000000000000000, 1.000000000000000000 ) ) ;
#5360 = CIRCLE ( 'NONE', #5560, 0.2000000000000003164 ) ;
#5361 = ORIENTED_EDGE ( 'NONE', *, *, #632, .F. ) ;
#5362 = CIRCLE ( 'NONE', #4931, 0.3999999999999999667 ) ;
#5363 = CARTESIAN_POINT ( 'NONE',  ( 1.559999999999999831, -1.562049935181331506, 1.499999999999999778 ) ) ;
#5364 = EDGE_LOOP ( 'NONE', ( #1188, #1539, #3462, #5871, #2982, #3728, #1583, #747, #1211 ) ) ;
#5365 = ORIENTED_EDGE ( 'NONE', *, *, #2038, .F. ) ;
#5366 = DIRECTION ( 'NONE',  ( -4.336808689942017736E-16, 0.000000000000000000, 1.000000000000000000 ) ) ;
#5367 = VERTEX_POINT ( 'NONE', #2438 ) ;
#5368 = ADVANCED_FACE ( 'NONE', ( #4662 ), #4649, .F. ) ;
#5369 = CARTESIAN_POINT ( 'NONE',  ( -2.300000000000000266, 0.2500000000000001110, 0.4499999999999987343 ) ) ;
#5370 = CARTESIAN_POINT ( 'NONE',  ( 2.399999999999998135, 0.8500000000000000888, -0.7499999999999995559 ) ) ;
#5371 = CARTESIAN_POINT ( 'NONE',  ( 2.399999999999999911, 0.2500000000000000000, -0.5499999999999988232 ) ) ;
#5372 = CARTESIAN_POINT ( 'NONE',  ( 1.920000000000000151, 0.9999999999999997780, -1.500000000000000000 ) ) ;
#5373 = PRODUCT_RELATED_PRODUCT_CATEGORY ( 'part', '', ( #1174 ) ) ;
#5374 = EDGE_CURVE ( 'NONE', #509, #5617, #251, .T. ) ;
#5375 = EDGE_LOOP ( 'NONE', ( #4433, #2903, #141, #2291 ) ) ;
#5376 = FACE_OUTER_BOUND ( 'NONE', #5061, .T. ) ;
#5377 = EDGE_LOOP ( 'NONE', ( #5655, #1478, #5773, #5272, #928, #6012, #4941, #2915 ) ) ;
#5378 = VERTEX_POINT ( 'NONE', #1448 ) ;
#5379 = EDGE_LOOP ( 'NONE', ( #3261, #5365, #1670, #1213 ) ) ;
#5380 = EDGE_CURVE ( 'NONE', #5492, #1613, #2518, .T. ) ;
#5381 = CARTESIAN_POINT ( 'NONE',  ( 1.920000000000000373, -4.290147056835873940, 1.020000000000000462 ) ) ;
#5382 = CARTESIAN_POINT ( 'NONE',  ( 1.920000000000000373, 1.149999999999999911, 1.350000000000000533 ) ) ;
#5383 = AXIS2_PLACEMENT_3D ( 'NONE', #5670, #5202, #4081 ) ;
#5384 = CARTESIAN_POINT ( 'NONE',  ( 2.400000000000000355, 1.000000000000000000, 1.020000000000000462 ) ) ;
#5385 = DIRECTION ( 'NONE',  ( 0.000000000000000000, 0.000000000000000000, 1.000000000000000000 ) ) ;
#5386 = CARTESIAN_POINT ( 'NONE',  ( -0.9800000000000004263, -1.562049935181331506, 1.499999999999998890 ) ) ;
#5387 = CARTESIAN_POINT ( 'NONE',  ( 2.387196363658718568, 0.9999999999999997780, 1.129776755169095592 ) ) ;
#5388 = CARTESIAN_POINT ( 'NONE',  ( 0.000000000000000000, 0.5000000000000000000, 0.000000000000000000 ) ) ;
#5389 = AXIS2_PLACEMENT_3D ( 'NONE', #4161, #5231, #577 ) ;
#5390 = ORIENTED_EDGE ( 'NONE', *, *, #837, .F. ) ;
#5391 = EDGE_LOOP ( 'NONE', ( #6589, #6299 ) ) ;
#5392 = EDGE_LOOP ( 'NONE', ( #4920, #4981, #2683, #5144, #2654, #4922 ) ) ;
#5393 = ORIENTED_EDGE ( 'NONE', *, *, #5650, .F. ) ;
#5394 = DIRECTION ( 'NONE',  ( -1.000000000000000000, 0.000000000000000000, 0.000000000000000000 ) ) ;
#5395 = ORIENTED_EDGE ( 'NONE', *, *, #3846, .T. ) ;
#5396 = LINE ( 'NONE', #4030, #3114 ) ;
#5397 = AXIS2_PLACEMENT_3D ( 'NONE', #2255, #285, #2955 ) ;
#5398 = DIRECTION ( 'NONE',  ( -0.000000000000000000, -1.000000000000000000, -0.000000000000000000 ) ) ;
#5399 = CARTESIAN_POINT ( 'NONE',  ( -2.399999999715159316, 0.9999999999999997780, -1.146016614668256217 ) ) ;
#5400 = DIRECTION ( 'NONE',  ( -0.000000000000000000, -1.000000000000000000, -0.000000000000000000 ) ) ;
#5401 = ORIENTED_EDGE ( 'NONE', *, *, #3183, .F. ) ;
#5402 = EDGE_LOOP ( 'NONE', ( #3439, #5424, #3299, #1271 ) ) ;
#5403 = ORIENTED_EDGE ( 'NONE', *, *, #2525, .F. ) ;
#5404 = DIRECTION ( 'NONE',  ( 1.000000000000000000, 0.000000000000000000, 2.710505431213760099E-16 ) ) ;
#5405 = AXIS2_PLACEMENT_3D ( 'NONE', #5552, #5266, #6018 ) ;
#5406 = EDGE_CURVE ( 'NONE', #6294, #660, #2440, .T. ) ;
#5407 = ORIENTED_EDGE ( 'NONE', *, *, #1764, .F. ) ;
#5408 = LINE ( 'NONE', #2732, #761 ) ;
#5409 = ADVANCED_FACE ( 'NONE', ( #2484 ), #2013, .F. ) ;
#5410 = CARTESIAN_POINT ( 'NONE',  ( 0.6400000000000001243, 1.069999999999999840, 1.420000000000000373 ) ) ;
#5411 = ORIENTED_EDGE ( 'NONE', *, *, #4349, .T. ) ;
#5412 = AXIS2_PLACEMENT_3D ( 'NONE', #2581, #2922, #3563 ) ;
#5413 = EDGE_LOOP ( 'NONE', ( #2884, #771, #1908, #2203 ) ) ;
#5414 = VERTEX_POINT ( 'NONE', #2482 ) ;
#5415 = DIRECTION ( 'NONE',  ( 0.000000000000000000, 0.000000000000000000, -1.000000000000000000 ) ) ;
#5416 = FACE_OUTER_BOUND ( 'NONE', #3541, .T. ) ;
#5417 = DIRECTION ( 'NONE',  ( -0.000000000000000000, 1.000000000000000000, 0.000000000000000000 ) ) ;
#5418 = CARTESIAN_POINT ( 'NONE',  ( 2.170553660484173086, 0.9999999999999997780, -1.448268849454899643 ) ) ;
#5419 = EDGE_CURVE ( 'NONE', #188, #4658, #2394, .T. ) ;
#5420 = ORIENTED_EDGE ( 'NONE', *, *, #4320, .F. ) ;
#5421 = LINE ( 'NONE', #2520, #5633 ) ;
#5422 = ORIENTED_EDGE ( 'NONE', *, *, #4391, .F. ) ;
#5423 = ORIENTED_EDGE ( 'NONE', *, *, #3634, .T. ) ;
#5424 = ORIENTED_EDGE ( 'NONE', *, *, #965, .T. ) ;
#5425 = ADVANCED_FACE ( 'NONE', ( #2419 ), #2668, .F. ) ;
#5426 = CARTESIAN_POINT ( 'NONE',  ( -2.499999999999999556, 1.000000000000000000, 1.599999999999999867 ) ) ;
#5427 = DIRECTION ( 'NONE',  ( -0.000000000000000000, 1.000000000000000000, -0.000000000000000000 ) ) ;
#5428 = CARTESIAN_POINT ( 'NONE',  ( 2.399999999999999911, 1.300000000000000044, -0.5499999999999988232 ) ) ;
#5429 = CARTESIAN_POINT ( 'NONE',  ( 2.500000000000000444, 0.000000000000000000, -0.4499999999999990119 ) ) ;
#5430 = DIRECTION ( 'NONE',  ( -0.000000000000000000, 1.000000000000000000, -0.000000000000000000 ) ) ;
#5431 = DIRECTION ( 'NONE',  ( 0.000000000000000000, 1.000000000000000000, 0.000000000000000000 ) ) ;
#5432 = EDGE_LOOP ( 'NONE', ( #726, #4614, #5332, #2718 ) ) ;
#5433 = LINE ( 'NONE', #4003, #1003 ) ;
#5434 = EDGE_CURVE ( 'NONE', #3315, #1189, #4640, .T. ) ;
#5435 = ORIENTED_EDGE ( 'NONE', *, *, #6279, .T. ) ;
#5436 = ORIENTED_EDGE ( 'NONE', *, *, #2462, .T. ) ;
#5437 = ORIENTED_EDGE ( 'NONE', *, *, #3589, .F. ) ;
#5438 = AXIS2_PLACEMENT_3D ( 'NONE', #3596, #613, #79 ) ;
#5439 = DIRECTION ( 'NONE',  ( -0.000000000000000000, -1.000000000000000000, -0.000000000000000000 ) ) ;
#5440 = CARTESIAN_POINT ( 'NONE',  ( -2.320000000000001172, 1.070000000000000062, 1.124719755119659714 ) ) ;
#5441 = ORIENTED_EDGE ( 'NONE', *, *, #2882, .T. ) ;
#5442 = LINE ( 'NONE', #5984, #3403 ) ;
#5443 = CARTESIAN_POINT ( 'NONE',  ( -2.500000000000000444, 0.8500000000000000888, 0.8499999999999985345 ) ) ;
#5444 = CARTESIAN_POINT ( 'NONE',  ( -1.920000000000000373, 0.9999999999999997780, -1.500000000000000222 ) ) ;
#5445 = EDGE_LOOP ( 'NONE', ( #2410, #2773, #5181, #4895 ) ) ;
#5446 = ORIENTED_EDGE ( 'NONE', *, *, #5564, .T. ) ;
#5447 = EDGE_CURVE ( 'NONE', #2990, #5141, #4721, .T. ) ;
#5448 = ORIENTED_EDGE ( 'NONE', *, *, #6561, .T. ) ;
#5449 = DIRECTION ( 'NONE',  ( 0.000000000000000000, 0.000000000000000000, 1.000000000000000000 ) ) ;
#5450 = CARTESIAN_POINT ( 'NONE',  ( -0.6399999999999996803, 0.9999999999999997780, 1.500000000000000444 ) ) ;
#5451 = EDGE_CURVE ( 'NONE', #3804, #5315, #2474, .T. ) ;
#5452 = ADVANCED_FACE ( 'NONE', ( #4707 ), #4821, .F. ) ;
#5453 = ORIENTED_EDGE ( 'NONE', *, *, #6485, .T. ) ;
#5454 = LINE ( 'NONE', #5174, #5608 ) ;
#5455 = DIRECTION ( 'NONE',  ( -0.000000000000000000, -1.000000000000000000, -0.000000000000000000 ) ) ;
#5456 = VERTEX_POINT ( 'NONE', #36 ) ;
#5457 = DIRECTION ( 'NONE',  ( 1.000000000000000000, 0.000000000000000000, 0.000000000000000000 ) ) ;
#5458 = ORIENTED_EDGE ( 'NONE', *, *, #5855, .T. ) ;
#5459 = DIRECTION ( 'NONE',  ( 0.000000000000000000, 0.000000000000000000, 1.000000000000000000 ) ) ;
#5460 = ORIENTED_EDGE ( 'NONE', *, *, #5419, .T. ) ;
#5461 = DIRECTION ( 'NONE',  ( 0.000000000000000000, 0.000000000000000000, 1.000000000000000000 ) ) ;
#5462 = EDGE_CURVE ( 'NONE', #376, #3910, #4936, .T. ) ;
#5463 = CARTESIAN_POINT ( 'NONE',  ( 2.276890707879068998, 1.069999999999999840, 1.228794717070170295 ) ) ;
#5464 = CARTESIAN_POINT ( 'NONE',  ( -1.799999999999999600, 1.289999999999999813, 0.8999999999999998002 ) ) ;
#5465 = PLANE ( 'NONE',  #1261 ) ;
#5466 = CARTESIAN_POINT ( 'NONE',  ( -2.499999999999999556, 1.300000000000000044, 0.5499999999999992673 ) ) ;
#5467 = EDGE_CURVE ( 'NONE', #5014, #670, #4928, .T. ) ;
#5468 = VERTEX_POINT ( 'NONE', #84 ) ;
#5469 = CYLINDRICAL_SURFACE ( 'NONE', #2677, 0.1000000000000009076 ) ;
#5470 = ADVANCED_FACE ( 'NONE', ( #2749 ), #2579, .F. ) ;
#5471 = VERTEX_POINT ( 'NONE', #4261 ) ;
#5472 = ORIENTED_EDGE ( 'NONE', *, *, #2802, .F. ) ;
#5473 = DIRECTION ( 'NONE',  ( 0.000000000000000000, 0.000000000000000000, 1.000000000000000000 ) ) ;
#5474 = MECHANICAL_DESIGN_GEOMETRIC_PRESENTATION_REPRESENTATION (  '', ( #3444 ), #5776 ) ;
#5475 = CARTESIAN_POINT ( 'NONE',  ( 0.6700000000000007061, 0.000000000000000000, 0.5999999999999995337 ) ) ;
#5476 = VECTOR ( 'NONE', #2509, 1000.000000000000000 ) ;
#5477 = CARTESIAN_POINT ( 'NONE',  ( 0.000000000000000000, 0.000000000000000000, 0.000000000000000000 ) ) ;
#5478 = DIRECTION ( 'NONE',  ( 0.000000000000000000, -1.000000000000000000, 0.000000000000000000 ) ) ;
#5479 = CARTESIAN_POINT ( 'NONE',  ( -2.399999999999998135, 0.2500000000000001110, -0.7499999999999991118 ) ) ;
#5480 = ORIENTED_EDGE ( 'NONE', *, *, #3448, .F. ) ;
#5481 = EDGE_CURVE ( 'NONE', #364, #5675, #4832, .T. ) ;
#5482 = LINE ( 'NONE', #4587, #5567 ) ;
#5483 = ORIENTED_EDGE ( 'NONE', *, *, #1587, .F. ) ;
#5484 = VERTEX_POINT ( 'NONE', #4206 ) ;
#5485 = ADVANCED_FACE ( 'NONE', ( #556 ), #2736, .F. ) ;
#5486 = AXIS2_PLACEMENT_3D ( 'NONE', #170, #2976, #3707 ) ;
#5487 = CARTESIAN_POINT ( 'NONE',  ( 2.300000000000000266, 0.8500000000000000888, 0.4499999999999989564 ) ) ;
#5488 = ORIENTED_EDGE ( 'NONE', *, *, #2561, .T. ) ;
#5489 = VECTOR ( 'NONE', #5688, 1000.000000000000000 ) ;
#5490 = DIRECTION ( 'NONE',  ( -1.000000000000000000, -0.000000000000000000, -0.000000000000000000 ) ) ;
#5491 = DIRECTION ( 'NONE',  ( 0.000000000000000000, 0.000000000000000000, -1.000000000000000000 ) ) ;
#5492 = VERTEX_POINT ( 'NONE', #5815 ) ;
#5493 = ORIENTED_EDGE ( 'NONE', *, *, #4360, .F. ) ;
#5494 = EDGE_CURVE ( 'NONE', #1103, #3772, #2679, .T. ) ;
#5495 = DIRECTION ( 'NONE',  ( -0.000000000000000000, -1.000000000000000000, -0.000000000000000000 ) ) ;
#5496 = ORIENTED_EDGE ( 'NONE', *, *, #402, .F. ) ;
#5497 = LINE ( 'NONE', #4149, #3374 ) ;
#5498 = DIRECTION ( 'NONE',  ( -1.000000000000000000, 0.000000000000000000, 0.000000000000000000 ) ) ;
#5499 = ORIENTED_EDGE ( 'NONE', *, *, #6500, .T. ) ;
#5500 = ORIENTED_EDGE ( 'NONE', *, *, #3637, .F. ) ;
#5501 = AXIS2_PLACEMENT_3D ( 'NONE', #4085, #6186, #4612 ) ;
#5502 = PRODUCT_DEFINITION_SHAPE ( 'NONE', 'NONE',  #4119 ) ;
#5503 = DIRECTION ( 'NONE',  ( -0.000000000000000000, 1.000000000000000000, -0.000000000000000000 ) ) ;
#5504 = CARTESIAN_POINT ( 'NONE',  ( -2.320000000000000284, 1.069999999999999840, -1.020000000000000018 ) ) ;
#5505 = DIRECTION ( 'NONE',  ( 0.000000000000000000, 0.000000000000000000, -1.000000000000000000 ) ) ;
#5506 = DIRECTION ( 'NONE',  ( 0.000000000000000000, 0.000000000000000000, 1.000000000000000000 ) ) ;
#5507 = DIRECTION ( 'NONE',  ( 0.000000000000000000, 0.000000000000000000, -1.000000000000000000 ) ) ;
#5508 = VERTEX_POINT ( 'NONE', #4675 ) ;
#5509 = LINE ( 'NONE', #1444, #1183 ) ;
#5510 = ORIENTED_EDGE ( 'NONE', *, *, #873, .T. ) ;
#5511 = CARTESIAN_POINT ( 'NONE',  ( -0.8799999999999990052, 0.5000000000000000000, 1.599999999999999645 ) ) ;
#5512 = CARTESIAN_POINT ( 'NONE',  ( 2.250000000000000444, -4.290147056835873940, 1.020000000000000462 ) ) ;
#5513 = LINE ( 'NONE', #4577, #3313 ) ;
#5514 = CARTESIAN_POINT ( 'NONE',  ( -2.499999999999999556, 0.000000000000000000, 1.399999999999999467 ) ) ;
#5515 = EDGE_CURVE ( 'NONE', #657, #1195, #4840, .T. ) ;
#5516 = DIRECTION ( 'NONE',  ( -1.000000000000000000, 0.000000000000000000, 0.000000000000000000 ) ) ;
#5517 = CARTESIAN_POINT ( 'NONE',  ( -1.559999999999999831, 1.300000000000000044, 1.499999999999999778 ) ) ;
#5518 =( GEOMETRIC_REPRESENTATION_CONTEXT ( 3 ) GLOBAL_UNCERTAINTY_ASSIGNED_CONTEXT ( ( #5214 ) ) GLOBAL_UNIT_ASSIGNED_CONTEXT ( ( #975, #289, #4496 ) ) REPRESENTATION_CONTEXT ( 'NONE', 'WORKASPACE' ) );
#5519 = ORIENTED_EDGE ( 'NONE', *, *, #2265, .T. ) ;
#5520 = VECTOR ( 'NONE', #4983, 1000.000000000000000 ) ;
#5521 = ADVANCED_FACE ( 'NONE', ( #396 ), #2277, .F. ) ;
#5522 = CARTESIAN_POINT ( 'NONE',  ( 1.920000000000000373, 1.149999999999999911, 1.020000000000000462 ) ) ;
#5523 = ORIENTED_EDGE ( 'NONE', *, *, #5759, .F. ) ;
#5524 = CARTESIAN_POINT ( 'NONE',  ( 0.6700000000000014833, 0.000000000000000000, -1.599999999999999423 ) ) ;
#5525 = CARTESIAN_POINT ( 'NONE',  ( -2.299999999999997602, 0.000000000000000000, -1.600000000000000311 ) ) ;
#5526 = ORIENTED_EDGE ( 'NONE', *, *, #1711, .F. ) ;
#5527 = VECTOR ( 'NONE', #2188, 1000.000000000000000 ) ;
#5528 = SURFACE_STYLE_USAGE ( .BOTH. , #259 ) ;
#5529 = DIRECTION ( 'NONE',  ( -1.000000000000000000, 0.000000000000000000, 4.336808689942017736E-16 ) ) ;
#5530 = ORIENTED_EDGE ( 'NONE', *, *, #4237, .T. ) ;
#5531 = CARTESIAN_POINT ( 'NONE',  ( 0.9800000000000004263, -1.562049935181331506, -1.499999999999998890 ) ) ;
#5532 = CARTESIAN_POINT ( 'NONE',  ( 2.399999999999998135, 0.8500000000000000888, -0.7499999999999995559 ) ) ;
#5533 = CARTESIAN_POINT ( 'NONE',  ( 2.300000000000000266, 0.2500000000000001110, 0.4499999999999989564 ) ) ;
#5534 = AXIS2_PLACEMENT_3D ( 'NONE', #1880, #2414, #5584 ) ;
#5535 = ORIENTED_EDGE ( 'NONE', *, *, #4319, .F. ) ;
#5536 = LINE ( 'NONE', #977, #5520 ) ;
#5537 = DIRECTION ( 'NONE',  ( -0.000000000000000000, 1.000000000000000000, 0.000000000000000000 ) ) ;
#5538 = CARTESIAN_POINT ( 'NONE',  ( 2.500000000000000444, 0.000000000000000000, 0.4499999999999990119 ) ) ;
#5539 = PLANE ( 'NONE',  #3508 ) ;
#5540 = ORIENTED_EDGE ( 'NONE', *, *, #4033, .T. ) ;
#5541 = EDGE_CURVE ( 'NONE', #2436, #67, #4919, .T. ) ;
#5542 = CARTESIAN_POINT ( 'NONE',  ( 2.128794717070169540, 1.069999999999999840, 1.376890707879069087 ) ) ;
#5543 = EDGE_CURVE ( 'NONE', #3254, #1629, #4977, .T. ) ;
#5544 = CARTESIAN_POINT ( 'NONE',  ( 0.6700000000000007061, -1.562049935181331506, 0.5999999999999995337 ) ) ;
#5545 = ORIENTED_EDGE ( 'NONE', *, *, #4423, .T. ) ;
#5546 = FACE_OUTER_BOUND ( 'NONE', #941, .T. ) ;
#5547 = AXIS2_PLACEMENT_3D ( 'NONE', #5363, #6314, #5777 ) ;
#5548 = UNCERTAINTY_MEASURE_WITH_UNIT (LENGTH_MEASURE( 1.000000000000000082E-05 ), #4297, 'distance_accuracy_value', 'NONE');
#5549 = ORIENTED_EDGE ( 'NONE', *, *, #4544, .F. ) ;
#5550 = CARTESIAN_POINT ( 'NONE',  ( 2.400000000000000355, 1.000000000000000000, 1.020000000000000462 ) ) ;
#5551 = VERTEX_POINT ( 'NONE', #5228 ) ;
#5552 = CARTESIAN_POINT ( 'NONE',  ( -1.559999999999999831, 1.300000000000000044, -1.599999999999999867 ) ) ;
#5553 = DIRECTION ( 'NONE',  ( 0.000000000000000000, 0.000000000000000000, -1.000000000000000000 ) ) ;
#5554 = DIRECTION ( 'NONE',  ( -0.000000000000000000, -1.000000000000000000, -0.000000000000000000 ) ) ;
#5555 = ADVANCED_FACE ( 'NONE', ( #2625 ), #482, .F. ) ;
#5556 = EDGE_CURVE ( 'NONE', #3274, #6158, #428, .T. ) ;
#5557 = CARTESIAN_POINT ( 'NONE',  ( -2.499999999999997780, 0.8500000000000000888, -0.5499999999999983791 ) ) ;
#5558 = ORIENTED_EDGE ( 'NONE', *, *, #3665, .F. ) ;
#5559 = CARTESIAN_POINT ( 'NONE',  ( -2.190000000000000391, 1.300000000000000044, -1.020000000000000240 ) ) ;
#5560 = AXIS2_PLACEMENT_3D ( 'NONE', #635, #2548, #6139 ) ;
#5561 = EDGE_LOOP ( 'NONE', ( #1420, #6352, #1520, #2009 ) ) ;
#5562 = ORIENTED_EDGE ( 'NONE', *, *, #3466, .T. ) ;
#5563 = DIRECTION ( 'NONE',  ( 0.000000000000000000, 1.000000000000000000, 0.000000000000000000 ) ) ;
#5564 = EDGE_CURVE ( 'NONE', #5378, #401, #4951, .T. ) ;
#5565 = CARTESIAN_POINT ( 'NONE',  ( 2.499999999999999556, 1.000000000000000000, 1.599999999999999867 ) ) ;
#5566 = ORIENTED_EDGE ( 'NONE', *, *, #2882, .F. ) ;
#5567 = VECTOR ( 'NONE', #426, 1000.000000000000000 ) ;
#5568 = ADVANCED_FACE ( 'NONE', ( #4786 ), #1697, .F. ) ;
#5569 = CARTESIAN_POINT ( 'NONE',  ( -2.128794717070160214, 1.069999999999999840, -1.376890707879078413 ) ) ;
#5570 = ORIENTED_EDGE ( 'NONE', *, *, #1137, .T. ) ;
#5571 = DIRECTION ( 'NONE',  ( 0.000000000000000000, 0.000000000000000000, 1.000000000000000000 ) ) ;
#5572 = DIRECTION ( 'NONE',  ( -1.000000000000000000, 0.000000000000000000, 0.000000000000000000 ) ) ;
#5573 = CARTESIAN_POINT ( 'NONE',  ( -1.559999999999999831, -1.562049935181331506, -1.499999999999999778 ) ) ;
#5574 = ORIENTED_EDGE ( 'NONE', *, *, #2372, .F. ) ;
#5575 = ORIENTED_EDGE ( 'NONE', *, *, #2074, .F. ) ;
#5576 = CIRCLE ( 'NONE', #4437, 0.3500000000000000333 ) ;
#5577 = EDGE_CURVE ( 'NONE', #3817, #2671, #560, .T. ) ;
#5578 = DIRECTION ( 'NONE',  ( -0.000000000000000000, -1.000000000000000000, -0.000000000000000000 ) ) ;
#5579 = CARTESIAN_POINT ( 'NONE',  ( 2.300000000000000266, 0.8500000000000000888, 0.8499999999999989786 ) ) ;
#5580 = ORIENTED_EDGE ( 'NONE', *, *, #17, .F. ) ;
#5581 = PLANE ( 'NONE',  #1903 ) ;
#5582 = CARTESIAN_POINT ( 'NONE',  ( 1.660000000000000586, 1.300000000000000044, -1.600000000000000311 ) ) ;
#5583 = ORIENTED_EDGE ( 'NONE', *, *, #1504, .T. ) ;
#5584 = DIRECTION ( 'NONE',  ( 0.000000000000000000, 0.000000000000000000, -1.000000000000000000 ) ) ;
#5585 = CARTESIAN_POINT ( 'NONE',  ( -2.499999999999999556, 0.000000000000000000, 0.4499999999999994560 ) ) ;
#5586 = DIRECTION ( 'NONE',  ( 0.000000000000000000, 0.000000000000000000, -1.000000000000000000 ) ) ;
#5587 = ORIENTED_EDGE ( 'NONE', *, *, #6603, .T. ) ;
#5588 = CYLINDRICAL_SURFACE ( 'NONE', #2118, 0.1499999999999999667 ) ;
#5589 = ORIENTED_EDGE ( 'NONE', *, *, #4394, .T. ) ;
#5590 = CARTESIAN_POINT ( 'NONE',  ( -2.399999999999998135, 0.2500000000000000555, -0.7499999999999991118 ) ) ;
#5591 = ORIENTED_EDGE ( 'NONE', *, *, #1105, .T. ) ;
#5592 = AXIS2_PLACEMENT_3D ( 'NONE', #3460, #919, #2330 ) ;
#5593 = DIRECTION ( 'NONE',  ( -1.000000000000000000, 0.000000000000000000, 0.000000000000000000 ) ) ;
#5594 = DIRECTION ( 'NONE',  ( 4.336808689942017736E-16, 0.000000000000000000, 1.000000000000000000 ) ) ;
#5595 = DIRECTION ( 'NONE',  ( 0.000000000000000000, 0.000000000000000000, -1.000000000000000000 ) ) ;
#5596 = DIRECTION ( 'NONE',  ( 0.000000000000000000, 0.000000000000000000, -1.000000000000000000 ) ) ;
#5597 = VERTEX_POINT ( 'NONE', #3802 ) ;
#5598 = VECTOR ( 'NONE', #1951, 1000.000000000000000 ) ;
#5599 = CARTESIAN_POINT ( 'NONE',  ( -1.870000000000000329, 0.5000000000000000000, -1.599999999999999645 ) ) ;
#5600 = EDGE_LOOP ( 'NONE', ( #1340, #1956, #3288, #1347, #1144, #4102 ) ) ;
#5601 = EDGE_CURVE ( 'NONE', #5191, #2012, #352, .T. ) ;
#5602 = ORIENTED_EDGE ( 'NONE', *, *, #1215, .T. ) ;
#5603 = ADVANCED_FACE ( 'NONE', ( #449 ), #2453, .F. ) ;
#5604 = EDGE_CURVE ( 'NONE', #4816, #1446, #519, .T. ) ;
#5605 = DIRECTION ( 'NONE',  ( 1.000000000000000000, 0.000000000000000000, 0.000000000000000000 ) ) ;
#5606 = PLANE ( 'NONE',  #3027 ) ;
#5607 = ORIENTED_EDGE ( 'NONE', *, *, #5467, .F. ) ;
#5608 = VECTOR ( 'NONE', #3152, 1000.000000000000000 ) ;
#5609 = EDGE_CURVE ( 'NONE', #3118, #5414, #407, .T. ) ;
#5610 = ORIENTED_EDGE ( 'NONE', *, *, #470, .F. ) ;
#5611 = PLANE ( 'NONE',  #6157 ) ;
#5612 = CARTESIAN_POINT ( 'NONE',  ( -1.799999999999999600, 1.289999999999999813, 1.049999999999999822 ) ) ;
#5613 = AXIS2_PLACEMENT_3D ( 'NONE', #5051, #957, #4959 ) ;
#5614 = ORIENTED_EDGE ( 'NONE', *, *, #3111, .F. ) ;
#5615 = ORIENTED_EDGE ( 'NONE', *, *, #2561, .F. ) ;
#5616 = CARTESIAN_POINT ( 'NONE',  ( -2.299999999999997602, 1.300000000000000044, -1.600000000000000311 ) ) ;
#5617 = VERTEX_POINT ( 'NONE', #404 ) ;
#5618 = LINE ( 'NONE', #1208, #3365 ) ;
#5619 = DIRECTION ( 'NONE',  ( 0.000000000000000000, 0.000000000000000000, -1.000000000000000000 ) ) ;
#5620 = ADVANCED_FACE ( 'NONE', ( #342 ), #384, .F. ) ;
#5621 = CARTESIAN_POINT ( 'NONE',  ( -2.399999999999999911, 1.300000000000000044, 0.5499999999999992673 ) ) ;
#5622 = DIRECTION ( 'NONE',  ( -4.336808689942017736E-16, 0.000000000000000000, -1.000000000000000000 ) ) ;
#5623 = EDGE_CURVE ( 'NONE', #4816, #6046, #2590, .T. ) ;
#5624 = ORIENTED_EDGE ( 'NONE', *, *, #1886, .T. ) ;
#5625 = DIRECTION ( 'NONE',  ( 0.000000000000000000, 1.000000000000000000, 0.000000000000000000 ) ) ;
#5626 = DIRECTION ( 'NONE',  ( -0.000000000000000000, -0.000000000000000000, -1.000000000000000000 ) ) ;
#5627 = ORIENTED_EDGE ( 'NONE', *, *, #4338, .T. ) ;
#5628 = ORIENTED_EDGE ( 'NONE', *, *, #468, .T. ) ;
#5629 = DIRECTION ( 'NONE',  ( -0.000000000000000000, 0.000000000000000000, 1.000000000000000000 ) ) ;
#5630 = AXIS2_PLACEMENT_3D ( 'NONE', #3536, #1928, #1001 ) ;
#5631 = DIRECTION ( 'NONE',  ( -1.000000000000000000, 0.000000000000000000, 0.000000000000000000 ) ) ;
#5632 = ORIENTED_EDGE ( 'NONE', *, *, #5901, .F. ) ;
#5633 = VECTOR ( 'NONE', #3477, 1000.000000000000000 ) ;
#5634 = AXIS2_PLACEMENT_3D ( 'NONE', #6438, #508, #970 ) ;
#5635 = EDGE_CURVE ( 'NONE', #6134, #4220, #416, .T. ) ;
#5636 = ORIENTED_EDGE ( 'NONE', *, *, #4693, .F. ) ;
#5637 = CARTESIAN_POINT ( 'NONE',  ( 2.320000000000000284, 1.069999999999999840, 1.124719755119660158 ) ) ;
#5638 = ORIENTED_EDGE ( 'NONE', *, *, #6606, .T. ) ;
#5639 = ORIENTED_EDGE ( 'NONE', *, *, #95, .F. ) ;
#5640 = CARTESIAN_POINT ( 'NONE',  ( 2.299999999999998490, 0.2500000000000001110, -0.8499999999999989786 ) ) ;
#5641 = DIRECTION ( 'NONE',  ( -1.000000000000000000, 0.000000000000000000, 0.000000000000000000 ) ) ;
#5642 = AXIS2_PLACEMENT_3D ( 'NONE', #3083, #1158, #1041 ) ;
#5643 = DIRECTION ( 'NONE',  ( -0.000000000000000000, -1.000000000000000000, -0.000000000000000000 ) ) ;
#5644 = FILL_AREA_STYLE ('',( #77 ) ) ;
#5645 = ORIENTED_EDGE ( 'NONE', *, *, #3557, .F. ) ;
#5646 = ORIENTED_EDGE ( 'NONE', *, *, #6335, .F. ) ;
#5647 = ORIENTED_EDGE ( 'NONE', *, *, #3394, .T. ) ;
#5648 = ORIENTED_EDGE ( 'NONE', *, *, #913, .F. ) ;
#5649 =( BOUNDED_CURVE ( )  B_SPLINE_CURVE ( 2, ( #2786, #2307, #647 ),
 .UNSPECIFIED., .F., .F. ) 
 B_SPLINE_CURVE_WITH_KNOTS ( ( 3, 3 ),
 ( 0.000000000000000000, 1.000000000000000000 ),
 .UNSPECIFIED. ) 
 CURVE ( )  GEOMETRIC_REPRESENTATION_ITEM ( )  RATIONAL_B_SPLINE_CURVE ( ( 1.000000000000000000, 0.7071067811865475727, 1.000000000000000000 ) ) 
 REPRESENTATION_ITEM ( '' )  );
#5650 = EDGE_CURVE ( 'NONE', #781, #3929, #2636, .T. ) ;
#5651 = CARTESIAN_POINT ( 'NONE',  ( -2.499999999999999556, 1.300000000000000044, -0.4499999999999994560 ) ) ;
#5652 = CARTESIAN_POINT ( 'NONE',  ( -2.500000000000000444, 0.8500000000000000888, 0.8499999999999985345 ) ) ;
#5653 = ORIENTED_EDGE ( 'NONE', *, *, #5971, .F. ) ;
#5654 = CARTESIAN_POINT ( 'NONE',  ( 2.499999999999998668, 0.2500000000000000555, -0.4499999999999990119 ) ) ;
#5655 = ORIENTED_EDGE ( 'NONE', *, *, #6008, .T. ) ;
#5656 = DIRECTION ( 'NONE',  ( -0.000000000000000000, -0.000000000000000000, -1.000000000000000000 ) ) ;
#5657 = CARTESIAN_POINT ( 'NONE',  ( 1.559999999999999831, 1.300000000000000044, -1.499999999999999778 ) ) ;
#5658 = CARTESIAN_POINT ( 'NONE',  ( -0.6700000000000005951, 0.000000000000000000, 1.599999999999999645 ) ) ;
#5659 = VERTEX_POINT ( 'NONE', #5048 ) ;
#5660 = VERTEX_POINT ( 'NONE', #4398 ) ;
#5661 = EDGE_CURVE ( 'NONE', #2890, #188, #2650, .T. ) ;
#5662 = ADVANCED_FACE ( 'NONE', ( #435 ), #4892, .F. ) ;
#5663 = CARTESIAN_POINT ( 'NONE',  ( 1.660000000000000586, 0.000000000000000000, 1.599999999999999201 ) ) ;
#5664 = AXIS2_PLACEMENT_3D ( 'NONE', #6593, #3011, #6635 ) ;
#5665 = ORIENTED_EDGE ( 'NONE', *, *, #2136, .T. ) ;
#5666 = CARTESIAN_POINT ( 'NONE',  ( -2.399999999999998135, 0.8500000000000000888, -0.5499999999999983791 ) ) ;
#5667 = ORIENTED_EDGE ( 'NONE', *, *, #4807, .F. ) ;
#5668 = ORIENTED_EDGE ( 'NONE', *, *, #2229, .F. ) ;
#5669 = VERTEX_POINT ( 'NONE', #2800 ) ;
#5670 = CARTESIAN_POINT ( 'NONE',  ( 1.920000000000000373, 1.239999999999999769, 1.020000000000000462 ) ) ;
#5671 = CARTESIAN_POINT ( 'NONE',  ( 1.870000000000001217, 0.000000000000000000, 1.599999999999999201 ) ) ;
#5672 = CARTESIAN_POINT ( 'NONE',  ( -1.920000000000000373, 1.100000000000000311, 1.370000000000000551 ) ) ;
#5673 = PLANE ( 'NONE',  #3153 ) ;
#5674 = EDGE_CURVE ( 'NONE', #2098, #5277, #5803, .T. ) ;
#5675 = VERTEX_POINT ( 'NONE', #2324 ) ;
#5676 = LINE ( 'NONE', #1193, #5760 ) ;
#5677 = AXIS2_PLACEMENT_3D ( 'NONE', #4181, #2551, #2084 ) ;
#5678 = ADVANCED_FACE ( 'NONE', ( #4904 ), #3847, .F. ) ;
#5679 = ORIENTED_EDGE ( 'NONE', *, *, #5674, .F. ) ;
#5680 = DIRECTION ( 'NONE',  ( 0.000000000000000000, 0.000000000000000000, 1.000000000000000000 ) ) ;
#5681 = ORIENTED_EDGE ( 'NONE', *, *, #3287, .F. ) ;
#5682 = VERTEX_POINT ( 'NONE', #6467 ) ;
#5683 = SURFACE_SIDE_STYLE ('',( #6313 ) ) ;
#5684 = DIRECTION ( 'NONE',  ( -0.000000000000000000, 1.000000000000000000, 0.000000000000000000 ) ) ;
#5685 = CARTESIAN_POINT ( 'NONE',  ( 1.870000000000001217, 0.000000000000000000, -1.599999999999999201 ) ) ;
#5686 = EDGE_CURVE ( 'NONE', #3414, #3118, #460, .T. ) ;
#5687 = ORIENTED_EDGE ( 'NONE', *, *, #4052, .T. ) ;
#5688 = DIRECTION ( 'NONE',  ( -4.336808689942017736E-16, 0.000000000000000000, 1.000000000000000000 ) ) ;
#5689 = ORIENTED_EDGE ( 'NONE', *, *, #3427, .T. ) ;
#5690 = EDGE_CURVE ( 'NONE', #4701, #3274, #471, .T. ) ;
#5691 = EDGE_LOOP ( 'NONE', ( #3188, #5446, #5899, #1185 ) ) ;
#5692 = ORIENTED_EDGE ( 'NONE', *, *, #2634, .F. ) ;
#5693 = AXIS2_PLACEMENT_3D ( 'NONE', #5265, #2140, #3705 ) ;
#5694 = CARTESIAN_POINT ( 'NONE',  ( 2.499999999999997780, 0.8500000000000000888, -0.7499999999999991118 ) ) ;
#5695 = CARTESIAN_POINT ( 'NONE',  ( 1.660000000000000586, -1.562049935181331506, -1.599999999999999201 ) ) ;
#5696 = ORIENTED_EDGE ( 'NONE', *, *, #909, .F. ) ;
#5697 = VECTOR ( 'NONE', #3075, 1000.000000000000000 ) ;
#5698 = AXIS2_PLACEMENT_3D ( 'NONE', #98, #2163, #3215 ) ;
#5699 = ORIENTED_EDGE ( 'NONE', *, *, #5577, .F. ) ;
#5700 = DIRECTION ( 'NONE',  ( -1.000000000000000000, 0.000000000000000000, 0.000000000000000000 ) ) ;
#5701 = CARTESIAN_POINT ( 'NONE',  ( 0.9799999999999999822, 1.300000000000000044, 1.599999999999999867 ) ) ;
#5702 = ORIENTED_EDGE ( 'NONE', *, *, #3310, .T. ) ;
#5703 = ORIENTED_EDGE ( 'NONE', *, *, #4217, .F. ) ;
#5704 = EDGE_CURVE ( 'NONE', #472, #4686, #6030, .T. ) ;
#5705 = EDGE_CURVE ( 'NONE', #2073, #101, #6044, .T. ) ;
#5706 = CARTESIAN_POINT ( 'NONE',  ( 2.499999999999999556, 0.8500000000000000888, 0.5499999999999988232 ) ) ;
#5707 = CARTESIAN_POINT ( 'NONE',  ( 1.920000000000000373, -4.290147056835873940, 1.350000000000000533 ) ) ;
#5708 = CARTESIAN_POINT ( 'NONE',  ( -2.399999999859316446, 1.000000000000000000, 1.082222472633197041 ) ) ;
#5709 = AXIS2_PLACEMENT_3D ( 'NONE', #354, #4854, #2490 ) ;
#5710 = ORIENTED_EDGE ( 'NONE', *, *, #312, .T. ) ;
#5711 = CARTESIAN_POINT ( 'NONE',  ( 2.299999999999998490, 0.2500000000000001110, -0.4499999999999989564 ) ) ;
#5712 = CARTESIAN_POINT ( 'NONE',  ( 2.299999999999998490, 0.8500000000000000888, -0.4499999999999989564 ) ) ;
#5713 = VERTEX_POINT ( 'NONE', #4957 ) ;
#5714 = ORIENTED_EDGE ( 'NONE', *, *, #6033, .F. ) ;
#5715 = DIRECTION ( 'NONE',  ( 0.000000000000000000, -0.000000000000000000, 1.000000000000000000 ) ) ;
#5716 = CARTESIAN_POINT ( 'NONE',  ( 2.170553660484195735, 0.9999999999999997780, 1.448268849454891205 ) ) ;
#5717 = DIRECTION ( 'NONE',  ( -0.000000000000000000, 1.000000000000000000, -0.000000000000000000 ) ) ;
#5718 = DIRECTION ( 'NONE',  ( 0.000000000000000000, 1.000000000000000000, 0.000000000000000000 ) ) ;
#5719 = AXIS2_PLACEMENT_3D ( 'NONE', #4880, #5427, #6486 ) ;
#5720 = DIRECTION ( 'NONE',  ( -1.000000000000000000, 0.000000000000000000, -2.710505431213761085E-16 ) ) ;
#5721 = ADVANCED_FACE ( 'NONE', ( #3844 ), #3801, .F. ) ;
#5722 = EDGE_CURVE ( 'NONE', #2672, #80, #1690, .T. ) ;
#5723 = FACE_OUTER_BOUND ( 'NONE', #3917, .T. ) ;
#5724 = ORIENTED_EDGE ( 'NONE', *, *, #2802, .T. ) ;
#5725 = VERTEX_POINT ( 'NONE', #1581 ) ;
#5726 = VERTEX_POINT ( 'NONE', #2028 ) ;
#5727 = DIRECTION ( 'NONE',  ( 0.000000000000000000, 1.000000000000000000, 0.000000000000000000 ) ) ;
#5728 = CARTESIAN_POINT ( 'NONE',  ( 0.6700000000000014833, -1.562049935181331506, -1.599999999999999423 ) ) ;
#5729 = CYLINDRICAL_SURFACE ( 'NONE', #5095, 0.1000000000000009076 ) ;
#5730 = ADVANCED_FACE ( 'NONE', ( #3814 ), #3882, .F. ) ;
#5731 = EDGE_CURVE ( 'NONE', #6237, #2073, #1568, .T. ) ;
#5732 = CARTESIAN_POINT ( 'NONE',  ( 0.000000000000000000, 0.000000000000000000, 0.000000000000000000 ) ) ;
#5733 = ORIENTED_EDGE ( 'NONE', *, *, #5124, .F. ) ;
#5734 = ORIENTED_EDGE ( 'NONE', *, *, #1005, .F. ) ;
#5735 = ORIENTED_EDGE ( 'NONE', *, *, #1790, .F. ) ;
#5736 = CARTESIAN_POINT ( 'NONE',  ( -1.870000000000000329, 0.5000000000000000000, -0.5999999999999996447 ) ) ;
#5737 = DIRECTION ( 'NONE',  ( -0.000000000000000000, -1.000000000000000000, -0.000000000000000000 ) ) ;
#5738 = CARTESIAN_POINT ( 'NONE',  ( -2.300000000000000266, 0.2500000000000000555, 0.4499999999999987343 ) ) ;
#5739 = EDGE_CURVE ( 'NONE', #5508, #6536, #6122, .T. ) ;
#5740 = ORIENTED_EDGE ( 'NONE', *, *, #2142, .T. ) ;
#5741 = CARTESIAN_POINT ( 'NONE',  ( -2.399999999999998135, 0.2500000000000001110, -0.7499999999999991118 ) ) ;
#5742 = DIRECTION ( 'NONE',  ( 0.000000000000000000, 0.000000000000000000, 1.000000000000000000 ) ) ;
#5743 = CARTESIAN_POINT ( 'NONE',  ( -2.499999999999999556, 1.000000000000000000, -0.8499999999999994227 ) ) ;
#5744 = ORIENTED_EDGE ( 'NONE', *, *, #4002, .F. ) ;
#5745 = ORIENTED_EDGE ( 'NONE', *, *, #1425, .T. ) ;
#5746 =( GEOMETRIC_REPRESENTATION_CONTEXT ( 3 ) GLOBAL_UNCERTAINTY_ASSIGNED_CONTEXT ( ( #2149 ) ) GLOBAL_UNIT_ASSIGNED_CONTEXT ( ( #4964, #5966, #1126 ) ) REPRESENTATION_CONTEXT ( 'NONE', 'WORKASPACE' ) );
#5747 = CARTESIAN_POINT ( 'NONE',  ( -1.660000000000000808, 0.5000000000000000000, 1.599999999999999645 ) ) ;
#5748 = FACE_OUTER_BOUND ( 'NONE', #2365, .T. ) ;
#5749 = CARTESIAN_POINT ( 'NONE',  ( -1.870000000000000329, 0.5000000000000000000, 0.5999999999999996447 ) ) ;
#5750 = ORIENTED_EDGE ( 'NONE', *, *, #258, .F. ) ;
#5751 = DIRECTION ( 'NONE',  ( 1.000000000000000000, 0.000000000000000000, -2.710505431213760099E-16 ) ) ;
#5752 = CLOSED_SHELL ( 'NONE', ( #4138, #5425, #5730, #6641, #1696, #2692, #3865, #3555, #4072, #2162 ) ) ;
#5753 = EDGE_LOOP ( 'NONE', ( #5734, #815, #5349, #2900 ) ) ;
#5754 = CARTESIAN_POINT ( 'NONE',  ( -2.499999999999999556, 0.000000000000000000, -0.8499999999999994227 ) ) ;
#5755 = DIRECTION ( 'NONE',  ( 0.000000000000000000, 0.000000000000000000, 1.000000000000000000 ) ) ;
#5756 = AXIS2_PLACEMENT_3D ( 'NONE', #3884, #213, #755 ) ;
#5757 = DIRECTION ( 'NONE',  ( -0.000000000000000000, -1.000000000000000000, -0.000000000000000000 ) ) ;
#5758 = DIRECTION ( 'NONE',  ( 1.000000000000000000, 0.000000000000000000, 0.000000000000000000 ) ) ;
#5759 = EDGE_CURVE ( 'NONE', #1747, #1411, #1580, .T. ) ;
#5760 = VECTOR ( 'NONE', #4684, 1000.000000000000000 ) ;
#5761 = ORIENTED_EDGE ( 'NONE', *, *, #3111, .T. ) ;
#5762 = CARTESIAN_POINT ( 'NONE',  ( -1.919999999999999929, 1.000000000000000000, 1.500000000000000444 ) ) ;
#5763 = AXIS2_PLACEMENT_3D ( 'NONE', #4633, #5737, #2110 ) ;
#5764 = VERTEX_POINT ( 'NONE', #5198 ) ;
#5765 = ORIENTED_EDGE ( 'NONE', *, *, #3756, .T. ) ;
#5766 = CARTESIAN_POINT ( 'NONE',  ( -2.499999999999999556, 1.300000000000000044, 0.7499999999999995559 ) ) ;
#5767 = ADVANCED_FACE ( 'NONE', ( #3726 ), #6226, .F. ) ;
#5768 = CARTESIAN_POINT ( 'NONE',  ( -1.920000000000000373, 1.239999999999999769, -1.349999999999999645 ) ) ;
#5769 = EDGE_CURVE ( 'NONE', #6043, #1968, #3918, .T. ) ;
#5770 = LINE ( 'NONE', #262, #5823 ) ;
#5771 = DIRECTION ( 'NONE',  ( 0.000000000000000000, 1.000000000000000000, 0.000000000000000000 ) ) ;
#5772 = EDGE_CURVE ( 'NONE', #5060, #4174, #6257, .T. ) ;
#5773 = ORIENTED_EDGE ( 'NONE', *, *, #6223, .T. ) ;
#5774 = ORIENTED_EDGE ( 'NONE', *, *, #69, .F. ) ;
#5775 = ORIENTED_EDGE ( 'NONE', *, *, #368, .F. ) ;
#5776 =( GEOMETRIC_REPRESENTATION_CONTEXT ( 3 ) GLOBAL_UNCERTAINTY_ASSIGNED_CONTEXT ( ( #510 ) ) GLOBAL_UNIT_ASSIGNED_CONTEXT ( ( #5305, #4708, #6398 ) ) REPRESENTATION_CONTEXT ( 'NONE', 'WORKASPACE' ) );
#5777 = DIRECTION ( 'NONE',  ( -1.000000000000000000, 0.000000000000000000, -1.495451272393800824E-15 ) ) ;
#5778 = LINE ( 'NONE', #4216, #5848 ) ;
#5779 = DIRECTION ( 'NONE',  ( -1.000000000000000000, 0.000000000000000000, -0.000000000000000000 ) ) ;
#5780 = VERTEX_POINT ( 'NONE', #490 ) ;
#5781 = CARTESIAN_POINT ( 'NONE',  ( -2.024719755119659848, 1.070000000000000062, -1.419999999999999929 ) ) ;
#5782 = DIRECTION ( 'NONE',  ( 0.000000000000000000, 0.000000000000000000, 1.000000000000000000 ) ) ;
#5783 = EDGE_CURVE ( 'NONE', #2407, #5219, #6100, .T. ) ;
#5784 = CARTESIAN_POINT ( 'NONE',  ( -2.500000000000000444, 0.2500000000000001110, 0.8499999999999985345 ) ) ;
#5785 = VERTEX_POINT ( 'NONE', #6177 ) ;
#5786 = VERTEX_POINT ( 'NONE', #3172 ) ;
#5787 = AXIS2_PLACEMENT_3D ( 'NONE', #3821, #4371, #4881 ) ;
#5788 = VECTOR ( 'NONE', #5998, 1000.000000000000000 ) ;
#5789 = CARTESIAN_POINT ( 'NONE',  ( -1.660000000000000808, -1.562049935181331506, 1.599999999999999645 ) ) ;
#5790 = CARTESIAN_POINT ( 'NONE',  ( 2.499999999999999556, 0.2500000000000000555, 0.5499999999999988232 ) ) ;
#5791 = DIRECTION ( 'NONE',  ( -1.000000000000000000, 0.000000000000000000, -1.495451272393800824E-15 ) ) ;
#5792 = EDGE_LOOP ( 'NONE', ( #534, #465, #2640, #4778 ) ) ;
#5793 = VERTEX_POINT ( 'NONE', #1199 ) ;
#5794 = PLANE ( 'NONE',  #6284 ) ;
#5795 = CARTESIAN_POINT ( 'NONE',  ( 2.172900014217280518, 1.000000000000000000, 1.427876530883329886 ) ) ;
#5796 = DIRECTION ( 'NONE',  ( -0.000000000000000000, -1.000000000000000000, -0.000000000000000000 ) ) ;
#5797 = CARTESIAN_POINT ( 'NONE',  ( -2.499999999999999556, 1.000000000000000000, 1.599999999999999867 ) ) ;
#5798 = CARTESIAN_POINT ( 'NONE',  ( 1.870000000000001217, 0.5000000000000000000, 1.599999999999999201 ) ) ;
#5799 = DIRECTION ( 'NONE',  ( 1.000000000000000000, -0.000000000000000000, 0.000000000000000000 ) ) ;
#5800 = ORIENTED_EDGE ( 'NONE', *, *, #4651, .F. ) ;
#5801 = ORIENTED_EDGE ( 'NONE', *, *, #2813, .T. ) ;
#5802 = CARTESIAN_POINT ( 'NONE',  ( -1.799999999999999600, 1.300000000000000044, 1.049999999999999822 ) ) ;
#5803 = B_SPLINE_CURVE_WITH_KNOTS ( 'NONE', 3,
 ( #6005, #4864, #5410, #1787 ),
 .UNSPECIFIED., .F., .F.,
 ( 4, 4 ),
 ( 0.000000000000000000, 1.000000000000000000 ),
 .UNSPECIFIED. ) ;
#5804 = DIRECTION ( 'NONE',  ( 0.000000000000000000, 1.000000000000000000, 0.000000000000000000 ) ) ;
#5805 = EDGE_CURVE ( 'NONE', #1114, #6057, #6141, .T. ) ;
#5806 = CARTESIAN_POINT ( 'NONE',  ( -2.499999999999998668, 0.2500000000000000555, -0.4499999999999987899 ) ) ;
#5807 = CARTESIAN_POINT ( 'NONE',  ( -2.499999999999999556, 1.300000000000000044, 1.399999999999999467 ) ) ;
#5808 = DIRECTION ( 'NONE',  ( 0.000000000000000000, 0.000000000000000000, -1.000000000000000000 ) ) ;
#5809 = VECTOR ( 'NONE', #1967, 1000.000000000000000 ) ;
#5810 = DIRECTION ( 'NONE',  ( -0.000000000000000000, 1.000000000000000000, -0.000000000000000000 ) ) ;
#5811 = ORIENTED_EDGE ( 'NONE', *, *, #3592, .T. ) ;
#5812 = ORIENTED_EDGE ( 'NONE', *, *, #425, .T. ) ;
#5813 = ADVANCED_FACE ( 'NONE', ( #3907 ), #4690, .F. ) ;
#5814 = EDGE_CURVE ( 'NONE', #1227, #6611, #1625, .T. ) ;
#5815 = CARTESIAN_POINT ( 'NONE',  ( 0.8799999999999994493, 0.000000000000000000, -1.599999999999999423 ) ) ;
#5816 = FILL_AREA_STYLE_COLOUR ( '', #6595 ) ;
#5817 = CARTESIAN_POINT ( 'NONE',  ( -0.9800000000000004263, 0.000000000000000000, -1.499999999999998890 ) ) ;
#5818 = AXIS2_PLACEMENT_3D ( 'NONE', #5942, #4375, #3351 ) ;
#5819 = CARTESIAN_POINT ( 'NONE',  ( 2.270000000000000462, 1.100000000000000311, 1.020000000000000462 ) ) ;
#5820 = ORIENTED_EDGE ( 'NONE', *, *, #3654, .F. ) ;
#5821 = EDGE_LOOP ( 'NONE', ( #796, #1106, #2963, #2962 ) ) ;
#5822 = EDGE_CURVE ( 'NONE', #5345, #5060, #6017, .T. ) ;
#5823 = VECTOR ( 'NONE', #803, 1000.000000000000000 ) ;
#5824 = ADVANCED_FACE ( 'NONE', ( #5975 ), #4604, .F. ) ;
#5825 = CARTESIAN_POINT ( 'NONE',  ( 2.118858151580769622, 1.000000000000000000, -1.456640858415505724 ) ) ;
#5826 = AXIS2_PLACEMENT_3D ( 'NONE', #3750, #4815, #5352 ) ;
#5827 = DIRECTION ( 'NONE',  ( -1.000000000000000000, 0.000000000000000000, -0.000000000000000000 ) ) ;
#5828 = PLANE ( 'NONE',  #3597 ) ;
#5829 = ORIENTED_EDGE ( 'NONE', *, *, #5236, .T. ) ;
#5830 = ORIENTED_EDGE ( 'NONE', *, *, #2493, .T. ) ;
#5831 = CARTESIAN_POINT ( 'NONE',  ( 2.320000000000000284, 1.069999999999999840, -1.020000000000000018 ) ) ;
#5832 = DIRECTION ( 'NONE',  ( 0.000000000000000000, -0.000000000000000000, -1.000000000000000000 ) ) ;
#5833 = CARTESIAN_POINT ( 'NONE',  ( -1.660000000000000586, -1.562049935181331506, -1.599999999999999645 ) ) ;
#5834 = EDGE_CURVE ( 'NONE', #5177, #452, #5955, .T. ) ;
#5835 = CARTESIAN_POINT ( 'NONE',  ( 0.6700000000000014833, 0.000000000000000000, 1.599999999999999423 ) ) ;
#5836 = FACE_OUTER_BOUND ( 'NONE', #1471, .T. ) ;
#5837 = AXIS2_PLACEMENT_3D ( 'NONE', #5565, #6599, #2486 ) ;
#5838 = ORIENTED_EDGE ( 'NONE', *, *, #4272, .F. ) ;
#5839 = ORIENTED_EDGE ( 'NONE', *, *, #1120, .F. ) ;
#5840 = EDGE_CURVE ( 'NONE', #1891, #6661, #5987, .T. ) ;
#5841 = DIRECTION ( 'NONE',  ( 0.000000000000000000, 0.000000000000000000, -1.000000000000000000 ) ) ;
#5842 =( BOUNDED_CURVE ( )  B_SPLINE_CURVE ( 2, ( #4853, #1224, #1686 ),
 .UNSPECIFIED., .F., .F. ) 
 B_SPLINE_CURVE_WITH_KNOTS ( ( 3, 3 ),
 ( 0.000000000000000000, 1.000000000000000000 ),
 .UNSPECIFIED. ) 
 CURVE ( )  GEOMETRIC_REPRESENTATION_ITEM ( )  RATIONAL_B_SPLINE_CURVE ( ( 1.000000000000000000, 0.7071067811865475727, 1.000000000000000000 ) ) 
 REPRESENTATION_ITEM ( '' )  );
#5843 = CARTESIAN_POINT ( 'NONE',  ( -2.300000000000000266, 0.2500000000000001110, 0.8499999999999985345 ) ) ;
#5844 = CARTESIAN_POINT ( 'NONE',  ( -1.920000000000000373, 1.100000000000000311, -1.020000000000000240 ) ) ;
#5845 = EDGE_CURVE ( 'NONE', #2837, #2595, #1516, .T. ) ;
#5846 = CARTESIAN_POINT ( 'NONE',  ( 1.870000000000001217, 0.5000000000000000000, -1.599999999999999201 ) ) ;
#5847 = CARTESIAN_POINT ( 'NONE',  ( -2.320000000000000728, 1.069999999999999840, 0.3400000000000003575 ) ) ;
#5848 = VECTOR ( 'NONE', #6643, 1000.000000000000000 ) ;
#5849 = CARTESIAN_POINT ( 'NONE',  ( -1.920000000000000373, 1.069999999999999840, 1.420000000000000373 ) ) ;
#5850 = AXIS2_PLACEMENT_3D ( 'NONE', #5336, #6332, #4324 ) ;
#5851 = VERTEX_POINT ( 'NONE', #540 ) ;
#5852 = EDGE_LOOP ( 'NONE', ( #5243, #3107, #2217, #3061 ) ) ;
#5853 = UNCERTAINTY_MEASURE_WITH_UNIT (LENGTH_MEASURE( 1.000000000000000082E-05 ), #2756, 'distance_accuracy_value', 'NONE');
#5854 = CARTESIAN_POINT ( 'NONE',  ( 2.499999999999998668, 0.2500000000000000555, -0.8499999999999989786 ) ) ;
#5855 = EDGE_CURVE ( 'NONE', #5669, #2671, #3738, .T. ) ;
#5856 = DIRECTION ( 'NONE',  ( 0.000000000000000000, -1.000000000000000000, -0.000000000000000000 ) ) ;
#5857 = PRESENTATION_STYLE_ASSIGNMENT (( #3530 ) ) ;
#5858 = DIRECTION ( 'NONE',  ( -0.000000000000000000, -1.000000000000000000, -0.000000000000000000 ) ) ;
#5859 = CARTESIAN_POINT ( 'NONE',  ( -2.499999999999999556, 1.300000000000000044, -0.8499999999999994227 ) ) ;
#5860 = AXIS2_PLACEMENT_3D ( 'NONE', #3129, #5625, #3615 ) ;
#5861 = DIRECTION ( 'NONE',  ( 0.000000000000000000, 0.000000000000000000, -1.000000000000000000 ) ) ;
#5862 = VERTEX_POINT ( 'NONE', #2495 ) ;
#5863 = ORIENTED_EDGE ( 'NONE', *, *, #1608, .F. ) ;
#5864 = PRESENTATION_LAYER_ASSIGNMENT (  '', '', ( #3242 ) ) ;
#5865 = SURFACE_STYLE_FILL_AREA ( #922 ) ;
#5866 = EDGE_CURVE ( 'NONE', #3373, #5357, #6154, .T. ) ;
#5867 = DIRECTION ( 'NONE',  ( -0.000000000000000000, 1.000000000000000000, -0.000000000000000000 ) ) ;
#5868 = CARTESIAN_POINT ( 'NONE',  ( -2.499999999999999556, 1.000000000000000000, -0.4499999999999994560 ) ) ;
#5869 = B_SPLINE_CURVE_WITH_KNOTS ( 'NONE', 3,
 ( #3262, #192, #6437, #5973, #4923, #2904, #281, #5825, #3731, #730, #2252, #2856, #330, #4367, #2292, #4275, #927, #827, #780, #3425, #3382, #1402, #2772, #2819, #3343, #2378 ),
 .UNSPECIFIED., .F., .F.,
 ( 4, 2, 2, 2, 2, 2, 2, 2, 2, 2, 2, 2, 4 ),
 ( 0.000000000000000000, 0.1249999999999985290, 0.1874999999999985845, 0.2499999999999986677, 0.3124999999999987788, 0.3749999999999987788, 0.4374999999999988343, 0.4999999999999988898, 0.5624999999999988898, 0.6249999999999990008, 0.6874999999999990008, 0.7499999999999990008, 1.000000000000000000 ),
 .UNSPECIFIED. ) ;
#5870 = DIRECTION ( 'NONE',  ( 0.000000000000000000, 0.000000000000000000, -1.000000000000000000 ) ) ;
#5871 = ORIENTED_EDGE ( 'NONE', *, *, #2481, .T. ) ;
#5872 = EDGE_LOOP ( 'NONE', ( #409, #2629, #4835, #2583, #522, #2680, #2902, #557 ) ) ;
#5873 = CARTESIAN_POINT ( 'NONE',  ( 0.9800000000000004263, 1.000000000000000000, -1.499999999999998890 ) ) ;
#5874 = CARTESIAN_POINT ( 'NONE',  ( 2.356640858415487205, 0.9999999999999997780, 1.218858151580775262 ) ) ;
#5875 = CARTESIAN_POINT ( 'NONE',  ( -1.870000000000000329, 0.5000000000000000000, 0.5999999999999996447 ) ) ;
#5876 = CARTESIAN_POINT ( 'NONE',  ( -2.400000000000000799, 0.9999999999999997780, 1.019999999999999574 ) ) ;
#5877 = PRESENTATION_STYLE_ASSIGNMENT (( #2199 ) ) ;
#5878 = ADVANCED_FACE ( 'NONE', ( #5964 ), #1537, .F. ) ;
#5879 = EDGE_CURVE ( 'NONE', #6661, #807, #6000, .T. ) ;
#5880 = VERTEX_POINT ( 'NONE', #5936 ) ;
#5881 = ORIENTED_EDGE ( 'NONE', *, *, #620, .F. ) ;
#5882 = CARTESIAN_POINT ( 'NONE',  ( -1.799999999999999600, 1.289999999999999813, 0.7499999999999996669 ) ) ;
#5883 = DIRECTION ( 'NONE',  ( 0.000000000000000000, 0.000000000000000000, 1.000000000000000000 ) ) ;
#5884 = CARTESIAN_POINT ( 'NONE',  ( -0.8799999999999990052, 0.5000000000000000000, 1.599999999999999645 ) ) ;
#5885 = DIRECTION ( 'NONE',  ( 1.000000000000000000, 0.000000000000000000, -5.646886315028668105E-17 ) ) ;
#5886 = DIRECTION ( 'NONE',  ( 0.000000000000000000, 0.000000000000000000, 1.000000000000000000 ) ) ;
#5887 = LINE ( 'NONE', #2812, #1489 ) ;
#5888 = CARTESIAN_POINT ( 'NONE',  ( -2.172900014217256537, 1.000000000000000000, -1.427876530883341433 ) ) ;
#5889 = DIRECTION ( 'NONE',  ( -1.000000000000000000, 0.000000000000000000, 0.000000000000000000 ) ) ;
#5890 = EDGE_LOOP ( 'NONE', ( #4087, #4009, #1745, #1528, #6463, #3948, #3957, #2106 ) ) ;
#5891 = VERTEX_POINT ( 'NONE', #5511 ) ;
#5892 = PRESENTATION_LAYER_ASSIGNMENT (  '', '', ( #6565 ) ) ;
#5893 = CARTESIAN_POINT ( 'NONE',  ( -2.499999999999998668, 0.8500000000000000888, -0.4499999999999987899 ) ) ;
#5894 = CARTESIAN_POINT ( 'NONE',  ( 0.6700000000000014833, 0.5000000000000000000, -1.599999999999999423 ) ) ;
#5895 = VECTOR ( 'NONE', #6529, 1000.000000000000000 ) ;
#5896 = CARTESIAN_POINT ( 'NONE',  ( 0.8799999999999994493, 1.300000000000000044, -1.600000000000000311 ) ) ;
#5897 = DIRECTION ( 'NONE',  ( -0.000000000000000000, 1.000000000000000000, 0.000000000000000000 ) ) ;
#5898 = DIRECTION ( 'NONE',  ( -0.000000000000000000, 1.000000000000000000, 0.000000000000000000 ) ) ;
#5899 = ORIENTED_EDGE ( 'NONE', *, *, #1447, .T. ) ;
#5900 = VERTEX_POINT ( 'NONE', #4410 ) ;
#5901 = EDGE_CURVE ( 'NONE', #5471, #657, #6112, .T. ) ;
#5902 = CARTESIAN_POINT ( 'NONE',  ( -2.499999999999999556, 0.000000000000000000, 1.599999999999999867 ) ) ;
#5903 = AXIS2_PLACEMENT_3D ( 'NONE', #5217, #4666, #2099 ) ;
#5904 = CARTESIAN_POINT ( 'NONE',  ( 0.6700000000000014833, -1.562049935181331506, -1.599999999999999423 ) ) ;
#5905 = ORIENTED_EDGE ( 'NONE', *, *, #6295, .T. ) ;
#5906 = EDGE_LOOP ( 'NONE', ( #2105, #411, #4846, #355, #4956, #2178 ) ) ;
#5907 = CARTESIAN_POINT ( 'NONE',  ( -1.559999999999999831, 1.000000000000000000, -1.599999999999999867 ) ) ;
#5908 = CARTESIAN_POINT ( 'NONE',  ( -0.6700000000000005951, 0.000000000000000000, -1.599999999999999645 ) ) ;
#5909 = AXIS2_PLACEMENT_3D ( 'NONE', #1011, #1940, #461 ) ;
#5910 = ADVANCED_FACE ( 'NONE', ( #1614 ), #875, .F. ) ;
#5911 = CIRCLE ( 'NONE', #3474, 0.1000000000000009076 ) ;
#5912 = EDGE_CURVE ( 'NONE', #4898, #4399, #5869, .T. ) ;
#5913 = EDGE_CURVE ( 'NONE', #273, #5315, #1523, .T. ) ;
#5914 = VERTEX_POINT ( 'NONE', #1251 ) ;
#5915 = ORIENTED_EDGE ( 'NONE', *, *, #3654, .T. ) ;
#5916 = DIRECTION ( 'NONE',  ( -0.000000000000000000, -1.000000000000000000, -0.000000000000000000 ) ) ;
#5917 = AXIS2_PLACEMENT_3D ( 'NONE', #6616, #6650, #450 ) ;
#5918 = DIRECTION ( 'NONE',  ( 2.168404344971008868E-16, -0.000000000000000000, -1.000000000000000000 ) ) ;
#5919 = DIRECTION ( 'NONE',  ( -5.646886315028674268E-17, 0.000000000000000000, -1.000000000000000000 ) ) ;
#5920 = ADVANCED_FACE ( 'NONE', ( #3781 ), #1550, .F. ) ;
#5921 = DIRECTION ( 'NONE',  ( -1.495451272393800824E-15, 0.000000000000000000, 1.000000000000000000 ) ) ;
#5922 = B_SPLINE_CURVE_WITH_KNOTS ( 'NONE', 3,
 ( #3190, #1596, #2656, #5762 ),
 .UNSPECIFIED., .F., .F.,
 ( 4, 4 ),
 ( 0.000000000000000000, 1.000000000000000000 ),
 .UNSPECIFIED. ) ;
#5923 = ORIENTED_EDGE ( 'NONE', *, *, #3310, .F. ) ;
#5924 = VERTEX_POINT ( 'NONE', #1368 ) ;
#5925 = DIRECTION ( 'NONE',  ( 0.000000000000000000, -0.000000000000000000, 1.000000000000000000 ) ) ;
#5926 = DIRECTION ( 'NONE',  ( 0.000000000000000000, -1.000000000000000000, 0.000000000000000000 ) ) ;
#5927 = AXIS2_PLACEMENT_3D ( 'NONE', #6200, #2516, #3514 ) ;
#5928 = CARTESIAN_POINT ( 'NONE',  ( -2.499999999999999556, 0.000000000000000000, -1.600000000000000311 ) ) ;
#5929 = CARTESIAN_POINT ( 'NONE',  ( -1.799999999999999600, 1.300000000000000044, 0.8999999999999998002 ) ) ;
#5930 = DIRECTION ( 'NONE',  ( 1.000000000000000000, 0.000000000000000000, 0.000000000000000000 ) ) ;
#5931 = CARTESIAN_POINT ( 'NONE',  ( 0.6700000000000007061, 0.5000000000000000000, -0.5999999999999995337 ) ) ;
#5932 = CARTESIAN_POINT ( 'NONE',  ( 2.499999999999997780, 1.000000000000000000, -1.599999999999999867 ) ) ;
#5933 = ORIENTED_EDGE ( 'NONE', *, *, #3354, .T. ) ;
#5934 = VERTEX_POINT ( 'NONE', #3912 ) ;
#5935 = LINE ( 'NONE', #4831, #3769 ) ;
#5936 = CARTESIAN_POINT ( 'NONE',  ( -2.499999999999998668, 0.8500000000000000888, -0.4499999999999987899 ) ) ;
#5937 = VERTEX_POINT ( 'NONE', #4446 ) ;
#5938 = VERTEX_POINT ( 'NONE', #4836 ) ;
#5939 = DIRECTION ( 'NONE',  ( 0.000000000000000000, 0.000000000000000000, -1.000000000000000000 ) ) ;
#5940 = ADVANCED_FACE ( 'NONE', ( #3748 ), #3770, .F. ) ;
#5941 = CARTESIAN_POINT ( 'NONE',  ( 2.397193095762540249, 0.9999999999999997780, 1.081548495694781620 ) ) ;
#5942 = CARTESIAN_POINT ( 'NONE',  ( -0.9800000000000004263, 0.5000000000000000000, -1.599999999999999867 ) ) ;
#5943 = LINE ( 'NONE', #348, #1509 ) ;
#5944 = EDGE_CURVE ( 'NONE', #2804, #1034, #3833, .T. ) ;
#5945 = PRESENTATION_LAYER_ASSIGNMENT (  '', '', ( #1851 ) ) ;
#5946 = ORIENTED_EDGE ( 'NONE', *, *, #3212, .T. ) ;
#5947 = ORIENTED_EDGE ( 'NONE', *, *, #110, .T. ) ;
#5948 = CARTESIAN_POINT ( 'NONE',  ( 2.500000000000000444, 1.000000000000000000, 1.599999999999999867 ) ) ;
#5949 = LINE ( 'NONE', #390, #1643 ) ;
#5950 = CARTESIAN_POINT ( 'NONE',  ( -1.920000000000000373, -4.290147056835873940, 1.350000000000000311 ) ) ;
#5951 = ADVANCED_FACE ( 'NONE', ( #6079 ), #3860, .T. ) ;
#5952 = CARTESIAN_POINT ( 'NONE',  ( 0.000000000000000000, 0.000000000000000000, 0.000000000000000000 ) ) ;
#5953 = CIRCLE ( 'NONE', #506, 0.2000000000000003164 ) ;
#5954 = CARTESIAN_POINT ( 'NONE',  ( -2.328095699438970545, 1.000000000000000000, -1.272835227157012028 ) ) ;
#5955 = LINE ( 'NONE', #4221, #6068 ) ;
#5956 = ORIENTED_EDGE ( 'NONE', *, *, #6206, .F. ) ;
#5957 = EDGE_LOOP ( 'NONE', ( #3674, #3359, #3708, #1009 ) ) ;
#5958 = LINE ( 'NONE', #5487, #1563 ) ;
#5959 = DIRECTION ( 'NONE',  ( 0.000000000000000000, 0.000000000000000000, 1.000000000000000000 ) ) ;
#5960 = DIRECTION ( 'NONE',  ( 0.000000000000000000, 0.000000000000000000, 1.000000000000000000 ) ) ;
#5961 = VECTOR ( 'NONE', #4407, 1000.000000000000000 ) ;
#5962 = ADVANCED_FACE ( 'NONE', ( #6089 ), #978, .F. ) ;
#5963 = EDGE_CURVE ( 'NONE', #2012, #4004, #1102, .T. ) ;
#5964 = FACE_OUTER_BOUND ( 'NONE', #4304, .T. ) ;
#5965 = CARTESIAN_POINT ( 'NONE',  ( -2.300000000000000266, 0.8500000000000000888, 0.4499999999999987343 ) ) ;
#5966 =( NAMED_UNIT ( * ) PLANE_ANGLE_UNIT ( ) SI_UNIT ( $, .RADIAN. ) );
#5967 = CARTESIAN_POINT ( 'NONE',  ( -2.399999999999999911, 0.2500000000000001110, 0.7499999999999991118 ) ) ;
#5968 = ORIENTED_EDGE ( 'NONE', *, *, #3963, .T. ) ;
#5969 = ORIENTED_EDGE ( 'NONE', *, *, #4079, .F. ) ;
#5970 = CYLINDRICAL_SURFACE ( 'NONE', #4396, 0.09999999999999982514 ) ;
#5971 = EDGE_CURVE ( 'NONE', #3816, #2827, #899, .T. ) ;
#5972 = VECTOR ( 'NONE', #4966, 1000.000000000000000 ) ;
#5973 = CARTESIAN_POINT ( 'NONE',  ( 2.029776755169093949, 0.9999999999999995559, -1.487196363658730647 ) ) ;
#5974 = AXIS2_PLACEMENT_3D ( 'NONE', #3668, #1171, #119 ) ;
#5975 = FACE_OUTER_BOUND ( 'NONE', #1579, .T. ) ;
#5976 = DIRECTION ( 'NONE',  ( -0.000000000000000000, 1.000000000000000000, -0.000000000000000000 ) ) ;
#5977 = CARTESIAN_POINT ( 'NONE',  ( 2.500000000000000444, 0.000000000000000000, 1.599999999999999867 ) ) ;
#5978 = ORIENTED_EDGE ( 'NONE', *, *, #66, .F. ) ;
#5979 = VERTEX_POINT ( 'NONE', #1438 ) ;
#5980 = DIRECTION ( 'NONE',  ( -1.000000000000000000, 0.000000000000000000, 2.168404344971008868E-16 ) ) ;
#5981 = DIRECTION ( 'NONE',  ( 0.000000000000000000, 0.000000000000000000, -1.000000000000000000 ) ) ;
#5982 = LINE ( 'NONE', #1861, #3974 ) ;
#5983 = EDGE_CURVE ( 'NONE', #3753, #2815, #5513, .T. ) ;
#5984 = CARTESIAN_POINT ( 'NONE',  ( -2.499999999999998668, 0.8500000000000000888, -0.8499999999999985345 ) ) ;
#5985 = EDGE_CURVE ( 'NONE', #5938, #41, #912, .T. ) ;
#5986 = FACE_OUTER_BOUND ( 'NONE', #785, .T. ) ;
#5987 = LINE ( 'NONE', #2076, #1659 ) ;
#5988 = AXIS2_PLACEMENT_3D ( 'NONE', #1429, #2499, #5461 ) ;
#5989 = ORIENTED_EDGE ( 'NONE', *, *, #4338, .F. ) ;
#5990 = ORIENTED_EDGE ( 'NONE', *, *, #5995, .T. ) ;
#5991 = VECTOR ( 'NONE', #1567, 1000.000000000000000 ) ;
#5992 = CARTESIAN_POINT ( 'NONE',  ( -2.499999999999999556, 1.000000000000000000, 1.599999999999999867 ) ) ;
#5993 = CARTESIAN_POINT ( 'NONE',  ( 2.499999999999998668, 0.8500000000000000888, -0.4499999999999990119 ) ) ;
#5994 = CARTESIAN_POINT ( 'NONE',  ( 1.920000000000000373, 1.239999999999999769, -1.020000000000000018 ) ) ;
#5995 = EDGE_CURVE ( 'NONE', #1189, #877, #3986, .T. ) ;
#5996 = CARTESIAN_POINT ( 'NONE',  ( -1.560000000000000053, 0.5000000000000000000, 1.599999999999999867 ) ) ;
#5997 = EDGE_CURVE ( 'NONE', #3610, #2457, #6215, .T. ) ;
#5998 = DIRECTION ( 'NONE',  ( -0.000000000000000000, -1.000000000000000000, -0.000000000000000000 ) ) ;
#5999 = B_SPLINE_CURVE_WITH_KNOTS ( 'NONE', 3,
 ( #3941, #1042, #1878, #2366 ),
 .UNSPECIFIED., .F., .F.,
 ( 4, 4 ),
 ( 0.000000000000000000, 1.000000000000000000 ),
 .UNSPECIFIED. ) ;
#6000 = LINE ( 'NONE', #4974, #3713 ) ;
#6001 = EDGE_LOOP ( 'NONE', ( #5448, #1986, #4280, #995 ) ) ;
#6002 = ORIENTED_EDGE ( 'NONE', *, *, #156, .T. ) ;
#6003 = CIRCLE ( 'NONE', #2699, 0.09999999999999982514 ) ;
#6004 = ADVANCED_FACE ( 'NONE', ( #1500 ), #1597, .T. ) ;
#6005 = CARTESIAN_POINT ( 'NONE',  ( -1.920000000000000373, 1.069999999999999840, 1.420000000000000373 ) ) ;
#6006 = CARTESIAN_POINT ( 'NONE',  ( -2.270000000000000906, 1.149999999999999911, 1.020000000000000462 ) ) ;
#6007 = LINE ( 'NONE', #6621, #1566 ) ;
#6008 = EDGE_CURVE ( 'NONE', #3253, #1870, #3818, .T. ) ;
#6009 = CARTESIAN_POINT ( 'NONE',  ( 1.920000000000000151, 1.000000000000000000, 1.500000000000000444 ) ) ;
#6010 = DIRECTION ( 'NONE',  ( -1.000000000000000000, 0.000000000000000000, 0.000000000000000000 ) ) ;
#6011 = DIRECTION ( 'NONE',  ( 1.000000000000000000, 0.000000000000000000, -2.710505431213761085E-16 ) ) ;
#6012 = ORIENTED_EDGE ( 'NONE', *, *, #5273, .F. ) ;
#6013 = VERTEX_POINT ( 'NONE', #6109 ) ;
#6014 = LINE ( 'NONE', #6066, #3719 ) ;
#6015 = FACE_OUTER_BOUND ( 'NONE', #3906, .T. ) ;
#6016 = CARTESIAN_POINT ( 'NONE',  ( -2.499999999999999556, 0.000000000000000000, 1.599999999999999867 ) ) ;
#6017 = CIRCLE ( 'NONE', #5698, 0.3300000000000000155 ) ;
#6018 = DIRECTION ( 'NONE',  ( 0.000000000000000000, 0.000000000000000000, -1.000000000000000000 ) ) ;
#6019 = CARTESIAN_POINT ( 'NONE',  ( -2.499999999999997780, 0.000000000000000000, -1.599999999999999867 ) ) ;
#6020 = EDGE_CURVE ( 'NONE', #953, #6071, #4027, .T. ) ;
#6021 = ORIENTED_EDGE ( 'NONE', *, *, #2153, .T. ) ;
#6022 = ORIENTED_EDGE ( 'NONE', *, *, #6617, .T. ) ;
#6023 = DIRECTION ( 'NONE',  ( 1.000000000000000000, 0.000000000000000000, 0.000000000000000000 ) ) ;
#6024 = DIRECTION ( 'NONE',  ( 0.000000000000000000, -1.000000000000000000, 0.000000000000000000 ) ) ;
#6025 = VECTOR ( 'NONE', #1959, 1000.000000000000000 ) ;
#6026 = PRESENTATION_LAYER_ASSIGNMENT (  '', '', ( #3009 ) ) ;
#6027 = CARTESIAN_POINT ( 'NONE',  ( 1.559999999999999831, 0.000000000000000000, 1.499999999999999778 ) ) ;
#6028 = FACE_OUTER_BOUND ( 'NONE', #3151, .T. ) ;
#6029 = EDGE_LOOP ( 'NONE', ( #5318, #2737, #2081, #5034 ) ) ;
#6030 = LINE ( 'NONE', #3454, #3894 ) ;
#6031 = ORIENTED_EDGE ( 'NONE', *, *, #1481, .T. ) ;
#6032 = VERTEX_POINT ( 'NONE', #417 ) ;
#6033 = EDGE_CURVE ( 'NONE', #5851, #4982, #6035, .T. ) ;
#6034 = CARTESIAN_POINT ( 'NONE',  ( 1.660000000000000586, 0.5000000000000000000, 1.599999999999999201 ) ) ;
#6035 = CIRCLE ( 'NONE', #3799, 0.09999999999999982514 ) ;
#6036 = DIRECTION ( 'NONE',  ( -0.000000000000000000, 1.000000000000000000, -0.000000000000000000 ) ) ;
#6037 = DIRECTION ( 'NONE',  ( -0.000000000000000000, -1.000000000000000000, -0.000000000000000000 ) ) ;
#6038 = EDGE_CURVE ( 'NONE', #1770, #3315, #3784, .T. ) ;
#6039 = LINE ( 'NONE', #5237, #3677 ) ;
#6040 = DIRECTION ( 'NONE',  ( 1.000000000000000000, 0.000000000000000000, 0.000000000000000000 ) ) ;
#6041 = CARTESIAN_POINT ( 'NONE',  ( 2.500000000000000444, 1.000000000000000000, -1.499999999999999778 ) ) ;
#6042 = CARTESIAN_POINT ( 'NONE',  ( -2.374071332315014882, 1.000000000000000222, -1.175289628154708055 ) ) ;
#6043 = VERTEX_POINT ( 'NONE', #1892 ) ;
#6044 = CIRCLE ( 'NONE', #221, 0.09999999999999982514 ) ;
#6045 = ORIENTED_EDGE ( 'NONE', *, *, #3975, .F. ) ;
#6046 = VERTEX_POINT ( 'NONE', #5590 ) ;
#6047 = ADVANCED_FACE ( 'NONE', ( #6239 ), #3050, .F. ) ;
#6048 = VECTOR ( 'NONE', #4531, 1000.000000000000000 ) ;
#6049 = AXIS2_PLACEMENT_3D ( 'NONE', #6125, #1910, #3066 ) ;
#6050 = EDGE_CURVE ( 'NONE', #2387, #1891, #6014, .T. ) ;
#6051 = DIRECTION ( 'NONE',  ( -0.000000000000000000, -1.000000000000000000, -0.000000000000000000 ) ) ;
#6052 = DIRECTION ( 'NONE',  ( -0.000000000000000000, -1.000000000000000000, -0.000000000000000000 ) ) ;
#6053 = DIRECTION ( 'NONE',  ( 0.000000000000000000, 1.000000000000000000, 0.000000000000000000 ) ) ;
#6054 = FACE_OUTER_BOUND ( 'NONE', #2694, .T. ) ;
#6055 = DIRECTION ( 'NONE',  ( 0.000000000000000000, 0.000000000000000000, 1.000000000000000000 ) ) ;
#6056 = EDGE_CURVE ( 'NONE', #5277, #3817, #2235, .T. ) ;
#6057 = VERTEX_POINT ( 'NONE', #6660 ) ;
#6058 = VECTOR ( 'NONE', #6648, 1000.000000000000000 ) ;
#6059 = DIRECTION ( 'NONE',  ( 7.589415207398531038E-16, 0.000000000000000000, -1.000000000000000000 ) ) ;
#6060 = EDGE_CURVE ( 'NONE', #6294, #3816, #6092, .T. ) ;
#6061 = PLANE ( 'NONE',  #2006 ) ;
#6062 = VERTEX_POINT ( 'NONE', #2043 ) ;
#6063 = ORIENTED_EDGE ( 'NONE', *, *, #2899, .T. ) ;
#6064 = ADVANCED_FACE ( 'NONE', ( #3829 ), #3840, .T. ) ;
#6065 = CYLINDRICAL_SURFACE ( 'NONE', #769, 0.09999999999999982514 ) ;
#6066 = CARTESIAN_POINT ( 'NONE',  ( 0.8799999999999990052, -1.562049935181331506, 1.599999999999999423 ) ) ;
#6067 = ORIENTED_EDGE ( 'NONE', *, *, #5304, .T. ) ;
#6068 = VECTOR ( 'NONE', #146, 1000.000000000000000 ) ;
#6069 = CARTESIAN_POINT ( 'NONE',  ( -0.6399999999999994582, 0.9999999999999997780, -1.500000000000000222 ) ) ;
#6070 = VERTEX_POINT ( 'NONE', #4091 ) ;
#6071 = VERTEX_POINT ( 'NONE', #5213 ) ;
#6072 = CARTESIAN_POINT ( 'NONE',  ( 0.6700000000000014833, 0.5000000000000000000, -1.599999999999999423 ) ) ;
#6073 = DIRECTION ( 'NONE',  ( 0.000000000000000000, 0.000000000000000000, -1.000000000000000000 ) ) ;
#6074 = VECTOR ( 'NONE', #5916, 1000.000000000000000 ) ;
#6075 = CARTESIAN_POINT ( 'NONE',  ( 2.299999999999998490, 0.8500000000000000888, -0.4499999999999989564 ) ) ;
#6076 = AXIS2_PLACEMENT_3D ( 'NONE', #183, #4730, #5279 ) ;
#6077 = VECTOR ( 'NONE', #4115, 1000.000000000000000 ) ;
#6078 = VERTEX_POINT ( 'NONE', #5550 ) ;
#6079 = FACE_OUTER_BOUND ( 'NONE', #618, .T. ) ;
#6080 = ORIENTED_EDGE ( 'NONE', *, *, #1105, .F. ) ;
#6081 = ORIENTED_EDGE ( 'NONE', *, *, #4456, .F. ) ;
#6082 = FACE_OUTER_BOUND ( 'NONE', #3601, .T. ) ;
#6083 = EDGE_CURVE ( 'NONE', #1965, #4258, #6003, .T. ) ;
#6084 = DIRECTION ( 'NONE',  ( 0.000000000000000000, 0.000000000000000000, -1.000000000000000000 ) ) ;
#6085 = LINE ( 'NONE', #6656, #1676 ) ;
#6086 = CARTESIAN_POINT ( 'NONE',  ( 0.9800000000000004263, 1.000000000000000000, 1.499999999999998890 ) ) ;
#6087 = CARTESIAN_POINT ( 'NONE',  ( -0.6700000000000005951, -1.562049935181331506, 1.599999999999999645 ) ) ;
#6088 = VERTEX_POINT ( 'NONE', #6152 ) ;
#6089 = FACE_OUTER_BOUND ( 'NONE', #4506, .T. ) ;
#6090 = VERTEX_POINT ( 'NONE', #2608 ) ;
#6091 = FACE_OUTER_BOUND ( 'NONE', #2951, .T. ) ;
#6092 = LINE ( 'NONE', #5163, #1774 ) ;
#6093 = EDGE_CURVE ( 'NONE', #2334, #938, #1763, .T. ) ;
#6094 = DIRECTION ( 'NONE',  ( -0.000000000000000000, -1.000000000000000000, -0.000000000000000000 ) ) ;
#6095 = CARTESIAN_POINT ( 'NONE',  ( -2.301429968455287245, 1.000000000000000000, 1.311670455499261978 ) ) ;
#6096 = DIRECTION ( 'NONE',  ( 0.000000000000000000, 0.000000000000000000, -1.000000000000000000 ) ) ;
#6097 = LINE ( 'NONE', #4596, #6205 ) ;
#6098 = CARTESIAN_POINT ( 'NONE',  ( 0.6700000000000014833, 0.5000000000000000000, -1.599999999999999423 ) ) ;
#6099 = ORIENTED_EDGE ( 'NONE', *, *, #3687, .T. ) ;
#6100 = CIRCLE ( 'NONE', #903, 0.1499999999999999667 ) ;
#6101 = DIRECTION ( 'NONE',  ( -0.000000000000000000, -1.000000000000000000, -0.000000000000000000 ) ) ;
#6102 = CARTESIAN_POINT ( 'NONE',  ( -2.270000000000000906, 1.100000000000000089, 1.020000000000000462 ) ) ;
#6103 = DIRECTION ( 'NONE',  ( 0.000000000000000000, 0.000000000000000000, 1.000000000000000000 ) ) ;
#6104 = ORIENTED_EDGE ( 'NONE', *, *, #3128, .F. ) ;
#6105 = VERTEX_POINT ( 'NONE', #3235 ) ;
#6106 = ADVANCED_FACE ( 'NONE', ( #1543 ), #2872, .F. ) ;
#6107 = EDGE_CURVE ( 'NONE', #6032, #364, #5958, .T. ) ;
#6108 = FACE_OUTER_BOUND ( 'NONE', #1160, .T. ) ;
#6109 = CARTESIAN_POINT ( 'NONE',  ( 2.500000000000000444, 0.000000000000000000, -0.8499999999999989786 ) ) ;
#6110 = AXIS2_PLACEMENT_3D ( 'NONE', #549, #5153, #3179 ) ;
#6111 = ORIENTED_EDGE ( 'NONE', *, *, #1608, .T. ) ;
#6112 = LINE ( 'NONE', #5902, #1805 ) ;
#6113 = CARTESIAN_POINT ( 'NONE',  ( 0.6399999999999999023, 0.9999999999999997780, -1.500000000000000222 ) ) ;
#6114 = CARTESIAN_POINT ( 'NONE',  ( 2.500000000000000444, 1.300000000000000044, 0.8499999999999989786 ) ) ;
#6115 = ORIENTED_EDGE ( 'NONE', *, *, #6020, .T. ) ;
#6116 = ORIENTED_EDGE ( 'NONE', *, *, #215, .F. ) ;
#6117 = SURFACE_SIDE_STYLE ('',( #1990 ) ) ;
#6118 = CARTESIAN_POINT ( 'NONE',  ( -2.046016614668250355, 0.9999999999999997780, 1.499999999715132759 ) ) ;
#6119 = LINE ( 'NONE', #3165, #6138 ) ;
#6120 = EDGE_CURVE ( 'NONE', #5158, #3970, #3995, .T. ) ;
#6121 = ORIENTED_EDGE ( 'NONE', *, *, #3420, .T. ) ;
#6122 = LINE ( 'NONE', #3081, #3788 ) ;
#6123 = ORIENTED_EDGE ( 'NONE', *, *, #704, .F. ) ;
#6124 = VERTEX_POINT ( 'NONE', #3666 ) ;
#6125 = CARTESIAN_POINT ( 'NONE',  ( 2.500000000000000444, 1.000000000000000000, -1.600000000000000311 ) ) ;
#6126 = AXIS2_PLACEMENT_3D ( 'NONE', #5728, #2002, #1512 ) ;
#6127 = CARTESIAN_POINT ( 'NONE',  ( 0.9800000000000004263, 0.000000000000000000, 1.499999999999998890 ) ) ;
#6128 = LINE ( 'NONE', #3582, #3857 ) ;
#6129 =( NAMED_UNIT ( * ) PLANE_ANGLE_UNIT ( ) SI_UNIT ( $, .RADIAN. ) );
#6130 = CARTESIAN_POINT ( 'NONE',  ( -0.9800000000000004263, -1.562049935181331506, -1.599999999999999867 ) ) ;
#6131 = CARTESIAN_POINT ( 'NONE',  ( -2.500000000000000444, 0.8500000000000000888, 0.8499999999999985345 ) ) ;
#6132 = ORIENTED_EDGE ( 'NONE', *, *, #1751, .F. ) ;
#6133 = VECTOR ( 'NONE', #6275, 1000.000000000000000 ) ;
#6134 = VERTEX_POINT ( 'NONE', #2920 ) ;
#6135 = ORIENTED_EDGE ( 'NONE', *, *, #1270, .F. ) ;
#6136 = DIRECTION ( 'NONE',  ( 0.000000000000000000, 0.000000000000000000, -1.000000000000000000 ) ) ;
#6137 = EDGE_CURVE ( 'NONE', #3481, #3402, #1786, .T. ) ;
#6138 = VECTOR ( 'NONE', #3644, 1000.000000000000000 ) ;
#6139 = DIRECTION ( 'NONE',  ( 0.000000000000000000, 0.000000000000000000, -1.000000000000000000 ) ) ;
#6140 = VERTEX_POINT ( 'NONE', #4894 ) ;
#6141 = LINE ( 'NONE', #1493, #3826 ) ;
#6142 = CARTESIAN_POINT ( 'NONE',  ( 2.500000000000000444, 1.000000000000000000, -1.499999999999999778 ) ) ;
#6143 = DIRECTION ( 'NONE',  ( -1.000000000000000000, 0.000000000000000000, 0.000000000000000000 ) ) ;
#6144 = AXIS2_PLACEMENT_3D ( 'NONE', #1054, #3994, #5115 ) ;
#6145 = DIRECTION ( 'NONE',  ( 1.000000000000000000, -0.000000000000000000, 0.000000000000000000 ) ) ;
#6146 = CARTESIAN_POINT ( 'NONE',  ( -2.299999999999998490, 0.8500000000000000888, -0.4499999999999987343 ) ) ;
#6147 = ORIENTED_EDGE ( 'NONE', *, *, #5759, .T. ) ;
#6148 = VERTEX_POINT ( 'NONE', #2740 ) ;
#6149 = EDGE_CURVE ( 'NONE', #3898, #4356, #3852, .T. ) ;
#6150 = FACE_OUTER_BOUND ( 'NONE', #4767, .T. ) ;
#6151 = EDGE_CURVE ( 'NONE', #3850, #5191, #5949, .T. ) ;
#6152 = CARTESIAN_POINT ( 'NONE',  ( -1.559999999999999831, 0.5000000000000000000, -1.499999999999999778 ) ) ;
#6153 = EDGE_LOOP ( 'NONE', ( #1056, #5839, #1704, #1254 ) ) ;
#6154 = LINE ( 'NONE', #1084, #1702 ) ;
#6155 = CARTESIAN_POINT ( 'NONE',  ( 1.870000000000001217, 0.5000000000000000000, -1.599999999999999201 ) ) ;
#6156 = EDGE_LOOP ( 'NONE', ( #1650, #1905, #5915, #1666 ) ) ;
#6157 = AXIS2_PLACEMENT_3D ( 'NONE', #3565, #6040, #2019 ) ;
#6158 = VERTEX_POINT ( 'NONE', #6554 ) ;
#6159 =( NAMED_UNIT ( * ) PLANE_ANGLE_UNIT ( ) SI_UNIT ( $, .RADIAN. ) );
#6160 = CARTESIAN_POINT ( 'NONE',  ( -2.025013845558521819, 1.069999999999999840, 1.420000000000000595 ) ) ;
#6161 = VECTOR ( 'NONE', #1164, 1000.000000000000000 ) ;
#6162 = EDGE_LOOP ( 'NONE', ( #3549, #6456, #3093, #3421, #5733, #5724 ) ) ;
#6163 = EDGE_CURVE ( 'NONE', #3025, #2990, #1796, .T. ) ;
#6164 = EDGE_LOOP ( 'NONE', ( #2696, #2544, #4725, #593 ) ) ;
#6165 = ORIENTED_EDGE ( 'NONE', *, *, #4913, .F. ) ;
#6166 = DIRECTION ( 'NONE',  ( 0.000000000000000000, 1.000000000000000000, 0.000000000000000000 ) ) ;
#6167 = DIRECTION ( 'NONE',  ( -0.000000000000000000, 1.000000000000000000, -0.000000000000000000 ) ) ;
#6168 = ADVANCED_FACE ( 'NONE', ( #6082 ), #3864, .T. ) ;
#6169 = VECTOR ( 'NONE', #108, 1000.000000000000000 ) ;
#6170 = DIRECTION ( 'NONE',  ( 1.000000000000000000, -0.000000000000000000, -0.000000000000000000 ) ) ;
#6171 = DIRECTION ( 'NONE',  ( -7.589415207398531038E-16, 0.000000000000000000, -1.000000000000000000 ) ) ;
#6172 = DIRECTION ( 'NONE',  ( -0.000000000000000000, -1.000000000000000000, -0.000000000000000000 ) ) ;
#6173 = VERTEX_POINT ( 'NONE', #644 ) ;
#6174 = EDGE_CURVE ( 'NONE', #2070, #3432, #3796, .T. ) ;
#6175 = ORIENTED_EDGE ( 'NONE', *, *, #1257, .T. ) ;
#6176 = ORIENTED_EDGE ( 'NONE', *, *, #4859, .T. ) ;
#6177 = CARTESIAN_POINT ( 'NONE',  ( 2.399999999999999911, 0.000000000000000000, -0.7499999999999995559 ) ) ;
#6178 = CARTESIAN_POINT ( 'NONE',  ( 2.299999999999998490, 0.2500000000000000555, -0.8499999999999989786 ) ) ;
#6179 = VECTOR ( 'NONE', #685, 1000.000000000000000 ) ;
#6180 = DIRECTION ( 'NONE',  ( -0.000000000000000000, -1.000000000000000000, -0.000000000000000000 ) ) ;
#6181 = CARTESIAN_POINT ( 'NONE',  ( 2.024719755119660292, 1.069999999999999840, -1.420000000000000373 ) ) ;
#6182 = ORIENTED_EDGE ( 'NONE', *, *, #1517, .F. ) ;
#6183 = CARTESIAN_POINT ( 'NONE',  ( 2.046016614668249023, 0.9999999999999997780, 1.499999999715132537 ) ) ;
#6184 = CARTESIAN_POINT ( 'NONE',  ( 0.9800000000000004263, 0.5000000000000000000, -1.499999999999998890 ) ) ;
#6185 = SURFACE_SIDE_STYLE ('',( #772 ) ) ;
#6186 = DIRECTION ( 'NONE',  ( 0.000000000000000000, -0.000000000000000000, 1.000000000000000000 ) ) ;
#6187 = VERTEX_POINT ( 'NONE', #5258 ) ;
#6188 = ORIENTED_EDGE ( 'NONE', *, *, #5866, .F. ) ;
#6189 = EDGE_CURVE ( 'NONE', #5334, #5001, #3807, .T. ) ;
#6190 = AXIS2_PLACEMENT_3D ( 'NONE', #5819, #5782, #626 ) ;
#6191 = LINE ( 'NONE', #2062, #5991 ) ;
#6192 = LINE ( 'NONE', #3607, #4084 ) ;
#6193 = CARTESIAN_POINT ( 'NONE',  ( -2.190000000000000391, 1.300000000000000044, 4.655691681849518924E-16 ) ) ;
#6194 = ORIENTED_EDGE ( 'NONE', *, *, #3518, .F. ) ;
#6195 =( NAMED_UNIT ( * ) PLANE_ANGLE_UNIT ( ) SI_UNIT ( $, .RADIAN. ) );
#6196 = CARTESIAN_POINT ( 'NONE',  ( -2.075289628154684429, 0.9999999999999997780, 1.474071332315008309 ) ) ;
#6197 = ORIENTED_EDGE ( 'NONE', *, *, #2663, .T. ) ;
#6198 = ORIENTED_EDGE ( 'NONE', *, *, #3123, .T. ) ;
#6199 = DIRECTION ( 'NONE',  ( 0.000000000000000000, 0.000000000000000000, 1.000000000000000000 ) ) ;
#6200 = CARTESIAN_POINT ( 'NONE',  ( -1.870000000000000329, -1.562049935181331506, -1.599999999999999645 ) ) ;
#6201 = EDGE_CURVE ( 'NONE', #1428, #1400, #5922, .T. ) ;
#6202 = VECTOR ( 'NONE', #6584, 1000.000000000000000 ) ;
#6203 = DIRECTION ( 'NONE',  ( 1.129377263005734854E-16, 0.000000000000000000, 1.000000000000000000 ) ) ;
#6204 = AXIS2_PLACEMENT_3D ( 'NONE', #2535, #6217, #2630 ) ;
#6205 = VECTOR ( 'NONE', #5089, 1000.000000000000000 ) ;
#6206 = EDGE_CURVE ( 'NONE', #1212, #2098, #6412, .T. ) ;
#6207 = ORIENTED_EDGE ( 'NONE', *, *, #2799, .F. ) ;
#6208 = EDGE_CURVE ( 'NONE', #3342, #765, #5982, .T. ) ;
#6209 = EDGE_LOOP ( 'NONE', ( #5047, #5324, #208, #2695, #573, #963, #694, #485 ) ) ;
#6210 = VERTEX_POINT ( 'NONE', #2697 ) ;
#6211 = ADVANCED_FACE ( 'NONE', ( #6262 ), #1642, .F. ) ;
#6212 = DIRECTION ( 'NONE',  ( 0.000000000000000000, 0.000000000000000000, -1.000000000000000000 ) ) ;
#6213 = AXIS2_PLACEMENT_3D ( 'NONE', #2279, #3806, #1356 ) ;
#6214 = DIRECTION ( 'NONE',  ( -1.000000000000000000, 0.000000000000000000, -0.000000000000000000 ) ) ;
#6215 = CIRCLE ( 'NONE', #1069, 0.1000000000000009076 ) ;
#6216 = VECTOR ( 'NONE', #743, 1000.000000000000000 ) ;
#6217 = DIRECTION ( 'NONE',  ( 0.000000000000000000, -1.000000000000000000, 0.000000000000000000 ) ) ;
#6218 = DIRECTION ( 'NONE',  ( 0.000000000000000000, 1.000000000000000000, 0.000000000000000000 ) ) ;
#6219 = DIRECTION ( 'NONE',  ( -0.000000000000000000, 1.000000000000000000, -0.000000000000000000 ) ) ;
#6220 = ORIENTED_EDGE ( 'NONE', *, *, #2686, .F. ) ;
#6221 = ORIENTED_EDGE ( 'NONE', *, *, #425, .F. ) ;
#6222 = VERTEX_POINT ( 'NONE', #848 ) ;
#6223 = EDGE_CURVE ( 'NONE', #2840, #1639, #5943, .T. ) ;
#6224 = CARTESIAN_POINT ( 'NONE',  ( 2.500000000000000444, 0.8500000000000000888, 0.8499999999999989786 ) ) ;
#6225 = ADVANCED_FACE ( 'NONE', ( #3730 ), #5970, .F. ) ;
#6226 = PLANE ( 'NONE',  #3585 ) ;
#6227 = PRESENTATION_LAYER_ASSIGNMENT (  '', '', ( #1577 ) ) ;
#6228 = DIRECTION ( 'NONE',  ( -1.000000000000000000, 0.000000000000000000, 0.000000000000000000 ) ) ;
#6229 = VECTOR ( 'NONE', #483, 1000.000000000000000 ) ;
#6230 = CARTESIAN_POINT ( 'NONE',  ( 2.399999999999999911, 0.8500000000000000888, 0.7499999999999995559 ) ) ;
#6231 = PLANE ( 'NONE',  #2930 ) ;
#6232 = ORIENTED_EDGE ( 'NONE', *, *, #451, .F. ) ;
#6233 = CARTESIAN_POINT ( 'NONE',  ( -0.6700000000000007061, -1.562049935181331506, 1.099999999999999645 ) ) ;
#6234 = CARTESIAN_POINT ( 'NONE',  ( 2.299999999999998490, 0.8500000000000000888, -0.8499999999999989786 ) ) ;
#6235 = AXIS2_PLACEMENT_3D ( 'NONE', #3837, #4298, #3886 ) ;
#6236 = DIRECTION ( 'NONE',  ( 0.000000000000000000, 0.000000000000000000, -1.000000000000000000 ) ) ;
#6237 = VERTEX_POINT ( 'NONE', #1820 ) ;
#6238 = VECTOR ( 'NONE', #2689, 1000.000000000000000 ) ;
#6239 = FACE_OUTER_BOUND ( 'NONE', #2664, .T. ) ;
#6240 = VECTOR ( 'NONE', #4234, 1000.000000000000000 ) ;
#6241 =( GEOMETRIC_REPRESENTATION_CONTEXT ( 3 ) GLOBAL_UNCERTAINTY_ASSIGNED_CONTEXT ( ( #3317 ) ) GLOBAL_UNIT_ASSIGNED_CONTEXT ( ( #3101, #6159, #611 ) ) REPRESENTATION_CONTEXT ( 'NONE', 'WORKASPACE' ) );
#6242 = ORIENTED_EDGE ( 'NONE', *, *, #2136, .F. ) ;
#6243 = CARTESIAN_POINT ( 'NONE',  ( 2.499999999999998668, 0.2500000000000001110, -0.8499999999999989786 ) ) ;
#6244 =( LENGTH_UNIT ( ) NAMED_UNIT ( * ) SI_UNIT ( .MILLI., .METRE. ) );
#6245 = ORIENTED_EDGE ( 'NONE', *, *, #458, .T. ) ;
#6246 = ORIENTED_EDGE ( 'NONE', *, *, #4066, .F. ) ;
#6247 = DIRECTION ( 'NONE',  ( 0.000000000000000000, 1.000000000000000000, 0.000000000000000000 ) ) ;
#6248 = CARTESIAN_POINT ( 'NONE',  ( 2.500000000000000444, 0.2500000000000000555, 0.4499999999999990119 ) ) ;
#6249 = CARTESIAN_POINT ( 'NONE',  ( -2.499999999999999556, 0.000000000000000000, 1.599999999999999867 ) ) ;
#6250 = EDGE_CURVE ( 'NONE', #3651, #6105, #1532, .T. ) ;
#6251 = VECTOR ( 'NONE', #6451, 1000.000000000000000 ) ;
#6252 = DIRECTION ( 'NONE',  ( -0.000000000000000000, 1.000000000000000000, -0.000000000000000000 ) ) ;
#6253 = LINE ( 'NONE', #532, #3891 ) ;
#6254 = VERTEX_POINT ( 'NONE', #5525 ) ;
#6255 = ORIENTED_EDGE ( 'NONE', *, *, #6435, .F. ) ;
#6256 = VERTEX_POINT ( 'NONE', #1073 ) ;
#6257 = LINE ( 'NONE', #5707, #1817 ) ;
#6258 = CARTESIAN_POINT ( 'NONE',  ( 2.499999999999999556, 0.8500000000000000888, 0.5499999999999988232 ) ) ;
#6259 = CARTESIAN_POINT ( 'NONE',  ( 1.920000000000000373, 1.100000000000000311, 1.020000000000000462 ) ) ;
#6260 = AXIS2_PLACEMENT_3D ( 'NONE', #5784, #2538, #2588 ) ;
#6261 = DIRECTION ( 'NONE',  ( 0.000000000000000000, 1.000000000000000000, 0.000000000000000000 ) ) ;
#6262 = FACE_OUTER_BOUND ( 'NONE', #856, .T. ) ;
#6263 = EDGE_CURVE ( 'NONE', #3253, #5551, #3755, .T. ) ;
#6264 = VECTOR ( 'NONE', #5206, 1000.000000000000000 ) ;
#6265 = CARTESIAN_POINT ( 'NONE',  ( 0.000000000000000000, 1.300000000000000044, 0.000000000000000000 ) ) ;
#6266 = CARTESIAN_POINT ( 'NONE',  ( 0.8799999999999990052, 0.000000000000000000, 1.599999999999999423 ) ) ;
#6267 = AXIS2_PLACEMENT_3D ( 'NONE', #6087, #2117, #3120 ) ;
#6268 = ORIENTED_EDGE ( 'NONE', *, *, #2817, .F. ) ;
#6269 = ORIENTED_EDGE ( 'NONE', *, *, #95, .T. ) ;
#6270 = VERTEX_POINT ( 'NONE', #2441 ) ;
#6271 = CIRCLE ( 'NONE', #1815, 0.05999999999999994227 ) ;
#6272 = ADVANCED_FACE ( 'NONE', ( #3764 ), #5606, .F. ) ;
#6273 = DIRECTION ( 'NONE',  ( -0.000000000000000000, 1.000000000000000000, -0.000000000000000000 ) ) ;
#6274 = CIRCLE ( 'NONE', #4618, 0.1499999999999999667 ) ;
#6275 = DIRECTION ( 'NONE',  ( -0.000000000000000000, 1.000000000000000000, -0.000000000000000000 ) ) ;
#6276 = CARTESIAN_POINT ( 'NONE',  ( -1.559999999999999831, 1.300000000000000044, -1.499999999999999778 ) ) ;
#6277 = VECTOR ( 'NONE', #1547, 1000.000000000000000 ) ;
#6278 = DIRECTION ( 'NONE',  ( 2.168404344971008868E-16, 0.000000000000000000, -1.000000000000000000 ) ) ;
#6279 = EDGE_CURVE ( 'NONE', #2387, #781, #6191, .T. ) ;
#6280 = DIRECTION ( 'NONE',  ( -0.000000000000000000, 0.000000000000000000, 1.000000000000000000 ) ) ;
#6281 = ORIENTED_EDGE ( 'NONE', *, *, #937, .F. ) ;
#6282 = CARTESIAN_POINT ( 'NONE',  ( 2.131471972465448950, 1.000000000000000000, 1.450783183191310055 ) ) ;
#6283 = DIRECTION ( 'NONE',  ( 0.000000000000000000, 0.000000000000000000, 1.000000000000000000 ) ) ;
#6284 = AXIS2_PLACEMENT_3D ( 'NONE', #6387, #1673, #246 ) ;
#6285 = DIRECTION ( 'NONE',  ( 0.000000000000000000, 1.000000000000000000, 0.000000000000000000 ) ) ;
#6286 = CARTESIAN_POINT ( 'NONE',  ( -1.920000000000000373, 1.100000000000000311, 1.420000000000000373 ) ) ;
#6287 = ORIENTED_EDGE ( 'NONE', *, *, #6651, .F. ) ;
#6288 = ORIENTED_EDGE ( 'NONE', *, *, #5783, .F. ) ;
#6289 = LINE ( 'NONE', #1059, #4141 ) ;
#6290 = ADVANCED_FACE ( 'NONE', ( #1554 ), #37, .F. ) ;
#6291 = LINE ( 'NONE', #6614, #6330 ) ;
#6292 = CIRCLE ( 'NONE', #2897, 0.09999999999999982514 ) ;
#6293 = DIRECTION ( 'NONE',  ( -1.000000000000000000, 0.000000000000000000, -2.710505431213760099E-16 ) ) ;
#6294 = VERTEX_POINT ( 'NONE', #622 ) ;
#6295 = EDGE_CURVE ( 'NONE', #3898, #509, #1752, .T. ) ;
#6296 = CARTESIAN_POINT ( 'NONE',  ( -1.920000000000000373, 1.100000000000000311, -1.420000000000000151 ) ) ;
#6297 = APPLICATION_PROTOCOL_DEFINITION ( 'draft international standard', 'automotive_design', 1998, #4763 ) ;
#6298 = ORIENTED_EDGE ( 'NONE', *, *, #4456, .T. ) ;
#6299 = ORIENTED_EDGE ( 'NONE', *, *, #4121, .T. ) ;
#6300 = LINE ( 'NONE', #6114, #4278 ) ;
#6301 = CARTESIAN_POINT ( 'NONE',  ( 2.499999999999999556, 1.300000000000000044, 0.7499999999999991118 ) ) ;
#6302 = CARTESIAN_POINT ( 'NONE',  ( -1.870000000000000329, -1.562049935181331506, -0.5999999999999996447 ) ) ;
#6303 = CARTESIAN_POINT ( 'NONE',  ( 2.500000000000000444, 0.8500000000000000888, 0.8499999999999989786 ) ) ;
#6304 = EDGE_CURVE ( 'NONE', #5669, #1739, #3773, .T. ) ;
#6305 = CIRCLE ( 'NONE', #1130, 0.09999999999999971412 ) ;
#6306 = CARTESIAN_POINT ( 'NONE',  ( 2.399999999999999911, 0.2500000000000001110, 0.7499999999999995559 ) ) ;
#6307 = AXIS2_PLACEMENT_3D ( 'NONE', #1721, #2170, #5832 ) ;
#6308 = LINE ( 'NONE', #1675, #6216 ) ;
#6309 = ORIENTED_EDGE ( 'NONE', *, *, #671, .F. ) ;
#6310 = AXIS2_PLACEMENT_3D ( 'NONE', #5003, #5537, #3535 ) ;
#6311 = ORIENTED_EDGE ( 'NONE', *, *, #5159, .T. ) ;
#6312 = EDGE_LOOP ( 'NONE', ( #4422, #5923, #5667, #1487 ) ) ;
#6313 = SURFACE_STYLE_FILL_AREA ( #5260 ) ;
#6314 = DIRECTION ( 'NONE',  ( 1.495451272393800824E-15, 0.000000000000000000, -1.000000000000000000 ) ) ;
#6315 = CARTESIAN_POINT ( 'NONE',  ( -1.559999999999999831, 0.5000000000000000000, -1.599999999999999867 ) ) ;
#6316 = DIRECTION ( 'NONE',  ( -0.000000000000000000, -1.000000000000000000, -0.000000000000000000 ) ) ;
#6317 = LINE ( 'NONE', #4312, #2053 ) ;
#6318 = CIRCLE ( 'NONE', #2244, 0.1000000000000009076 ) ;
#6319 =( BOUNDED_SURFACE ( )  B_SPLINE_SURFACE ( 2, 3, ( 
 ( #59, #2599, #3618, #5716, #6183, #595 ),
 ( #1466, #3039, #497, #2460, #1044, #2550 ),
 ( #866, #4914, #5463, #5542, #6471, #5008 ) ),
 .UNSPECIFIED., .F., .F., .F. ) 
 B_SPLINE_SURFACE_WITH_KNOTS ( ( 3, 3 ),
 ( 4, 2, 4 ),
 ( 0.000000000000000000, 1.000000000000000000 ),
 ( 1.570796326794896558, 2.356194490192344837, 3.141592653589793116 ),
 .UNSPECIFIED. ) 
 GEOMETRIC_REPRESENTATION_ITEM ( )  RATIONAL_B_SPLINE_SURFACE ( (
 ( 1.000000000000000000, 1.000000000000000000, 1.000000000000000000, 1.000000000000000000, 1.000000000000000000, 1.000000000000000000),
 ( 0.7071067811865475727, 0.7071067811865475727, 0.7071067811865475727, 0.7071067811865475727, 0.7071067811865475727, 0.7071067811865475727),
 ( 1.000000000000000000, 1.000000000000000000, 1.000000000000000000, 1.000000000000000000, 1.000000000000000000, 1.000000000000000000) ) ) 
 REPRESENTATION_ITEM ( '' )  SURFACE ( )  );
#6320 = DIRECTION ( 'NONE',  ( 0.000000000000000000, 0.000000000000000000, -1.000000000000000000 ) ) ;
#6321 = CARTESIAN_POINT ( 'NONE',  ( -0.6700000000000005951, 0.5000000000000000000, 1.599999999999999645 ) ) ;
#6322 = EDGE_CURVE ( 'NONE', #4536, #6476, #1832, .T. ) ;
#6323 = FILL_AREA_STYLE_COLOUR ( '', #3723 ) ;
#6324 = ORIENTED_EDGE ( 'NONE', *, *, #5985, .F. ) ;
#6325 = ORIENTED_EDGE ( 'NONE', *, *, #6500, .F. ) ;
#6326 = AXIS2_PLACEMENT_3D ( 'NONE', #3809, #4681, #5415 ) ;
#6327 = LINE ( 'NONE', #4395, #4266 ) ;
#6328 = LINE ( 'NONE', #1645, #2011 ) ;
#6329 = EDGE_LOOP ( 'NONE', ( #3441, #1300, #1594, #1947 ) ) ;
#6330 = VECTOR ( 'NONE', #914, 1000.000000000000000 ) ;
#6331 = DIRECTION ( 'NONE',  ( 0.000000000000000000, 0.000000000000000000, -1.000000000000000000 ) ) ;
#6332 = DIRECTION ( 'NONE',  ( -9.035018104045870694E-17, 0.000000000000000000, -1.000000000000000000 ) ) ;
#6333 = CARTESIAN_POINT ( 'NONE',  ( 2.499999999999997780, 0.2500000000000001110, -0.7499999999999991118 ) ) ;
#6334 = VECTOR ( 'NONE', #6073, 1000.000000000000000 ) ;
#6335 = EDGE_CURVE ( 'NONE', #4356, #3347, #4155, .T. ) ;
#6336 = DIRECTION ( 'NONE',  ( 0.000000000000000000, 0.000000000000000000, -1.000000000000000000 ) ) ;
#6337 = CARTESIAN_POINT ( 'NONE',  ( 2.499999999999997780, 0.2500000000000000555, -0.7499999999999991118 ) ) ;
#6338 = ORIENTED_EDGE ( 'NONE', *, *, #6531, .T. ) ;
#6339 = DIRECTION ( 'NONE',  ( 2.710505431213761085E-16, 0.000000000000000000, -1.000000000000000000 ) ) ;
#6340 = FILL_AREA_STYLE_COLOUR ( '', #949 ) ;
#6341 = CARTESIAN_POINT ( 'NONE',  ( 1.870000000000000773, 0.5000000000000000000, -0.5999999999999992006 ) ) ;
#6342 = ORIENTED_EDGE ( 'NONE', *, *, #4052, .F. ) ;
#6343 = VECTOR ( 'NONE', #6273, 1000.000000000000000 ) ;
#6344 = CIRCLE ( 'NONE', #4564, 0.05000000000000012768 ) ;
#6345 = ADVANCED_FACE ( 'NONE', ( #6381 ), #1843, .T. ) ;
#6346 = ORIENTED_EDGE ( 'NONE', *, *, #278, .T. ) ;
#6347 = VECTOR ( 'NONE', #406, 1000.000000000000000 ) ;
#6348 = B_SPLINE_CURVE_WITH_KNOTS ( 'NONE', 3,
 ( #3322, #3749, #3835, #4850, #4386, #6196, #648, #74, #3670, #5262, #4476, #3032, #3614, #1494, #541, #5004, #6570, #6095, #5148, #4022, #445, #3126, #997, #4123, #5708, #6520 ),
 .UNSPECIFIED., .F., .F.,
 ( 4, 2, 2, 2, 2, 2, 2, 2, 2, 2, 2, 2, 4 ),
 ( 0.000000000000000000, 0.1249999999999984179, 0.1874999999999985012, 0.2499999999999986122, 0.3124999999999987232, 0.3749999999999987788, 0.4374999999999988898, 0.4999999999999990008, 0.5624999999999991118, 0.6249999999999992228, 0.6874999999999993339, 0.7499999999999993339, 1.000000000000000000 ),
 .UNSPECIFIED. ) ;
#6349 = ORIENTED_EDGE ( 'NONE', *, *, #1383, .T. ) ;
#6350 = CARTESIAN_POINT ( 'NONE',  ( 2.189999999999999947, 1.239999999999999991, 0.000000000000000000 ) ) ;
#6351 = CARTESIAN_POINT ( 'NONE',  ( 0.6700000000000014833, -1.562049935181331506, 1.599999999999999423 ) ) ;
#6352 = ORIENTED_EDGE ( 'NONE', *, *, #5462, .F. ) ;
#6353 = CARTESIAN_POINT ( 'NONE',  ( -2.270000000000000462, 1.100000000000000089, -1.020000000000000018 ) ) ;
#6354 = CIRCLE ( 'NONE', #5534, 0.1000000000000004774 ) ;
#6355 = LINE ( 'NONE', #1173, #1907 ) ;
#6356 = DIRECTION ( 'NONE',  ( 0.000000000000000000, 1.000000000000000000, 0.000000000000000000 ) ) ;
#6357 = CARTESIAN_POINT ( 'NONE',  ( -2.320000000000000728, 1.069999999999999840, 1.020000000000000462 ) ) ;
#6358 = ORIENTED_EDGE ( 'NONE', *, *, #196, .T. ) ;
#6359 = ADVANCED_FACE ( 'NONE', ( #1874 ), #85, .T. ) ;
#6360 = VECTOR ( 'NONE', #4521, 1000.000000000000000 ) ;
#6361 = CARTESIAN_POINT ( 'NONE',  ( -2.500000000000000444, 0.2500000000000001110, 0.4499999999999987899 ) ) ;
#6362 = LINE ( 'NONE', #2186, #6472 ) ;
#6363 = ORIENTED_EDGE ( 'NONE', *, *, #714, .F. ) ;
#6364 = EDGE_LOOP ( 'NONE', ( #3265, #3247, #4453, #5172 ) ) ;
#6365 = CIRCLE ( 'NONE', #218, 0.09999999999999971412 ) ;
#6366 = EDGE_CURVE ( 'NONE', #2763, #3559, #1936, .T. ) ;
#6367 =( NAMED_UNIT ( * ) SI_UNIT ( $, .STERADIAN. ) SOLID_ANGLE_UNIT ( ) );
#6368 = EDGE_LOOP ( 'NONE', ( #1848, #6632, #6338, #2519 ) ) ;
#6369 = DIRECTION ( 'NONE',  ( 0.000000000000000000, 0.000000000000000000, 1.000000000000000000 ) ) ;
#6370 = AXIS2_PLACEMENT_3D ( 'NONE', #2104, #5771, #217 ) ;
#6371 = CARTESIAN_POINT ( 'NONE',  ( 0.6399999999999999023, 1.000000000000000000, -1.500000000000000222 ) ) ;
#6372 = FACE_OUTER_BOUND ( 'NONE', #707, .T. ) ;
#6373 = DIRECTION ( 'NONE',  ( -1.000000000000000000, 0.000000000000000000, 7.589415207398531038E-16 ) ) ;
#6374 = DIRECTION ( 'NONE',  ( 0.000000000000000000, 0.000000000000000000, 1.000000000000000000 ) ) ;
#6375 = CARTESIAN_POINT ( 'NONE',  ( -1.870000000000000551, 0.000000000000000000, 1.599999999999999645 ) ) ;
#6376 = EDGE_LOOP ( 'NONE', ( #2558, #4641, #2570, #6597, #679, #5093 ) ) ;
#6377 = VERTEX_POINT ( 'NONE', #5035 ) ;
#6378 = LINE ( 'NONE', #4858, #4112 ) ;
#6379 = ORIENTED_EDGE ( 'NONE', *, *, #4272, .T. ) ;
#6380 = EDGE_CURVE ( 'NONE', #4525, #1195, #4068, .T. ) ;
#6381 = FACE_OUTER_BOUND ( 'NONE', #3049, .T. ) ;
#6382 = CARTESIAN_POINT ( 'NONE',  ( 2.499999999999999556, 1.300000000000000044, -0.5499999999999988232 ) ) ;
#6383 = CARTESIAN_POINT ( 'NONE',  ( 2.299999999999998490, 0.2500000000000001110, -0.8499999999999989786 ) ) ;
#6384 = CYLINDRICAL_SURFACE ( 'NONE', #4984, 0.09999999999999982514 ) ;
#6385 = DIRECTION ( 'NONE',  ( 0.000000000000000000, 0.000000000000000000, -1.000000000000000000 ) ) ;
#6386 = EDGE_CURVE ( 'NONE', #3023, #4356, #4260, .T. ) ;
#6387 = CARTESIAN_POINT ( 'NONE',  ( 2.399999999999999911, 1.300000000000000044, -0.5499999999999988232 ) ) ;
#6388 = VERTEX_POINT ( 'NONE', #6639 ) ;
#6389 = CARTESIAN_POINT ( 'NONE',  ( 2.349767493193588130, 0.9999999999999997780, 1.233381453602100386 ) ) ;
#6390 = CARTESIAN_POINT ( 'NONE',  ( -2.499999999999999556, 0.000000000000000000, -1.600000000000000311 ) ) ;
#6391 = EDGE_LOOP ( 'NONE', ( #3355, #1260, #1803, #5480 ) ) ;
#6392 = VECTOR ( 'NONE', #4219, 1000.000000000000000 ) ;
#6393 = ORIENTED_EDGE ( 'NONE', *, *, #4047, .T. ) ;
#6394 = AXIS2_PLACEMENT_3D ( 'NONE', #5652, #3641, #5182 ) ;
#6395 = EDGE_CURVE ( 'NONE', #127, #2707, #4194, .T. ) ;
#6396 = ORIENTED_EDGE ( 'NONE', *, *, #4066, .T. ) ;
#6397 = EDGE_CURVE ( 'NONE', #5880, #5027, #1950, .T. ) ;
#6398 =( NAMED_UNIT ( * ) SI_UNIT ( $, .STERADIAN. ) SOLID_ANGLE_UNIT ( ) );
#6399 = DIRECTION ( 'NONE',  ( -0.000000000000000000, -1.000000000000000000, -0.000000000000000000 ) ) ;
#6400 = ORIENTED_EDGE ( 'NONE', *, *, #3528, .F. ) ;
#6401 = CIRCLE ( 'NONE', #6655, 0.3299999999999999045 ) ;
#6402 = VECTOR ( 'NONE', #4510, 1000.000000000000000 ) ;
#6403 = PLANE ( 'NONE',  #3798 ) ;
#6404 = ADVANCED_FACE ( 'NONE', ( #2015 ), #3325, .T. ) ;
#6405 = EDGE_CURVE ( 'NONE', #2070, #127, #4169, .T. ) ;
#6406 = DIRECTION ( 'NONE',  ( 0.000000000000000000, -0.000000000000000000, -1.000000000000000000 ) ) ;
#6407 = VERTEX_POINT ( 'NONE', #5894 ) ;
#6408 = DIRECTION ( 'NONE',  ( 1.000000000000000000, 0.000000000000000000, -0.000000000000000000 ) ) ;
#6409 = AXIS2_PLACEMENT_3D ( 'NONE', #2190, #1609, #3759 ) ;
#6410 = COLOUR_RGB ( '',0.2509803921568627416, 0.2509803921568627416, 0.2509803921568627416 ) ;
#6411 = DIRECTION ( 'NONE',  ( 1.000000000000000000, -0.000000000000000000, -1.129377263005733621E-16 ) ) ;
#6412 = B_SPLINE_CURVE_WITH_KNOTS ( 'NONE', 3,
 ( #6503, #5440, #4990, #1168, #4756, #4424 ),
 .UNSPECIFIED., .F., .F.,
 ( 4, 2, 4 ),
 ( 0.000000000000000000, 0.5000000000000000000, 1.000000000000000000 ),
 .UNSPECIFIED. ) ;
#6413 = ORIENTED_EDGE ( 'NONE', *, *, #1157, .F. ) ;
#6414 = EDGE_CURVE ( 'NONE', #5934, #1904, #4131, .T. ) ;
#6415 = ORIENTED_EDGE ( 'NONE', *, *, #3895, .T. ) ;
#6416 = CIRCLE ( 'NONE', #4465, 0.1000000000000004774 ) ;
#6417 = VECTOR ( 'NONE', #5572, 1000.000000000000000 ) ;
#6418 = DIRECTION ( 'NONE',  ( -0.000000000000000000, -0.000000000000000000, -1.000000000000000000 ) ) ;
#6419 = CARTESIAN_POINT ( 'NONE',  ( 0.8799999999999990052, -1.562049935181331506, 1.599999999999999423 ) ) ;
#6420 = ORIENTED_EDGE ( 'NONE', *, *, #4502, .T. ) ;
#6421 = EDGE_CURVE ( 'NONE', #4536, #954, #4104, .T. ) ;
#6422 = CARTESIAN_POINT ( 'NONE',  ( -1.170000000000005702, 0.5000000000000000000, 0.5999999999999996447 ) ) ;
#6423 = ADVANCED_FACE ( 'NONE', ( #4117 ), #3203, .T. ) ;
#6424 = DIRECTION ( 'NONE',  ( -0.000000000000000000, -1.000000000000000000, -0.000000000000000000 ) ) ;
#6425 = FACE_OUTER_BOUND ( 'NONE', #2288, .T. ) ;
#6426 = FACE_OUTER_BOUND ( 'NONE', #3681, .T. ) ;
#6427 = AXIS2_PLACEMENT_3D ( 'NONE', #4401, #4438, #3036 ) ;
#6428 = CARTESIAN_POINT ( 'NONE',  ( -2.300000000000000266, 0.2500000000000001110, 0.4499999999999987343 ) ) ;
#6429 = CARTESIAN_POINT ( 'NONE',  ( -2.270000000000000462, 1.100000000000000311, -1.020000000000000018 ) ) ;
#6430 = VERTEX_POINT ( 'NONE', #6422 ) ;
#6431 = ORIENTED_EDGE ( 'NONE', *, *, #1361, .F. ) ;
#6432 = CIRCLE ( 'NONE', #3505, 0.09999999999999982514 ) ;
#6433 = VECTOR ( 'NONE', #3241, 1000.000000000000000 ) ;
#6434 = EDGE_LOOP ( 'NONE', ( #6579, #1748, #4024, #6081 ) ) ;
#6435 = EDGE_CURVE ( 'NONE', #4220, #6134, #6274, .T. ) ;
#6436 = VECTOR ( 'NONE', #5960, 1000.000000000000000 ) ;
#6437 = CARTESIAN_POINT ( 'NONE',  ( 1.981548495694795076, 1.000000000000000000, -1.497193095762554105 ) ) ;
#6438 = CARTESIAN_POINT ( 'NONE',  ( -1.870000000000000329, 0.5000000000000000000, -0.5999999999999996447 ) ) ;
#6439 = PLANE ( 'NONE',  #5397 ) ;
#6440 = ORIENTED_EDGE ( 'NONE', *, *, #2209, .T. ) ;
#6441 = DIRECTION ( 'NONE',  ( 0.000000000000000000, 0.000000000000000000, 1.000000000000000000 ) ) ;
#6442 = PLANE ( 'NONE',  #5020 ) ;
#6443 = EDGE_LOOP ( 'NONE', ( #5774, #6480, #2060, #5610, #3521, #4116, #1235, #2193, #5549 ) ) ;
#6444 = CIRCLE ( 'NONE', #2780, 0.09999999999999982514 ) ;
#6445 = LINE ( 'NONE', #6605, #6402 ) ;
#6446 = ORIENTED_EDGE ( 'NONE', *, *, #3933, .T. ) ;
#6447 = VECTOR ( 'NONE', #2803, 1000.000000000000000 ) ;
#6448 = EDGE_CURVE ( 'NONE', #3843, #3970, #6317, .T. ) ;
#6449 = ORIENTED_EDGE ( 'NONE', *, *, #3028, .T. ) ;
#6450 = CARTESIAN_POINT ( 'NONE',  ( -2.500000000000000444, 0.2500000000000001110, 0.8499999999999985345 ) ) ;
#6451 = DIRECTION ( 'NONE',  ( 1.000000000000000000, 0.000000000000000000, 0.000000000000000000 ) ) ;
#6452 = VERTEX_POINT ( 'NONE', #1744 ) ;
#6453 = FACE_OUTER_BOUND ( 'NONE', #4495, .T. ) ;
#6454 = CARTESIAN_POINT ( 'NONE',  ( -2.399999999999999911, 1.300000000000000044, -0.5499999999999992673 ) ) ;
#6455 = DIRECTION ( 'NONE',  ( 0.000000000000000000, 1.000000000000000000, 0.000000000000000000 ) ) ;
#6456 = ORIENTED_EDGE ( 'NONE', *, *, #5143, .T. ) ;
#6457 = LINE ( 'NONE', #5579, #4144 ) ;
#6458 = CARTESIAN_POINT ( 'NONE',  ( -2.349767493193589907, 1.000000000000000000, -1.233381453602117928 ) ) ;
#6459 = CIRCLE ( 'NONE', #1662, 0.4000000000000000777 ) ;
#6460 = EDGE_CURVE ( 'NONE', #3222, #4898, #2616, .T. ) ;
#6461 = EDGE_LOOP ( 'NONE', ( #1658, #6298, #1701, #1737 ) ) ;
#6462 = AXIS2_PLACEMENT_3D ( 'NONE', #6321, #186, #1150 ) ;
#6463 = ORIENTED_EDGE ( 'NONE', *, *, #1827, .F. ) ;
#6464 = VECTOR ( 'NONE', #3459, 1000.000000000000000 ) ;
#6465 = LINE ( 'NONE', #6628, #6506 ) ;
#6466 = ADVANCED_FACE ( 'NONE', ( #6497 ), #2758, .F. ) ;
#6467 = CARTESIAN_POINT ( 'NONE',  ( -1.920000000000000373, 1.300000000000000044, -1.289999999999999591 ) ) ;
#6468 = ORIENTED_EDGE ( 'NONE', *, *, #5997, .T. ) ;
#6469 = DIRECTION ( 'NONE',  ( 0.000000000000000000, 0.000000000000000000, 1.000000000000000000 ) ) ;
#6470 = LINE ( 'NONE', #2986, #6360 ) ;
#6471 = CARTESIAN_POINT ( 'NONE',  ( 2.025013845558516490, 1.069999999999999840, 1.420000000000000373 ) ) ;
#6472 = VECTOR ( 'NONE', #5073, 1000.000000000000000 ) ;
#6473 = CARTESIAN_POINT ( 'NONE',  ( -0.6700000000000005951, 0.000000000000000000, -1.599999999999999645 ) ) ;
#6474 = CARTESIAN_POINT ( 'NONE',  ( -2.399999999999999911, 1.300000000000000044, 0.7500000000000000000 ) ) ;
#6475 = CARTESIAN_POINT ( 'NONE',  ( 2.025013845556882686, 1.000000000000013767, -1.419999999762664888 ) ) ;
#6476 = VERTEX_POINT ( 'NONE', #3682 ) ;
#6477 = EDGE_CURVE ( 'NONE', #1671, #777, #4204, .T. ) ;
#6478 = VERTEX_POINT ( 'NONE', #5817 ) ;
#6479 = VECTOR ( 'NONE', #5145, 1000.000000000000000 ) ;
#6480 = ORIENTED_EDGE ( 'NONE', *, *, #1859, .F. ) ;
#6481 = EDGE_CURVE ( 'NONE', #5617, #924, #6510, .T. ) ;
#6482 = ADVANCED_FACE ( 'NONE', ( #6372 ), #4053, .T. ) ;
#6483 = FACE_OUTER_BOUND ( 'NONE', #751, .T. ) ;
#6484 = DIRECTION ( 'NONE',  ( -0.000000000000000000, -1.000000000000000000, -0.000000000000000000 ) ) ;
#6485 = EDGE_CURVE ( 'NONE', #5284, #1269, #4229, .T. ) ;
#6486 = DIRECTION ( 'NONE',  ( 0.000000000000000000, 0.000000000000000000, 1.000000000000000000 ) ) ;
#6487 = FACE_OUTER_BOUND ( 'NONE', #4359, .T. ) ;
#6488 = CARTESIAN_POINT ( 'NONE',  ( -2.499999999999999556, 0.8500000000000000888, 0.5499999999999983791 ) ) ;
#6489 = VERTEX_POINT ( 'NONE', #1146 ) ;
#6490 = CARTESIAN_POINT ( 'NONE',  ( 2.383238459776135798, 1.000000000000000222, 1.145309764362790306 ) ) ;
#6491 = DIRECTION ( 'NONE',  ( -0.000000000000000000, 1.000000000000000000, 0.000000000000000000 ) ) ;
#6492 =( GEOMETRIC_REPRESENTATION_CONTEXT ( 3 ) GLOBAL_UNCERTAINTY_ASSIGNED_CONTEXT ( ( #3157 ) ) GLOBAL_UNIT_ASSIGNED_CONTEXT ( ( #179, #1743, #6367 ) ) REPRESENTATION_CONTEXT ( 'NONE', 'WORKASPACE' ) );
#6493 = VERTEX_POINT ( 'NONE', #4208 ) ;
#6494 = VECTOR ( 'NONE', #3415, 1000.000000000000000 ) ;
#6495 = VECTOR ( 'NONE', #4818, 1000.000000000000000 ) ;
#6496 = ORIENTED_EDGE ( 'NONE', *, *, #6366, .F. ) ;
#6497 = FACE_OUTER_BOUND ( 'NONE', #5432, .T. ) ;
#6498 = EDGE_CURVE ( 'NONE', #6611, #3174, #1862, .T. ) ;
#6499 = LINE ( 'NONE', #5247, #4273 ) ;
#6500 = EDGE_CURVE ( 'NONE', #2890, #1050, #6305, .T. ) ;
#6501 = CLOSED_SHELL ( 'NONE', ( #1380, #5316, #727, #5951, #1450, #2633, #2054, #6345, #2576, #2312, #1117, #6674, #6631, #1266, #5179, #3652, #1008, #6168, #2111, #5353, #3260 ) ) ;
#6502 = CARTESIAN_POINT ( 'NONE',  ( -2.189999999999999947, 1.239999999999999991, 4.655691681849517938E-16 ) ) ;
#6503 = CARTESIAN_POINT ( 'NONE',  ( -2.320000000000000728, 1.069999999999999840, 1.020000000000000462 ) ) ;
#6504 = ORIENTED_EDGE ( 'NONE', *, *, #2265, .F. ) ;
#6505 = AXIS2_PLACEMENT_3D ( 'NONE', #6569, #5455, #1974 ) ;
#6506 = VECTOR ( 'NONE', #4196, 1000.000000000000000 ) ;
#6507 = DIRECTION ( 'NONE',  ( 0.000000000000000000, 0.000000000000000000, -1.000000000000000000 ) ) ;
#6508 = DIRECTION ( 'NONE',  ( -0.000000000000000000, 1.000000000000000000, -0.000000000000000000 ) ) ;
#6509 = ORIENTED_EDGE ( 'NONE', *, *, #1457, .F. ) ;
#6510 = LINE ( 'NONE', #3718, #6447 ) ;
#6511 = CARTESIAN_POINT ( 'NONE',  ( -1.559999999999999831, 0.5000000000000000000, -1.599999999999999867 ) ) ;
#6512 = VECTOR ( 'NONE', #4000, 1000.000000000000000 ) ;
#6513 = EDGE_CURVE ( 'NONE', #935, #5074, #1888, .T. ) ;
#6514 = ADVANCED_FACE ( 'NONE', ( #6525 ), #1280, .F. ) ;
#6515 = ORIENTED_EDGE ( 'NONE', *, *, #3528, .T. ) ;
#6516 = EDGE_CURVE ( 'NONE', #3982, #1629, #2063, .T. ) ;
#6517 = ORIENTED_EDGE ( 'NONE', *, *, #300, .F. ) ;
#6518 = FACE_OUTER_BOUND ( 'NONE', #4863, .T. ) ;
#6519 = DIRECTION ( 'NONE',  ( -0.000000000000000000, -1.000000000000000000, -0.000000000000000000 ) ) ;
#6520 = CARTESIAN_POINT ( 'NONE',  ( -2.400000000000000799, 1.000000000000000000, 1.019999999999999574 ) ) ;
#6521 = AXIS2_PLACEMENT_3D ( 'NONE', #2703, #929, #3099 ) ;
#6522 = ORIENTED_EDGE ( 'NONE', *, *, #3977, .F. ) ;
#6523 = DIRECTION ( 'NONE',  ( -0.000000000000000000, -1.000000000000000000, -0.000000000000000000 ) ) ;
#6524 = DIRECTION ( 'NONE',  ( -0.000000000000000000, 1.000000000000000000, -0.000000000000000000 ) ) ;
#6525 = FACE_OUTER_BOUND ( 'NONE', #1873, .T. ) ;
#6526 = FACE_OUTER_BOUND ( 'NONE', #4037, .T. ) ;
#6527 = PLANE ( 'NONE',  #438 ) ;
#6528 = AXIS2_PLACEMENT_3D ( 'NONE', #3501, #3990, #4526 ) ;
#6529 = DIRECTION ( 'NONE',  ( -0.000000000000000000, 1.000000000000000000, 0.000000000000000000 ) ) ;
#6530 = ORIENTED_EDGE ( 'NONE', *, *, #5963, .T. ) ;
#6531 = EDGE_CURVE ( 'NONE', #6088, #5016, #6291, .T. ) ;
#6532 = ORIENTED_EDGE ( 'NONE', *, *, #3678, .F. ) ;
#6533 = FACE_OUTER_BOUND ( 'NONE', #3978, .T. ) ;
#6534 = LINE ( 'NONE', #6351, #4113 ) ;
#6535 = ADVANCED_FACE ( 'NONE', ( #6425 ), #3983, .F. ) ;
#6536 = VERTEX_POINT ( 'NONE', #1926 ) ;
#6537 = LINE ( 'NONE', #3411, #1972 ) ;
#6538 = DIRECTION ( 'NONE',  ( 0.000000000000000000, 1.000000000000000000, 0.000000000000000000 ) ) ;
#6539 = CARTESIAN_POINT ( 'NONE',  ( 0.6399999999999986811, 0.9999999999999996669, -1.420000000000000373 ) ) ;
#6540 = CIRCLE ( 'NONE', #2000, 0.1000000000000009076 ) ;
#6541 = DIRECTION ( 'NONE',  ( -1.000000000000000000, -0.000000000000000000, 5.646886315028668105E-17 ) ) ;
#6542 = DIRECTION ( 'NONE',  ( 0.000000000000000000, 0.000000000000000000, 1.000000000000000000 ) ) ;
#6543 = ORIENTED_EDGE ( 'NONE', *, *, #5002, .F. ) ;
#6544 = PLANE ( 'NONE',  #5070 ) ;
#6545 = AXIS2_PLACEMENT_3D ( 'NONE', #6429, #1287, #3419 ) ;
#6546 = ORIENTED_EDGE ( 'NONE', *, *, #1215, .F. ) ;
#6547 = LINE ( 'NONE', #3, #2046 ) ;
#6548 = VECTOR ( 'NONE', #5594, 1000.000000000000000 ) ;
#6549 = CARTESIAN_POINT ( 'NONE',  ( -2.499999999999999556, 0.8500000000000000888, 0.7499999999999986677 ) ) ;
#6550 = ORIENTED_EDGE ( 'NONE', *, *, #1993, .F. ) ;
#6551 = CIRCLE ( 'NONE', #5063, 0.09999999999999982514 ) ;
#6552 = ORIENTED_EDGE ( 'NONE', *, *, #2209, .F. ) ;
#6553 = DIRECTION ( 'NONE',  ( -0.000000000000000000, 1.000000000000000000, 0.000000000000000000 ) ) ;
#6554 = CARTESIAN_POINT ( 'NONE',  ( 2.399999999999998135, 0.8500000000000000888, -0.7499999999999995559 ) ) ;
#6555 = ORIENTED_EDGE ( 'NONE', *, *, #5541, .F. ) ;
#6556 = LINE ( 'NONE', #3213, #1883 ) ;
#6557 = FACE_OUTER_BOUND ( 'NONE', #4584, .T. ) ;
#6558 = DIRECTION ( 'NONE',  ( 0.000000000000000000, 1.000000000000000000, 0.000000000000000000 ) ) ;
#6559 = DIRECTION ( 'NONE',  ( -0.000000000000000000, -0.000000000000000000, -1.000000000000000000 ) ) ;
#6560 = ORIENTED_EDGE ( 'NONE', *, *, #1695, .F. ) ;
#6561 = EDGE_CURVE ( 'NONE', #5001, #5979, #1960, .T. ) ;
#6562 = PLANE ( 'NONE',  #239 ) ;
#6563 = DIRECTION ( 'NONE',  ( 0.000000000000000000, 1.000000000000000000, 0.000000000000000000 ) ) ;
#6564 = DIRECTION ( 'NONE',  ( 0.000000000000000000, 0.000000000000000000, -1.000000000000000000 ) ) ;
#6565 = STYLED_ITEM ( 'NONE', ( #4848 ), #1019 ) ;
#6566 = ORIENTED_EDGE ( 'NONE', *, *, #3330, .F. ) ;
#6567 = ORIENTED_EDGE ( 'NONE', *, *, #5635, .T. ) ;
#6568 = CIRCLE ( 'NONE', #4800, 0.3299999999999997935 ) ;
#6569 = CARTESIAN_POINT ( 'NONE',  ( -2.499999999999999556, 1.300000000000000044, 0.7499999999999995559 ) ) ;
#6570 = CARTESIAN_POINT ( 'NONE',  ( -2.281612038773804141, 1.000000000000000000, 1.335936695440855138 ) ) ;
#6571 = ORIENTED_EDGE ( 'NONE', *, *, #2306, .T. ) ;
#6572 = DIRECTION ( 'NONE',  ( 0.000000000000000000, -0.000000000000000000, 1.000000000000000000 ) ) ;
#6573 = PLANE ( 'NONE',  #3376 ) ;
#6574 = EDGE_CURVE ( 'NONE', #6377, #452, #6537, .T. ) ;
#6575 = VECTOR ( 'NONE', #1476, 1000.000000000000000 ) ;
#6576 = ADVANCED_FACE ( 'NONE', ( #6483 ), #5539, .T. ) ;
#6577 = VERTEX_POINT ( 'NONE', #3456 ) ;
#6578 = EDGE_CURVE ( 'NONE', #1034, #1212, #1987, .T. ) ;
#6579 = ORIENTED_EDGE ( 'NONE', *, *, #4822, .T. ) ;
#6580 = LINE ( 'NONE', #973, #2120 ) ;
#6581 = COLOUR_RGB ( '',0.9686274509803921573, 0.8784313725490195957, 0.5999999999999999778 ) ;
#6582 = PRESENTATION_LAYER_ASSIGNMENT (  '', '', ( #2374 ) ) ;
#6583 = VECTOR ( 'NONE', #1461, 1000.000000000000000 ) ;
#6584 = DIRECTION ( 'NONE',  ( -0.000000000000000000, -1.000000000000000000, -0.000000000000000000 ) ) ;
#6585 = CARTESIAN_POINT ( 'NONE',  ( 1.559999999999999831, -1.562049935181331506, -1.499999999999999778 ) ) ;
#6586 = LINE ( 'NONE', #1335, #2077 ) ;
#6587 = DIRECTION ( 'NONE',  ( 0.000000000000000000, -1.000000000000000000, 0.000000000000000000 ) ) ;
#6588 = CARTESIAN_POINT ( 'NONE',  ( 1.920000000000000373, 1.149999999999999911, -1.020000000000000018 ) ) ;
#6589 = ORIENTED_EDGE ( 'NONE', *, *, #4595, .T. ) ;
#6590 = ORIENTED_EDGE ( 'NONE', *, *, #5601, .T. ) ;
#6591 = VECTOR ( 'NONE', #5643, 1000.000000000000000 ) ;
#6592 = ADVANCED_FACE ( 'NONE', ( #1911 ), #361, .T. ) ;
#6593 = CARTESIAN_POINT ( 'NONE',  ( 0.9800000000000004263, 0.000000000000000000, -1.599999999999999867 ) ) ;
#6594 = EDGE_CURVE ( 'NONE', #5468, #206, #1821, .T. ) ;
#6595 = COLOUR_RGB ( '',0.7921568627450980005, 0.8196078431372548767, 0.9333333333333333481 ) ;
#6596 = LINE ( 'NONE', #4329, #6608 ) ;
#6597 = ORIENTED_EDGE ( 'NONE', *, *, #801, .F. ) ;
#6598 = DIRECTION ( 'NONE',  ( -0.000000000000000000, 1.000000000000000000, -0.000000000000000000 ) ) ;
#6599 = DIRECTION ( 'NONE',  ( -0.000000000000000000, 1.000000000000000000, -0.000000000000000000 ) ) ;
#6600 = ORIENTED_EDGE ( 'NONE', *, *, #3895, .F. ) ;
#6601 = FACE_OUTER_BOUND ( 'NONE', #753, .T. ) ;
#6602 = AXIS2_PLACEMENT_3D ( 'NONE', #1388, #3487, #436 ) ;
#6603 = EDGE_CURVE ( 'NONE', #4600, #5345, #6470, .T. ) ;
#6604 = DIRECTION ( 'NONE',  ( -1.000000000000000000, 0.000000000000000000, 9.035018104045869462E-17 ) ) ;
#6605 = CARTESIAN_POINT ( 'NONE',  ( -1.456896669277396337E-16, 1.300000000000000044, -1.289999999999999813 ) ) ;
#6606 = EDGE_CURVE ( 'NONE', #984, #2973, #6457, .T. ) ;
#6607 = CARTESIAN_POINT ( 'NONE',  ( -2.356640858415492090, 1.000000000000000000, -1.218858151580787030 ) ) ;
#6608 = VECTOR ( 'NONE', #5827, 1000.000000000000000 ) ;
#6609 = AXIS2_PLACEMENT_3D ( 'NONE', #4509, #5529, #5039 ) ;
#6610 = EDGE_LOOP ( 'NONE', ( #5437, #846, #972, #5275 ) ) ;
#6611 = VERTEX_POINT ( 'NONE', #2364 ) ;
#6612 = FACE_OUTER_BOUND ( 'NONE', #1419, .T. ) ;
#6613 = DIRECTION ( 'NONE',  ( -0.000000000000000000, -1.000000000000000000, -0.000000000000000000 ) ) ;
#6614 = CARTESIAN_POINT ( 'NONE',  ( -1.559999999999999831, 0.5000000000000000000, -1.499999999999999778 ) ) ;
#6615 = DIRECTION ( 'NONE',  ( 0.000000000000000000, 1.000000000000000000, 0.000000000000000000 ) ) ;
#6616 = CARTESIAN_POINT ( 'NONE',  ( 2.499999999999999556, 1.000000000000000000, -0.5499999999999988232 ) ) ;
#6617 = EDGE_CURVE ( 'NONE', #6148, #5675, #2004, .T. ) ;
#6618 = FACE_OUTER_BOUND ( 'NONE', #3094, .T. ) ;
#6619 = PLANE ( 'NONE',  #4018 ) ;
#6620 = CARTESIAN_POINT ( 'NONE',  ( 2.320000000000000284, 1.100000000000000311, 1.020000000000000462 ) ) ;
#6621 = CARTESIAN_POINT ( 'NONE',  ( -1.920000000000000373, 8.040147056835873940, 1.420000000000000373 ) ) ;
#6622 = ORIENTED_EDGE ( 'NONE', *, *, #2367, .T. ) ;
#6623 = SURFACE_STYLE_FILL_AREA ( #2352 ) ;
#6624 = VECTOR ( 'NONE', #1237, 1000.000000000000000 ) ;
#6625 = CARTESIAN_POINT ( 'NONE',  ( 2.320000000000000284, 1.069999999999999840, 1.020000000000000462 ) ) ;
#6626 = CARTESIAN_POINT ( 'NONE',  ( 2.299999999999997602, 0.000000000000000000, -1.600000000000000311 ) ) ;
#6627 = LINE ( 'NONE', #6383, #6636 ) ;
#6628 = CARTESIAN_POINT ( 'NONE',  ( 0.6700000000000014833, 0.000000000000000000, 1.599999999999999423 ) ) ;
#6629 = EDGE_CURVE ( 'NONE', #5044, #4274, #2192, .T. ) ;
#6630 = DIRECTION ( 'NONE',  ( 1.000000000000000000, 0.000000000000000000, 2.710505431213761085E-16 ) ) ;
#6631 = ADVANCED_FACE ( 'NONE', ( #6659 ), #3331, .T. ) ;
#6632 = ORIENTED_EDGE ( 'NONE', *, *, #3405, .T. ) ;
#6633 = CARTESIAN_POINT ( 'NONE',  ( 1.870000000000000773, 0.000000000000000000, 0.5999999999999992006 ) ) ;
#6634 = AXIS2_PLACEMENT_3D ( 'NONE', #4672, #3286, #5270 ) ;
#6635 = DIRECTION ( 'NONE',  ( 0.000000000000000000, 0.000000000000000000, -1.000000000000000000 ) ) ;
#6636 = VECTOR ( 'NONE', #240, 1000.000000000000000 ) ;
#6637 = ORIENTED_EDGE ( 'NONE', *, *, #6516, .T. ) ;
#6638 = DIRECTION ( 'NONE',  ( 0.000000000000000000, -1.000000000000000000, 0.000000000000000000 ) ) ;
#6639 = CARTESIAN_POINT ( 'NONE',  ( -0.6700000000000005951, 0.5000000000000000000, 1.599999999999999645 ) ) ;
#6640 = SURFACE_STYLE_FILL_AREA ( #3236 ) ;
#6641 = ADVANCED_FACE ( 'NONE', ( #9 ), #3848, .F. ) ;
#6642 = PLANE ( 'NONE',  #6609 ) ;
#6643 = DIRECTION ( 'NONE',  ( -0.000000000000000000, -0.000000000000000000, 1.000000000000000000 ) ) ;
#6644 = VECTOR ( 'NONE', #878, 1000.000000000000000 ) ;
#6645 = DIRECTION ( 'NONE',  ( 0.000000000000000000, 1.000000000000000000, 0.000000000000000000 ) ) ;
#6646 = CIRCLE ( 'NONE', #5756, 0.09999999999999982514 ) ;
#6647 = VECTOR ( 'NONE', #5400, 1000.000000000000000 ) ;
#6648 = DIRECTION ( 'NONE',  ( -0.000000000000000000, -1.000000000000000000, -0.000000000000000000 ) ) ;
#6649 = CARTESIAN_POINT ( 'NONE',  ( -2.499999999999999556, 1.000000000000000000, 1.599999999999999867 ) ) ;
#6650 = DIRECTION ( 'NONE',  ( -0.000000000000000000, 1.000000000000000000, -0.000000000000000000 ) ) ;
#6651 = EDGE_CURVE ( 'NONE', #376, #682, #2091, .T. ) ;
#6652 = LINE ( 'NONE', #1176, #4487 ) ;
#6653 = CARTESIAN_POINT ( 'NONE',  ( -1.920000000000000373, -4.290147056835873940, 1.350000000000000755 ) ) ;
#6654 = CARTESIAN_POINT ( 'NONE',  ( 2.189999999999999947, 1.239999999999999991, -1.019999999999999796 ) ) ;
#6655 = AXIS2_PLACEMENT_3D ( 'NONE', #6588, #5554, #2956 ) ;
#6656 = CARTESIAN_POINT ( 'NONE',  ( 1.870000000000000773, 0.000000000000000000, -0.5999999999999992006 ) ) ;
#6657 = AXIS2_PLACEMENT_3D ( 'NONE', #956, #1924, #996 ) ;
#6658 = LINE ( 'NONE', #2296, #2172 ) ;
#6659 = FACE_OUTER_BOUND ( 'NONE', #2521, .T. ) ;
#6660 = CARTESIAN_POINT ( 'NONE',  ( -2.499999999999999556, 1.000000000000000000, 1.399999999999999467 ) ) ;
#6661 = VERTEX_POINT ( 'NONE', #2886 ) ;
#6662 = DIRECTION ( 'NONE',  ( -0.000000000000000000, 0.000000000000000000, -1.000000000000000000 ) ) ;
#6663 = LINE ( 'NONE', #1893, #4474 ) ;
#6664 = CARTESIAN_POINT ( 'NONE',  ( -1.920000000000000373, 1.239999999999999769, 1.020000000000000462 ) ) ;
#6665 = CARTESIAN_POINT ( 'NONE',  ( -2.320000000000000284, 8.040147056835873940, -1.020000000000000018 ) ) ;
#6666 = EDGE_CURVE ( 'NONE', #839, #5492, #4457, .T. ) ;
#6667 = FACE_OUTER_BOUND ( 'NONE', #3205, .T. ) ;
#6668 = FACE_OUTER_BOUND ( 'NONE', #4460, .T. ) ;
#6669 = DIRECTION ( 'NONE',  ( 0.000000000000000000, 0.000000000000000000, 1.000000000000000000 ) ) ;
#6670 = AXIS2_PLACEMENT_3D ( 'NONE', #3292, #3765, #1190 ) ;
#6671 = VECTOR ( 'NONE', #5457, 1000.000000000000000 ) ;
#6672 = ORIENTED_EDGE ( 'NONE', *, *, #3776, .F. ) ;
#6673 = FACE_OUTER_BOUND ( 'NONE', #4001, .T. ) ;
#6674 = ADVANCED_FACE ( 'NONE', ( #4528 ), #4363, .F. ) ;
#6675 = DIRECTION ( 'NONE',  ( 1.000000000000000000, 0.000000000000000000, -2.125886612716662261E-16 ) ) ;
#6676 = CARTESIAN_POINT ( 'NONE',  ( 2.320000000000000284, 0.9999999999999996669, -0.3399999999999995803 ) ) ;
#6677 = VECTOR ( 'NONE', #5167, 1000.000000000000000 ) ;
#6678 = COLOUR_RGB ( '',0.9686274509803921573, 0.8784313725490195957, 0.5999999999999999778 ) ;
#6679 = CARTESIAN_POINT ( 'NONE',  ( -2.319999999999999840, 1.069999999999999840, -1.125013845558523684 ) ) ;
#6680 = PRODUCT_DEFINITION_CONTEXT ( 'detailed design', #4763, 'design' ) ;
#6681 =( LENGTH_UNIT ( ) NAMED_UNIT ( * ) SI_UNIT ( .MILLI., .METRE. ) );
#6682 = CARTESIAN_POINT ( 'NONE',  ( 2.300000000000000266, 0.2500000000000000555, 0.8499999999999989786 ) ) ;
#6683 = DIRECTION ( 'NONE',  ( -0.000000000000000000, 1.000000000000000000, -0.000000000000000000 ) ) ;
#6684 = ORIENTED_EDGE ( 'NONE', *, *, #5050, .T. ) ;
#6685 = VECTOR ( 'NONE', #5288, 1000.000000000000000 ) ;
ENDSEC;
END-ISO-10303-21;
