ISO-10303-21;
HEADER;
FILE_DESCRIPTION (( 'STEP AP214' ),
    '1' );
FILE_NAME ('MLG0603P0N6BT.STEP',
    '2023-04-20T18:37:51',
    ( '' ),
    ( '' ),
    'SwSTEP 2.0',
    'SolidWorks 2021',
    '' );
FILE_SCHEMA (( 'AUTOMOTIVE_DESIGN' ));
ENDSEC;

DATA;
#1 = DIRECTION ( 'NONE',  ( 2.267543115012128150E-32, -1.003890900449541079E-16, 1.000000000000000000 ) ) ;
#2 = VECTOR ( 'NONE', #834, 1000.000000000000000 ) ;
#3 = VERTEX_POINT ( 'NONE', #1286 ) ;
#4 = AXIS2_PLACEMENT_3D ( 'NONE', #1297, #403, #27 ) ;
#5 = LINE ( 'NONE', #518, #20 ) ;
#6 = ORIENTED_EDGE ( 'NONE', *, *, #682, .F. ) ;
#7 = CARTESIAN_POINT ( 'NONE',  ( 0.1499999999999999944, 0.01499999999999998557, -0.1350000000000000089 ) ) ;
#8 = CARTESIAN_POINT ( 'NONE',  ( -0.4901785145224381024, 0.3150000000000000022, -0.1350000000000000089 ) ) ;
#9 = ORIENTED_EDGE ( 'NONE', *, *, #424, .F. ) ;
#10 = EDGE_CURVE ( 'NONE', #1601, #497, #255, .T. ) ;
#11 = AXIS2_PLACEMENT_3D ( 'NONE', #207, #745, #1096 ) ;
#12 = CARTESIAN_POINT ( 'NONE',  ( 0.6024601890638080492, 0.3200000000000001732, 0.1350000000000000366 ) ) ;
#13 = ORIENTED_EDGE ( 'NONE', *, *, #627, .F. ) ;
#14 = CARTESIAN_POINT ( 'NONE',  ( 0.2849999999999999201, 0.3150000000000000022, -0.1349999999999999811 ) ) ;
#15 = CARTESIAN_POINT ( 'NONE',  ( -7.115076756936122848E-17, 0.3150000000000000022, -0.1400000000000000133 ) ) ;
#16 = ADVANCED_FACE ( 'NONE', ( #529 ), #639, .T. ) ;
#17 = DIRECTION ( 'NONE',  ( -1.000000000000000000, -2.258754526011467242E-16, -0.000000000000000000 ) ) ;
#18 = EDGE_CURVE ( 'NONE', #894, #1038, #142, .T. ) ;
#19 = PLANE ( 'NONE',  #1585 ) ;
#20 = VECTOR ( 'NONE', #1028, 1000.000000000000000 ) ;
#21 = CARTESIAN_POINT ( 'NONE',  ( -0.2999999999999999889, 0.3300000000000000155, 0.1500000000000000500 ) ) ;
#22 = DIRECTION ( 'NONE',  ( 1.000000000000000000, 1.902109074535972765E-16, 0.000000000000000000 ) ) ;
#23 = VECTOR ( 'NONE', #665, 1000.000000000000000 ) ;
#24 = ORIENTED_EDGE ( 'NONE', *, *, #1034, .T. ) ;
#25 = EDGE_CURVE ( 'NONE', #1631, #819, #1436, .T. ) ;
#26 = CARTESIAN_POINT ( 'NONE',  ( 0.2100000000000000200, 0.3300000000000000155, -0.1499999999999999944 ) ) ;
#27 = DIRECTION ( 'NONE',  ( 0.000000000000000000, 0.000000000000000000, 1.000000000000000000 ) ) ;
#28 = AXIS2_PLACEMENT_3D ( 'NONE', #921, #544, #289 ) ;
#29 = DIRECTION ( 'NONE',  ( -1.210047067506143201E-16, -0.000000000000000000, -1.000000000000000000 ) ) ;
#30 = AXIS2_PLACEMENT_3D ( 'NONE', #520, #1530, #377 ) ;
#31 = CARTESIAN_POINT ( 'NONE',  ( -7.002139030635548648E-17, 0.3099999999999999978, -0.1400000000000000133 ) ) ;
#32 = ORIENTED_EDGE ( 'NONE', *, *, #197, .T. ) ;
#33 = EDGE_CURVE ( 'NONE', #574, #109, #648, .T. ) ;
#34 = CARTESIAN_POINT ( 'NONE',  ( -0.2999999999999999889, 0.3150000000000000022, 0.1350000000000000366 ) ) ;
#35 = EDGE_LOOP ( 'NONE', ( #1132, #925, #608, #266 ) ) ;
#36 = DIRECTION ( 'NONE',  ( -1.902109074535972765E-16, -1.000000000000000000, 0.000000000000000000 ) ) ;
#37 = EDGE_CURVE ( 'NONE', #575, #1522, #539, .T. ) ;
#38 = CARTESIAN_POINT ( 'NONE',  ( 0.1499999999999999667, 0.04500000000000001915, -0.1499999999999999944 ) ) ;
#39 = DIRECTION ( 'NONE',  ( 1.000000000000000000, -1.902109074535972765E-16, -0.000000000000000000 ) ) ;
#40 = ORIENTED_EDGE ( 'NONE', *, *, #278, .F. ) ;
#41 = DIRECTION ( 'NONE',  ( 1.807003620809173892E-16, 0.000000000000000000, -1.000000000000000000 ) ) ;
#42 = EDGE_CURVE ( 'NONE', #1291, #622, #149, .T. ) ;
#43 = ORIENTED_EDGE ( 'NONE', *, *, #1137, .T. ) ;
#44 = SURFACE_STYLE_USAGE ( .BOTH. , #1050 ) ;
#45 = ORIENTED_EDGE ( 'NONE', *, *, #1504, .T. ) ;
#46 = CARTESIAN_POINT ( 'NONE',  ( -7.002139030635548648E-17, 0.3099999999999999978, -0.1400000000000000133 ) ) ;
#47 = CYLINDRICAL_SURFACE ( 'NONE', #1388, 0.005000000000000013115 ) ;
#48 = DIRECTION ( 'NONE',  ( 0.000000000000000000, -1.000000000000000000, 0.000000000000000000 ) ) ;
#49 = AXIS2_PLACEMENT_3D ( 'NONE', #573, #1438, #1073 ) ;
#50 = CIRCLE ( 'NONE', #454, 0.01499999999999999944 ) ;
#51 = CARTESIAN_POINT ( 'NONE',  ( -0.2849999999999999201, 0.3150000000000000022, -0.1349999999999999811 ) ) ;
#52 = ORIENTED_EDGE ( 'NONE', *, *, #1144, .T. ) ;
#53 = ORIENTED_EDGE ( 'NONE', *, *, #1225, .F. ) ;
#54 = PRESENTATION_LAYER_ASSIGNMENT (  '', '', ( #1486 ) ) ;
#55 = FILL_AREA_STYLE ('',( #691 ) ) ;
#56 = DIRECTION ( 'NONE',  ( 1.000000000000000000, 0.000000000000000000, 0.000000000000000000 ) ) ;
#57 = DIRECTION ( 'NONE',  ( -1.000000000000000000, -2.258754526011467242E-16, -0.000000000000000000 ) ) ;
#58 = VECTOR ( 'NONE', #447, 1000.000000000000000 ) ;
#59 = EDGE_CURVE ( 'NONE', #1466, #1642, #1410, .T. ) ;
#60 = CARTESIAN_POINT ( 'NONE',  ( 0.000000000000000000, 0.3099999999999999978, 0.1400000000000000133 ) ) ;
#61 = EDGE_LOOP ( 'NONE', ( #389, #1371, #810, #1429, #857, #1058 ) ) ;
#62 = DIRECTION ( 'NONE',  ( 0.000000000000000000, -1.000000000000000000, 0.000000000000000000 ) ) ;
#63 = ORIENTED_EDGE ( 'NONE', *, *, #804, .T. ) ;
#64 =( NAMED_UNIT ( * ) PLANE_ANGLE_UNIT ( ) SI_UNIT ( $, .RADIAN. ) );
#65 = DIRECTION ( 'NONE',  ( 1.807003620809173892E-16, 0.000000000000000000, 1.000000000000000000 ) ) ;
#66 = VECTOR ( 'NONE', #107, 1000.000000000000000 ) ;
#67 = EDGE_LOOP ( 'NONE', ( #53, #1558, #1214, #1496 ) ) ;
#68 = CARTESIAN_POINT ( 'NONE',  ( 0.2099999999999999645, 0.04499999999999999833, -0.1499999999999999944 ) ) ;
#69 = EDGE_LOOP ( 'NONE', ( #1366, #1430, #1350, #1583 ) ) ;
#70 = DIRECTION ( 'NONE',  ( -0.000000000000000000, -0.000000000000000000, 1.000000000000000000 ) ) ;
#71 = CARTESIAN_POINT ( 'NONE',  ( 0.2100000000000000200, 0.3300000000000000155, -0.1499999999999999944 ) ) ;
#72 = PLANE ( 'NONE',  #993 ) ;
#73 = DIRECTION ( 'NONE',  ( 1.902109074535972765E-16, -1.000000000000000000, 0.000000000000000000 ) ) ;
#74 = VERTEX_POINT ( 'NONE', #131 ) ;
#75 = EDGE_CURVE ( 'NONE', #456, #221, #1464, .T. ) ;
#76 = AXIS2_PLACEMENT_3D ( 'NONE', #1574, #1589, #328 ) ;
#77 = PRESENTATION_LAYER_ASSIGNMENT (  '', '', ( #1066 ) ) ;
#78 = ORIENTED_EDGE ( 'NONE', *, *, #75, .F. ) ;
#79 = DIRECTION ( 'NONE',  ( 0.000000000000000000, 0.000000000000000000, -1.000000000000000000 ) ) ;
#80 = VECTOR ( 'NONE', #1208, 1000.000000000000000 ) ;
#81 = DIRECTION ( 'NONE',  ( 0.000000000000000000, 0.000000000000000000, 1.000000000000000000 ) ) ;
#82 =( GEOMETRIC_REPRESENTATION_CONTEXT ( 3 ) GLOBAL_UNCERTAINTY_ASSIGNED_CONTEXT ( ( #918 ) ) GLOBAL_UNIT_ASSIGNED_CONTEXT ( ( #847, #363, #232 ) ) REPRESENTATION_CONTEXT ( 'NONE', 'WORKASPACE' ) );
#83 = ORIENTED_EDGE ( 'NONE', *, *, #1013, .F. ) ;
#84 = DIRECTION ( 'NONE',  ( 0.000000000000000000, -1.000000000000000000, 0.000000000000000000 ) ) ;
#85 = DIRECTION ( 'NONE',  ( 0.000000000000000000, 1.000000000000000000, 0.000000000000000000 ) ) ;
#86 = ORIENTED_EDGE ( 'NONE', *, *, #37, .F. ) ;
#87 = VERTEX_POINT ( 'NONE', #517 ) ;
#88 = LINE ( 'NONE', #1093, #859 ) ;
#89 = EDGE_CURVE ( 'NONE', #243, #1488, #1415, .T. ) ;
#90 = DIRECTION ( 'NONE',  ( 0.000000000000000000, -1.000000000000000000, 0.000000000000000000 ) ) ;
#91 = EDGE_CURVE ( 'NONE', #191, #366, #1170, .T. ) ;
#92 = ORIENTED_EDGE ( 'NONE', *, *, #97, .T. ) ;
#93 = EDGE_CURVE ( 'NONE', #1593, #1426, #1314, .T. ) ;
#94 = VERTEX_POINT ( 'NONE', #253 ) ;
#95 = VERTEX_POINT ( 'NONE', #953 ) ;
#96 = DIRECTION ( 'NONE',  ( -0.000000000000000000, -1.000000000000000000, -0.000000000000000000 ) ) ;
#97 = EDGE_CURVE ( 'NONE', #702, #1455, #1609, .T. ) ;
#98 = FACE_OUTER_BOUND ( 'NONE', #1279, .T. ) ;
#99 = DIRECTION ( 'NONE',  ( 0.000000000000000000, -1.000000000000000000, -0.000000000000000000 ) ) ;
#100 = DIRECTION ( 'NONE',  ( -1.000000000000000000, 3.388131789017201356E-16, 0.000000000000000000 ) ) ;
#101 = DIRECTION ( 'NONE',  ( 2.581433744013105560E-16, -1.000000000000000000, -3.123656331904462591E-32 ) ) ;
#102 = ORIENTED_EDGE ( 'NONE', *, *, #593, .F. ) ;
#103 = EDGE_LOOP ( 'NONE', ( #564, #1012, #1442, #222 ) ) ;
#104 = CIRCLE ( 'NONE', #508, 0.01500000000000001159 ) ;
#105 = FACE_OUTER_BOUND ( 'NONE', #67, .T. ) ;
#106 = MANIFOLD_SOLID_BREP ( 'Cut-Extrude1', #115 ) ;
#107 = DIRECTION ( 'NONE',  ( 0.000000000000000000, 0.000000000000000000, 1.000000000000000000 ) ) ;
#108 = LINE ( 'NONE', #874, #1431 ) ;
#109 = VERTEX_POINT ( 'NONE', #740 ) ;
#110 = CIRCLE ( 'NONE', #319, 0.01499999999999998557 ) ;
#111 = DIRECTION ( 'NONE',  ( 1.000000000000000000, -1.902109074535972765E-16, -0.000000000000000000 ) ) ;
#112 = PRESENTATION_LAYER_ASSIGNMENT (  '', '', ( #1020 ) ) ;
#113 = CYLINDRICAL_SURFACE ( 'NONE', #1592, 0.01499999999999999944 ) ;
#114 = ORIENTED_EDGE ( 'NONE', *, *, #93, .F. ) ;
#115 = CLOSED_SHELL ( 'NONE', ( #433, #259, #248, #1557, #1011, #992, #579, #1526, #125, #132 ) ) ;
#116 = AXIS2_PLACEMENT_3D ( 'NONE', #1531, #663, #406 ) ;
#117 = ORIENTED_EDGE ( 'NONE', *, *, #1225, .T. ) ;
#118 = DIRECTION ( 'NONE',  ( 0.000000000000000000, 0.000000000000000000, 1.000000000000000000 ) ) ;
#119 = DIRECTION ( 'NONE',  ( 0.000000000000000000, -1.000000000000000000, 0.000000000000000000 ) ) ;
#120 = CARTESIAN_POINT ( 'NONE',  ( 0.2849999999999999756, 0.01499999999999998557, 0.1500000000000000500 ) ) ;
#121 = ORIENTED_EDGE ( 'NONE', *, *, #236, .T. ) ;
#122 = CARTESIAN_POINT ( 'NONE',  ( 0.2100000000000000200, 0.3150000000000000577, -0.1350000000000000089 ) ) ;
#123 = CARTESIAN_POINT ( 'NONE',  ( 0.2849999999999999201, 0.3150000000000000022, -0.1499999999999999667 ) ) ;
#124 = ORIENTED_EDGE ( 'NONE', *, *, #905, .T. ) ;
#125 = ADVANCED_FACE ( 'NONE', ( #709 ), #1243, .F. ) ;
#126 = LINE ( 'NONE', #632, #1090 ) ;
#127 = DIRECTION ( 'NONE',  ( -1.000000000000000000, -0.000000000000000000, 0.000000000000000000 ) ) ;
#128 = ORIENTED_EDGE ( 'NONE', *, *, #748, .T. ) ;
#129 =( NAMED_UNIT ( * ) PLANE_ANGLE_UNIT ( ) SI_UNIT ( $, .RADIAN. ) );
#130 = CARTESIAN_POINT ( 'NONE',  ( 0.2100000000000000200, 0.3300000000000000155, -0.1499999999999999944 ) ) ;
#131 = CARTESIAN_POINT ( 'NONE',  ( 0.2849999999999999756, 0.01499999999999998557, 0.1500000000000000500 ) ) ;
#132 = ADVANCED_FACE ( 'NONE', ( #353 ), #378, .F. ) ;
#133 = CIRCLE ( 'NONE', #344, 0.01499999999999998557 ) ;
#134 = EDGE_LOOP ( 'NONE', ( #261, #871, #1057 ) ) ;
#135 = CIRCLE ( 'NONE', #1095, 0.01499999999999998557 ) ;
#136 = CARTESIAN_POINT ( 'NONE',  ( 0.2849999999999999756, 0.01499999999999999944, 0.1350000000000000366 ) ) ;
#137 = CARTESIAN_POINT ( 'NONE',  ( 0.000000000000000000, 0.3150000000000000022, -0.1400000000000000133 ) ) ;
#138 = DIRECTION ( 'NONE',  ( 0.000000000000000000, 0.000000000000000000, 1.000000000000000000 ) ) ;
#139 = VECTOR ( 'NONE', #596, 1000.000000000000000 ) ;
#140 = ADVANCED_FACE ( 'NONE', ( #1378 ), #1148, .T. ) ;
#141 = AXIS2_PLACEMENT_3D ( 'NONE', #584, #1358, #973 ) ;
#142 = LINE ( 'NONE', #1049, #1290 ) ;
#143 = AXIS2_PLACEMENT_3D ( 'NONE', #784, #771, #397 ) ;
#144 = LINE ( 'NONE', #275, #898 ) ;
#145 = EDGE_LOOP ( 'NONE', ( #875, #777, #1188, #555, #689, #1376 ) ) ;
#146 = LINE ( 'NONE', #1543, #1126 ) ;
#147 = EDGE_CURVE ( 'NONE', #1224, #1002, #1215, .T. ) ;
#148 = CYLINDRICAL_SURFACE ( 'NONE', #290, 0.01499999999999998557 ) ;
#149 = LINE ( 'NONE', #904, #380 ) ;
#150 = VECTOR ( 'NONE', #1329, 1000.000000000000000 ) ;
#151 = FACE_OUTER_BOUND ( 'NONE', #320, .T. ) ;
#152 = ORIENTED_EDGE ( 'NONE', *, *, #410, .F. ) ;
#153 = DIRECTION ( 'NONE',  ( -1.000000000000000000, -1.902109074535972765E-16, -0.000000000000000000 ) ) ;
#154 = DIRECTION ( 'NONE',  ( 1.902109074535972765E-16, -1.000000000000000000, 0.000000000000000000 ) ) ;
#155 = AXIS2_PLACEMENT_3D ( 'NONE', #814, #450, #286 ) ;
#156 = CARTESIAN_POINT ( 'NONE',  ( -0.2849999999999999756, 0.3150000000000000022, 0.1350000000000000366 ) ) ;
#157 = EDGE_LOOP ( 'NONE', ( #981, #1029, #1545, #246 ) ) ;
#158 = CARTESIAN_POINT ( 'NONE',  ( 0.2100000000000000200, 0.3150000000000000022, -0.1350000000000000089 ) ) ;
#159 = ORIENTED_EDGE ( 'NONE', *, *, #439, .T. ) ;
#160 = VECTOR ( 'NONE', #1120, 1000.000000000000000 ) ;
#161 = CARTESIAN_POINT ( 'NONE',  ( -0.2100000000000000200, 0.3300000000000000155, -0.1499999999999999944 ) ) ;
#162 = AXIS2_PLACEMENT_3D ( 'NONE', #425, #1068, #164 ) ;
#163 = DIRECTION ( 'NONE',  ( 0.000000000000000000, 0.000000000000000000, 1.000000000000000000 ) ) ;
#164 = DIRECTION ( 'NONE',  ( 0.000000000000000000, -1.000000000000000000, 0.000000000000000000 ) ) ;
#165 = FACE_OUTER_BOUND ( 'NONE', #204, .T. ) ;
#166 = EDGE_CURVE ( 'NONE', #1207, #95, #876, .T. ) ;
#167 = ORIENTED_EDGE ( 'NONE', *, *, #424, .T. ) ;
#168 = DIRECTION ( 'NONE',  ( 1.902109074535972765E-16, -1.000000000000000000, 0.000000000000000000 ) ) ;
#169 = EDGE_LOOP ( 'NONE', ( #866, #1575, #317, #1384 ) ) ;
#170 = CARTESIAN_POINT ( 'NONE',  ( -7.002139030635548648E-17, 0.3099999999999999978, -0.1400000000000000133 ) ) ;
#171 = ORIENTED_EDGE ( 'NONE', *, *, #1308, .T. ) ;
#172 = EDGE_CURVE ( 'NONE', #839, #1080, #606, .T. ) ;
#173 = DIRECTION ( 'NONE',  ( 1.000000000000000000, -0.000000000000000000, -0.000000000000000000 ) ) ;
#174 = DIRECTION ( 'NONE',  ( -1.000000000000000000, 3.388131789017200863E-16, 0.000000000000000000 ) ) ;
#175 = LINE ( 'NONE', #943, #1151 ) ;
#176 = EDGE_CURVE ( 'NONE', #1642, #702, #869, .T. ) ;
#177 = PLANE ( 'NONE',  #587 ) ;
#178 = VERTEX_POINT ( 'NONE', #1123 ) ;
#179 = CARTESIAN_POINT ( 'NONE',  ( 0.000000000000000000, 0.3200000000000000067, 0.1350000000000000644 ) ) ;
#180 = EDGE_LOOP ( 'NONE', ( #1356, #231, #257, #687, #1005, #581 ) ) ;
#181 = DIRECTION ( 'NONE',  ( 0.000000000000000000, 0.000000000000000000, 1.000000000000000000 ) ) ;
#182 = FACE_OUTER_BOUND ( 'NONE', #302, .T. ) ;
#183 = CARTESIAN_POINT ( 'NONE',  ( -0.2849999999999999756, 0.3300000000000000155, 0.1500000000000000500 ) ) ;
#184 = DIRECTION ( 'NONE',  ( -1.000000000000000000, 0.000000000000000000, -1.807003620809175125E-16 ) ) ;
#185 = AXIS2_PLACEMENT_3D ( 'NONE', #1310, #1086, #181 ) ;
#186 = DIRECTION ( 'NONE',  ( 0.000000000000000000, 0.000000000000000000, -1.000000000000000000 ) ) ;
#187 = ORIENTED_EDGE ( 'NONE', *, *, #176, .F. ) ;
#188 = DIRECTION ( 'NONE',  ( -1.000000000000000000, -1.902109074535972765E-16, 0.000000000000000000 ) ) ;
#189 = EDGE_CURVE ( 'NONE', #1488, #497, #1623, .T. ) ;
#190 = CIRCLE ( 'NONE', #535, 0.005000000000000013115 ) ;
#191 = VERTEX_POINT ( 'NONE', #749 ) ;
#192 = AXIS2_PLACEMENT_3D ( 'NONE', #1402, #1190, #712 ) ;
#193 = LINE ( 'NONE', #1570, #399 ) ;
#194 = PLANE ( 'NONE',  #1599 ) ;
#195 = DIRECTION ( 'NONE',  ( 0.000000000000000000, 0.000000000000000000, 1.000000000000000000 ) ) ;
#196 = CIRCLE ( 'NONE', #1129, 0.01499999999999998557 ) ;
#197 = EDGE_CURVE ( 'NONE', #243, #1601, #647, .T. ) ;
#198 = ORIENTED_EDGE ( 'NONE', *, *, #653, .T. ) ;
#199 = PRESENTATION_STYLE_ASSIGNMENT (( #626 ) ) ;
#200 = EDGE_LOOP ( 'NONE', ( #599, #294, #1008 ) ) ;
#201 = CYLINDRICAL_SURFACE ( 'NONE', #1259, 0.01499999999999999944 ) ;
#202 = EDGE_CURVE ( 'NONE', #1038, #87, #1162, .T. ) ;
#203 = DIRECTION ( 'NONE',  ( -1.807003620809173892E-16, 0.000000000000000000, 1.000000000000000000 ) ) ;
#204 = EDGE_LOOP ( 'NONE', ( #551, #92, #52, #159, #1370, #1629 ) ) ;
#205 = ORIENTED_EDGE ( 'NONE', *, *, #390, .F. ) ;
#206 = LINE ( 'NONE', #719, #1338 ) ;
#207 = CARTESIAN_POINT ( 'NONE',  ( -1.084202172485504434E-16, 0.3150000000000000022, 0.1350000000000000366 ) ) ;
#208 = CARTESIAN_POINT ( 'NONE',  ( -0.2999999999999999889, 0.3150000000000000022, 0.1500000000000000500 ) ) ;
#209 = CARTESIAN_POINT ( 'NONE',  ( -0.1499999999999999667, 0.04500000000000001915, -0.1499999999999999944 ) ) ;
#210 = ORIENTED_EDGE ( 'NONE', *, *, #682, .T. ) ;
#211 = VECTOR ( 'NONE', #154, 1000.000000000000000 ) ;
#212 = ORIENTED_EDGE ( 'NONE', *, *, #609, .T. ) ;
#213 = EDGE_CURVE ( 'NONE', #1468, #846, #1624, .T. ) ;
#214 = DIRECTION ( 'NONE',  ( -1.000000000000000000, 0.000000000000000000, 0.000000000000000000 ) ) ;
#215 = VECTOR ( 'NONE', #803, 1000.000000000000000 ) ;
#216 = DIRECTION ( 'NONE',  ( 0.000000000000000000, -1.000000000000000000, 0.000000000000000000 ) ) ;
#217 = DIRECTION ( 'NONE',  ( -1.000000000000000000, -0.000000000000000000, -0.000000000000000000 ) ) ;
#218 = VECTOR ( 'NONE', #70, 1000.000000000000000 ) ;
#219 = ORIENTED_EDGE ( 'NONE', *, *, #91, .F. ) ;
#220 = PRODUCT_RELATED_PRODUCT_CATEGORY ( 'part', '', ( #491 ) ) ;
#221 = VERTEX_POINT ( 'NONE', #521 ) ;
#222 = ORIENTED_EDGE ( 'NONE', *, *, #1021, .T. ) ;
#223 = EDGE_CURVE ( 'NONE', #1455, #359, #1541, .T. ) ;
#224 = CARTESIAN_POINT ( 'NONE',  ( 0.2849999999999999756, 0.01499999999999999944, 0.1350000000000000366 ) ) ;
#225 = CARTESIAN_POINT ( 'NONE',  ( 0.2849999999999999756, 0.3150000000000000022, 0.1350000000000000366 ) ) ;
#226 = CARTESIAN_POINT ( 'NONE',  ( 0.000000000000000000, 0.3300000000000000155, 0.000000000000000000 ) ) ;
#227 = DIRECTION ( 'NONE',  ( -2.258754526011467735E-16, 1.000000000000000000, 0.000000000000000000 ) ) ;
#228 = CARTESIAN_POINT ( 'NONE',  ( -0.2849999999999999201, 0.01499999999999999944, -0.1349999999999999811 ) ) ;
#229 = EDGE_LOOP ( 'NONE', ( #1610, #383, #240, #1474 ) ) ;
#230 = EDGE_CURVE ( 'NONE', #1075, #456, #196, .T. ) ;
#231 = ORIENTED_EDGE ( 'NONE', *, *, #1377, .F. ) ;
#232 =( NAMED_UNIT ( * ) SI_UNIT ( $, .STERADIAN. ) SOLID_ANGLE_UNIT ( ) );
#233 = CARTESIAN_POINT ( 'NONE',  ( -0.2849999999999999756, 0.01499999999999999944, 0.1350000000000000366 ) ) ;
#234 = CARTESIAN_POINT ( 'NONE',  ( 0.1499999999999999944, 0.01499999999999998557, 0.1500000000000000500 ) ) ;
#235 = ORIENTED_EDGE ( 'NONE', *, *, #588, .T. ) ;
#236 = EDGE_CURVE ( 'NONE', #1302, #819, #1341, .T. ) ;
#237 = CARTESIAN_POINT ( 'NONE',  ( -0.2849999999999999201, 0.3300000000000000155, -0.1499999999999999667 ) ) ;
#238 = CYLINDRICAL_SURFACE ( 'NONE', #1227, 0.005000000000000013115 ) ;
#239 = VERTEX_POINT ( 'NONE', #137 ) ;
#240 = ORIENTED_EDGE ( 'NONE', *, *, #1267, .T. ) ;
#241 = DIRECTION ( 'NONE',  ( 0.000000000000000000, 0.000000000000000000, -1.000000000000000000 ) ) ;
#242 = DIRECTION ( 'NONE',  ( -1.807003620809175766E-15, 0.000000000000000000, 1.000000000000000000 ) ) ;
#243 = VERTEX_POINT ( 'NONE', #1414 ) ;
#244 = CIRCLE ( 'NONE', #907, 0.01499999999999998557 ) ;
#245 = CARTESIAN_POINT ( 'NONE',  ( -0.2100000000000000200, 0.3150000000000000022, -0.1499999999999999944 ) ) ;
#246 = ORIENTED_EDGE ( 'NONE', *, *, #59, .F. ) ;
#247 = EDGE_CURVE ( 'NONE', #523, #243, #1025, .T. ) ;
#248 = ADVANCED_FACE ( 'NONE', ( #1300 ), #386, .F. ) ;
#249 = ORIENTED_EDGE ( 'NONE', *, *, #1308, .F. ) ;
#250 = LINE ( 'NONE', #533, #629 ) ;
#251 = CARTESIAN_POINT ( 'NONE',  ( -0.2999999999999999889, 0.000000000000000000, 0.1350000000000000366 ) ) ;
#252 = ORIENTED_EDGE ( 'NONE', *, *, #338, .T. ) ;
#253 = CARTESIAN_POINT ( 'NONE',  ( -0.2099999999999999645, 0.04499999999999999833, -0.1499999999999999944 ) ) ;
#254 = DIRECTION ( 'NONE',  ( 1.000000000000000000, -0.000000000000000000, -0.000000000000000000 ) ) ;
#255 = LINE ( 'NONE', #788, #1155 ) ;
#256 = DIRECTION ( 'NONE',  ( 1.000000000000000000, 2.258754526011467242E-16, 0.000000000000000000 ) ) ;
#257 = ORIENTED_EDGE ( 'NONE', *, *, #1040, .F. ) ;
#258 = DIRECTION ( 'NONE',  ( 1.000000000000000000, 0.000000000000000000, -1.807003620809175125E-16 ) ) ;
#259 = ADVANCED_FACE ( 'NONE', ( #151 ), #276, .F. ) ;
#260 = DIRECTION ( 'NONE',  ( 1.000000000000000000, 3.388131789017200863E-16, 0.000000000000000000 ) ) ;
#261 = ORIENTED_EDGE ( 'NONE', *, *, #444, .T. ) ;
#262 = CIRCLE ( 'NONE', #373, 0.01499999999999998557 ) ;
#263 = ADVANCED_FACE ( 'NONE', ( #267 ), #672, .T. ) ;
#264 = EDGE_CURVE ( 'NONE', #819, #1343, #795, .T. ) ;
#265 = CARTESIAN_POINT ( 'NONE',  ( 0.2999999999999999889, 0.3300000000000000155, 0.1350000000000000366 ) ) ;
#266 = ORIENTED_EDGE ( 'NONE', *, *, #321, .T. ) ;
#267 = FACE_OUTER_BOUND ( 'NONE', #169, .T. ) ;
#268 = CIRCLE ( 'NONE', #1041, 0.01499999999999999944 ) ;
#269 = DIRECTION ( 'NONE',  ( 0.000000000000000000, -1.000000000000000000, -0.000000000000000000 ) ) ;
#270 = CIRCLE ( 'NONE', #1411, 0.01499999999999999944 ) ;
#271 = AXIS2_PLACEMENT_3D ( 'NONE', #1128, #1626, #489 ) ;
#272 = DIRECTION ( 'NONE',  ( 0.000000000000000000, -1.000000000000000000, 0.000000000000000000 ) ) ;
#273 = AXIS2_PLACEMENT_3D ( 'NONE', #122, #111, #1266 ) ;
#274 = EDGE_CURVE ( 'NONE', #1080, #643, #896, .T. ) ;
#275 = CARTESIAN_POINT ( 'NONE',  ( 0.2849999999999999756, 0.3300000000000000155, 0.1500000000000000500 ) ) ;
#276 = PLANE ( 'NONE',  #1047 ) ;
#277 = CARTESIAN_POINT ( 'NONE',  ( 0.2849999999999999756, 0.01499999999999998557, 0.1350000000000000366 ) ) ;
#278 = EDGE_CURVE ( 'NONE', #643, #1468, #1403, .T. ) ;
#279 = VERTEX_POINT ( 'NONE', #513 ) ;
#280 = DIRECTION ( 'NONE',  ( 1.807003620809175618E-16, 0.000000000000000000, 1.000000000000000000 ) ) ;
#281 = ADVANCED_FACE ( 'NONE', ( #165 ), #1643, .F. ) ;
#282 = FACE_OUTER_BOUND ( 'NONE', #773, .T. ) ;
#283 = CARTESIAN_POINT ( 'NONE',  ( -0.2849999999999999756, 0.01499999999999998557, 0.1350000000000000366 ) ) ;
#284 = CARTESIAN_POINT ( 'NONE',  ( 0.2849999999999999201, 0.01499999999999998557, -0.1349999999999999811 ) ) ;
#285 = UNCERTAINTY_MEASURE_WITH_UNIT (LENGTH_MEASURE( 1.000000000000000082E-05 ), #1076, 'distance_accuracy_value', 'NONE');
#286 = DIRECTION ( 'NONE',  ( 0.000000000000000000, 0.000000000000000000, 1.000000000000000000 ) ) ;
#287 = VECTOR ( 'NONE', #168, 1000.000000000000000 ) ;
#288 = DIRECTION ( 'NONE',  ( -1.000000000000000000, 0.000000000000000000, 1.807003620809177344E-16 ) ) ;
#289 = DIRECTION ( 'NONE',  ( -1.000000000000000000, 0.000000000000000000, 0.000000000000000000 ) ) ;
#290 = AXIS2_PLACEMENT_3D ( 'NONE', #1525, #770, #651 ) ;
#291 = DIRECTION ( 'NONE',  ( 0.000000000000000000, -1.000000000000000000, 0.000000000000000000 ) ) ;
#292 = EDGE_CURVE ( 'NONE', #846, #1147, #394, .T. ) ;
#293 = DIRECTION ( 'NONE',  ( 0.000000000000000000, 1.000000000000000000, 0.000000000000000000 ) ) ;
#294 = ORIENTED_EDGE ( 'NONE', *, *, #1595, .T. ) ;
#295 = AXIS2_PLACEMENT_3D ( 'NONE', #1088, #826, #842 ) ;
#296 = AXIS2_PLACEMENT_3D ( 'NONE', #442, #949, #1312 ) ;
#297 = EDGE_LOOP ( 'NONE', ( #1027, #1567, #428, #507 ) ) ;
#298 = CARTESIAN_POINT ( 'NONE',  ( 0.2849999999999999201, 0.3150000000000000022, -5.149960319306144829E-17 ) ) ;
#299 = FACE_OUTER_BOUND ( 'NONE', #1110, .T. ) ;
#300 = DIRECTION ( 'NONE',  ( -1.000000000000000000, 0.000000000000000000, 0.000000000000000000 ) ) ;
#301 = LINE ( 'NONE', #1169, #640 ) ;
#302 = EDGE_LOOP ( 'NONE', ( #603, #945, #1103, #334, #304, #1235 ) ) ;
#303 =( LENGTH_UNIT ( ) NAMED_UNIT ( * ) SI_UNIT ( .MILLI., .METRE. ) );
#304 = ORIENTED_EDGE ( 'NONE', *, *, #1040, .T. ) ;
#305 = DIRECTION ( 'NONE',  ( -1.000000000000000000, -2.581433744013105560E-16, 0.000000000000000000 ) ) ;
#306 = DIRECTION ( 'NONE',  ( -0.000000000000000000, -0.000000000000000000, 1.000000000000000000 ) ) ;
#307 = DIRECTION ( 'NONE',  ( 0.000000000000000000, -1.000000000000000000, 0.000000000000000000 ) ) ;
#308 = LINE ( 'NONE', #1048, #776 ) ;
#309 = EDGE_LOOP ( 'NONE', ( #940, #446, #408, #24, #1509, #32 ) ) ;
#310 = SURFACE_STYLE_FILL_AREA ( #820 ) ;
#311 = ORIENTED_EDGE ( 'NONE', *, *, #1568, .F. ) ;
#312 = LINE ( 'NONE', #670, #342 ) ;
#313 = LINE ( 'NONE', #807, #728 ) ;
#314 = CARTESIAN_POINT ( 'NONE',  ( -0.2999999999999999334, 0.01499999999999998557, -0.1349999999999999534 ) ) ;
#315 = AXIS2_PLACEMENT_3D ( 'NONE', #1577, #423, #1459 ) ;
#316 = DIRECTION ( 'NONE',  ( 0.000000000000000000, -1.000000000000000000, 0.000000000000000000 ) ) ;
#317 = ORIENTED_EDGE ( 'NONE', *, *, #1397, .F. ) ;
#318 = CARTESIAN_POINT ( 'NONE',  ( -0.2849999999999999201, 0.3150000000000000022, -5.149960319306144829E-17 ) ) ;
#319 = AXIS2_PLACEMENT_3D ( 'NONE', #225, #600, #81 ) ;
#320 = EDGE_LOOP ( 'NONE', ( #1265, #947, #370, #235, #1143, #971 ) ) ;
#321 = EDGE_CURVE ( 'NONE', #420, #1207, #146, .T. ) ;
#322 = DIRECTION ( 'NONE',  ( 0.000000000000000000, -1.000000000000000000, 0.000000000000000000 ) ) ;
#323 = VECTOR ( 'NONE', #17, 1000.000000000000000 ) ;
#324 = DIRECTION ( 'NONE',  ( 0.000000000000000000, 0.000000000000000000, -1.000000000000000000 ) ) ;
#325 = DIRECTION ( 'NONE',  ( -1.000000000000000000, -2.258754526011467242E-16, -0.000000000000000000 ) ) ;
#326 = VECTOR ( 'NONE', #901, 1000.000000000000000 ) ;
#327 = ORIENTED_EDGE ( 'NONE', *, *, #631, .F. ) ;
#328 = DIRECTION ( 'NONE',  ( 0.000000000000000000, 1.000000000000000000, -1.807003620809175766E-15 ) ) ;
#329 = VERTEX_POINT ( 'NONE', #1043 ) ;
#330 = ORIENTED_EDGE ( 'NONE', *, *, #1568, .T. ) ;
#331 = EDGE_CURVE ( 'NONE', #366, #1532, #268, .T. ) ;
#332 = CARTESIAN_POINT ( 'NONE',  ( 0.000000000000000000, 0.3150000000000000022, 0.1350000000000000366 ) ) ;
#333 = FACE_OUTER_BOUND ( 'NONE', #361, .T. ) ;
#334 = ORIENTED_EDGE ( 'NONE', *, *, #716, .T. ) ;
#335 = CARTESIAN_POINT ( 'NONE',  ( -0.2999999999999999889, 0.01499999999999998557, 0.1500000000000000500 ) ) ;
#336 = ORIENTED_EDGE ( 'NONE', *, *, #891, .T. ) ;
#337 = VERTEX_POINT ( 'NONE', #314 ) ;
#338 = EDGE_CURVE ( 'NONE', #523, #882, #1184, .T. ) ;
#339 = CARTESIAN_POINT ( 'NONE',  ( 0.1499999999999999944, 0.3300000000000000155, -0.1499999999999999944 ) ) ;
#340 =( LENGTH_UNIT ( ) NAMED_UNIT ( * ) SI_UNIT ( .MILLI., .METRE. ) );
#341 = DIRECTION ( 'NONE',  ( 0.000000000000000000, 1.000000000000000000, 0.000000000000000000 ) ) ;
#342 = VECTOR ( 'NONE', #1450, 1000.000000000000000 ) ;
#343 = EDGE_LOOP ( 'NONE', ( #752, #572, #502 ) ) ;
#344 = AXIS2_PLACEMENT_3D ( 'NONE', #1472, #1000, #360 ) ;
#345 = AXIS2_PLACEMENT_3D ( 'NONE', #985, #1484, #352 ) ;
#346 = EDGE_LOOP ( 'NONE', ( #650, #488, #1009, #327 ) ) ;
#347 = VECTOR ( 'NONE', #908, 1000.000000000000000 ) ;
#348 = FACE_OUTER_BOUND ( 'NONE', #1380, .T. ) ;
#349 = CARTESIAN_POINT ( 'NONE',  ( -0.2999999999999999334, 0.3150000000000000022, -0.1349999999999999534 ) ) ;
#350 = CIRCLE ( 'NONE', #192, 0.01499999999999998557 ) ;
#351 = VERTEX_POINT ( 'NONE', #713 ) ;
#352 = DIRECTION ( 'NONE',  ( 1.000000000000000000, 0.000000000000000000, 0.000000000000000000 ) ) ;
#353 = FACE_OUTER_BOUND ( 'NONE', #1604, .T. ) ;
#354 = DIRECTION ( 'NONE',  ( 1.000000000000000000, 0.000000000000000000, 0.000000000000000000 ) ) ;
#355 = ORIENTED_EDGE ( 'NONE', *, *, #396, .T. ) ;
#356 = ORIENTED_EDGE ( 'NONE', *, *, #89, .F. ) ;
#357 = DIRECTION ( 'NONE',  ( 1.000000000000000000, 0.000000000000000000, 0.000000000000000000 ) ) ;
#358 = PLANE ( 'NONE',  #991 ) ;
#359 = VERTEX_POINT ( 'NONE', #426 ) ;
#360 = DIRECTION ( 'NONE',  ( 0.000000000000000000, 0.000000000000000000, 1.000000000000000000 ) ) ;
#361 = EDGE_LOOP ( 'NONE', ( #1576, #187, #1135, #674 ) ) ;
#362 = ORIENTED_EDGE ( 'NONE', *, *, #274, .F. ) ;
#363 =( NAMED_UNIT ( * ) PLANE_ANGLE_UNIT ( ) SI_UNIT ( $, .RADIAN. ) );
#364 = DIRECTION ( 'NONE',  ( 2.258754526011467242E-16, -1.000000000000000000, 0.000000000000000000 ) ) ;
#365 = ADVANCED_FACE ( 'NONE', ( #333 ), #1469, .T. ) ;
#366 = VERTEX_POINT ( 'NONE', #1330 ) ;
#367 = ADVANCED_FACE ( 'NONE', ( #571 ), #931, .T. ) ;
#368 = CARTESIAN_POINT ( 'NONE',  ( -8.034712528240790379E-17, 0.3099999999999999978, 9.995700262094280236E-33 ) ) ;
#369 = FACE_OUTER_BOUND ( 'NONE', #1625, .T. ) ;
#370 = ORIENTED_EDGE ( 'NONE', *, *, #500, .F. ) ;
#371 = PRODUCT_DEFINITION_SHAPE ( 'NONE', 'NONE',  #638 ) ;
#372 = ORIENTED_EDGE ( 'NONE', *, *, #1471, .F. ) ;
#373 = AXIS2_PLACEMENT_3D ( 'NONE', #158, #409, #1420 ) ;
#374 = DIRECTION ( 'NONE',  ( 1.807003620809173892E-16, 0.000000000000000000, 1.000000000000000000 ) ) ;
#375 = ORIENTED_EDGE ( 'NONE', *, *, #1113, .T. ) ;
#376 = VECTOR ( 'NONE', #1556, 1000.000000000000000 ) ;
#377 = DIRECTION ( 'NONE',  ( 0.000000000000000000, 0.000000000000000000, 1.000000000000000000 ) ) ;
#378 = PLANE ( 'NONE',  #937 ) ;
#379 = CARTESIAN_POINT ( 'NONE',  ( 0.2849999999999999756, 0.3150000000000000022, 0.1500000000000000500 ) ) ;
#380 = VECTOR ( 'NONE', #1160, 1000.000000000000000 ) ;
#381 = EDGE_LOOP ( 'NONE', ( #546, #1357, #592, #838 ) ) ;
#382 = DIRECTION ( 'NONE',  ( 0.000000000000000000, -1.000000000000000000, -0.000000000000000000 ) ) ;
#383 = ORIENTED_EDGE ( 'NONE', *, *, #1352, .T. ) ;
#384 = SHAPE_DEFINITION_REPRESENTATION ( #371, #742 ) ;
#385 = DIRECTION ( 'NONE',  ( -1.000000000000000000, -0.000000000000000000, -0.000000000000000000 ) ) ;
#386 = PLANE ( 'NONE',  #116 ) ;
#387 = EDGE_CURVE ( 'NONE', #801, #329, #1560, .T. ) ;
#388 = EDGE_CURVE ( 'NONE', #1631, #456, #443, .T. ) ;
#389 = ORIENTED_EDGE ( 'NONE', *, *, #388, .T. ) ;
#390 = EDGE_CURVE ( 'NONE', #1426, #1562, #549, .T. ) ;
#391 = FACE_OUTER_BOUND ( 'NONE', #892, .T. ) ;
#392 = EDGE_CURVE ( 'NONE', #1302, #476, #1345, .T. ) ;
#393 = EDGE_LOOP ( 'NONE', ( #669, #1446, #1139, #1127, #1325, #975 ) ) ;
#394 = LINE ( 'NONE', #781, #755 ) ;
#395 = LINE ( 'NONE', #1630, #877 ) ;
#396 = EDGE_CURVE ( 'NONE', #1502, #420, #1191, .T. ) ;
#397 = DIRECTION ( 'NONE',  ( 0.000000000000000000, 0.000000000000000000, 1.000000000000000000 ) ) ;
#398 = ADVANCED_FACE ( 'NONE', ( #299 ), #1598, .F. ) ;
#399 = VECTOR ( 'NONE', #704, 1000.000000000000000 ) ;
#400 = CARTESIAN_POINT ( 'NONE',  ( 0.000000000000000000, 0.3300000000000000155, 0.1350000000000000366 ) ) ;
#401 = AXIS2_PLACEMENT_3D ( 'NONE', #435, #1079, #195 ) ;
#402 = DIRECTION ( 'NONE',  ( -1.807003620809175618E-16, 0.000000000000000000, 1.000000000000000000 ) ) ;
#403 = DIRECTION ( 'NONE',  ( -1.000000000000000000, 0.000000000000000000, 0.000000000000000000 ) ) ;
#404 = AXIS2_PLACEMENT_3D ( 'NONE', #1052, #22, #786 ) ;
#405 = DIRECTION ( 'NONE',  ( -1.000000000000000000, 0.000000000000000000, -0.000000000000000000 ) ) ;
#406 = DIRECTION ( 'NONE',  ( -1.000000000000000000, -2.258754526011467242E-16, 0.000000000000000000 ) ) ;
#407 = DIRECTION ( 'NONE',  ( -3.011672701348622990E-16, 1.000000000000000000, 1.003890900449541079E-16 ) ) ;
#408 = ORIENTED_EDGE ( 'NONE', *, *, #836, .T. ) ;
#409 = DIRECTION ( 'NONE',  ( 1.000000000000000000, -1.902109074535972765E-16, -0.000000000000000000 ) ) ;
#410 = EDGE_CURVE ( 'NONE', #1224, #1209, #1069, .T. ) ;
#411 = DIRECTION ( 'NONE',  ( 1.000000000000000000, 0.000000000000000000, 1.807003620809175125E-16 ) ) ;
#412 = CARTESIAN_POINT ( 'NONE',  ( -0.2999999999999999889, 0.3150000000000000022, 0.1500000000000000500 ) ) ;
#413 = PLANE ( 'NONE',  #185 ) ;
#414 = ADVANCED_FACE ( 'NONE', ( #706 ), #72, .F. ) ;
#415 = CARTESIAN_POINT ( 'NONE',  ( 0.1499999999999999944, 0.01499999999999998557, -0.1499999999999999944 ) ) ;
#416 = DIRECTION ( 'NONE',  ( 1.902109074535972765E-16, 1.000000000000000000, 1.003890900449541079E-16 ) ) ;
#417 = EDGE_CURVE ( 'NONE', #366, #351, #1435, .T. ) ;
#418 = ORIENTED_EDGE ( 'NONE', *, *, #97, .F. ) ;
#419 = CARTESIAN_POINT ( 'NONE',  ( -0.1499999999999999667, 0.04500000000000001915, 0.1500000000000000500 ) ) ;
#420 = VERTEX_POINT ( 'NONE', #1322 ) ;
#421 = LINE ( 'NONE', #926, #511 ) ;
#422 = EDGE_LOOP ( 'NONE', ( #430, #812, #471 ) ) ;
#423 = DIRECTION ( 'NONE',  ( -1.000000000000000000, 0.000000000000000000, 1.807003620809173892E-16 ) ) ;
#424 = EDGE_CURVE ( 'NONE', #1147, #1532, #959, .T. ) ;
#425 = CARTESIAN_POINT ( 'NONE',  ( -0.2100000000000000200, 0.3150000000000000022, 0.1350000000000000366 ) ) ;
#426 = CARTESIAN_POINT ( 'NONE',  ( -0.2100000000000000200, 0.3300000000000000155, -0.1350000000000000089 ) ) ;
#427 = COLOUR_RGB ( '',0.7921568627450980005, 0.8196078431372548767, 0.9333333333333333481 ) ;
#428 = ORIENTED_EDGE ( 'NONE', *, *, #147, .F. ) ;
#429 = DIRECTION ( 'NONE',  ( -1.000000000000000000, 0.000000000000000000, 0.000000000000000000 ) ) ;
#430 = ORIENTED_EDGE ( 'NONE', *, *, #1416, .F. ) ;
#431 = ORIENTED_EDGE ( 'NONE', *, *, #197, .F. ) ;
#432 = VECTOR ( 'NONE', #761, 1000.000000000000000 ) ;
#433 = ADVANCED_FACE ( 'NONE', ( #1444 ), #685, .T. ) ;
#434 = CARTESIAN_POINT ( 'NONE',  ( -0.2999999999999999334, 0.3300000000000000155, -0.1349999999999999534 ) ) ;
#435 = CARTESIAN_POINT ( 'NONE',  ( -0.2849999999999999201, 0.3150000000000000022, -0.1349999999999999811 ) ) ;
#436 = CARTESIAN_POINT ( 'NONE',  ( 0.1499999999999999667, 0.04500000000000001915, -0.1499999999999999944 ) ) ;
#437 = ORIENTED_EDGE ( 'NONE', *, *, #609, .F. ) ;
#438 = EDGE_CURVE ( 'NONE', #221, #1302, #816, .T. ) ;
#439 = EDGE_CURVE ( 'NONE', #94, #1326, #463, .T. ) ;
#440 = ORIENTED_EDGE ( 'NONE', *, *, #91, .T. ) ;
#441 = SPHERICAL_SURFACE ( 'NONE', #927, 0.01499999999999999944 ) ;
#442 = CARTESIAN_POINT ( 'NONE',  ( 0.2849999999999999756, 0.3300000000000000155, 0.1350000000000000366 ) ) ;
#443 = LINE ( 'NONE', #183, #1336 ) ;
#444 = EDGE_CURVE ( 'NONE', #1642, #1252, #270, .T. ) ;
#445 = DIRECTION ( 'NONE',  ( 1.000000000000000000, 0.000000000000000000, 0.000000000000000000 ) ) ;
#446 = ORIENTED_EDGE ( 'NONE', *, *, #93, .T. ) ;
#447 = DIRECTION ( 'NONE',  ( 1.000000000000000000, -0.000000000000000000, -0.000000000000000000 ) ) ;
#448 = EDGE_LOOP ( 'NONE', ( #198, #736, #915, #963, #821, #1501 ) ) ;
#449 = EDGE_CURVE ( 'NONE', #329, #882, #615, .T. ) ;
#450 = DIRECTION ( 'NONE',  ( 1.000000000000000000, 0.000000000000000000, -0.000000000000000000 ) ) ;
#451 = LINE ( 'NONE', #815, #150 ) ;
#452 = CARTESIAN_POINT ( 'NONE',  ( -0.2100000000000000200, 0.3300000000000000155, 0.1500000000000000500 ) ) ;
#453 = VECTOR ( 'NONE', #1454, 1000.000000000000000 ) ;
#454 = AXIS2_PLACEMENT_3D ( 'NONE', #914, #817, #1425 ) ;
#455 = LINE ( 'NONE', #870, #557 ) ;
#456 = VERTEX_POINT ( 'NONE', #482 ) ;
#457 = ADVANCED_FACE ( 'NONE', ( #1367 ), #1242, .T. ) ;
#458 = VECTOR ( 'NONE', #942, 1000.000000000000000 ) ;
#459 = ORIENTED_EDGE ( 'NONE', *, *, #1377, .T. ) ;
#460 = VECTOR ( 'NONE', #1434, 1000.000000000000000 ) ;
#461 =( GEOMETRIC_REPRESENTATION_CONTEXT ( 3 ) GLOBAL_UNCERTAINTY_ASSIGNED_CONTEXT ( ( #541 ) ) GLOBAL_UNIT_ASSIGNED_CONTEXT ( ( #1485, #129, #504 ) ) REPRESENTATION_CONTEXT ( 'NONE', 'WORKASPACE' ) );
#462 = EDGE_CURVE ( 'NONE', #1473, #351, #110, .T. ) ;
#463 = LINE ( 'NONE', #968, #1309 ) ;
#464 =( NAMED_UNIT ( * ) PLANE_ANGLE_UNIT ( ) SI_UNIT ( $, .RADIAN. ) );
#465 = ORIENTED_EDGE ( 'NONE', *, *, #1334, .F. ) ;
#466 = EDGE_CURVE ( 'NONE', #1209, #846, #1475, .T. ) ;
#467 = ORIENTED_EDGE ( 'NONE', *, *, #172, .T. ) ;
#468 = FACE_OUTER_BOUND ( 'NONE', #1085, .T. ) ;
#469 = SPHERICAL_SURFACE ( 'NONE', #1163, 0.01499999999999999944 ) ;
#470 = DIRECTION ( 'NONE',  ( -1.000000000000000000, -0.000000000000000000, -1.807003620809175125E-16 ) ) ;
#471 = ORIENTED_EDGE ( 'NONE', *, *, #462, .F. ) ;
#472 = ORIENTED_EDGE ( 'NONE', *, *, #785, .T. ) ;
#473 = FACE_OUTER_BOUND ( 'NONE', #134, .T. ) ;
#474 = FACE_OUTER_BOUND ( 'NONE', #200, .T. ) ;
#475 = DIRECTION ( 'NONE',  ( -1.000000000000000000, 0.000000000000000000, -0.000000000000000000 ) ) ;
#476 = VERTEX_POINT ( 'NONE', #349 ) ;
#477 = VECTOR ( 'NONE', #1154, 1000.000000000000000 ) ;
#478 = ORIENTED_EDGE ( 'NONE', *, *, #1504, .F. ) ;
#479 = VERTEX_POINT ( 'NONE', #1374 ) ;
#480 = LINE ( 'NONE', #1111, #218 ) ;
#481 = AXIS2_PLACEMENT_3D ( 'NONE', #1462, #325, #307 ) ;
#482 = CARTESIAN_POINT ( 'NONE',  ( -0.2849999999999999756, 0.01499999999999998557, 0.1500000000000000500 ) ) ;
#483 = EDGE_CURVE ( 'NONE', #74, #178, #731, .T. ) ;
#484 = AXIS2_PLACEMENT_3D ( 'NONE', #1476, #341, #722 ) ;
#485 = DIRECTION ( 'NONE',  ( 1.000000000000000000, 2.258754526011467735E-16, -1.210047067506143447E-16 ) ) ;
#486 = DIRECTION ( 'NONE',  ( 0.000000000000000000, 0.000000000000000000, -1.000000000000000000 ) ) ;
#487 = EDGE_LOOP ( 'NONE', ( #45, #994, #677, #1364, #1622, #863 ) ) ;
#488 = ORIENTED_EDGE ( 'NONE', *, *, #264, .F. ) ;
#489 = DIRECTION ( 'NONE',  ( 0.000000000000000000, 0.000000000000000000, -1.000000000000000000 ) ) ;
#490 = ADVANCED_FACE ( 'NONE', ( #746 ), #624, .F. ) ;
#491 = PRODUCT ( 'MLG0603P0N6BT', 'MLG0603P0N6BT', '', ( #580 ) ) ;
#492 = CARTESIAN_POINT ( 'NONE',  ( -2.439454888092386825E-17, 0.3150000000000000022, -0.1350000000000000366 ) ) ;
#493 = LINE ( 'NONE', #1004, #906 ) ;
#494 = ORIENTED_EDGE ( 'NONE', *, *, #667, .F. ) ;
#495 = FILL_AREA_STYLE ('',( #618 ) ) ;
#496 = CARTESIAN_POINT ( 'NONE',  ( -0.2100000000000000200, 0.3150000000000000022, 0.1350000000000000366 ) ) ;
#497 = VERTEX_POINT ( 'NONE', #1361 ) ;
#498 = UNCERTAINTY_MEASURE_WITH_UNIT (LENGTH_MEASURE( 1.000000000000000082E-05 ), #340, 'distance_accuracy_value', 'NONE');
#499 = ORIENTED_EDGE ( 'NONE', *, *, #264, .T. ) ;
#500 = EDGE_CURVE ( 'NONE', #1349, #1217, #984, .T. ) ;
#501 = CARTESIAN_POINT ( 'NONE',  ( 0.2999999999999999889, 0.3150000000000000022, 0.1500000000000000500 ) ) ;
#502 = ORIENTED_EDGE ( 'NONE', *, *, #236, .F. ) ;
#503 = CARTESIAN_POINT ( 'NONE',  ( 0.2999999999999999889, 0.3150000000000000022, 0.1350000000000000366 ) ) ;
#504 =( NAMED_UNIT ( * ) SI_UNIT ( $, .STERADIAN. ) SOLID_ANGLE_UNIT ( ) );
#505 = LINE ( 'NONE', #1017, #1307 ) ;
#506 = EDGE_CURVE ( 'NONE', #1582, #3, #108, .T. ) ;
#507 = ORIENTED_EDGE ( 'NONE', *, *, #410, .T. ) ;
#508 = AXIS2_PLACEMENT_3D ( 'NONE', #1465, #85, #486 ) ;
#509 = CARTESIAN_POINT ( 'NONE',  ( 0.6024601890638080492, 0.3150000000000001688, -0.1350000000000000089 ) ) ;
#510 = ORIENTED_EDGE ( 'NONE', *, *, #1334, .T. ) ;
#511 = VECTOR ( 'NONE', #29, 1000.000000000000000 ) ;
#512 = ADVANCED_FACE ( 'NONE', ( #1264 ), #1634, .T. ) ;
#513 = CARTESIAN_POINT ( 'NONE',  ( 0.2100000000000000200, 0.3300000000000000155, 0.1350000000000000089 ) ) ;
#514 = VECTOR ( 'NONE', #577, 1000.000000000000000 ) ;
#515 = DIRECTION ( 'NONE',  ( 0.000000000000000000, -1.000000000000000000, -1.003890900449541079E-16 ) ) ;
#516 = VECTOR ( 'NONE', #630, 1000.000000000000000 ) ;
#517 = CARTESIAN_POINT ( 'NONE',  ( 0.000000000000000000, 0.3099999999999999978, 0.1400000000000000133 ) ) ;
#518 = CARTESIAN_POINT ( 'NONE',  ( 0.6024601890638080492, 0.3200000000000001732, 0.1350000000000000366 ) ) ;
#519 = ORIENTED_EDGE ( 'NONE', *, *, #292, .T. ) ;
#520 = CARTESIAN_POINT ( 'NONE',  ( 0.000000000000000000, 0.3150000000000000022, 0.1350000000000000366 ) ) ;
#521 = CARTESIAN_POINT ( 'NONE',  ( -0.2999999999999999889, 0.01499999999999998557, 0.1350000000000000366 ) ) ;
#522 = CARTESIAN_POINT ( 'NONE',  ( 0.2100000000000000200, 0.3200000000000000622, 0.1350000000000000366 ) ) ;
#523 = VERTEX_POINT ( 'NONE', #1106 ) ;
#524 = DIRECTION ( 'NONE',  ( -0.000000000000000000, -1.000000000000000000, -0.000000000000000000 ) ) ;
#525 = EDGE_LOOP ( 'NONE', ( #1398, #1600, #205, #114 ) ) ;
#526 = AXIS2_PLACEMENT_3D ( 'NONE', #509, #623, #1391 ) ;
#527 = DIRECTION ( 'NONE',  ( -1.000000000000000000, -0.000000000000000000, -0.000000000000000000 ) ) ;
#528 = LINE ( 'NONE', #130, #1039 ) ;
#529 = FACE_OUTER_BOUND ( 'NONE', #1506, .T. ) ;
#530 = EDGE_CURVE ( 'NONE', #109, #239, #1258, .T. ) ;
#531 = VECTOR ( 'NONE', #138, 1000.000000000000000 ) ;
#532 = AXIS2_PLACEMENT_3D ( 'NONE', #620, #909, #1293 ) ;
#533 = CARTESIAN_POINT ( 'NONE',  ( -0.4901785145224381024, 0.3150000000000000022, -0.1400000000000000133 ) ) ;
#534 = DIRECTION ( 'NONE',  ( 1.000000000000000000, 3.388131789017201356E-16, -0.000000000000000000 ) ) ;
#535 = AXIS2_PLACEMENT_3D ( 'NONE', #939, #153, #62 ) ;
#536 = DIRECTION ( 'NONE',  ( 0.000000000000000000, 0.000000000000000000, -1.000000000000000000 ) ) ;
#537 = CIRCLE ( 'NONE', #1204, 0.01499999999999999944 ) ;
#538 = LINE ( 'NONE', #828, #287 ) ;
#539 = LINE ( 'NONE', #911, #1102 ) ;
#540 = CARTESIAN_POINT ( 'NONE',  ( -0.2100000000000000200, 0.3099999999999999978, -0.1400000000000000133 ) ) ;
#541 = UNCERTAINTY_MEASURE_WITH_UNIT (LENGTH_MEASURE( 1.000000000000000082E-05 ), #1485, 'distance_accuracy_value', 'NONE');
#542 = EDGE_CURVE ( 'NONE', #643, #1582, #1518, .T. ) ;
#543 = FACE_OUTER_BOUND ( 'NONE', #145, .T. ) ;
#544 = DIRECTION ( 'NONE',  ( 1.807003620809173892E-16, 0.000000000000000000, -1.000000000000000000 ) ) ;
#545 = LINE ( 'NONE', #1206, #1359 ) ;
#546 = ORIENTED_EDGE ( 'NONE', *, *, #905, .F. ) ;
#547 = CARTESIAN_POINT ( 'NONE',  ( 0.2100000000000000200, 0.3150000000000000022, -0.1499999999999999944 ) ) ;
#548 = PLANE ( 'NONE',  #1149 ) ;
#549 = LINE ( 'NONE', #950, #2 ) ;
#550 = PLANE ( 'NONE',  #854 ) ;
#551 = ORIENTED_EDGE ( 'NONE', *, *, #176, .T. ) ;
#552 = CIRCLE ( 'NONE', #979, 0.01499999999999999944 ) ;
#553 = DIRECTION ( 'NONE',  ( 1.000000000000000000, -0.000000000000000000, -0.000000000000000000 ) ) ;
#554 = ORIENTED_EDGE ( 'NONE', *, *, #593, .T. ) ;
#555 = ORIENTED_EDGE ( 'NONE', *, *, #1267, .F. ) ;
#556 = CARTESIAN_POINT ( 'NONE',  ( 0.000000000000000000, 0.3150000000000000022, -0.1350000000000000089 ) ) ;
#557 = VECTOR ( 'NONE', #1099, 1000.000000000000000 ) ;
#558 = DIRECTION ( 'NONE',  ( 0.000000000000000000, 0.000000000000000000, -1.000000000000000000 ) ) ;
#559 = CARTESIAN_POINT ( 'NONE',  ( 0.6024601890638081603, 0.04500000000000017875, -0.1400000000000000133 ) ) ;
#560 = AXIS2_PLACEMENT_3D ( 'NONE', #1301, #184, #536 ) ;
#561 = EDGE_CURVE ( 'NONE', #1532, #621, #1628, .T. ) ;
#562 = EDGE_CURVE ( 'NONE', #779, #1473, #974, .T. ) ;
#563 = CARTESIAN_POINT ( 'NONE',  ( -0.1499999999999999944, 0.3300000000000000155, 0.1500000000000000500 ) ) ;
#564 = ORIENTED_EDGE ( 'NONE', *, *, #1236, .T. ) ;
#565 = AXIS2_PLACEMENT_3D ( 'NONE', #849, #1112, #475 ) ;
#566 = FILL_AREA_STYLE_COLOUR ( '', #1070 ) ;
#567 = ORIENTED_EDGE ( 'NONE', *, *, #562, .T. ) ;
#568 = AXIS2_PLACEMENT_3D ( 'NONE', #283, #272, #1152 ) ;
#569 = SURFACE_SIDE_STYLE ('',( #1335 ) ) ;
#570 = FACE_OUTER_BOUND ( 'NONE', #103, .T. ) ;
#571 = FACE_OUTER_BOUND ( 'NONE', #1053, .T. ) ;
#572 = ORIENTED_EDGE ( 'NONE', *, *, #25, .T. ) ;
#573 = CARTESIAN_POINT ( 'NONE',  ( 0.2849999999999999201, 0.3300000000000000155, -0.1349999999999999534 ) ) ;
#574 = VERTEX_POINT ( 'NONE', #1505 ) ;
#575 = VERTEX_POINT ( 'NONE', #1495 ) ;
#576 =( NAMED_UNIT ( * ) SI_UNIT ( $, .STERADIAN. ) SOLID_ANGLE_UNIT ( ) );
#577 = DIRECTION ( 'NONE',  ( 0.000000000000000000, -1.000000000000000000, 0.000000000000000000 ) ) ;
#578 = CARTESIAN_POINT ( 'NONE',  ( 0.2999999999999999334, 0.3300000000000000155, -0.1499999999999999667 ) ) ;
#579 = ADVANCED_FACE ( 'NONE', ( #1228 ), #358, .T. ) ;
#580 = PRODUCT_CONTEXT ( 'NONE', #885, 'mechanical' ) ;
#581 = ORIENTED_EDGE ( 'NONE', *, *, #213, .F. ) ;
#582 = DIRECTION ( 'NONE',  ( -0.000000000000000000, -1.000000000000000000, -0.000000000000000000 ) ) ;
#583 = EDGE_LOOP ( 'NONE', ( #1318, #938, #128, #845 ) ) ;
#584 = CARTESIAN_POINT ( 'NONE',  ( 0.2849999999999999201, 0.3150000000000000022, -0.1349999999999999534 ) ) ;
#585 = LINE ( 'NONE', #1551, #1101 ) ;
#586 = DIRECTION ( 'NONE',  ( -0.000000000000000000, 1.000000000000000000, -0.000000000000000000 ) ) ;
#587 = AXIS2_PLACEMENT_3D ( 'NONE', #563, #429, #1192 ) ;
#588 = EDGE_CURVE ( 'NONE', #1349, #329, #493, .T. ) ;
#589 = CARTESIAN_POINT ( 'NONE',  ( -0.2100000000000000477, 0.3099999999999999423, 0.1400000000000000411 ) ) ;
#590 = VERTEX_POINT ( 'NONE', #1272 ) ;
#591 = AXIS2_PLACEMENT_3D ( 'NONE', #578, #1062, #696 ) ;
#592 = ORIENTED_EDGE ( 'NONE', *, *, #449, .F. ) ;
#593 = EDGE_CURVE ( 'NONE', #575, #1075, #766, .T. ) ;
#594 = COLOUR_RGB ( '',1.000000000000000000, 1.000000000000000000, 1.000000000000000000 ) ;
#595 = ADVANCED_FACE ( 'NONE', ( #633 ), #1422, .T. ) ;
#596 = DIRECTION ( 'NONE',  ( -1.000000000000000000, 0.000000000000000000, 0.000000000000000000 ) ) ;
#597 = ORIENTED_EDGE ( 'NONE', *, *, #657, .T. ) ;
#598 = EDGE_LOOP ( 'NONE', ( #886, #1065, #1490, #1529 ) ) ;
#599 = ORIENTED_EDGE ( 'NONE', *, *, #785, .F. ) ;
#600 = DIRECTION ( 'NONE',  ( -1.000000000000000000, -0.000000000000000000, -0.000000000000000000 ) ) ;
#601 = DIRECTION ( 'NONE',  ( -0.000000000000000000, -0.000000000000000000, -1.000000000000000000 ) ) ;
#602 = EDGE_LOOP ( 'NONE', ( #494, #625, #764, #805 ) ) ;
#603 = ORIENTED_EDGE ( 'NONE', *, *, #1021, .F. ) ;
#604 = SPHERICAL_SURFACE ( 'NONE', #789, 0.01499999999999999944 ) ;
#605 = DIRECTION ( 'NONE',  ( 1.000000000000000000, 2.581433744013105560E-16, -1.290716872006552780E-16 ) ) ;
#606 = LINE ( 'NONE', #636, #58 ) ;
#607 = VECTOR ( 'NONE', #322, 1000.000000000000000 ) ;
#608 = ORIENTED_EDGE ( 'NONE', *, *, #1471, .T. ) ;
#609 = EDGE_CURVE ( 'NONE', #351, #279, #793, .T. ) ;
#610 = ORIENTED_EDGE ( 'NONE', *, *, #1203, .T. ) ;
#611 = FILL_AREA_STYLE_COLOUR ( '', #1042 ) ;
#612 = VECTOR ( 'NONE', #1337, 1000.000000000000000 ) ;
#613 = MECHANICAL_DESIGN_GEOMETRIC_PRESENTATION_REPRESENTATION (  '', ( #1486 ), #1287 ) ;
#614 = FACE_OUTER_BOUND ( 'NONE', #1477, .T. ) ;
#615 = LINE ( 'NONE', #720, #160 ) ;
#616 = ORIENTED_EDGE ( 'NONE', *, *, #417, .F. ) ;
#617 = AXIS2_PLACEMENT_3D ( 'NONE', #156, #1524, #1281 ) ;
#618 = FILL_AREA_STYLE_COLOUR ( '', #594 ) ;
#619 = EDGE_CURVE ( 'NONE', #574, #990, #190, .T. ) ;
#620 = CARTESIAN_POINT ( 'NONE',  ( 0.2100000000000000200, 0.3300000000000000155, -0.1499999999999999944 ) ) ;
#621 = VERTEX_POINT ( 'NONE', #547 ) ;
#622 = VERTEX_POINT ( 'NONE', #179 ) ;
#623 = DIRECTION ( 'NONE',  ( -1.000000000000000000, -2.258754526011467242E-16, -0.000000000000000000 ) ) ;
#624 = PLANE ( 'NONE',  #565 ) ;
#625 = ORIENTED_EDGE ( 'NONE', *, *, #1056, .F. ) ;
#626 = SURFACE_STYLE_USAGE ( .BOTH. , #1133 ) ;
#627 = EDGE_CURVE ( 'NONE', #1147, #643, #1098, .T. ) ;
#628 = DIRECTION ( 'NONE',  ( 0.000000000000000000, 0.000000000000000000, -1.000000000000000000 ) ) ;
#629 = VECTOR ( 'NONE', #1271, 1000.000000000000000 ) ;
#630 = DIRECTION ( 'NONE',  ( -1.000000000000000000, 0.000000000000000000, 1.807003620809175125E-16 ) ) ;
#631 = EDGE_CURVE ( 'NONE', #1502, #1631, #1566, .T. ) ;
#632 = CARTESIAN_POINT ( 'NONE',  ( 0.2099999999999999645, 0.04500000000000008854, -0.1400000000000000133 ) ) ;
#633 = FACE_OUTER_BOUND ( 'NONE', #1401, .T. ) ;
#634 = AXIS2_PLACEMENT_3D ( 'NONE', #492, #649, #280 ) ;
#635 = ORIENTED_EDGE ( 'NONE', *, *, #438, .F. ) ;
#636 = CARTESIAN_POINT ( 'NONE',  ( 0.2999999999999999889, 0.000000000000000000, 0.1350000000000000366 ) ) ;
#637 = DIRECTION ( 'NONE',  ( 1.000000000000000000, 0.000000000000000000, 1.807003620809175125E-16 ) ) ;
#638 = PRODUCT_DEFINITION ( 'UNKNOWN', '', #1614, #881 ) ;
#639 = CYLINDRICAL_SURFACE ( 'NONE', #4, 0.01499999999999998557 ) ;
#640 = VECTOR ( 'NONE', #553, 1000.000000000000000 ) ;
#641 = MECHANICAL_DESIGN_GEOMETRIC_PRESENTATION_REPRESENTATION (  '', ( #1066 ), #1253 ) ;
#642 = CYLINDRICAL_SURFACE ( 'NONE', #526, 0.005000000000000013115 ) ;
#643 = VERTEX_POINT ( 'NONE', #1448 ) ;
#644 = AXIS2_PLACEMENT_3D ( 'NONE', #758, #1615, #1138 ) ;
#645 = DIRECTION ( 'NONE',  ( -1.807003620809173892E-16, -0.000000000000000000, -1.000000000000000000 ) ) ;
#646 = CARTESIAN_POINT ( 'NONE',  ( -0.2100000000000000200, 0.3150000000000000022, 0.1500000000000000500 ) ) ;
#647 = CIRCLE ( 'NONE', #273, 0.005000000000000013115 ) ;
#648 = LINE ( 'NONE', #1527, #1176 ) ;
#649 = DIRECTION ( 'NONE',  ( -1.000000000000000000, 0.000000000000000000, 1.807003620809175125E-16 ) ) ;
#650 = ORIENTED_EDGE ( 'NONE', *, *, #1493, .F. ) ;
#651 = DIRECTION ( 'NONE',  ( 0.000000000000000000, 0.000000000000000000, -1.000000000000000000 ) ) ;
#652 = DIRECTION ( 'NONE',  ( 1.000000000000000000, -0.000000000000000000, -0.000000000000000000 ) ) ;
#653 = EDGE_CURVE ( 'NONE', #479, #497, #421, .T. ) ;
#654 = DIRECTION ( 'NONE',  ( 1.000000000000000000, 0.000000000000000000, 0.000000000000000000 ) ) ;
#655 = EDGE_CURVE ( 'NONE', #894, #1195, #946, .T. ) ;
#656 = CARTESIAN_POINT ( 'NONE',  ( 0.6024601890638080492, 0.3150000000000001688, -0.1399999999999999856 ) ) ;
#657 = EDGE_CURVE ( 'NONE', #1217, #1082, #1319, .T. ) ;
#658 = DIRECTION ( 'NONE',  ( 0.000000000000000000, 0.000000000000000000, 1.000000000000000000 ) ) ;
#659 = MANIFOLD_SOLID_BREP ( 'Mirror3', #1044 ) ;
#660 = AXIS2_PLACEMENT_3D ( 'NONE', #1428, #445, #1340 ) ;
#661 = LINE ( 'NONE', #1173, #1511 ) ;
#662 = MANIFOLD_SOLID_BREP ( 'Fillet1', #1234 ) ;
#663 = DIRECTION ( 'NONE',  ( -2.258754526011467242E-16, 1.000000000000000000, 0.000000000000000000 ) ) ;
#664 = AXIS2_PLACEMENT_3D ( 'NONE', #120, #1010, #1131 ) ;
#665 = DIRECTION ( 'NONE',  ( -1.000000000000000000, 0.000000000000000000, 1.807003620809175125E-16 ) ) ;
#666 = AXIS2_PLACEMENT_3D ( 'NONE', #930, #825, #558 ) ;
#667 = EDGE_CURVE ( 'NONE', #727, #928, #88, .T. ) ;
#668 = CARTESIAN_POINT ( 'NONE',  ( -0.2999999999999999889, 0.3300000000000000155, 0.1500000000000000500 ) ) ;
#669 = ORIENTED_EDGE ( 'NONE', *, *, #37, .T. ) ;
#670 = CARTESIAN_POINT ( 'NONE',  ( -0.2849999999999999201, 0.3300000000000000155, -5.149960319306144829E-17 ) ) ;
#671 = CARTESIAN_POINT ( 'NONE',  ( -0.2100000000000000200, 0.3300000000000000155, -0.1499999999999999944 ) ) ;
#672 = CYLINDRICAL_SURFACE ( 'NONE', #28, 0.01499999999999998557 ) ;
#673 = CARTESIAN_POINT ( 'NONE',  ( 0.2999999999999999334, 0.01499999999999998557, -0.1349999999999999534 ) ) ;
#674 = ORIENTED_EDGE ( 'NONE', *, *, #891, .F. ) ;
#675 = EDGE_CURVE ( 'NONE', #1326, #1207, #480, .T. ) ;
#676 = CYLINDRICAL_SURFACE ( 'NONE', #660, 0.01499999999999999944 ) ;
#677 = ORIENTED_EDGE ( 'NONE', *, *, #1175, .F. ) ;
#678 = DIRECTION ( 'NONE',  ( -1.210047067506143201E-16, -0.000000000000000000, -1.000000000000000000 ) ) ;
#679 = EDGE_LOOP ( 'NONE', ( #121, #718, #465, #899 ) ) ;
#680 = CARTESIAN_POINT ( 'NONE',  ( -0.2100000000000000200, 0.3300000000000000155, -0.1499999999999999944 ) ) ;
#681 = ADVANCED_FACE ( 'NONE', ( #468 ), #201, .T. ) ;
#682 = EDGE_CURVE ( 'NONE', #928, #366, #1433, .T. ) ;
#683 = ADVANCED_FACE ( 'NONE', ( #105 ), #1248, .F. ) ;
#684 = DIRECTION ( 'NONE',  ( 0.000000000000000000, 0.000000000000000000, -1.000000000000000000 ) ) ;
#685 = CYLINDRICAL_SURFACE ( 'NONE', #481, 0.005000000000000013115 ) ;
#686 = LINE ( 'NONE', #26, #453 ) ;
#687 = ORIENTED_EDGE ( 'NONE', *, *, #982, .F. ) ;
#688 =( NAMED_UNIT ( * ) PLANE_ANGLE_UNIT ( ) SI_UNIT ( $, .RADIAN. ) );
#689 = ORIENTED_EDGE ( 'NONE', *, *, #202, .F. ) ;
#690 = EDGE_CURVE ( 'NONE', #1326, #1466, #206, .T. ) ;
#691 = FILL_AREA_STYLE_COLOUR ( '', #956 ) ;
#692 = AXIS2_PLACEMENT_3D ( 'NONE', #51, #799, #1554 ) ;
#693 = CIRCLE ( 'NONE', #986, 0.01499999999999998557 ) ;
#694 = ADVANCED_FACE ( 'NONE', ( #473 ), #1492, .T. ) ;
#695 = PLANE ( 'NONE',  #1084 ) ;
#696 = DIRECTION ( 'NONE',  ( -1.000000000000000000, 0.000000000000000000, -1.807003620809175125E-16 ) ) ;
#697 = CARTESIAN_POINT ( 'NONE',  ( 0.1499999999999999667, 0.04500000000000001915, 0.1500000000000000500 ) ) ;
#698 = VECTOR ( 'NONE', #645, 1000.000000000000000 ) ;
#699 = DIRECTION ( 'NONE',  ( 1.807003620809173892E-16, -0.000000000000000000, -1.000000000000000000 ) ) ;
#700 = ORIENTED_EDGE ( 'NONE', *, *, #172, .F. ) ;
#701 = AXIS2_PLACEMENT_3D ( 'NONE', #318, #1385, #988 ) ;
#702 = VERTEX_POINT ( 'NONE', #1480 ) ;
#703 = EDGE_CURVE ( 'NONE', #1522, #1466, #537, .T. ) ;
#704 = DIRECTION ( 'NONE',  ( -2.258754526011467735E-16, 1.000000000000000000, -0.000000000000000000 ) ) ;
#705 = DIRECTION ( 'NONE',  ( 1.000000000000000000, -1.902109074535972765E-16, -0.000000000000000000 ) ) ;
#706 = FACE_OUTER_BOUND ( 'NONE', #297, .T. ) ;
#707 = APPLICATION_PROTOCOL_DEFINITION ( 'draft international standard', 'automotive_design', 1998, #885 ) ;
#708 = ORIENTED_EDGE ( 'NONE', *, *, #655, .T. ) ;
#709 = FACE_OUTER_BOUND ( 'NONE', #448, .T. ) ;
#710 = VERTEX_POINT ( 'NONE', #1381 ) ;
#711 = EDGE_CURVE ( 'NONE', #1147, #1582, #1311, .T. ) ;
#712 = DIRECTION ( 'NONE',  ( 0.000000000000000000, 0.000000000000000000, 1.000000000000000000 ) ) ;
#713 = CARTESIAN_POINT ( 'NONE',  ( 0.2849999999999999756, 0.3300000000000000155, 0.1350000000000000366 ) ) ;
#714 = FACE_OUTER_BOUND ( 'NONE', #35, .T. ) ;
#715 = ORIENTED_EDGE ( 'NONE', *, *, #75, .T. ) ;
#716 = EDGE_CURVE ( 'NONE', #1002, #1611, #1006, .T. ) ;
#717 = ADVANCED_FACE ( 'NONE', ( #987 ), #1254, .F. ) ;
#718 = ORIENTED_EDGE ( 'NONE', *, *, #1113, .F. ) ;
#719 = CARTESIAN_POINT ( 'NONE',  ( -0.1499999999999999944, 0.3300000000000000155, -0.1499999999999999944 ) ) ;
#720 = CARTESIAN_POINT ( 'NONE',  ( -0.2099999999999999645, 0.04499999999999999833, -0.1400000000000000133 ) ) ;
#721 = CIRCLE ( 'NONE', #76, 0.01499999999999998557 ) ;
#722 = DIRECTION ( 'NONE',  ( 1.000000000000000000, 0.000000000000000000, 0.000000000000000000 ) ) ;
#723 = DIRECTION ( 'NONE',  ( 3.388131789017200863E-16, -1.000000000000000000, 0.000000000000000000 ) ) ;
#724 = ORIENTED_EDGE ( 'NONE', *, *, #1034, .F. ) ;
#725 = ADVANCED_FACE ( 'NONE', ( #760 ), #1140, .T. ) ;
#726 = AXIS2_PLACEMENT_3D ( 'NONE', #913, #1157, #258 ) ;
#727 = VERTEX_POINT ( 'NONE', #503 ) ;
#728 = VECTOR ( 'NONE', #1321, 1000.000000000000000 ) ;
#729 = AXIS2_PLACEMENT_3D ( 'NONE', #917, #1421, #1015 ) ;
#730 = SPHERICAL_SURFACE ( 'NONE', #1216, 0.01499999999999999944 ) ;
#731 = LINE ( 'NONE', #234, #139 ) ;
#732 = ORIENTED_EDGE ( 'NONE', *, *, #835, .T. ) ;
#733 =( NAMED_UNIT ( * ) PLANE_ANGLE_UNIT ( ) SI_UNIT ( $, .RADIAN. ) );
#734 = PLANE ( 'NONE',  #964 ) ;
#735 = ORIENTED_EDGE ( 'NONE', *, *, #890, .T. ) ;
#736 = ORIENTED_EDGE ( 'NONE', *, *, #189, .F. ) ;
#737 = CARTESIAN_POINT ( 'NONE',  ( -3.614007241618347908E-17, 0.3099999999999999978, 0.1400000000000000133 ) ) ;
#738 = ADVANCED_FACE ( 'NONE', ( #1014 ), #864, .T. ) ;
#739 = ADVANCED_FACE ( 'NONE', ( #1515 ), #1368, .T. ) ;
#740 = CARTESIAN_POINT ( 'NONE',  ( 0.000000000000000000, 0.3200000000000000067, -0.1350000000000000089 ) ) ;
#741 = ORIENTED_EDGE ( 'NONE', *, *, #338, .F. ) ;
#742 = ADVANCED_BREP_SHAPE_REPRESENTATION ( 'MLG0603P0N6BT', ( #659, #106, #1200, #662, #345 ), #1285 ) ;
#743 = ORIENTED_EDGE ( 'NONE', *, *, #1606, .T. ) ;
#744 = ADVANCED_FACE ( 'NONE', ( #1362 ), #734, .F. ) ;
#745 = DIRECTION ( 'NONE',  ( 1.000000000000000000, 2.258754526011467735E-16, -1.210047067506143447E-16 ) ) ;
#746 = FACE_OUTER_BOUND ( 'NONE', #229, .T. ) ;
#747 = ORIENTED_EDGE ( 'NONE', *, *, #711, .T. ) ;
#748 = EDGE_CURVE ( 'NONE', #763, #622, #756, .T. ) ;
#749 = CARTESIAN_POINT ( 'NONE',  ( 0.2100000000000000200, 0.3300000000000000155, -0.1350000000000000089 ) ) ;
#750 = AXIS2_PLACEMENT_3D ( 'NONE', #496, #878, #782 ) ;
#751 = CARTESIAN_POINT ( 'NONE',  ( -0.1499999999999999944, 0.000000000000000000, -0.1350000000000000089 ) ) ;
#752 = ORIENTED_EDGE ( 'NONE', *, *, #1375, .T. ) ;
#753 = ORIENTED_EDGE ( 'NONE', *, *, #542, .T. ) ;
#754 = DIRECTION ( 'NONE',  ( 0.000000000000000000, -1.000000000000000000, -0.000000000000000000 ) ) ;
#755 = VECTOR ( 'NONE', #1167, 1000.000000000000000 ) ;
#756 = CIRCLE ( 'NONE', #30, 0.005000000000000013115 ) ;
#757 = CARTESIAN_POINT ( 'NONE',  ( -0.4901785145224381024, 0.3150000000000000022, -0.1400000000000000133 ) ) ;
#758 = CARTESIAN_POINT ( 'NONE',  ( 0.000000000000000000, 0.3150000000000000022, -0.1350000000000000089 ) ) ;
#759 = ORIENTED_EDGE ( 'NONE', *, *, #1203, .F. ) ;
#760 = FACE_OUTER_BOUND ( 'NONE', #1332, .T. ) ;
#761 = DIRECTION ( 'NONE',  ( -0.000000000000000000, 1.000000000000000000, -0.000000000000000000 ) ) ;
#762 = CARTESIAN_POINT ( 'NONE',  ( 2.439454888092386825E-17, 0.3150000000000000022, -0.1350000000000000366 ) ) ;
#763 = VERTEX_POINT ( 'NONE', #887 ) ;
#764 = ORIENTED_EDGE ( 'NONE', *, *, #506, .F. ) ;
#765 = DIRECTION ( 'NONE',  ( 0.000000000000000000, -1.000000000000000000, 0.000000000000000000 ) ) ;
#766 = LINE ( 'NONE', #251, #1172 ) ;
#767 = EDGE_CURVE ( 'NONE', #1252, #1522, #1394, .T. ) ;
#768 = EDGE_LOOP ( 'NONE', ( #13, #747, #1393 ) ) ;
#769 = DIRECTION ( 'NONE',  ( 1.000000000000000000, 2.258754526011467735E-16, -1.210047067506143201E-16 ) ) ;
#770 = DIRECTION ( 'NONE',  ( 1.000000000000000000, 0.000000000000000000, -1.807003620809175125E-16 ) ) ;
#771 = DIRECTION ( 'NONE',  ( -1.000000000000000000, 0.000000000000000000, 0.000000000000000000 ) ) ;
#772 = CARTESIAN_POINT ( 'NONE',  ( 0.2099999999999999645, 0.04499999999999999833, 0.1500000000000000500 ) ) ;
#773 = EDGE_LOOP ( 'NONE', ( #1565, #336, #1333, #978 ) ) ;
#774 = CARTESIAN_POINT ( 'NONE',  ( -0.2849999999999999756, 0.01499999999999999944, 0.1350000000000000366 ) ) ;
#775 = PLANE ( 'NONE',  #1194 ) ;
#776 = VECTOR ( 'NONE', #186, 1000.000000000000000 ) ;
#777 = ORIENTED_EDGE ( 'NONE', *, *, #1304, .F. ) ;
#778 = CARTESIAN_POINT ( 'NONE',  ( 0.2849999999999999756, 0.000000000000000000, 0.1350000000000000366 ) ) ;
#779 = VERTEX_POINT ( 'NONE', #1523 ) ;
#780 = VECTOR ( 'NONE', #1097, 1000.000000000000000 ) ;
#781 = CARTESIAN_POINT ( 'NONE',  ( 0.2999999999999999334, 0.01499999999999998557, -0.1499999999999999667 ) ) ;
#782 = DIRECTION ( 'NONE',  ( 0.000000000000000000, -1.000000000000000000, 0.000000000000000000 ) ) ;
#783 = VECTOR ( 'NONE', #1499, 1000.000000000000000 ) ;
#784 = CARTESIAN_POINT ( 'NONE',  ( -0.2849999999999999756, 0.3150000000000000022, 0.1350000000000000366 ) ) ;
#785 = EDGE_CURVE ( 'NONE', #1080, #74, #244, .T. ) ;
#786 = DIRECTION ( 'NONE',  ( 0.000000000000000000, -1.000000000000000000, 0.000000000000000000 ) ) ;
#787 = EDGE_CURVE ( 'NONE', #95, #575, #350, .T. ) ;
#788 = CARTESIAN_POINT ( 'NONE',  ( 0.6024601890638080492, 0.3200000000000001732, -0.1350000000000000089 ) ) ;
#789 = AXIS2_PLACEMENT_3D ( 'NONE', #1602, #216, #1130 ) ;
#790 = CARTESIAN_POINT ( 'NONE',  ( 0.2849999999999999201, 0.000000000000000000, -0.1499999999999999944 ) ) ;
#791 = CYLINDRICAL_SURFACE ( 'NONE', #49, 0.01500000000000001159 ) ;
#792 = DIRECTION ( 'NONE',  ( 1.000000000000000000, -0.000000000000000000, -0.000000000000000000 ) ) ;
#793 = LINE ( 'NONE', #1180, #80 ) ;
#794 = CARTESIAN_POINT ( 'NONE',  ( -0.2099999999999999645, 0.04499999999999999833, -0.1400000000000000133 ) ) ;
#795 = LINE ( 'NONE', #400, #1460 ) ;
#796 = VECTOR ( 'NONE', #884, 1000.000000000000000 ) ;
#797 = ORIENTED_EDGE ( 'NONE', *, *, #1641, .F. ) ;
#798 = VECTOR ( 'NONE', #100, 1000.000000000000000 ) ;
#799 = DIRECTION ( 'NONE',  ( -1.000000000000000000, 0.000000000000000000, 0.000000000000000000 ) ) ;
#800 = PRESENTATION_LAYER_ASSIGNMENT (  '', '', ( #1539 ) ) ;
#801 = VERTEX_POINT ( 'NONE', #958 ) ;
#802 = ADVANCED_FACE ( 'NONE', ( #1578 ), #47, .T. ) ;
#803 = DIRECTION ( 'NONE',  ( 0.000000000000000000, 0.000000000000000000, 1.000000000000000000 ) ) ;
#804 = EDGE_CURVE ( 'NONE', #839, #1468, #1061, .T. ) ;
#805 = ORIENTED_EDGE ( 'NONE', *, *, #1137, .F. ) ;
#806 = DIRECTION ( 'NONE',  ( -1.000000000000000000, 0.000000000000000000, 0.000000000000000000 ) ) ;
#807 = CARTESIAN_POINT ( 'NONE',  ( -0.2100000000000001033, 0.3099999999999999423, -0.1400000000000000133 ) ) ;
#808 = CARTESIAN_POINT ( 'NONE',  ( 0.2849999999999999201, 0.3300000000000000155, -5.149960319306144829E-17 ) ) ;
#809 = ADVANCED_FACE ( 'NONE', ( #1451 ), #1219, .T. ) ;
#810 = ORIENTED_EDGE ( 'NONE', *, *, #166, .F. ) ;
#811 = FACE_OUTER_BOUND ( 'NONE', #346, .T. ) ;
#812 = ORIENTED_EDGE ( 'NONE', *, *, #1641, .T. ) ;
#813 = ORIENTED_EDGE ( 'NONE', *, *, #331, .T. ) ;
#814 = CARTESIAN_POINT ( 'NONE',  ( 0.1499999999999999944, 0.3300000000000000155, 0.1500000000000000500 ) ) ;
#815 = CARTESIAN_POINT ( 'NONE',  ( -0.2100000000000000200, 0.3100000000000000533, 0.1400000000000000133 ) ) ;
#816 = LINE ( 'NONE', #1199, #1231 ) ;
#817 = DIRECTION ( 'NONE',  ( 0.000000000000000000, 1.000000000000000000, 0.000000000000000000 ) ) ;
#818 = PLANE ( 'NONE',  #1303 ) ;
#819 = VERTEX_POINT ( 'NONE', #1461 ) ;
#820 = FILL_AREA_STYLE ('',( #566 ) ) ;
#821 = ORIENTED_EDGE ( 'NONE', *, *, #1181, .T. ) ;
#822 = LINE ( 'NONE', #1550, #607 ) ;
#823 = CIRCLE ( 'NONE', #1226, 0.01499999999999998557 ) ;
#824 = ADVANCED_FACE ( 'NONE', ( #1423 ), #194, .F. ) ;
#825 = DIRECTION ( 'NONE',  ( 1.000000000000000000, 0.000000000000000000, 0.000000000000000000 ) ) ;
#826 = DIRECTION ( 'NONE',  ( 0.000000000000000000, -1.000000000000000000, 0.000000000000000000 ) ) ;
#827 = AXIS2_PLACEMENT_3D ( 'NONE', #1237, #90, #1608 ) ;
#828 = CARTESIAN_POINT ( 'NONE',  ( -0.2100000000000000200, 0.3150000000000000577, -0.1400000000000000133 ) ) ;
#829 = ORIENTED_EDGE ( 'NONE', *, *, #292, .F. ) ;
#830 = ORIENTED_EDGE ( 'NONE', *, *, #202, .T. ) ;
#831 = VECTOR ( 'NONE', #416, 1000.000000000000000 ) ;
#832 = DIRECTION ( 'NONE',  ( 0.000000000000000000, 0.000000000000000000, 1.000000000000000000 ) ) ;
#833 = FACE_OUTER_BOUND ( 'NONE', #872, .T. ) ;
#834 = DIRECTION ( 'NONE',  ( -1.000000000000000000, -2.258754526011467242E-16, -0.000000000000000000 ) ) ;
#835 = EDGE_CURVE ( 'NONE', #710, #1291, #883, .T. ) ;
#836 = EDGE_CURVE ( 'NONE', #1426, #801, #585, .T. ) ;
#837 = CARTESIAN_POINT ( 'NONE',  ( 0.2100000000000000200, 0.3150000000000000577, 0.1400000000000000133 ) ) ;
#838 = ORIENTED_EDGE ( 'NONE', *, *, #588, .F. ) ;
#839 = VERTEX_POINT ( 'NONE', #1087 ) ;
#840 = CARTESIAN_POINT ( 'NONE',  ( -0.4901785145224381024, 0.3200000000000000067, 0.1350000000000000644 ) ) ;
#841 = PLANE ( 'NONE',  #1372 ) ;
#842 = DIRECTION ( 'NONE',  ( 0.000000000000000000, 0.000000000000000000, -1.000000000000000000 ) ) ;
#843 = CARTESIAN_POINT ( 'NONE',  ( -0.2100000000000000200, 0.3300000000000000155, -0.1499999999999999944 ) ) ;
#844 = DIRECTION ( 'NONE',  ( 0.000000000000000000, 1.000000000000000000, -0.000000000000000000 ) ) ;
#845 = ORIENTED_EDGE ( 'NONE', *, *, #42, .F. ) ;
#846 = VERTEX_POINT ( 'NONE', #415 ) ;
#847 =( LENGTH_UNIT ( ) NAMED_UNIT ( * ) SI_UNIT ( .MILLI., .METRE. ) );
#848 = DIRECTION ( 'NONE',  ( 1.000000000000000000, 0.000000000000000000, 0.000000000000000000 ) ) ;
#849 = CARTESIAN_POINT ( 'NONE',  ( -0.4901785145224381024, 0.3099999999999999978, 0.1400000000000000133 ) ) ;
#850 = ADVANCED_FACE ( 'NONE', ( #570 ), #1078, .T. ) ;
#851 = DIRECTION ( 'NONE',  ( 0.000000000000000000, 0.000000000000000000, 1.000000000000000000 ) ) ;
#852 = CIRCLE ( 'NONE', #692, 0.01499999999999999944 ) ;
#853 = DIRECTION ( 'NONE',  ( 0.000000000000000000, -0.000000000000000000, -1.000000000000000000 ) ) ;
#854 = AXIS2_PLACEMENT_3D ( 'NONE', #843, #1221, #73 ) ;
#855 = ORIENTED_EDGE ( 'NONE', *, *, #655, .F. ) ;
#856 = VECTOR ( 'NONE', #99, 1000.000000000000000 ) ;
#857 = ORIENTED_EDGE ( 'NONE', *, *, #396, .F. ) ;
#858 = ADVANCED_FACE ( 'NONE', ( #833 ), #1571, .T. ) ;
#859 = VECTOR ( 'NONE', #860, 1000.000000000000000 ) ;
#860 = DIRECTION ( 'NONE',  ( -1.807003620809173892E-16, -0.000000000000000000, -1.000000000000000000 ) ) ;
#861 = VECTOR ( 'NONE', #582, 1000.000000000000000 ) ;
#862 = DIRECTION ( 'NONE',  ( 1.000000000000000000, 0.000000000000000000, -0.000000000000000000 ) ) ;
#863 = ORIENTED_EDGE ( 'NONE', *, *, #1277, .F. ) ;
#864 = SPHERICAL_SURFACE ( 'NONE', #484, 0.01499999999999999944 ) ;
#865 = ORIENTED_EDGE ( 'NONE', *, *, #449, .T. ) ;
#866 = ORIENTED_EDGE ( 'NONE', *, *, #1347, .T. ) ;
#867 = CARTESIAN_POINT ( 'NONE',  ( -0.2100000000000000477, 0.3150000000000000022, 0.1350000000000000366 ) ) ;
#868 = ORIENTED_EDGE ( 'NONE', *, *, #230, .F. ) ;
#869 = LINE ( 'NONE', #237, #432 ) ;
#870 = CARTESIAN_POINT ( 'NONE',  ( -0.4901785145224381024, 0.3099999999999999978, 0.1400000000000000133 ) ) ;
#871 = ORIENTED_EDGE ( 'NONE', *, *, #1397, .T. ) ;
#872 = EDGE_LOOP ( 'NONE', ( #797, #897, #210, #1092 ) ) ;
#873 = DIRECTION ( 'NONE',  ( 1.000000000000000000, -0.000000000000000000, -0.000000000000000000 ) ) ;
#874 = CARTESIAN_POINT ( 'NONE',  ( 0.2999999999999999889, 0.01499999999999998557, 0.1500000000000000500 ) ) ;
#875 = ORIENTED_EDGE ( 'NONE', *, *, #530, .F. ) ;
#876 = LINE ( 'NONE', #888, #861 ) ;
#877 = VECTOR ( 'NONE', #1508, 1000.000000000000000 ) ;
#878 = DIRECTION ( 'NONE',  ( 1.000000000000000000, 1.902109074535972765E-16, 0.000000000000000000 ) ) ;
#879 = ORIENTED_EDGE ( 'NONE', *, *, #1347, .F. ) ;
#880 = CIRCLE ( 'NONE', #1481, 0.01499999999999998557 ) ;
#881 = PRODUCT_DEFINITION_CONTEXT ( 'detailed design', #1054, 'design' ) ;
#882 = VERTEX_POINT ( 'NONE', #794 ) ;
#883 = CIRCLE ( 'NONE', #162, 0.005000000000000013115 ) ;
#884 = DIRECTION ( 'NONE',  ( 1.000000000000000000, -0.000000000000000000, -0.000000000000000000 ) ) ;
#885 = APPLICATION_CONTEXT ( 'automotive_design' ) ;
#886 = ORIENTED_EDGE ( 'NONE', *, *, #619, .F. ) ;
#887 = CARTESIAN_POINT ( 'NONE',  ( 0.000000000000000000, 0.3150000000000000577, 0.1400000000000000133 ) ) ;
#888 = CARTESIAN_POINT ( 'NONE',  ( -0.1499999999999999944, 0.3300000000000000155, 0.1500000000000000500 ) ) ;
#889 = FACE_OUTER_BOUND ( 'NONE', #1478, .T. ) ;
#890 = EDGE_CURVE ( 'NONE', #359, #1343, #1443, .T. ) ;
#891 = EDGE_CURVE ( 'NONE', #476, #337, #1183, .T. ) ;
#892 = EDGE_LOOP ( 'NONE', ( #6, #743, #1590 ) ) ;
#893 = LINE ( 'NONE', #265, #477 ) ;
#894 = VERTEX_POINT ( 'NONE', #1586 ) ;
#895 = DIRECTION ( 'NONE',  ( 0.000000000000000000, 0.000000000000000000, 1.000000000000000000 ) ) ;
#896 = LINE ( 'NONE', #790, #698 ) ;
#897 = ORIENTED_EDGE ( 'NONE', *, *, #667, .T. ) ;
#898 = VECTOR ( 'NONE', #765, 1000.000000000000000 ) ;
#899 = ORIENTED_EDGE ( 'NONE', *, *, #392, .F. ) ;
#900 = CARTESIAN_POINT ( 'NONE',  ( -0.1499999999999999944, 0.000000000000000000, -0.1350000000000000089 ) ) ;
#901 = DIRECTION ( 'NONE',  ( 0.000000000000000000, 0.000000000000000000, 1.000000000000000000 ) ) ;
#902 = PLANE ( 'NONE',  #903 ) ;
#903 = AXIS2_PLACEMENT_3D ( 'NONE', #1031, #1275, #1409 ) ;
#904 = CARTESIAN_POINT ( 'NONE',  ( -0.4901785145224381024, 0.3200000000000000067, 0.1350000000000000644 ) ) ;
#905 = EDGE_CURVE ( 'NONE', #590, #1349, #313, .T. ) ;
#906 = VECTOR ( 'NONE', #1146, 1000.000000000000000 ) ;
#907 = AXIS2_PLACEMENT_3D ( 'NONE', #136, #385, #895 ) ;
#908 = DIRECTION ( 'NONE',  ( -1.000000000000000000, -0.000000000000000000, -1.807003620809175125E-16 ) ) ;
#909 = DIRECTION ( 'NONE',  ( 1.000000000000000000, -1.902109074535972765E-16, -0.000000000000000000 ) ) ;
#910 = AXIS2_PLACEMENT_3D ( 'NONE', #7, #654, #1295 ) ;
#911 = CARTESIAN_POINT ( 'NONE',  ( -0.1499999999999999944, 0.000000000000000000, 0.1500000000000000500 ) ) ;
#912 = EDGE_CURVE ( 'NONE', #1195, #710, #451, .T. ) ;
#913 = CARTESIAN_POINT ( 'NONE',  ( -0.2999999999999999334, 0.3300000000000000155, -0.1499999999999999667 ) ) ;
#914 = CARTESIAN_POINT ( 'NONE',  ( 0.2849999999999999201, 0.3150000000000000022, -0.1349999999999999811 ) ) ;
#915 = ORIENTED_EDGE ( 'NONE', *, *, #1549, .F. ) ;
#916 = CARTESIAN_POINT ( 'NONE',  ( 0.000000000000000000, 0.3150000000000000022, -0.1400000000000000133 ) ) ;
#917 = CARTESIAN_POINT ( 'NONE',  ( 0.2100000000000000200, 0.3150000000000000577, 0.1350000000000000366 ) ) ;
#918 = UNCERTAINTY_MEASURE_WITH_UNIT (LENGTH_MEASURE( 1.000000000000000082E-05 ), #847, 'distance_accuracy_value', 'NONE');
#919 = PRESENTATION_STYLE_ASSIGNMENT (( #1210 ) ) ;
#920 = CARTESIAN_POINT ( 'NONE',  ( 0.1499999999999999944, 0.000000000000000000, 0.1500000000000000500 ) ) ;
#921 = CARTESIAN_POINT ( 'NONE',  ( -0.2849999999999999756, 0.01499999999999998557, 0.1500000000000000500 ) ) ;
#922 = CYLINDRICAL_SURFACE ( 'NONE', #560, 0.01499999999999998557 ) ;
#923 = ADVANCED_FACE ( 'NONE', ( #182 ), #695, .F. ) ;
#924 = CARTESIAN_POINT ( 'NONE',  ( 0.2849999999999999756, 0.01499999999999998557, 0.1350000000000000366 ) ) ;
#925 = ORIENTED_EDGE ( 'NONE', *, *, #439, .F. ) ;
#926 = CARTESIAN_POINT ( 'NONE',  ( -7.228014483236695816E-17, 0.3200000000000000067, -0.1400000000000000133 ) ) ;
#927 = AXIS2_PLACEMENT_3D ( 'NONE', #955, #948, #163 ) ;
#928 = VERTEX_POINT ( 'NONE', #997 ) ;
#929 = PLANE ( 'NONE',  #155 ) ;
#930 = CARTESIAN_POINT ( 'NONE',  ( 0.2849999999999999201, 0.01499999999999999944, -0.1349999999999999811 ) ) ;
#931 = SPHERICAL_SURFACE ( 'NONE', #401, 0.01499999999999999944 ) ;
#932 = VECTOR ( 'NONE', #470, 1000.000000000000000 ) ;
#933 = LINE ( 'NONE', #1437, #23 ) ;
#934 = AXIS2_PLACEMENT_3D ( 'NONE', #226, #1507, #1114 ) ;
#935 = ADVANCED_FACE ( 'NONE', ( #348 ), #841, .F. ) ;
#936 = CARTESIAN_POINT ( 'NONE',  ( -0.2100000000000000200, 0.3200000000000000067, 0.1350000000000000644 ) ) ;
#937 = AXIS2_PLACEMENT_3D ( 'NONE', #368, #101, #1274 ) ;
#938 = ORIENTED_EDGE ( 'NONE', *, *, #1247, .T. ) ;
#939 = CARTESIAN_POINT ( 'NONE',  ( -0.2100000000000000200, 0.3150000000000000022, -0.1350000000000000089 ) ) ;
#940 = ORIENTED_EDGE ( 'NONE', *, *, #1491, .T. ) ;
#941 = CARTESIAN_POINT ( 'NONE',  ( -0.4901785145224381024, 0.3150000000000000022, 0.1350000000000000366 ) ) ;
#942 = DIRECTION ( 'NONE',  ( -0.000000000000000000, 1.000000000000000000, -0.000000000000000000 ) ) ;
#943 = CARTESIAN_POINT ( 'NONE',  ( -0.2100000000000000477, 0.3150000000000000022, -0.1399999999999999856 ) ) ;
#944 = CARTESIAN_POINT ( 'NONE',  ( -3.614007241618347908E-17, 0.3099999999999999978, 0.1400000000000000133 ) ) ;
#945 = ORIENTED_EDGE ( 'NONE', *, *, #562, .F. ) ;
#946 = LINE ( 'NONE', #540, #215 ) ;
#947 = ORIENTED_EDGE ( 'NONE', *, *, #1181, .F. ) ;
#948 = DIRECTION ( 'NONE',  ( 1.000000000000000000, 0.000000000000000000, 0.000000000000000000 ) ) ;
#949 = DIRECTION ( 'NONE',  ( 0.000000000000000000, -1.000000000000000000, 0.000000000000000000 ) ) ;
#950 = CARTESIAN_POINT ( 'NONE',  ( 0.6024601890638080492, 0.3150000000000001688, 0.1400000000000000133 ) ) ;
#951 = SURFACE_STYLE_USAGE ( .BOTH. , #1453 ) ;
#952 = ORIENTED_EDGE ( 'NONE', *, *, #247, .F. ) ;
#953 = CARTESIAN_POINT ( 'NONE',  ( -0.1499999999999999944, 0.01499999999999998557, 0.1500000000000000500 ) ) ;
#954 = ORIENTED_EDGE ( 'NONE', *, *, #506, .T. ) ;
#955 = CARTESIAN_POINT ( 'NONE',  ( 0.2849999999999999201, 0.3150000000000000022, -0.1349999999999999811 ) ) ;
#956 = COLOUR_RGB ( '',0.000000000000000000, 0.000000000000000000, 0.000000000000000000 ) ;
#957 = EDGE_CURVE ( 'NONE', #479, #1562, #1241, .T. ) ;
#958 = CARTESIAN_POINT ( 'NONE',  ( 0.2099999999999999645, 0.04500000000000008854, 0.1400000000000000688 ) ) ;
#959 = LINE ( 'NONE', #1587, #458 ) ;
#960 = FILL_AREA_STYLE_COLOUR ( '', #427 ) ;
#961 = VECTOR ( 'NONE', #65, 1000.000000000000000 ) ;
#962 = CARTESIAN_POINT ( 'NONE',  ( 0.1499999999999999944, 0.01499999999999998557, 0.1350000000000000366 ) ) ;
#963 = ORIENTED_EDGE ( 'NONE', *, *, #657, .F. ) ;
#964 = AXIS2_PLACEMENT_3D ( 'NONE', #21, #1542, #405 ) ;
#965 = VECTOR ( 'NONE', #411, 1000.000000000000000 ) ;
#966 = EDGE_LOOP ( 'NONE', ( #78, #1320, #1193, #635 ) ) ;
#967 = ADVANCED_FACE ( 'NONE', ( #98 ), #469, .T. ) ;
#968 = CARTESIAN_POINT ( 'NONE',  ( -0.1499999999999999667, 0.04500000000000001915, -0.1499999999999999944 ) ) ;
#969 = DIRECTION ( 'NONE',  ( -1.807003620809175766E-15, -0.000000000000000000, -1.000000000000000000 ) ) ;
#970 = ORIENTED_EDGE ( 'NONE', *, *, #230, .T. ) ;
#971 = ORIENTED_EDGE ( 'NONE', *, *, #836, .F. ) ;
#972 = ADVANCED_FACE ( 'NONE', ( #1494 ), #604, .T. ) ;
#973 = DIRECTION ( 'NONE',  ( 0.000000000000000000, 1.000000000000000000, -1.807003620809175766E-15 ) ) ;
#974 = LINE ( 'NONE', #501, #796 ) ;
#975 = ORIENTED_EDGE ( 'NONE', *, *, #787, .T. ) ;
#976 = SURFACE_STYLE_FILL_AREA ( #1346 ) ;
#977 = CARTESIAN_POINT ( 'NONE',  ( 0.2999999999999999889, 0.01499999999999998557, 0.1350000000000000366 ) ) ;
#978 = ORIENTED_EDGE ( 'NONE', *, *, #438, .T. ) ;
#979 = AXIS2_PLACEMENT_3D ( 'NONE', #1288, #524, #1166 ) ;
#980 = ADVANCED_FACE ( 'NONE', ( #474 ), #730, .T. ) ;
#981 = ORIENTED_EDGE ( 'NONE', *, *, #703, .F. ) ;
#982 = EDGE_CURVE ( 'NONE', #1209, #1611, #1373, .T. ) ;
#983 = AXIS2_PLACEMENT_3D ( 'NONE', #209, #723, #260 ) ;
#984 = LINE ( 'NONE', #737, #1387 ) ;
#985 = CARTESIAN_POINT ( 'NONE',  ( 0.000000000000000000, 0.000000000000000000, 0.000000000000000000 ) ) ;
#986 = AXIS2_PLACEMENT_3D ( 'NONE', #1202, #39, #291 ) ;
#987 = FACE_OUTER_BOUND ( 'NONE', #1439, .T. ) ;
#988 = DIRECTION ( 'NONE',  ( 1.000000000000000000, 0.000000000000000000, 1.807003620809177344E-16 ) ) ;
#989 = ADVANCED_FACE ( 'NONE', ( #614 ), #1627, .T. ) ;
#990 = VERTEX_POINT ( 'NONE', #1278 ) ;
#991 = AXIS2_PLACEMENT_3D ( 'NONE', #867, #1251, #364 ) ;
#992 = ADVANCED_FACE ( 'NONE', ( #1399 ), #19, .F. ) ;
#993 = AXIS2_PLACEMENT_3D ( 'NONE', #38, #1212, #174 ) ;
#994 = ORIENTED_EDGE ( 'NONE', *, *, #147, .T. ) ;
#995 = DIRECTION ( 'NONE',  ( 0.000000000000000000, 0.000000000000000000, -1.000000000000000000 ) ) ;
#996 = CLOSED_SHELL ( 'NONE', ( #1538, #935, #1158, #490, #802, #683, #1083, #595 ) ) ;
#997 = CARTESIAN_POINT ( 'NONE',  ( 0.2999999999999999334, 0.3150000000000000022, -0.1349999999999999534 ) ) ;
#998 = CARTESIAN_POINT ( 'NONE',  ( 0.2999999999999999334, 0.3150000000000000022, -0.1499999999999999667 ) ) ;
#999 = DIRECTION ( 'NONE',  ( -2.258754526011477596E-16, 1.000000000000000000, 0.000000000000000000 ) ) ;
#1000 = DIRECTION ( 'NONE',  ( -0.000000000000000000, -1.000000000000000000, -0.000000000000000000 ) ) ;
#1001 = ORIENTED_EDGE ( 'NONE', *, *, #1549, .T. ) ;
#1002 = VERTEX_POINT ( 'NONE', #772 ) ;
#1003 = SURFACE_STYLE_FILL_AREA ( #1594 ) ;
#1004 = CARTESIAN_POINT ( 'NONE',  ( -0.2099999999999999645, 0.04499999999999999833, 0.1400000000000000688 ) ) ;
#1005 = ORIENTED_EDGE ( 'NONE', *, *, #466, .T. ) ;
#1006 = LINE ( 'NONE', #1498, #798 ) ;
#1007 = FACE_OUTER_BOUND ( 'NONE', #309, .T. ) ;
#1008 = ORIENTED_EDGE ( 'NONE', *, *, #1236, .F. ) ;
#1009 = ORIENTED_EDGE ( 'NONE', *, *, #25, .F. ) ;
#1010 = DIRECTION ( 'NONE',  ( -1.807003620809173892E-16, 0.000000000000000000, -1.000000000000000000 ) ) ;
#1011 = ADVANCED_FACE ( 'NONE', ( #1299 ), #642, .T. ) ;
#1012 = ORIENTED_EDGE ( 'NONE', *, *, #1056, .T. ) ;
#1013 = EDGE_CURVE ( 'NONE', #476, #702, #552, .T. ) ;
#1014 = FACE_OUTER_BOUND ( 'NONE', #343, .T. ) ;
#1015 = DIRECTION ( 'NONE',  ( 0.000000000000000000, 1.000000000000000000, 0.000000000000000000 ) ) ;
#1016 = CIRCLE ( 'NONE', #1427, 0.01499999999999998557 ) ;
#1017 = CARTESIAN_POINT ( 'NONE',  ( -7.002139030635548648E-17, 0.3099999999999999978, -0.1400000000000000133 ) ) ;
#1018 = ORIENTED_EDGE ( 'NONE', *, *, #1596, .T. ) ;
#1019 = AXIS2_PLACEMENT_3D ( 'NONE', #1383, #242, #1603 ) ;
#1020 = STYLED_ITEM ( 'NONE', ( #1118 ), #662 ) ;
#1021 = EDGE_CURVE ( 'NONE', #1473, #74, #144, .T. ) ;
#1022 = LINE ( 'NONE', #1521, #1418 ) ;
#1023 = ORIENTED_EDGE ( 'NONE', *, *, #711, .F. ) ;
#1024 = DIRECTION ( 'NONE',  ( 1.000000000000000000, -0.000000000000000000, -1.807003620809175125E-16 ) ) ;
#1025 = LINE ( 'NONE', #1030, #831 ) ;
#1026 = CARTESIAN_POINT ( 'NONE',  ( 0.6024601890638080492, 0.3150000000000001688, -0.1399999999999999856 ) ) ;
#1027 = ORIENTED_EDGE ( 'NONE', *, *, #982, .T. ) ;
#1028 = DIRECTION ( 'NONE',  ( -1.000000000000000000, -2.258754526011467242E-16, -0.000000000000000000 ) ) ;
#1029 = ORIENTED_EDGE ( 'NONE', *, *, #767, .F. ) ;
#1030 = CARTESIAN_POINT ( 'NONE',  ( 0.2100000000000000200, 0.3150000000000002243, -0.1399999999999999856 ) ) ;
#1031 = CARTESIAN_POINT ( 'NONE',  ( 0.000000000000000000, 0.3300000000000000155, 0.000000000000000000 ) ) ;
#1032 = EDGE_CURVE ( 'NONE', #990, #239, #250, .T. ) ;
#1033 = ORIENTED_EDGE ( 'NONE', *, *, #1144, .F. ) ;
#1034 = EDGE_CURVE ( 'NONE', #801, #523, #126, .T. ) ;
#1035 = DIRECTION ( 'NONE',  ( 0.000000000000000000, 0.000000000000000000, 1.000000000000000000 ) ) ;
#1036 = DIRECTION ( 'NONE',  ( -1.902109074535972765E-16, -1.000000000000000000, 0.000000000000000000 ) ) ;
#1037 = MECHANICAL_DESIGN_GEOMETRIC_PRESENTATION_REPRESENTATION (  '', ( #1479 ), #1168 ) ;
#1038 = VERTEX_POINT ( 'NONE', #1640 ) ;
#1039 = VECTOR ( 'NONE', #1036, 1000.000000000000000 ) ;
#1040 = EDGE_CURVE ( 'NONE', #1611, #178, #1022, .T. ) ;
#1041 = AXIS2_PLACEMENT_3D ( 'NONE', #14, #527, #1417 ) ;
#1042 = COLOUR_RGB ( '',0.7921568627450980005, 0.8196078431372548767, 0.9333333333333333481 ) ;
#1043 = CARTESIAN_POINT ( 'NONE',  ( -0.2099999999999999645, 0.04499999999999999833, 0.1400000000000000688 ) ) ;
#1044 = CLOSED_SHELL ( 'NONE', ( #1104, #398, #1109, #923, #717, #1467, #414, #824, #681, #850, #725, #972, #980, #1514, #858, #512, #1573, #1077, #809, #1230 ) ) ;
#1045 = CARTESIAN_POINT ( 'NONE',  ( -0.1499999999999999944, 0.01499999999999998557, 0.1500000000000000500 ) ) ;
#1046 = ORIENTED_EDGE ( 'NONE', *, *, #1107, .T. ) ;
#1047 = AXIS2_PLACEMENT_3D ( 'NONE', #1534, #1424, #1408 ) ;
#1048 = CARTESIAN_POINT ( 'NONE',  ( -0.2100000000000000200, 0.3200000000000000067, 0.1350000000000000644 ) ) ;
#1049 = CARTESIAN_POINT ( 'NONE',  ( -0.4901785145224381024, 0.3099999999999999978, -0.1400000000000000133 ) ) ;
#1050 = SURFACE_SIDE_STYLE ('',( #310 ) ) ;
#1051 = CARTESIAN_POINT ( 'NONE',  ( -0.2849999999999999201, 0.3300000000000000155, -0.1349999999999999811 ) ) ;
#1052 = CARTESIAN_POINT ( 'NONE',  ( -0.2100000000000000200, 0.3150000000000000022, -0.1350000000000000089 ) ) ;
#1053 = EDGE_LOOP ( 'NONE', ( #510, #171, #83 ) ) ;
#1054 = APPLICATION_CONTEXT ( 'automotive_design' ) ;
#1055 = LINE ( 'NONE', #60, #1280 ) ;
#1056 = EDGE_CURVE ( 'NONE', #3, #727, #893, .T. ) ;
#1057 = ORIENTED_EDGE ( 'NONE', *, *, #1400, .F. ) ;
#1058 = ORIENTED_EDGE ( 'NONE', *, *, #631, .T. ) ;
#1059 = CARTESIAN_POINT ( 'NONE',  ( -0.2100000000000000200, 0.3099999999999999978, 0.1400000000000000133 ) ) ;
#1060 = EDGE_CURVE ( 'NONE', #1593, #479, #5, .T. ) ;
#1061 = LINE ( 'NONE', #920, #460 ) ;
#1062 = DIRECTION ( 'NONE',  ( -1.807003620809175125E-16, 0.000000000000000000, 1.000000000000000000 ) ) ;
#1063 = DIRECTION ( 'NONE',  ( 0.000000000000000000, 0.000000000000000000, -1.000000000000000000 ) ) ;
#1064 = ORIENTED_EDGE ( 'NONE', *, *, #213, .T. ) ;
#1065 = ORIENTED_EDGE ( 'NONE', *, *, #33, .T. ) ;
#1066 = STYLED_ITEM ( 'NONE', ( #1353 ), #742 ) ;
#1067 = FACE_OUTER_BOUND ( 'NONE', #1536, .T. ) ;
#1068 = DIRECTION ( 'NONE',  ( -1.000000000000000000, -1.902109074535972765E-16, -0.000000000000000000 ) ) ;
#1069 = LINE ( 'NONE', #1220, #1597 ) ;
#1070 = COLOUR_RGB ( '',0.7921568627450980005, 0.8196078431372548767, 0.9333333333333333481 ) ;
#1071 = LINE ( 'NONE', #1045, #1360 ) ;
#1072 = AXIS2_PLACEMENT_3D ( 'NONE', #1262, #754, #241 ) ;
#1073 = DIRECTION ( 'NONE',  ( 0.000000000000000000, 0.000000000000000000, -1.000000000000000000 ) ) ;
#1074 = ORIENTED_EDGE ( 'NONE', *, *, #787, .F. ) ;
#1075 = VERTEX_POINT ( 'NONE', #1528 ) ;
#1076 =( LENGTH_UNIT ( ) NAMED_UNIT ( * ) SI_UNIT ( .MILLI., .METRE. ) );
#1077 = ADVANCED_FACE ( 'NONE', ( #391 ), #441, .T. ) ;
#1078 = CYLINDRICAL_SURFACE ( 'NONE', #296, 0.01499999999999999944 ) ;
#1079 = DIRECTION ( 'NONE',  ( 1.000000000000000000, 0.000000000000000000, 0.000000000000000000 ) ) ;
#1080 = VERTEX_POINT ( 'NONE', #778 ) ;
#1081 = DIRECTION ( 'NONE',  ( 0.000000000000000000, 0.000000000000000000, -1.000000000000000000 ) ) ;
#1082 = VERTEX_POINT ( 'NONE', #31 ) ;
#1083 = ADVANCED_FACE ( 'NONE', ( #543 ), #548, .F. ) ;
#1084 = AXIS2_PLACEMENT_3D ( 'NONE', #1198, #324, #56 ) ;
#1085 = EDGE_LOOP ( 'NONE', ( #1161, #567, #1108, #212 ) ) ;
#1086 = DIRECTION ( 'NONE',  ( 0.000000000000000000, 1.000000000000000000, -0.000000000000000000 ) ) ;
#1087 = CARTESIAN_POINT ( 'NONE',  ( 0.1499999999999999944, 0.000000000000000000, 0.1350000000000000366 ) ) ;
#1088 = CARTESIAN_POINT ( 'NONE',  ( -0.2849999999999999201, 0.3300000000000000155, -0.1349999999999999534 ) ) ;
#1089 = ORIENTED_EDGE ( 'NONE', *, *, #387, .T. ) ;
#1090 = VECTOR ( 'NONE', #1145, 1000.000000000000000 ) ;
#1091 = ORIENTED_EDGE ( 'NONE', *, *, #1205, .T. ) ;
#1092 = ORIENTED_EDGE ( 'NONE', *, *, #417, .T. ) ;
#1093 = CARTESIAN_POINT ( 'NONE',  ( 0.2999999999999999889, 0.3150000000000000022, 0.1500000000000000500 ) ) ;
#1094 = VECTOR ( 'NONE', #305, 1000.000000000000000 ) ;
#1095 = AXIS2_PLACEMENT_3D ( 'NONE', #1121, #851, #1339 ) ;
#1096 = DIRECTION ( 'NONE',  ( -2.258754526011477596E-16, 1.000000000000000000, 0.000000000000000000 ) ) ;
#1097 = DIRECTION ( 'NONE',  ( 1.807003620809173892E-16, -0.000000000000000000, -1.000000000000000000 ) ) ;
#1098 = CIRCLE ( 'NONE', #1363, 0.01499999999999999944 ) ;
#1099 = DIRECTION ( 'NONE',  ( 1.000000000000000000, -0.000000000000000000, -0.000000000000000000 ) ) ;
#1100 = ORIENTED_EDGE ( 'NONE', *, *, #189, .T. ) ;
#1101 = VECTOR ( 'NONE', #1211, 1000.000000000000000 ) ;
#1102 = VECTOR ( 'NONE', #1276, 1000.000000000000000 ) ;
#1103 = ORIENTED_EDGE ( 'NONE', *, *, #1175, .T. ) ;
#1104 = ADVANCED_FACE ( 'NONE', ( #1196 ), #929, .F. ) ;
#1105 = DIRECTION ( 'NONE',  ( 0.000000000000000000, 0.000000000000000000, 1.000000000000000000 ) ) ;
#1106 = CARTESIAN_POINT ( 'NONE',  ( 0.2100000000000000200, 0.04500000000000008854, -0.1400000000000000133 ) ) ;
#1107 = EDGE_CURVE ( 'NONE', #1082, #590, #1432, .T. ) ;
#1108 = ORIENTED_EDGE ( 'NONE', *, *, #462, .T. ) ;
#1109 = ADVANCED_FACE ( 'NONE', ( #1327 ), #1189, .F. ) ;
#1110 = EDGE_LOOP ( 'NONE', ( #9, #829, #1270, #152, #478, #1238 ) ) ;
#1111 = CARTESIAN_POINT ( 'NONE',  ( -0.1499999999999999667, 0.04500000000000001915, -0.1499999999999999944 ) ) ;
#1112 = DIRECTION ( 'NONE',  ( 0.000000000000000000, 0.000000000000000000, -1.000000000000000000 ) ) ;
#1113 = EDGE_CURVE ( 'NONE', #1117, #819, #312, .T. ) ;
#1114 = DIRECTION ( 'NONE',  ( -0.000000000000000000, 0.000000000000000000, -1.000000000000000000 ) ) ;
#1115 = CARTESIAN_POINT ( 'NONE',  ( -0.2999999999999999334, 0.3150000000000000022, -0.1499999999999999667 ) ) ;
#1116 = EDGE_LOOP ( 'NONE', ( #724, #1089, #865, #741 ) ) ;
#1117 = VERTEX_POINT ( 'NONE', #1051 ) ;
#1118 = PRESENTATION_STYLE_ASSIGNMENT (( #1351 ) ) ;
#1119 = VECTOR ( 'NONE', #699, 1000.000000000000000 ) ;
#1120 = DIRECTION ( 'NONE',  ( -0.000000000000000000, -0.000000000000000000, -1.000000000000000000 ) ) ;
#1121 = CARTESIAN_POINT ( 'NONE',  ( 0.2849999999999999756, 0.3150000000000000022, 0.1350000000000000366 ) ) ;
#1122 = CARTESIAN_POINT ( 'NONE',  ( 0.000000000000000000, 0.000000000000000000, 0.000000000000000000 ) ) ;
#1123 = CARTESIAN_POINT ( 'NONE',  ( 0.1499999999999999944, 0.01499999999999998557, 0.1500000000000000500 ) ) ;
#1124 = CARTESIAN_POINT ( 'NONE',  ( -0.2100000000000000200, 0.3300000000000000155, 0.1350000000000000089 ) ) ;
#1125 = EDGE_LOOP ( 'NONE', ( #1064, #519, #1386, #1580 ) ) ;
#1126 = VECTOR ( 'NONE', #534, 1000.000000000000000 ) ;
#1127 = ORIENTED_EDGE ( 'NONE', *, *, #675, .T. ) ;
#1128 = CARTESIAN_POINT ( 'NONE',  ( -0.2849999999999999201, 0.01499999999999999944, -0.1349999999999999811 ) ) ;
#1129 = AXIS2_PLACEMENT_3D ( 'NONE', #774, #1174, #1035 ) ;
#1130 = DIRECTION ( 'NONE',  ( -1.000000000000000000, 0.000000000000000000, 0.000000000000000000 ) ) ;
#1131 = DIRECTION ( 'NONE',  ( 1.000000000000000000, 0.000000000000000000, 0.000000000000000000 ) ) ;
#1132 = ORIENTED_EDGE ( 'NONE', *, *, #675, .F. ) ;
#1133 = SURFACE_SIDE_STYLE ('',( #1141 ) ) ;
#1134 = CARTESIAN_POINT ( 'NONE',  ( 0.1499999999999999944, 0.000000000000000000, -0.1350000000000000089 ) ) ;
#1135 = ORIENTED_EDGE ( 'NONE', *, *, #1400, .T. ) ;
#1136 = ORIENTED_EDGE ( 'NONE', *, *, #274, .T. ) ;
#1137 = EDGE_CURVE ( 'NONE', #928, #1582, #822, .T. ) ;
#1138 = DIRECTION ( 'NONE',  ( 0.000000000000000000, 0.000000000000000000, 1.000000000000000000 ) ) ;
#1139 = ORIENTED_EDGE ( 'NONE', *, *, #690, .F. ) ;
#1140 = CYLINDRICAL_SURFACE ( 'NONE', #1201, 0.01499999999999998557 ) ;
#1141 = SURFACE_STYLE_FILL_AREA ( #495 ) ;
#1142 = FACE_OUTER_BOUND ( 'NONE', #1245, .T. ) ;
#1143 = ORIENTED_EDGE ( 'NONE', *, *, #387, .F. ) ;
#1144 = EDGE_CURVE ( 'NONE', #1455, #94, #1584, .T. ) ;
#1145 = DIRECTION ( 'NONE',  ( 0.000000000000000000, 0.000000000000000000, -1.000000000000000000 ) ) ;
#1146 = DIRECTION ( 'NONE',  ( 3.011672701348622990E-16, -1.000000000000000000, 2.007781800899082157E-16 ) ) ;
#1147 = VERTEX_POINT ( 'NONE', #1182 ) ;
#1148 = CYLINDRICAL_SURFACE ( 'NONE', #701, 0.01499999999999998557 ) ;
#1149 = AXIS2_PLACEMENT_3D ( 'NONE', #556, #806, #832 ) ;
#1150 = FACE_OUTER_BOUND ( 'NONE', #598, .T. ) ;
#1151 = VECTOR ( 'NONE', #407, 1000.000000000000000 ) ;
#1152 = DIRECTION ( 'NONE',  ( 0.000000000000000000, 0.000000000000000000, -1.000000000000000000 ) ) ;
#1153 = VECTOR ( 'NONE', #678, 1000.000000000000000 ) ;
#1154 = DIRECTION ( 'NONE',  ( -0.000000000000000000, 1.000000000000000000, -0.000000000000000000 ) ) ;
#1155 = VECTOR ( 'NONE', #1404, 1000.000000000000000 ) ;
#1156 = ORIENTED_EDGE ( 'NONE', *, *, #561, .T. ) ;
#1157 = DIRECTION ( 'NONE',  ( 1.807003620809175125E-16, -0.000000000000000000, 1.000000000000000000 ) ) ;
#1158 = ADVANCED_FACE ( 'NONE', ( #1067 ), #413, .F. ) ;
#1159 = PLANE ( 'NONE',  #532 ) ;
#1160 = DIRECTION ( 'NONE',  ( 1.000000000000000000, -0.000000000000000000, -0.000000000000000000 ) ) ;
#1161 = ORIENTED_EDGE ( 'NONE', *, *, #1620, .T. ) ;
#1162 = LINE ( 'NONE', #1292, #326 ) ;
#1163 = AXIS2_PLACEMENT_3D ( 'NONE', #233, #848, #1263 ) ;
#1164 = CARTESIAN_POINT ( 'NONE',  ( -0.1499999999999999944, 0.01499999999999998557, -0.1499999999999999944 ) ) ;
#1165 = CARTESIAN_POINT ( 'NONE',  ( -0.2999999999999999334, 0.01499999999999998557, -0.1499999999999999667 ) ) ;
#1166 = DIRECTION ( 'NONE',  ( 0.000000000000000000, 0.000000000000000000, 1.000000000000000000 ) ) ;
#1167 = DIRECTION ( 'NONE',  ( 1.000000000000000000, 0.000000000000000000, 1.807003620809175125E-16 ) ) ;
#1168 =( GEOMETRIC_REPRESENTATION_CONTEXT ( 3 ) GLOBAL_UNCERTAINTY_ASSIGNED_CONTEXT ( ( #285 ) ) GLOBAL_UNIT_ASSIGNED_CONTEXT ( ( #1076, #64, #576 ) ) REPRESENTATION_CONTEXT ( 'NONE', 'WORKASPACE' ) );
#1169 = CARTESIAN_POINT ( 'NONE',  ( -0.4901785145224381024, 0.3150000000000000577, 0.1400000000000000133 ) ) ;
#1170 = LINE ( 'NONE', #1547, #965 ) ;
#1171 = UNCERTAINTY_MEASURE_WITH_UNIT (LENGTH_MEASURE( 1.000000000000000082E-05 ), #303, 'distance_accuracy_value', 'NONE');
#1172 = VECTOR ( 'NONE', #127, 1000.000000000000000 ) ;
#1173 = CARTESIAN_POINT ( 'NONE',  ( 0.2100000000000000200, 0.3300000000000000155, 0.1500000000000000500 ) ) ;
#1174 = DIRECTION ( 'NONE',  ( -1.000000000000000000, 0.000000000000000000, 0.000000000000000000 ) ) ;
#1175 = EDGE_CURVE ( 'NONE', #779, #1002, #661, .T. ) ;
#1176 = VECTOR ( 'NONE', #652, 1000.000000000000000 ) ;
#1177 = FACE_OUTER_BOUND ( 'NONE', #1125, .T. ) ;
#1178 = DIRECTION ( 'NONE',  ( 1.000000000000000000, -0.000000000000000000, 1.807003620809173892E-16 ) ) ;
#1179 = ORIENTED_EDGE ( 'NONE', *, *, #619, .T. ) ;
#1180 = CARTESIAN_POINT ( 'NONE',  ( 0.000000000000000000, 0.3300000000000000155, 0.1350000000000000366 ) ) ;
#1181 = EDGE_CURVE ( 'NONE', #1217, #1562, #193, .T. ) ;
#1182 = CARTESIAN_POINT ( 'NONE',  ( 0.2849999999999999201, 0.01499999999999998557, -0.1499999999999999667 ) ) ;
#1183 = LINE ( 'NONE', #434, #514 ) ;
#1184 = LINE ( 'NONE', #559, #1197 ) ;
#1185 = FACE_OUTER_BOUND ( 'NONE', #1635, .T. ) ;
#1186 = CARTESIAN_POINT ( 'NONE',  ( -0.1499999999999999667, 0.04500000000000001915, -0.1499999999999999944 ) ) ;
#1187 = ORIENTED_EDGE ( 'NONE', *, *, #1284, .T. ) ;
#1188 = ORIENTED_EDGE ( 'NONE', *, *, #748, .F. ) ;
#1189 = PLANE ( 'NONE',  #315 ) ;
#1190 = DIRECTION ( 'NONE',  ( 1.000000000000000000, -0.000000000000000000, -0.000000000000000000 ) ) ;
#1191 = LINE ( 'NONE', #452, #612 ) ;
#1192 = DIRECTION ( 'NONE',  ( 0.000000000000000000, 0.000000000000000000, 1.000000000000000000 ) ) ;
#1193 = ORIENTED_EDGE ( 'NONE', *, *, #1375, .F. ) ;
#1194 = AXIS2_PLACEMENT_3D ( 'NONE', #1283, #269, #1256 ) ;
#1195 = VERTEX_POINT ( 'NONE', #1059 ) ;
#1196 = FACE_OUTER_BOUND ( 'NONE', #180, .T. ) ;
#1197 = VECTOR ( 'NONE', #57, 1000.000000000000000 ) ;
#1198 = CARTESIAN_POINT ( 'NONE',  ( 0.2999999999999999889, 0.3300000000000000155, 0.1500000000000000500 ) ) ;
#1199 = CARTESIAN_POINT ( 'NONE',  ( -0.2999999999999999889, 0.3300000000000000155, 0.1350000000000000366 ) ) ;
#1200 = MANIFOLD_SOLID_BREP ( 'Boss-Extrude3', #996 ) ;
#1201 = AXIS2_PLACEMENT_3D ( 'NONE', #977, #1636, #1354 ) ;
#1202 = CARTESIAN_POINT ( 'NONE',  ( 0.2100000000000000200, 0.3150000000000000022, 0.1350000000000000366 ) ) ;
#1203 = EDGE_CURVE ( 'NONE', #990, #894, #538, .T. ) ;
#1204 = AXIS2_PLACEMENT_3D ( 'NONE', #1503, #873, #118 ) ;
#1205 = EDGE_CURVE ( 'NONE', #191, #279, #686, .T. ) ;
#1206 = CARTESIAN_POINT ( 'NONE',  ( 0.000000000000000000, 0.3200000000000000067, 0.1350000000000000644 ) ) ;
#1207 = VERTEX_POINT ( 'NONE', #419 ) ;
#1208 = DIRECTION ( 'NONE',  ( -1.000000000000000000, 0.000000000000000000, 0.000000000000000000 ) ) ;
#1209 = VERTEX_POINT ( 'NONE', #436 ) ;
#1210 = SURFACE_STYLE_USAGE ( .BOTH. , #569 ) ;
#1211 = DIRECTION ( 'NONE',  ( -1.902109074535972765E-16, -1.000000000000000000, 2.007781800899082157E-16 ) ) ;
#1212 = DIRECTION ( 'NONE',  ( -3.388131789017200863E-16, -1.000000000000000000, 0.000000000000000000 ) ) ;
#1213 = CARTESIAN_POINT ( 'NONE',  ( -0.2849999999999999201, 0.01499999999999998557, -0.1499999999999999667 ) ) ;
#1214 = ORIENTED_EDGE ( 'NONE', *, *, #1304, .T. ) ;
#1215 = LINE ( 'NONE', #68, #783 ) ;
#1216 = AXIS2_PLACEMENT_3D ( 'NONE', #224, #357, #119 ) ;
#1217 = VERTEX_POINT ( 'NONE', #944 ) ;
#1218 = SURFACE_SIDE_STYLE ('',( #1003 ) ) ;
#1219 = SPHERICAL_SURFACE ( 'NONE', #666, 0.01499999999999999944 ) ;
#1220 = CARTESIAN_POINT ( 'NONE',  ( 0.1499999999999999667, 0.04500000000000001915, -0.1499999999999999944 ) ) ;
#1221 = DIRECTION ( 'NONE',  ( -1.000000000000000000, -1.902109074535972765E-16, 0.000000000000000000 ) ) ;
#1222 = CARTESIAN_POINT ( 'NONE',  ( -0.2849999999999999756, 0.01499999999999998557, 0.1350000000000000366 ) ) ;
#1223 = EDGE_LOOP ( 'NONE', ( #1269, #1100, #1240, #431 ) ) ;
#1224 = VERTEX_POINT ( 'NONE', #1305 ) ;
#1225 = EDGE_CURVE ( 'NONE', #1291, #574, #308, .T. ) ;
#1226 = AXIS2_PLACEMENT_3D ( 'NONE', #1222, #601, #1487 ) ;
#1227 = AXIS2_PLACEMENT_3D ( 'NONE', #8, #254, #628 ) ;
#1228 = FACE_OUTER_BOUND ( 'NONE', #381, .T. ) ;
#1229 =( NAMED_UNIT ( * ) SI_UNIT ( $, .STERADIAN. ) SOLID_ANGLE_UNIT ( ) );
#1230 = ADVANCED_FACE ( 'NONE', ( #1546 ), #791, .T. ) ;
#1231 = VECTOR ( 'NONE', #586, 1000.000000000000000 ) ;
#1232 = ORIENTED_EDGE ( 'NONE', *, *, #483, .T. ) ;
#1233 = AXIS2_PLACEMENT_3D ( 'NONE', #298, #1344, #288 ) ;
#1234 = CLOSED_SHELL ( 'NONE', ( #1328, #281, #1289, #744, #1483, #739, #1447, #1633, #1323, #457, #16, #738, #967, #989, #140, #263, #1540, #367, #694, #365 ) ) ;
#1235 = ORIENTED_EDGE ( 'NONE', *, *, #483, .F. ) ;
#1236 = EDGE_CURVE ( 'NONE', #74, #3, #1563, .T. ) ;
#1237 = CARTESIAN_POINT ( 'NONE',  ( -0.2849999999999999756, 0.3300000000000000155, 0.1350000000000000366 ) ) ;
#1238 = ORIENTED_EDGE ( 'NONE', *, *, #561, .F. ) ;
#1239 = ORIENTED_EDGE ( 'NONE', *, *, #1595, .F. ) ;
#1240 = ORIENTED_EDGE ( 'NONE', *, *, #10, .F. ) ;
#1241 = CIRCLE ( 'NONE', #11, 0.005000000000000013115 ) ;
#1242 = CYLINDRICAL_SURFACE ( 'NONE', #827, 0.01499999999999999944 ) ;
#1243 = PLANE ( 'NONE',  #1390 ) ;
#1244 = CARTESIAN_POINT ( 'NONE',  ( -0.2849999999999999756, 0.3150000000000000022, 0.1350000000000000366 ) ) ;
#1245 = EDGE_LOOP ( 'NONE', ( #1257, #330, #375, #499 ) ) ;
#1246 = ORIENTED_EDGE ( 'NONE', *, *, #223, .T. ) ;
#1247 = EDGE_CURVE ( 'NONE', #710, #763, #301, .T. ) ;
#1248 = PLANE ( 'NONE',  #1537 ) ;
#1249 = AXIS2_PLACEMENT_3D ( 'NONE', #228, #969, #1500 ) ;
#1250 = CARTESIAN_POINT ( 'NONE',  ( 0.1499999999999999667, 0.04500000000000001915, -0.1499999999999999944 ) ) ;
#1251 = DIRECTION ( 'NONE',  ( -1.000000000000000000, -2.258754526011467242E-16, 0.000000000000000000 ) ) ;
#1252 = VERTEX_POINT ( 'NONE', #1317 ) ;
#1253 =( GEOMETRIC_REPRESENTATION_CONTEXT ( 3 ) GLOBAL_UNCERTAINTY_ASSIGNED_CONTEXT ( ( #498 ) ) GLOBAL_UNIT_ASSIGNED_CONTEXT ( ( #340, #464, #1229 ) ) REPRESENTATION_CONTEXT ( 'NONE', 'WORKASPACE' ) );
#1254 = PLANE ( 'NONE',  #934 ) ;
#1255 = CARTESIAN_POINT ( 'NONE',  ( -7.002139030635548648E-17, 0.3099999999999999978, -0.1400000000000000133 ) ) ;
#1256 = DIRECTION ( 'NONE',  ( -0.000000000000000000, 0.000000000000000000, -1.000000000000000000 ) ) ;
#1257 = ORIENTED_EDGE ( 'NONE', *, *, #890, .F. ) ;
#1258 = CIRCLE ( 'NONE', #644, 0.005000000000000013115 ) ;
#1259 = AXIS2_PLACEMENT_3D ( 'NONE', #332, #214, #995 ) ;
#1260 = ORIENTED_EDGE ( 'NONE', *, *, #18, .F. ) ;
#1261 = MECHANICAL_DESIGN_GEOMETRIC_PRESENTATION_REPRESENTATION (  '', ( #1539 ), #461 ) ;
#1262 = CARTESIAN_POINT ( 'NONE',  ( 0.2849999999999999201, 0.01499999999999998557, -0.1349999999999999534 ) ) ;
#1263 = DIRECTION ( 'NONE',  ( 0.000000000000000000, -1.000000000000000000, 0.000000000000000000 ) ) ;
#1264 = FACE_OUTER_BOUND ( 'NONE', #1632, .T. ) ;
#1265 = ORIENTED_EDGE ( 'NONE', *, *, #390, .T. ) ;
#1266 = DIRECTION ( 'NONE',  ( 0.000000000000000000, 1.000000000000000000, 0.000000000000000000 ) ) ;
#1267 = EDGE_CURVE ( 'NONE', #87, #763, #1055, .T. ) ;
#1268 = LINE ( 'NONE', #522, #531 ) ;
#1269 = ORIENTED_EDGE ( 'NONE', *, *, #89, .T. ) ;
#1270 = ORIENTED_EDGE ( 'NONE', *, *, #466, .F. ) ;
#1271 = DIRECTION ( 'NONE',  ( 1.000000000000000000, -0.000000000000000000, -0.000000000000000000 ) ) ;
#1272 = CARTESIAN_POINT ( 'NONE',  ( -0.2100000000000000477, 0.3099999999999999423, -0.1399999999999999856 ) ) ;
#1273 = ORIENTED_EDGE ( 'NONE', *, *, #1032, .T. ) ;
#1274 = DIRECTION ( 'NONE',  ( 1.000000000000000000, 2.581433744013105560E-16, 0.000000000000000000 ) ) ;
#1275 = DIRECTION ( 'NONE',  ( 0.000000000000000000, -1.000000000000000000, 0.000000000000000000 ) ) ;
#1276 = DIRECTION ( 'NONE',  ( 0.000000000000000000, 0.000000000000000000, -1.000000000000000000 ) ) ;
#1277 = EDGE_CURVE ( 'NONE', #621, #191, #262, .T. ) ;
#1278 = CARTESIAN_POINT ( 'NONE',  ( -0.2100000000000000200, 0.3150000000000000022, -0.1400000000000000133 ) ) ;
#1279 = EDGE_LOOP ( 'NONE', ( #970, #715, #879 ) ) ;
#1280 = VECTOR ( 'NONE', #293, 1000.000000000000000 ) ;
#1281 = DIRECTION ( 'NONE',  ( 1.000000000000000000, 0.000000000000000000, 0.000000000000000000 ) ) ;
#1282 = VECTOR ( 'NONE', #203, 1000.000000000000000 ) ;
#1283 = CARTESIAN_POINT ( 'NONE',  ( 0.000000000000000000, 0.000000000000000000, 0.000000000000000000 ) ) ;
#1284 = EDGE_CURVE ( 'NONE', #239, #1038, #1445, .T. ) ;
#1285 =( GEOMETRIC_REPRESENTATION_CONTEXT ( 3 ) GLOBAL_UNCERTAINTY_ASSIGNED_CONTEXT ( ( #1396 ) ) GLOBAL_UNIT_ASSIGNED_CONTEXT ( ( #1616, #733, #1463 ) ) REPRESENTATION_CONTEXT ( 'NONE', 'WORKASPACE' ) );
#1286 = CARTESIAN_POINT ( 'NONE',  ( 0.2999999999999999889, 0.01499999999999998557, 0.1350000000000000366 ) ) ;
#1287 =( GEOMETRIC_REPRESENTATION_CONTEXT ( 3 ) GLOBAL_UNCERTAINTY_ASSIGNED_CONTEXT ( ( #1171 ) ) GLOBAL_UNIT_ASSIGNED_CONTEXT ( ( #303, #688, #1613 ) ) REPRESENTATION_CONTEXT ( 'NONE', 'WORKASPACE' ) );
#1288 = CARTESIAN_POINT ( 'NONE',  ( -0.2849999999999999201, 0.3150000000000000022, -0.1349999999999999811 ) ) ;
#1289 = ADVANCED_FACE ( 'NONE', ( #282 ), #818, .F. ) ;
#1290 = VECTOR ( 'NONE', #792, 1000.000000000000000 ) ;
#1291 = VERTEX_POINT ( 'NONE', #936 ) ;
#1292 = CARTESIAN_POINT ( 'NONE',  ( 0.000000000000000000, 0.3099999999999999978, -0.1400000000000000133 ) ) ;
#1293 = DIRECTION ( 'NONE',  ( -1.902109074535972765E-16, -1.000000000000000000, 0.000000000000000000 ) ) ;
#1294 = ORIENTED_EDGE ( 'NONE', *, *, #912, .T. ) ;
#1295 = DIRECTION ( 'NONE',  ( 0.000000000000000000, 0.000000000000000000, 1.000000000000000000 ) ) ;
#1296 = CARTESIAN_POINT ( 'NONE',  ( 0.2100000000000000200, 0.3200000000000000622, 0.1350000000000000366 ) ) ;
#1297 = CARTESIAN_POINT ( 'NONE',  ( -0.2999999999999999889, 0.01499999999999998557, 0.1350000000000000366 ) ) ;
#1298 = DIRECTION ( 'NONE',  ( 1.902109074535972765E-16, -1.000000000000000000, 0.000000000000000000 ) ) ;
#1299 = FACE_OUTER_BOUND ( 'NONE', #1223, .T. ) ;
#1300 = FACE_OUTER_BOUND ( 'NONE', #1116, .T. ) ;
#1301 = CARTESIAN_POINT ( 'NONE',  ( 0.2999999999999999334, 0.01499999999999998557, -0.1349999999999999811 ) ) ;
#1302 = VERTEX_POINT ( 'NONE', #34 ) ;
#1303 = AXIS2_PLACEMENT_3D ( 'NONE', #668, #1178, #41 ) ;
#1304 = EDGE_CURVE ( 'NONE', #622, #109, #545, .T. ) ;
#1305 = CARTESIAN_POINT ( 'NONE',  ( 0.2099999999999999645, 0.04499999999999999833, -0.1499999999999999944 ) ) ;
#1306 = ORIENTED_EDGE ( 'NONE', *, *, #1107, .F. ) ;
#1307 = VECTOR ( 'NONE', #1517, 1000.000000000000000 ) ;
#1308 = EDGE_CURVE ( 'NONE', #1117, #702, #852, .T. ) ;
#1309 = VECTOR ( 'NONE', #1392, 1000.000000000000000 ) ;
#1310 = CARTESIAN_POINT ( 'NONE',  ( -0.4901785145224381024, 0.3099999999999999978, -0.1400000000000000133 ) ) ;
#1311 = CIRCLE ( 'NONE', #1072, 0.01500000000000001159 ) ;
#1312 = DIRECTION ( 'NONE',  ( 0.000000000000000000, 0.000000000000000000, -1.000000000000000000 ) ) ;
#1313 = DIRECTION ( 'NONE',  ( 1.000000000000000000, 0.000000000000000000, 0.000000000000000000 ) ) ;
#1314 = CIRCLE ( 'NONE', #729, 0.005000000000000013115 ) ;
#1315 = CARTESIAN_POINT ( 'NONE',  ( -0.2849999999999999756, 0.3150000000000000022, 0.1500000000000000500 ) ) ;
#1316 = EDGE_CURVE ( 'NONE', #1075, #1252, #1331, .T. ) ;
#1317 = CARTESIAN_POINT ( 'NONE',  ( -0.2849999999999999201, 0.000000000000000000, -0.1349999999999999811 ) ) ;
#1318 = ORIENTED_EDGE ( 'NONE', *, *, #835, .F. ) ;
#1319 = LINE ( 'NONE', #170, #1153 ) ;
#1320 = ORIENTED_EDGE ( 'NONE', *, *, #388, .F. ) ;
#1321 = DIRECTION ( 'NONE',  ( 1.936075308009828431E-16, 0.000000000000000000, 1.000000000000000000 ) ) ;
#1322 = CARTESIAN_POINT ( 'NONE',  ( -0.2099999999999999645, 0.04499999999999999833, 0.1500000000000000500 ) ) ;
#1323 = ADVANCED_FACE ( 'NONE', ( #811 ), #676, .T. ) ;
#1324 = DIRECTION ( 'NONE',  ( -0.000000000000000000, 1.000000000000000000, -0.000000000000000000 ) ) ;
#1325 = ORIENTED_EDGE ( 'NONE', *, *, #166, .T. ) ;
#1326 = VERTEX_POINT ( 'NONE', #1186 ) ;
#1327 = FACE_OUTER_BOUND ( 'NONE', #602, .T. ) ;
#1328 = ADVANCED_FACE ( 'NONE', ( #1564 ), #177, .F. ) ;
#1329 = DIRECTION ( 'NONE',  ( -1.902109074535972765E-16, 1.000000000000000000, 0.000000000000000000 ) ) ;
#1330 = CARTESIAN_POINT ( 'NONE',  ( 0.2849999999999999201, 0.3300000000000000155, -0.1349999999999999811 ) ) ;
#1331 = LINE ( 'NONE', #1581, #1119 ) ;
#1332 = EDGE_LOOP ( 'NONE', ( #459, #467, #472, #1232 ) ) ;
#1333 = ORIENTED_EDGE ( 'NONE', *, *, #1441, .T. ) ;
#1334 = EDGE_CURVE ( 'NONE', #476, #1117, #721, .T. ) ;
#1335 = SURFACE_STYLE_FILL_AREA ( #55 ) ;
#1336 = VECTOR ( 'NONE', #48, 1000.000000000000000 ) ;
#1337 = DIRECTION ( 'NONE',  ( 1.902109074535972765E-16, -1.000000000000000000, 0.000000000000000000 ) ) ;
#1338 = VECTOR ( 'NONE', #96, 1000.000000000000000 ) ;
#1339 = DIRECTION ( 'NONE',  ( -1.000000000000000000, 0.000000000000000000, 0.000000000000000000 ) ) ;
#1340 = DIRECTION ( 'NONE',  ( 0.000000000000000000, 0.000000000000000000, -1.000000000000000000 ) ) ;
#1341 = CIRCLE ( 'NONE', #617, 0.01499999999999998557 ) ;
#1342 = ORIENTED_EDGE ( 'NONE', *, *, #767, .T. ) ;
#1343 = VERTEX_POINT ( 'NONE', #1124 ) ;
#1344 = DIRECTION ( 'NONE',  ( 1.807003620809173892E-16, 0.000000000000000000, 1.000000000000000000 ) ) ;
#1345 = LINE ( 'NONE', #208, #780 ) ;
#1346 = FILL_AREA_STYLE ('',( #960 ) ) ;
#1347 = EDGE_CURVE ( 'NONE', #1075, #221, #823, .T. ) ;
#1348 = LINE ( 'NONE', #335, #1282 ) ;
#1349 = VERTEX_POINT ( 'NONE', #589 ) ;
#1350 = ORIENTED_EDGE ( 'NONE', *, *, #1060, .F. ) ;
#1351 = SURFACE_STYLE_USAGE ( .BOTH. , #1218 ) ;
#1352 = EDGE_CURVE ( 'NONE', #1195, #87, #455, .T. ) ;
#1353 = PRESENTATION_STYLE_ASSIGNMENT (( #951 ) ) ;
#1354 = DIRECTION ( 'NONE',  ( 0.000000000000000000, 0.000000000000000000, 1.000000000000000000 ) ) ;
#1355 = PLANE ( 'NONE',  #983 ) ;
#1356 = ORIENTED_EDGE ( 'NONE', *, *, #804, .F. ) ;
#1357 = ORIENTED_EDGE ( 'NONE', *, *, #1596, .F. ) ;
#1358 = DIRECTION ( 'NONE',  ( -0.000000000000000000, 1.807003620809175766E-15, 1.000000000000000000 ) ) ;
#1359 = VECTOR ( 'NONE', #1063, 1000.000000000000000 ) ;
#1360 = VECTOR ( 'NONE', #1544, 1000.000000000000000 ) ;
#1361 = CARTESIAN_POINT ( 'NONE',  ( -7.167512129861387768E-17, 0.3200000000000000067, -0.1350000000000000089 ) ) ;
#1362 = FACE_OUTER_BOUND ( 'NONE', #61, .T. ) ;
#1363 = AXIS2_PLACEMENT_3D ( 'NONE', #284, #1440, #658 ) ;
#1364 = ORIENTED_EDGE ( 'NONE', *, *, #1620, .F. ) ;
#1365 = AXIS2_PLACEMENT_3D ( 'NONE', #1618, #485, #999 ) ;
#1366 = ORIENTED_EDGE ( 'NONE', *, *, #10, .T. ) ;
#1367 = FACE_OUTER_BOUND ( 'NONE', #966, .T. ) ;
#1368 = PLANE ( 'NONE',  #1412 ) ;
#1369 = DIRECTION ( 'NONE',  ( 0.000000000000000000, 0.000000000000000000, 1.000000000000000000 ) ) ;
#1370 = ORIENTED_EDGE ( 'NONE', *, *, #690, .T. ) ;
#1371 = ORIENTED_EDGE ( 'NONE', *, *, #1588, .T. ) ;
#1372 = AXIS2_PLACEMENT_3D ( 'NONE', #757, #1105, #862 ) ;
#1373 = LINE ( 'NONE', #1250, #66 ) ;
#1374 = CARTESIAN_POINT ( 'NONE',  ( -3.900385047594801274E-17, 0.3200000000000000067, 0.1350000000000000644 ) ) ;
#1375 = EDGE_CURVE ( 'NONE', #1302, #1631, #1612, .T. ) ;
#1376 = ORIENTED_EDGE ( 'NONE', *, *, #1284, .F. ) ;
#1377 = EDGE_CURVE ( 'NONE', #178, #839, #1016, .T. ) ;
#1378 = FACE_OUTER_BOUND ( 'NONE', #679, .T. ) ;
#1379 = EDGE_LOOP ( 'NONE', ( #1605, #43, #1023, #167 ) ) ;
#1380 = EDGE_LOOP ( 'NONE', ( #759, #1273, #1187, #1260 ) ) ;
#1381 = CARTESIAN_POINT ( 'NONE',  ( -0.2100000000000000200, 0.3150000000000000577, 0.1400000000000000133 ) ) ;
#1382 = PRESENTATION_LAYER_ASSIGNMENT (  '', '', ( #1479 ) ) ;
#1383 = CARTESIAN_POINT ( 'NONE',  ( 0.2849999999999999201, 0.01499999999999999944, -0.1349999999999999811 ) ) ;
#1384 = ORIENTED_EDGE ( 'NONE', *, *, #1316, .F. ) ;
#1385 = DIRECTION ( 'NONE',  ( -1.807003620809173892E-16, 0.000000000000000000, 1.000000000000000000 ) ) ;
#1386 = ORIENTED_EDGE ( 'NONE', *, *, #627, .T. ) ;
#1387 = VECTOR ( 'NONE', #605, 1000.000000000000000 ) ;
#1388 = AXIS2_PLACEMENT_3D ( 'NONE', #941, #173, #684 ) ;
#1389 = EDGE_LOOP ( 'NONE', ( #1520, #1342, #86, #554 ) ) ;
#1390 = AXIS2_PLACEMENT_3D ( 'NONE', #1255, #769, #227 ) ;
#1391 = DIRECTION ( 'NONE',  ( 0.000000000000000000, -1.000000000000000000, 0.000000000000000000 ) ) ;
#1392 = DIRECTION ( 'NONE',  ( 1.000000000000000000, 3.388131789017201356E-16, -0.000000000000000000 ) ) ;
#1393 = ORIENTED_EDGE ( 'NONE', *, *, #542, .F. ) ;
#1394 = LINE ( 'NONE', #900, #1619 ) ;
#1395 = PLANE ( 'NONE',  #1457 ) ;
#1396 = UNCERTAINTY_MEASURE_WITH_UNIT (LENGTH_MEASURE( 1.000000000000000082E-05 ), #1616, 'distance_accuracy_value', 'NONE');
#1397 = EDGE_CURVE ( 'NONE', #1252, #337, #1591, .T. ) ;
#1398 = ORIENTED_EDGE ( 'NONE', *, *, #1060, .T. ) ;
#1399 = FACE_OUTER_BOUND ( 'NONE', #69, .T. ) ;
#1400 = EDGE_CURVE ( 'NONE', #1642, #337, #104, .T. ) ;
#1401 = EDGE_LOOP ( 'NONE', ( #117, #1179, #610, #708, #1294, #732 ) ) ;
#1402 = CARTESIAN_POINT ( 'NONE',  ( -0.1499999999999999944, 0.01499999999999998557, 0.1350000000000000366 ) ) ;
#1403 = LINE ( 'NONE', #1552, #347 ) ;
#1404 = DIRECTION ( 'NONE',  ( -1.000000000000000000, -2.258754526011467242E-16, -0.000000000000000000 ) ) ;
#1405 = DIRECTION ( 'NONE',  ( 2.258754526011467242E-16, -1.000000000000000000, 0.000000000000000000 ) ) ;
#1406 = ORIENTED_EDGE ( 'NONE', *, *, #1493, .T. ) ;
#1407 = AXIS2_PLACEMENT_3D ( 'NONE', #924, #1324, #1081 ) ;
#1408 = DIRECTION ( 'NONE',  ( 0.000000000000000000, 1.000000000000000000, -2.007781800899082157E-16 ) ) ;
#1409 = DIRECTION ( 'NONE',  ( 0.000000000000000000, -0.000000000000000000, -1.000000000000000000 ) ) ;
#1410 = LINE ( 'NONE', #1165, #516 ) ;
#1411 = AXIS2_PLACEMENT_3D ( 'NONE', #1482, #217, #1512 ) ;
#1412 = AXIS2_PLACEMENT_3D ( 'NONE', #1122, #84, #853 ) ;
#1413 = VECTOR ( 'NONE', #1516, 1000.000000000000000 ) ;
#1414 = CARTESIAN_POINT ( 'NONE',  ( 0.2100000000000000200, 0.3150000000000000577, -0.1399999999999999856 ) ) ;
#1415 = LINE ( 'NONE', #656, #323 ) ;
#1416 = EDGE_CURVE ( 'NONE', #727, #1473, #133, .T. ) ;
#1417 = DIRECTION ( 'NONE',  ( 0.000000000000000000, 0.000000000000000000, 1.000000000000000000 ) ) ;
#1418 = VECTOR ( 'NONE', #382, 1000.000000000000000 ) ;
#1419 = DIRECTION ( 'NONE',  ( 0.000000000000000000, 0.000000000000000000, 1.000000000000000000 ) ) ;
#1420 = DIRECTION ( 'NONE',  ( 0.000000000000000000, -1.000000000000000000, 0.000000000000000000 ) ) ;
#1421 = DIRECTION ( 'NONE',  ( 1.000000000000000000, -1.902109074535972765E-16, -0.000000000000000000 ) ) ;
#1422 = PLANE ( 'NONE',  #1617 ) ;
#1423 = FACE_OUTER_BOUND ( 'NONE', #487, .T. ) ;
#1424 = DIRECTION ( 'NONE',  ( 4.535086230024256300E-32, -2.007781800899082157E-16, -1.000000000000000000 ) ) ;
#1425 = DIRECTION ( 'NONE',  ( 0.000000000000000000, 0.000000000000000000, 1.000000000000000000 ) ) ;
#1426 = VERTEX_POINT ( 'NONE', #837 ) ;
#1427 = AXIS2_PLACEMENT_3D ( 'NONE', #962, #354, #1369 ) ;
#1428 = CARTESIAN_POINT ( 'NONE',  ( 0.000000000000000000, 0.3150000000000000022, 0.1350000000000000366 ) ) ;
#1429 = ORIENTED_EDGE ( 'NONE', *, *, #321, .F. ) ;
#1430 = ORIENTED_EDGE ( 'NONE', *, *, #653, .F. ) ;
#1431 = VECTOR ( 'NONE', #374, 1000.000000000000000 ) ;
#1432 = LINE ( 'NONE', #46, #1094 ) ;
#1433 = CIRCLE ( 'NONE', #141, 0.01499999999999998557 ) ;
#1434 = DIRECTION ( 'NONE',  ( 0.000000000000000000, 0.000000000000000000, -1.000000000000000000 ) ) ;
#1435 = LINE ( 'NONE', #808, #961 ) ;
#1436 = CIRCLE ( 'NONE', #143, 0.01499999999999998557 ) ;
#1437 = CARTESIAN_POINT ( 'NONE',  ( -2.439454888092386825E-17, 0.3300000000000000155, -0.1350000000000000366 ) ) ;
#1438 = DIRECTION ( 'NONE',  ( 0.000000000000000000, -1.000000000000000000, 0.000000000000000000 ) ) ;
#1439 = EDGE_LOOP ( 'NONE', ( #1091, #437, #616, #219 ) ) ;
#1440 = DIRECTION ( 'NONE',  ( -1.000000000000000000, 0.000000000000000000, 0.000000000000000000 ) ) ;
#1441 = EDGE_CURVE ( 'NONE', #337, #221, #1348, .T. ) ;
#1442 = ORIENTED_EDGE ( 'NONE', *, *, #1416, .T. ) ;
#1443 = LINE ( 'NONE', #671, #1519 ) ;
#1444 = FACE_OUTER_BOUND ( 'NONE', #525, .T. ) ;
#1445 = LINE ( 'NONE', #916, #1533 ) ;
#1446 = ORIENTED_EDGE ( 'NONE', *, *, #703, .T. ) ;
#1447 = ADVANCED_FACE ( 'NONE', ( #714 ), #1355, .F. ) ;
#1448 = CARTESIAN_POINT ( 'NONE',  ( 0.2849999999999999201, 0.000000000000000000, -0.1349999999999999811 ) ) ;
#1449 = ORIENTED_EDGE ( 'NONE', *, *, #1277, .T. ) ;
#1450 = DIRECTION ( 'NONE',  ( -1.807003620809173892E-16, 0.000000000000000000, 1.000000000000000000 ) ) ;
#1451 = FACE_OUTER_BOUND ( 'NONE', #768, .T. ) ;
#1452 = DIRECTION ( 'NONE',  ( -1.000000000000000000, -2.258754526011467242E-16, -0.000000000000000000 ) ) ;
#1453 = SURFACE_SIDE_STYLE ('',( #976 ) ) ;
#1454 = DIRECTION ( 'NONE',  ( 0.000000000000000000, 0.000000000000000000, 1.000000000000000000 ) ) ;
#1455 = VERTEX_POINT ( 'NONE', #245 ) ;
#1456 = CIRCLE ( 'NONE', #750, 0.01499999999999998557 ) ;
#1457 = AXIS2_PLACEMENT_3D ( 'NONE', #1026, #1, #515 ) ;
#1458 = ORIENTED_EDGE ( 'NONE', *, *, #1588, .F. ) ;
#1459 = DIRECTION ( 'NONE',  ( -1.807003620809173892E-16, 0.000000000000000000, -1.000000000000000000 ) ) ;
#1460 = VECTOR ( 'NONE', #1313, 1000.000000000000000 ) ;
#1461 = CARTESIAN_POINT ( 'NONE',  ( -0.2849999999999999756, 0.3300000000000000155, 0.1350000000000000366 ) ) ;
#1462 = CARTESIAN_POINT ( 'NONE',  ( 0.6024601890638080492, 0.3150000000000001688, 0.1350000000000000366 ) ) ;
#1463 =( NAMED_UNIT ( * ) SI_UNIT ( $, .STERADIAN. ) SOLID_ANGLE_UNIT ( ) );
#1464 = CIRCLE ( 'NONE', #568, 0.01499999999999999944 ) ;
#1465 = CARTESIAN_POINT ( 'NONE',  ( -0.2849999999999999201, 0.01499999999999998557, -0.1349999999999999534 ) ) ;
#1466 = VERTEX_POINT ( 'NONE', #1164 ) ;
#1467 = ADVANCED_FACE ( 'NONE', ( #369 ), #775, .T. ) ;
#1468 = VERTEX_POINT ( 'NONE', #1134 ) ;
#1469 = CYLINDRICAL_SURFACE ( 'NONE', #295, 0.01500000000000001159 ) ;
#1470 = ORIENTED_EDGE ( 'NONE', *, *, #18, .T. ) ;
#1471 = EDGE_CURVE ( 'NONE', #94, #420, #395, .T. ) ;
#1472 = CARTESIAN_POINT ( 'NONE',  ( 0.2849999999999999756, 0.3150000000000000022, 0.1350000000000000366 ) ) ;
#1473 = VERTEX_POINT ( 'NONE', #379 ) ;
#1474 = ORIENTED_EDGE ( 'NONE', *, *, #1247, .F. ) ;
#1475 = LINE ( 'NONE', #339, #856 ) ;
#1476 = CARTESIAN_POINT ( 'NONE',  ( -0.2849999999999999756, 0.3150000000000000022, 0.1350000000000000366 ) ) ;
#1477 = EDGE_LOOP ( 'NONE', ( #1510, #418, #249, #311 ) ) ;
#1478 = EDGE_LOOP ( 'NONE', ( #1306, #1001, #356, #952, #252, #1018 ) ) ;
#1479 = STYLED_ITEM ( 'NONE', ( #919 ), #1200 ) ;
#1480 = CARTESIAN_POINT ( 'NONE',  ( -0.2849999999999999201, 0.3150000000000000022, -0.1499999999999999667 ) ) ;
#1481 = AXIS2_PLACEMENT_3D ( 'NONE', #277, #1419, #300 ) ;
#1482 = CARTESIAN_POINT ( 'NONE',  ( -0.2849999999999999201, 0.01499999999999998557, -0.1349999999999999811 ) ) ;
#1483 = ADVANCED_FACE ( 'NONE', ( #1142 ), #902, .F. ) ;
#1484 = DIRECTION ( 'NONE',  ( 0.000000000000000000, 0.000000000000000000, 1.000000000000000000 ) ) ;
#1485 =( LENGTH_UNIT ( ) NAMED_UNIT ( * ) SI_UNIT ( .MILLI., .METRE. ) );
#1486 = STYLED_ITEM ( 'NONE', ( #1548 ), #659 ) ;
#1487 = DIRECTION ( 'NONE',  ( 1.000000000000000000, 0.000000000000000000, 0.000000000000000000 ) ) ;
#1488 = VERTEX_POINT ( 'NONE', #15 ) ;
#1489 = MECHANICAL_DESIGN_GEOMETRIC_PRESENTATION_REPRESENTATION (  '', ( #1020 ), #82 ) ;
#1490 = ORIENTED_EDGE ( 'NONE', *, *, #530, .T. ) ;
#1491 = EDGE_CURVE ( 'NONE', #1601, #1593, #1268, .T. ) ;
#1492 = SPHERICAL_SURFACE ( 'NONE', #271, 0.01499999999999999944 ) ;
#1493 = EDGE_CURVE ( 'NONE', #1343, #1502, #1456, .T. ) ;
#1494 = FACE_OUTER_BOUND ( 'NONE', #422, .T. ) ;
#1495 = CARTESIAN_POINT ( 'NONE',  ( -0.1499999999999999944, 0.000000000000000000, 0.1350000000000000366 ) ) ;
#1496 = ORIENTED_EDGE ( 'NONE', *, *, #33, .F. ) ;
#1497 = APPLICATION_PROTOCOL_DEFINITION ( 'draft international standard', 'automotive_design', 1998, #1054 ) ;
#1498 = CARTESIAN_POINT ( 'NONE',  ( 0.1499999999999999667, 0.04500000000000001915, 0.1500000000000000500 ) ) ;
#1499 = DIRECTION ( 'NONE',  ( 0.000000000000000000, 0.000000000000000000, 1.000000000000000000 ) ) ;
#1500 = DIRECTION ( 'NONE',  ( -1.000000000000000000, 0.000000000000000000, 1.807003620809175766E-15 ) ) ;
#1501 = ORIENTED_EDGE ( 'NONE', *, *, #957, .F. ) ;
#1502 = VERTEX_POINT ( 'NONE', #646 ) ;
#1503 = CARTESIAN_POINT ( 'NONE',  ( -0.1499999999999999944, 0.01499999999999998557, -0.1350000000000000089 ) ) ;
#1504 = EDGE_CURVE ( 'NONE', #621, #1224, #528, .T. ) ;
#1505 = CARTESIAN_POINT ( 'NONE',  ( -0.2100000000000000200, 0.3200000000000000067, -0.1350000000000000644 ) ) ;
#1506 = EDGE_LOOP ( 'NONE', ( #1074, #1458, #868, #102 ) ) ;
#1507 = DIRECTION ( 'NONE',  ( 0.000000000000000000, -1.000000000000000000, -0.000000000000000000 ) ) ;
#1508 = DIRECTION ( 'NONE',  ( -0.000000000000000000, -0.000000000000000000, 1.000000000000000000 ) ) ;
#1509 = ORIENTED_EDGE ( 'NONE', *, *, #247, .T. ) ;
#1510 = ORIENTED_EDGE ( 'NONE', *, *, #223, .F. ) ;
#1511 = VECTOR ( 'NONE', #36, 1000.000000000000000 ) ;
#1512 = DIRECTION ( 'NONE',  ( 0.000000000000000000, 0.000000000000000000, 1.000000000000000000 ) ) ;
#1513 = EDGE_LOOP ( 'NONE', ( #1449, #440, #813, #1156 ) ) ;
#1514 = ADVANCED_FACE ( 'NONE', ( #1535 ), #113, .T. ) ;
#1515 = FACE_OUTER_BOUND ( 'NONE', #1389, .T. ) ;
#1516 = DIRECTION ( 'NONE',  ( 1.000000000000000000, -0.000000000000000000, -1.807003620809175125E-16 ) ) ;
#1517 = DIRECTION ( 'NONE',  ( -2.258754526011467735E-16, 1.000000000000000000, -0.000000000000000000 ) ) ;
#1518 = CIRCLE ( 'NONE', #1019, 0.01499999999999998557 ) ;
#1519 = VECTOR ( 'NONE', #306, 1000.000000000000000 ) ;
#1520 = ORIENTED_EDGE ( 'NONE', *, *, #1316, .T. ) ;
#1521 = CARTESIAN_POINT ( 'NONE',  ( 0.1499999999999999944, 0.3300000000000000155, 0.1500000000000000500 ) ) ;
#1522 = VERTEX_POINT ( 'NONE', #751 ) ;
#1523 = CARTESIAN_POINT ( 'NONE',  ( 0.2100000000000000200, 0.3150000000000000022, 0.1500000000000000500 ) ) ;
#1524 = DIRECTION ( 'NONE',  ( -0.000000000000000000, 0.000000000000000000, -1.000000000000000000 ) ) ;
#1525 = CARTESIAN_POINT ( 'NONE',  ( -0.2999999999999999334, 0.01499999999999998557, -0.1349999999999999811 ) ) ;
#1526 = ADVANCED_FACE ( 'NONE', ( #1007 ), #1159, .T. ) ;
#1527 = CARTESIAN_POINT ( 'NONE',  ( -0.4901785145224381024, 0.3200000000000000067, -0.1350000000000000089 ) ) ;
#1528 = CARTESIAN_POINT ( 'NONE',  ( -0.2849999999999999756, 0.000000000000000000, 0.1350000000000000366 ) ) ;
#1529 = ORIENTED_EDGE ( 'NONE', *, *, #1032, .F. ) ;
#1530 = DIRECTION ( 'NONE',  ( -1.000000000000000000, 0.000000000000000000, 0.000000000000000000 ) ) ;
#1531 = CARTESIAN_POINT ( 'NONE',  ( 0.6024601890638081603, 0.04500000000000017875, -0.1400000000000000133 ) ) ;
#1532 = VERTEX_POINT ( 'NONE', #123 ) ;
#1533 = VECTOR ( 'NONE', #316, 1000.000000000000000 ) ;
#1534 = CARTESIAN_POINT ( 'NONE',  ( 0.6024601890638081603, 0.04500000000000017875, 0.1400000000000000688 ) ) ;
#1535 = FACE_OUTER_BOUND ( 'NONE', #1513, .T. ) ;
#1536 = EDGE_LOOP ( 'NONE', ( #855, #1470, #830, #1638 ) ) ;
#1537 = AXIS2_PLACEMENT_3D ( 'NONE', #840, #1607, #79 ) ;
#1538 = ADVANCED_FACE ( 'NONE', ( #1150 ), #238, .T. ) ;
#1539 = STYLED_ITEM ( 'NONE', ( #199 ), #106 ) ;
#1540 = ADVANCED_FACE ( 'NONE', ( #1637 ), #148, .T. ) ;
#1541 = CIRCLE ( 'NONE', #404, 0.01499999999999998557 ) ;
#1542 = DIRECTION ( 'NONE',  ( 0.000000000000000000, 0.000000000000000000, -1.000000000000000000 ) ) ;
#1543 = CARTESIAN_POINT ( 'NONE',  ( -0.1499999999999999667, 0.04500000000000001915, 0.1500000000000000500 ) ) ;
#1544 = DIRECTION ( 'NONE',  ( 1.000000000000000000, 0.000000000000000000, 0.000000000000000000 ) ) ;
#1545 = ORIENTED_EDGE ( 'NONE', *, *, #444, .F. ) ;
#1546 = FACE_OUTER_BOUND ( 'NONE', #1379, .T. ) ;
#1547 = CARTESIAN_POINT ( 'NONE',  ( 2.439454888092386825E-17, 0.3300000000000000155, -0.1350000000000000366 ) ) ;
#1548 = PRESENTATION_STYLE_ASSIGNMENT (( #44 ) ) ;
#1549 = EDGE_CURVE ( 'NONE', #1082, #1488, #505, .T. ) ;
#1550 = CARTESIAN_POINT ( 'NONE',  ( 0.2999999999999999334, 0.3300000000000000155, -0.1349999999999999534 ) ) ;
#1551 = CARTESIAN_POINT ( 'NONE',  ( 0.2099999999999999645, 0.04500000000000025507, 0.1400000000000000688 ) ) ;
#1552 = CARTESIAN_POINT ( 'NONE',  ( 0.1499999999999999944, 0.000000000000000000, -0.1350000000000000089 ) ) ;
#1553 = CARTESIAN_POINT ( 'NONE',  ( -3.726944967918922724E-17, 0.3150000000000000577, 0.1400000000000000133 ) ) ;
#1554 = DIRECTION ( 'NONE',  ( 0.000000000000000000, 0.000000000000000000, 1.000000000000000000 ) ) ;
#1555 = ORIENTED_EDGE ( 'NONE', *, *, #500, .T. ) ;
#1556 = DIRECTION ( 'NONE',  ( -1.000000000000000000, -0.000000000000000000, -0.000000000000000000 ) ) ;
#1557 = ADVANCED_FACE ( 'NONE', ( #889 ), #1395, .F. ) ;
#1558 = ORIENTED_EDGE ( 'NONE', *, *, #42, .T. ) ;
#1559 = DIRECTION ( 'NONE',  ( -1.902109074535972765E-16, -1.000000000000000000, 0.000000000000000000 ) ) ;
#1560 = LINE ( 'NONE', #1579, #1569 ) ;
#1561 = CARTESIAN_POINT ( 'NONE',  ( 0.2100000000000000200, 0.3200000000000000622, -0.1350000000000000089 ) ) ;
#1562 = VERTEX_POINT ( 'NONE', #1553 ) ;
#1563 = CIRCLE ( 'NONE', #1407, 0.01499999999999999944 ) ;
#1564 = FACE_OUTER_BOUND ( 'NONE', #393, .T. ) ;
#1565 = ORIENTED_EDGE ( 'NONE', *, *, #392, .T. ) ;
#1566 = LINE ( 'NONE', #412, #376 ) ;
#1567 = ORIENTED_EDGE ( 'NONE', *, *, #716, .F. ) ;
#1568 = EDGE_CURVE ( 'NONE', #359, #1117, #933, .T. ) ;
#1569 = VECTOR ( 'NONE', #1452, 1000.000000000000000 ) ;
#1570 = CARTESIAN_POINT ( 'NONE',  ( -3.614007241618347908E-17, 0.3099999999999999978, 0.1400000000000000133 ) ) ;
#1571 = CYLINDRICAL_SURFACE ( 'NONE', #1233, 0.01499999999999998557 ) ;
#1572 = DIRECTION ( 'NONE',  ( -1.000000000000000000, 3.388131789017201356E-16, 0.000000000000000000 ) ) ;
#1573 = ADVANCED_FACE ( 'NONE', ( #1177 ), #922, .T. ) ;
#1574 = CARTESIAN_POINT ( 'NONE',  ( -0.2849999999999999201, 0.3150000000000000022, -0.1349999999999999534 ) ) ;
#1575 = ORIENTED_EDGE ( 'NONE', *, *, #1441, .F. ) ;
#1576 = ORIENTED_EDGE ( 'NONE', *, *, #1013, .T. ) ;
#1577 = CARTESIAN_POINT ( 'NONE',  ( 0.2999999999999999889, 0.3300000000000000155, 0.1500000000000000500 ) ) ;
#1578 = FACE_OUTER_BOUND ( 'NONE', #583, .T. ) ;
#1579 = CARTESIAN_POINT ( 'NONE',  ( 0.6024601890638081603, 0.04500000000000017875, 0.1400000000000000688 ) ) ;
#1580 = ORIENTED_EDGE ( 'NONE', *, *, #278, .T. ) ;
#1581 = CARTESIAN_POINT ( 'NONE',  ( -0.2849999999999999201, 0.000000000000000000, -0.1499999999999999944 ) ) ;
#1582 = VERTEX_POINT ( 'NONE', #673 ) ;
#1583 = ORIENTED_EDGE ( 'NONE', *, *, #1491, .F. ) ;
#1584 = LINE ( 'NONE', #680, #211 ) ;
#1585 = AXIS2_PLACEMENT_3D ( 'NONE', #12, #1405, #256 ) ;
#1586 = CARTESIAN_POINT ( 'NONE',  ( -0.2100000000000000200, 0.3099999999999999978, -0.1400000000000000133 ) ) ;
#1587 = CARTESIAN_POINT ( 'NONE',  ( 0.2849999999999999201, 0.3300000000000000155, -0.1499999999999999667 ) ) ;
#1588 = EDGE_CURVE ( 'NONE', #456, #95, #1071, .T. ) ;
#1589 = DIRECTION ( 'NONE',  ( -0.000000000000000000, -1.807003620809175766E-15, -1.000000000000000000 ) ) ;
#1590 = ORIENTED_EDGE ( 'NONE', *, *, #331, .F. ) ;
#1591 = CIRCLE ( 'NONE', #1249, 0.01499999999999998557 ) ;
#1592 = AXIS2_PLACEMENT_3D ( 'NONE', #762, #637, #402 ) ;
#1593 = VERTEX_POINT ( 'NONE', #1296 ) ;
#1594 = FILL_AREA_STYLE ('',( #611 ) ) ;
#1595 = EDGE_CURVE ( 'NONE', #1080, #3, #880, .T. ) ;
#1596 = EDGE_CURVE ( 'NONE', #882, #590, #175, .T. ) ;
#1597 = VECTOR ( 'NONE', #1572, 1000.000000000000000 ) ;
#1598 = PLANE ( 'NONE',  #591 ) ;
#1599 = AXIS2_PLACEMENT_3D ( 'NONE', #71, #705, #1559 ) ;
#1600 = ORIENTED_EDGE ( 'NONE', *, *, #957, .T. ) ;
#1601 = VERTEX_POINT ( 'NONE', #1561 ) ;
#1602 = CARTESIAN_POINT ( 'NONE',  ( 0.2849999999999999756, 0.3150000000000000022, 0.1350000000000000366 ) ) ;
#1603 = DIRECTION ( 'NONE',  ( 1.000000000000000000, 0.000000000000000000, 1.807003620809175766E-15 ) ) ;
#1604 = EDGE_LOOP ( 'NONE', ( #597, #1046, #124, #1555 ) ) ;
#1605 = ORIENTED_EDGE ( 'NONE', *, *, #1606, .F. ) ;
#1606 = EDGE_CURVE ( 'NONE', #928, #1532, #50, .T. ) ;
#1607 = DIRECTION ( 'NONE',  ( 0.000000000000000000, -1.000000000000000000, -0.000000000000000000 ) ) ;
#1608 = DIRECTION ( 'NONE',  ( 0.000000000000000000, 0.000000000000000000, -1.000000000000000000 ) ) ;
#1609 = LINE ( 'NONE', #1115, #1413 ) ;
#1610 = ORIENTED_EDGE ( 'NONE', *, *, #912, .F. ) ;
#1611 = VERTEX_POINT ( 'NONE', #697 ) ;
#1612 = CIRCLE ( 'NONE', #1639, 0.01499999999999998557 ) ;
#1613 =( NAMED_UNIT ( * ) SI_UNIT ( $, .STERADIAN. ) SOLID_ANGLE_UNIT ( ) );
#1614 = PRODUCT_DEFINITION_FORMATION_WITH_SPECIFIED_SOURCE ( 'ANY', '', #491, .NOT_KNOWN. ) ;
#1615 = DIRECTION ( 'NONE',  ( -1.000000000000000000, 0.000000000000000000, 0.000000000000000000 ) ) ;
#1616 =( LENGTH_UNIT ( ) NAMED_UNIT ( * ) SI_UNIT ( .MILLI., .METRE. ) );
#1617 = AXIS2_PLACEMENT_3D ( 'NONE', #161, #188, #1298 ) ;
#1618 = CARTESIAN_POINT ( 'NONE',  ( -1.084202172485504434E-16, 0.3150000000000000022, -0.1350000000000000089 ) ) ;
#1619 = VECTOR ( 'NONE', #1024, 1000.000000000000000 ) ;
#1620 = EDGE_CURVE ( 'NONE', #279, #779, #693, .T. ) ;
#1621 = DIRECTION ( 'NONE',  ( 0.000000000000000000, 0.000000000000000000, 1.000000000000000000 ) ) ;
#1622 = ORIENTED_EDGE ( 'NONE', *, *, #1205, .F. ) ;
#1623 = CIRCLE ( 'NONE', #1365, 0.005000000000000013115 ) ;
#1624 = CIRCLE ( 'NONE', #910, 0.01499999999999999944 ) ;
#1625 = EDGE_LOOP ( 'NONE', ( #362, #700, #63, #40 ) ) ;
#1626 = DIRECTION ( 'NONE',  ( 1.000000000000000000, 0.000000000000000000, 0.000000000000000000 ) ) ;
#1627 = CYLINDRICAL_SURFACE ( 'NONE', #634, 0.01499999999999999944 ) ;
#1628 = LINE ( 'NONE', #998, #932 ) ;
#1629 = ORIENTED_EDGE ( 'NONE', *, *, #59, .T. ) ;
#1630 = CARTESIAN_POINT ( 'NONE',  ( -0.2099999999999999645, 0.04499999999999999833, -0.1499999999999999944 ) ) ;
#1631 = VERTEX_POINT ( 'NONE', #1315 ) ;
#1632 = EDGE_LOOP ( 'NONE', ( #1239, #1136, #753, #954 ) ) ;
#1633 = ADVANCED_FACE ( 'NONE', ( #1185 ), #550, .F. ) ;
#1634 = CYLINDRICAL_SURFACE ( 'NONE', #664, 0.01499999999999998557 ) ;
#1635 = EDGE_LOOP ( 'NONE', ( #1033, #1246, #735, #1406, #355, #372 ) ) ;
#1636 = DIRECTION ( 'NONE',  ( 1.000000000000000000, 0.000000000000000000, 0.000000000000000000 ) ) ;
#1637 = FACE_OUTER_BOUND ( 'NONE', #157, .T. ) ;
#1638 = ORIENTED_EDGE ( 'NONE', *, *, #1352, .F. ) ;
#1639 = AXIS2_PLACEMENT_3D ( 'NONE', #1244, #844, #1621 ) ;
#1640 = CARTESIAN_POINT ( 'NONE',  ( 0.000000000000000000, 0.3099999999999999978, -0.1400000000000000133 ) ) ;
#1641 = EDGE_CURVE ( 'NONE', #727, #351, #135, .T. ) ;
#1642 = VERTEX_POINT ( 'NONE', #1213 ) ;
#1643 = PLANE ( 'NONE',  #726 ) ;
ENDSEC;
END-ISO-10303-21;
