ISO-10303-21;
HEADER;
FILE_DESCRIPTION (( 'STEP AP214' ),
    '1' );
FILE_NAME ('S118025T-12.000-R.SLDPRT.STEP',
    '2025-01-18T19:16:53',
    ( '' ),
    ( '' ),
    'SwSTEP 2.0',
    'SolidWorks 2021',
    '' );
FILE_SCHEMA (( 'AUTOMOTIVE_DESIGN' ));
ENDSEC;

DATA;
#1 = AXIS2_PLACEMENT_3D ( 'NONE', #4051, #3351, #3005 ) ;
#2 = DIRECTION ( 'NONE',  ( -0.000000000000000000, 1.000000000000000000, 0.000000000000000000 ) ) ;
#3 = ORIENTED_EDGE ( 'NONE', *, *, #3077, .T. ) ;
#4 = CARTESIAN_POINT ( 'NONE',  ( 0.1499999999999999944, 0.000000000000000000, 0.7400000000000001021 ) ) ;
#5 = CYLINDRICAL_SURFACE ( 'NONE', #2416, 0.02999999999999997113 ) ;
#6 = VERTEX_POINT ( 'NONE', #2555 ) ;
#7 = ORIENTED_EDGE ( 'NONE', *, *, #1278, .T. ) ;
#8 = DIRECTION ( 'NONE',  ( 1.000000000000000000, -0.000000000000000000, -1.869314090492249305E-16 ) ) ;
#9 =( NAMED_UNIT ( * ) SI_UNIT ( $, .STERADIAN. ) SOLID_ANGLE_UNIT ( ) );
#10 = DIRECTION ( 'NONE',  ( 1.129377263005734114E-16, 0.000000000000000000, -1.000000000000000000 ) ) ;
#11 = EDGE_LOOP ( 'NONE', ( #3905, #359, #723, #3915 ) ) ;
#12 = ORIENTED_EDGE ( 'NONE', *, *, #1609, .T. ) ;
#13 = DIRECTION ( 'NONE',  ( 0.000000000000000000, 0.000000000000000000, -1.000000000000000000 ) ) ;
#14 = EDGE_LOOP ( 'NONE', ( #3834, #4511, #1681, #1985 ) ) ;
#15 = FILL_AREA_STYLE_COLOUR ( '', #2208 ) ;
#16 = LINE ( 'NONE', #725, #4510 ) ;
#17 = CARTESIAN_POINT ( 'NONE',  ( 1.000000000000000000, 0.000000000000000000, 0.8000000000000001554 ) ) ;
#18 = CARTESIAN_POINT ( 'NONE',  ( -0.7766671539914935529, 0.5999999999999999778, 0.7278727057233805864 ) ) ;
#19 = PRESENTATION_STYLE_ASSIGNMENT (( #2098 ) ) ;
#20 = DIRECTION ( 'NONE',  ( 0.000000000000000000, 1.000000000000000000, 0.000000000000000000 ) ) ;
#21 = ORIENTED_EDGE ( 'NONE', *, *, #956, .F. ) ;
#22 = LINE ( 'NONE', #3986, #3630 ) ;
#23 = PLANE ( 'NONE',  #1611 ) ;
#24 = CIRCLE ( 'NONE', #3282, 0.02999999999999997113 ) ;
#25 = EDGE_CURVE ( 'NONE', #635, #1723, #3964, .T. ) ;
#26 = DIRECTION ( 'NONE',  ( -0.7071067811865457964, -0.000000000000000000, 0.7071067811865492381 ) ) ;
#27 = STYLED_ITEM ( 'NONE', ( #44 ), #2365 ) ;
#28 = EDGE_LOOP ( 'NONE', ( #1424, #1111, #52, #1709 ) ) ;
#29 = COLOUR_RGB ( '',0.7921568627450980005, 0.8196078431372548767, 0.9333333333333333481 ) ;
#30 = ADVANCED_FACE ( 'NONE', ( #392 ), #3897, .T. ) ;
#31 = CARTESIAN_POINT ( 'NONE',  ( -0.6999999999999998446, 0.5999999999999999778, -0.7399999999999999911 ) ) ;
#32 = SURFACE_STYLE_USAGE ( .BOTH. , #1107 ) ;
#33 = DIRECTION ( 'NONE',  ( 0.000000000000000000, 0.000000000000000000, 1.000000000000000000 ) ) ;
#34 = ORIENTED_EDGE ( 'NONE', *, *, #2006, .T. ) ;
#35 = VERTEX_POINT ( 'NONE', #1879 ) ;
#36 = CARTESIAN_POINT ( 'NONE',  ( 0.9300000000000002709, 0.000000000000000000, -0.6592893218813449252 ) ) ;
#37 = VERTEX_POINT ( 'NONE', #1854 ) ;
#38 = DIRECTION ( 'NONE',  ( 0.000000000000000000, 0.000000000000000000, 1.000000000000000000 ) ) ;
#39 = SURFACE_SIDE_STYLE ('',( #1758 ) ) ;
#40 = CARTESIAN_POINT ( 'NONE',  ( 0.6999999999999995115, 0.6000000000000000888, 0.6999999999999995115 ) ) ;
#41 = EDGE_CURVE ( 'NONE', #2334, #1075, #1222, .T. ) ;
#42 = PRESENTATION_LAYER_ASSIGNMENT (  '', '', ( #3667 ) ) ;
#43 = VECTOR ( 'NONE', #1750, 1000.000000000000000 ) ;
#44 = PRESENTATION_STYLE_ASSIGNMENT (( #1508 ) ) ;
#45 = CARTESIAN_POINT ( 'NONE',  ( -1.000000000000000000, 0.5999999999999999778, -0.7999999999999999334 ) ) ;
#46 = ORIENTED_EDGE ( 'NONE', *, *, #2508, .F. ) ;
#47 = DIRECTION ( 'NONE',  ( -0.7071067811865457964, 0.000000000000000000, -0.7071067811865492381 ) ) ;
#48 = DIRECTION ( 'NONE',  ( -1.000000000000000000, 0.000000000000000000, 0.000000000000000000 ) ) ;
#49 = VECTOR ( 'NONE', #1137, 1000.000000000000000 ) ;
#50 = AXIS2_PLACEMENT_3D ( 'NONE', #2766, #1993, #4156 ) ;
#51 = CARTESIAN_POINT ( 'NONE',  ( 0.9741180954897482591, 0.2999999999999999334, 0.7034074173710926914 ) ) ;
#52 = ORIENTED_EDGE ( 'NONE', *, *, #4519, .T. ) ;
#53 = AXIS2_PLACEMENT_3D ( 'NONE', #4027, #1210, #2964 ) ;
#54 = LINE ( 'NONE', #829, #2558 ) ;
#55 = CARTESIAN_POINT ( 'NONE',  ( 0.6999999999999999556, 0.7000000000000000666, 0.6499999999999998002 ) ) ;
#56 = ORIENTED_EDGE ( 'NONE', *, *, #507, .F. ) ;
#57 = VECTOR ( 'NONE', #3619, 1000.000000000000000 ) ;
#58 = ORIENTED_EDGE ( 'NONE', *, *, #1072, .F. ) ;
#59 = ORIENTED_EDGE ( 'NONE', *, *, #4180, .T. ) ;
#60 = CARTESIAN_POINT ( 'NONE',  ( -0.6800000000000000488, 0.7900000000000000355, 0.4800000000000001488 ) ) ;
#61 = DIRECTION ( 'NONE',  ( 0.7071067811865457964, 0.000000000000000000, 0.7071067811865492381 ) ) ;
#62 = CARTESIAN_POINT ( 'NONE',  ( -0.9034074173710935352, 0.000000000000000000, 0.7741180954897474153 ) ) ;
#63 = LINE ( 'NONE', #134, #3155 ) ;
#64 = VECTOR ( 'NONE', #226, 1000.000000000000000 ) ;
#65 = VERTEX_POINT ( 'NONE', #51 ) ;
#66 = DIRECTION ( 'NONE',  ( 0.000000000000000000, 1.000000000000000000, 0.000000000000000000 ) ) ;
#67 = EDGE_CURVE ( 'NONE', #344, #3701, #2176, .T. ) ;
#69 = EDGE_CURVE ( 'NONE', #437, #4148, #2919, .T. ) ;
#68 = CARTESIAN_POINT ( 'NONE',  ( -0.9399999999999998357, 0.6000000000000000888, -0.4999999999999998890 ) ) ;
#70 = DIRECTION ( 'NONE',  ( 1.084202172485504681E-16, -0.000000000000000000, 1.000000000000000000 ) ) ;
#71 = PLANE ( 'NONE',  #2457 ) ;
#72 = AXIS2_PLACEMENT_3D ( 'NONE', #1926, #3055, #549 ) ;
#73 = UNCERTAINTY_MEASURE_WITH_UNIT (LENGTH_MEASURE( 1.000000000000000082E-05 ), #4436, 'distance_accuracy_value', 'NONE');
#74 = VERTEX_POINT ( 'NONE', #4325 ) ;
#75 = SURFACE_STYLE_FILL_AREA ( #3618 ) ;
#76 = CARTESIAN_POINT ( 'NONE',  ( -0.6999999999999998446, 0.7599999999999997868, -0.4999999999999998890 ) ) ;
#77 = LINE ( 'NONE', #397, #2640 ) ;
#78 = VERTEX_POINT ( 'NONE', #113 ) ;
#79 = EDGE_CURVE ( 'NONE', #2931, #2907, #2579, .T. ) ;
#80 = VERTEX_POINT ( 'NONE', #827 ) ;
#81 = DIRECTION ( 'NONE',  ( 0.000000000000000000, -1.000000000000000000, 0.000000000000000000 ) ) ;
#82 = ORIENTED_EDGE ( 'NONE', *, *, #2989, .F. ) ;
#83 = ADVANCED_FACE ( 'NONE', ( #2225 ), #3640, .F. ) ;
#84 = CARTESIAN_POINT ( 'NONE',  ( 1.000000000000000000, 0.000000000000000000, -0.6999999999999997335 ) ) ;
#85 = PLANE ( 'NONE',  #3740 ) ;
#86 = STYLED_ITEM ( 'NONE', ( #346 ), #3688 ) ;
#87 = PLANE ( 'NONE',  #778 ) ;
#88 = CARTESIAN_POINT ( 'NONE',  ( 0.3500000000000000888, 0.000000000000000000, 0.7299999999999994271 ) ) ;
#89 = ORIENTED_EDGE ( 'NONE', *, *, #2988, .F. ) ;
#90 = DIRECTION ( 'NONE',  ( 0.000000000000000000, -0.000000000000000000, 1.000000000000000000 ) ) ;
#91 = ORIENTED_EDGE ( 'NONE', *, *, #1689, .T. ) ;
#92 = ORIENTED_EDGE ( 'NONE', *, *, #911, .F. ) ;
#93 = EDGE_CURVE ( 'NONE', #1525, #3410, #891, .T. ) ;
#94 = AXIS2_PLACEMENT_3D ( 'NONE', #4153, #653, #2014 ) ;
#95 = PLANE ( 'NONE',  #263 ) ;
#96 = CARTESIAN_POINT ( 'NONE',  ( -0.6999999999999999556, 0.6700000000000025935, 0.6999999999999998446 ) ) ;
#97 = ORIENTED_EDGE ( 'NONE', *, *, #3993, .T. ) ;
#98 = ORIENTED_EDGE ( 'NONE', *, *, #4371, .T. ) ;
#99 = LINE ( 'NONE', #469, #274 ) ;
#100 = VERTEX_POINT ( 'NONE', #4010 ) ;
#101 = CARTESIAN_POINT ( 'NONE',  ( -0.2333333333333337534, 0.6000000000000000888, -0.6999999999999998446 ) ) ;
#102 = CARTESIAN_POINT ( 'NONE',  ( -0.9034074173710935352, 1.114998880451716579, 0.7741180954897474153 ) ) ;
#103 = EDGE_CURVE ( 'NONE', #2815, #1437, #3698, .T. ) ;
#104 = CARTESIAN_POINT ( 'NONE',  ( 0.9299999999999999378, 1.114998880451716579, 0.2499999999999994171 ) ) ;
#105 = LINE ( 'NONE', #88, #49 ) ;
#106 = ORIENTED_EDGE ( 'NONE', *, *, #4562, .F. ) ;
#107 = SURFACE_STYLE_USAGE ( .BOTH. , #1140 ) ;
#108 = DIRECTION ( 'NONE',  ( 1.129377263005734361E-16, 0.000000000000000000, 1.000000000000000000 ) ) ;
#109 = AXIS2_PLACEMENT_3D ( 'NONE', #2817, #4192, #3829 ) ;
#110 = AXIS2_PLACEMENT_3D ( 'NONE', #740, #3946, #2182 ) ;
#111 = AXIS2_PLACEMENT_3D ( 'NONE', #3778, #3824, #3476 ) ;
#112 = DIRECTION ( 'NONE',  ( 1.000000000000000000, 0.000000000000000000, 0.000000000000000000 ) ) ;
#113 = CARTESIAN_POINT ( 'NONE',  ( -0.6000000000000001998, 0.000000000000000000, 0.2499999999999998890 ) ) ;
#114 = VECTOR ( 'NONE', #4109, 1000.000000000000000 ) ;
#115 = ORIENTED_EDGE ( 'NONE', *, *, #2534, .F. ) ;
#116 = AXIS2_PLACEMENT_3D ( 'NONE', #1795, #2262, #2162 ) ;
#117 = LINE ( 'NONE', #2179, #1605 ) ;
#118 = EDGE_CURVE ( 'NONE', #1341, #2187, #3710, .T. ) ;
#119 = PRODUCT_DEFINITION_CONTEXT ( 'detailed design', #290, 'design' ) ;
#120 = CARTESIAN_POINT ( 'NONE',  ( 0.6999999999999999556, 0.7599999999999997868, -0.6499999999999999112 ) ) ;
#121 =( GEOMETRIC_REPRESENTATION_CONTEXT ( 3 ) GLOBAL_UNCERTAINTY_ASSIGNED_CONTEXT ( ( #1158 ) ) GLOBAL_UNIT_ASSIGNED_CONTEXT ( ( #2199, #2945, #4346 ) ) REPRESENTATION_CONTEXT ( 'NONE', 'WORKASPACE' ) );
#122 = EDGE_CURVE ( 'NONE', #4287, #4295, #4279, .T. ) ;
#123 = EDGE_CURVE ( 'NONE', #3904, #841, #3378, .T. ) ;
#124 = VERTEX_POINT ( 'NONE', #2340 ) ;
#125 = EDGE_CURVE ( 'NONE', #1050, #3929, #3358, .T. ) ;
#126 = COLOUR_RGB ( '',0.2509803921568627416, 0.2509803921568627416, 0.2509803921568627416 ) ;
#127 = EDGE_LOOP ( 'NONE', ( #2042, #394, #299, #3687, #410, #690, #1742 ) ) ;
#128 = CARTESIAN_POINT ( 'NONE',  ( 0.9300000000000002709, 0.3000000000000001554, -0.6592893218813449252 ) ) ;
#129 = ORIENTED_EDGE ( 'NONE', *, *, #610, .F. ) ;
#130 = PLANE ( 'NONE',  #1371 ) ;
#131 = CARTESIAN_POINT ( 'NONE',  ( 0.8999999990504553571, 0.5999999999999897637, -0.5525068624277361673 ) ) ;
#132 = ADVANCED_FACE ( 'NONE', ( #3730 ), #3013, .T. ) ;
#133 = CARTESIAN_POINT ( 'NONE',  ( 0.2333333333333334481, 0.5999999999999999778, -0.7399999999999998801 ) ) ;
#134 = CARTESIAN_POINT ( 'NONE',  ( -1.000000000000000000, 0.000000000000000000, 0.6999999999999999556 ) ) ;
#135 = TOROIDAL_SURFACE ( 'NONE', #1401, 0.1099999999999998479, 0.04000000000000000083 ) ;
#136 = VERTEX_POINT ( 'NONE', #207 ) ;
#137 = PLANE ( 'NONE',  #3617 ) ;
#138 = CARTESIAN_POINT ( 'NONE',  ( -0.6999999999999999556, 0.5999999999999999778, -0.6999999999999998446 ) ) ;
#139 = DIRECTION ( 'NONE',  ( 0.000000000000000000, -1.000000000000000000, 0.000000000000000000 ) ) ;
#140 = LINE ( 'NONE', #2627, #1653 ) ;
#141 = PRESENTATION_STYLE_ASSIGNMENT (( #1584 ) ) ;
#142 = ORIENTED_EDGE ( 'NONE', *, *, #1616, .T. ) ;
#143 = UNCERTAINTY_MEASURE_WITH_UNIT (LENGTH_MEASURE( 1.000000000000000082E-05 ), #2424, 'distance_accuracy_value', 'NONE');
#144 = PRESENTATION_LAYER_ASSIGNMENT (  '', '', ( #508 ) ) ;
#145 = FILL_AREA_STYLE ('',( #3733 ) ) ;
#146 = LINE ( 'NONE', #2994, #3984 ) ;
#147 = DIRECTION ( 'NONE',  ( -0.000000000000000000, 1.000000000000000000, -0.000000000000000000 ) ) ;
#148 = ORIENTED_EDGE ( 'NONE', *, *, #2023, .T. ) ;
#149 =( BOUNDED_CURVE ( )  B_SPLINE_CURVE ( 2, ( #2165, #3238, #1821 ),
 .UNSPECIFIED., .F., .T. ) 
 B_SPLINE_CURVE_WITH_KNOTS ( ( 3, 3 ),
 ( 0.000000000000000000, 1.000000000000000000 ),
 .UNSPECIFIED. ) 
 CURVE ( )  GEOMETRIC_REPRESENTATION_ITEM ( )  RATIONAL_B_SPLINE_CURVE ( ( 1.000000000000000000, 0.7071067811865475727, 1.000000000000000000 ) ) 
 REPRESENTATION_ITEM ( '' )  );
#150 = VERTEX_POINT ( 'NONE', #1630 ) ;
#151 = CARTESIAN_POINT ( 'NONE',  ( -0.6000000000000001998, 0.000000000000000000, 0.2499999999999998890 ) ) ;
#152 = VERTEX_POINT ( 'NONE', #1944 ) ;
#153 = CARTESIAN_POINT ( 'NONE',  ( 0.1499999999999999944, 0.000000000000000000, 0.8000000000000000444 ) ) ;
#154 = ORIENTED_EDGE ( 'NONE', *, *, #3154, .F. ) ;
#155 = CARTESIAN_POINT ( 'NONE',  ( -0.3499999999999999223, 0.000000000000000000, -0.2499999999999996392 ) ) ;
#156 = LINE ( 'NONE', #1487, #4398 ) ;
#157 = ORIENTED_EDGE ( 'NONE', *, *, #3226, .T. ) ;
#158 = COLOUR_RGB ( '',0.9686274509803921573, 0.8784313725490195957, 0.5999999999999999778 ) ;
#159 = DIRECTION ( 'NONE',  ( -0.000000000000000000, -0.000000000000000000, 1.000000000000000000 ) ) ;
#160 = DIRECTION ( 'NONE',  ( -0.000000000000000000, -1.000000000000000000, -0.000000000000000000 ) ) ;
#161 = EDGE_CURVE ( 'NONE', #683, #100, #3754, .T. ) ;
#162 = SURFACE_STYLE_USAGE ( .BOTH. , #3014 ) ;
#163 = CARTESIAN_POINT ( 'NONE',  ( 0.8999999999999999112, 0.000000000000000000, 0.8000000000000001554 ) ) ;
#164 = DIRECTION ( 'NONE',  ( 0.000000000000000000, 0.000000000000000000, 1.000000000000000000 ) ) ;
#165 = ORIENTED_EDGE ( 'NONE', *, *, #222, .F. ) ;
#166 = EDGE_CURVE ( 'NONE', #1555, #2149, #933, .T. ) ;
#167 = MECHANICAL_DESIGN_GEOMETRIC_PRESENTATION_REPRESENTATION (  '', ( #3350 ), #1364 ) ;
#168 = CARTESIAN_POINT ( 'NONE',  ( -0.9399999999999998357, 0.5999999999999999778, -0.1666666666666666852 ) ) ;
#169 = ORIENTED_EDGE ( 'NONE', *, *, #3711, .T. ) ;
#170 = CARTESIAN_POINT ( 'NONE',  ( 0.9299999999999999378, 0.2999999999999999889, -0.2499999999999994171 ) ) ;
#171 = CARTESIAN_POINT ( 'NONE',  ( 0.9399999988605413082, 0.6000000000000000888, -0.5630082349132851105 ) ) ;
#172 = AXIS2_PLACEMENT_3D ( 'NONE', #2827, #4232, #2479 ) ;
#173 = AXIS2_PLACEMENT_3D ( 'NONE', #3214, #1844, #3860 ) ;
#174 = CARTESIAN_POINT ( 'NONE',  ( -0.7000000000000002887, 0.6700000000000000400, 0.6999999999999998446 ) ) ;
#175 = DIRECTION ( 'NONE',  ( 0.000000000000000000, 0.000000000000000000, -1.000000000000000000 ) ) ;
#176 = ORIENTED_EDGE ( 'NONE', *, *, #3492, .T. ) ;
#177 = LINE ( 'NONE', #2313, #2893 ) ;
#178 = CARTESIAN_POINT ( 'NONE',  ( -1.000000000000000000, 0.5999999999999999778, -0.7999999999999999334 ) ) ;
#179 = FACE_OUTER_BOUND ( 'NONE', #28, .T. ) ;
#180 = EDGE_CURVE ( 'NONE', #1642, #2033, #4421, .T. ) ;
#181 = ADVANCED_FACE ( 'NONE', ( #3399 ), #3670, .T. ) ;
#182 = CARTESIAN_POINT ( 'NONE',  ( 0.9385965415240827836, 0.6000000000000000888, 0.5307742279587259748 ) ) ;
#183 =( LENGTH_UNIT ( ) NAMED_UNIT ( * ) SI_UNIT ( .MILLI., .METRE. ) );
#184 = CIRCLE ( 'NONE', #1529, 0.03999999999999999389 ) ;
#185 = VECTOR ( 'NONE', #591, 1000.000000000000000 ) ;
#186 = VECTOR ( 'NONE', #2980, 1000.000000000000000 ) ;
#187 = LINE ( 'NONE', #210, #3242 ) ;
#188 = CARTESIAN_POINT ( 'NONE',  ( -0.9300000000000000488, 0.000000000000000000, -0.6592893218813451472 ) ) ;
#189 = EDGE_LOOP ( 'NONE', ( #2218, #3920, #1449, #3201 ) ) ;
#190 = STYLED_ITEM ( 'NONE', ( #4210 ), #4301 ) ;
#191 = ORIENTED_EDGE ( 'NONE', *, *, #2873, .F. ) ;
#192 = CYLINDRICAL_SURFACE ( 'NONE', #588, 0.1000000000000000472 ) ;
#193 = CARTESIAN_POINT ( 'NONE',  ( 0.8784452735923546918, 0.6700000000000001510, -0.6043974388822640487 ) ) ;
#194 = ORIENTED_EDGE ( 'NONE', *, *, #1110, .F. ) ;
#195 = CIRCLE ( 'NONE', #4333, 0.1499999999999999112 ) ;
#196 = CARTESIAN_POINT ( 'NONE',  ( -0.2333333333333336701, 0.6000000000000000888, 0.7399999999999998801 ) ) ;
#197 = DIRECTION ( 'NONE',  ( 0.000000000000000000, 0.000000000000000000, 1.000000000000000000 ) ) ;
#198 = ORIENTED_EDGE ( 'NONE', *, *, #3022, .T. ) ;
#199 = LINE ( 'NONE', #478, #4418 ) ;
#200 = DIRECTION ( 'NONE',  ( 0.000000000000000000, -1.000000000000000000, 0.000000000000000000 ) ) ;
#201 = DIRECTION ( 'NONE',  ( -0.000000000000000000, 1.000000000000000000, -0.000000000000000000 ) ) ;
#202 = CIRCLE ( 'NONE', #421, 0.02999999999999997113 ) ;
#203 = EDGE_CURVE ( 'NONE', #1255, #100, #2061, .T. ) ;
#204 = LINE ( 'NONE', #2947, #3944 ) ;
#205 = DIRECTION ( 'NONE',  ( -1.129377263005734114E-16, 0.000000000000000000, 1.000000000000000000 ) ) ;
#206 = EDGE_CURVE ( 'NONE', #3602, #3823, #1305, .T. ) ;
#207 = CARTESIAN_POINT ( 'NONE',  ( -0.9741180954897480371, 0.2999999999999999334, -0.7034074173710929134 ) ) ;
#208 = DIRECTION ( 'NONE',  ( 0.000000000000000000, -1.000000000000000000, 0.000000000000000000 ) ) ;
#209 = CARTESIAN_POINT ( 'NONE',  ( 0.9299999999999999378, 0.2999999999999999889, 0.2499999999999994171 ) ) ;
#210 = CARTESIAN_POINT ( 'NONE',  ( 0.9300000000000002709, 0.000000000000000000, -0.6592893218813449252 ) ) ;
#211 = CARTESIAN_POINT ( 'NONE',  ( 0.6999999999999995115, 0.6000000000000000888, 0.6999999999999995115 ) ) ;
#212 = VERTEX_POINT ( 'NONE', #2745 ) ;
#213 = AXIS2_PLACEMENT_3D ( 'NONE', #3506, #3163, #4566 ) ;
#214 = VECTOR ( 'NONE', #4149, 1000.000000000000000 ) ;
#215 = ADVANCED_FACE ( 'NONE', ( #2410 ), #4155, .F. ) ;
#216 = FILL_AREA_STYLE_COLOUR ( '', #2180 ) ;
#217 = ORIENTED_EDGE ( 'NONE', *, *, #1633, .T. ) ;
#218 = CARTESIAN_POINT ( 'NONE',  ( 1.000000000000000000, 0.2999999999999999334, -0.7999999999999997113 ) ) ;
#219 = PLANE ( 'NONE',  #1741 ) ;
#220 = VERTEX_POINT ( 'NONE', #3451 ) ;
#221 = EDGE_CURVE ( 'NONE', #2931, #1171, #1400, .T. ) ;
#222 = EDGE_CURVE ( 'NONE', #3887, #1129, #3797, .T. ) ;
#223 = CARTESIAN_POINT ( 'NONE',  ( -0.9741180954897480371, 1.114998880451716579, -0.7034074173710929134 ) ) ;
#224 = DIRECTION ( 'NONE',  ( 0.000000000000000000, 0.000000000000000000, 1.000000000000000000 ) ) ;
#225 = ORIENTED_EDGE ( 'NONE', *, *, #3154, .T. ) ;
#226 = DIRECTION ( 'NONE',  ( -7.946961583325783709E-16, 0.000000000000000000, 1.000000000000000000 ) ) ;
#227 = CARTESIAN_POINT ( 'NONE',  ( -0.6999999999999999556, 0.7000000000000000666, 0.6499999999999999112 ) ) ;
#228 = FILL_AREA_STYLE_COLOUR ( '', #2722 ) ;
#229 = PRESENTATION_STYLE_ASSIGNMENT (( #3727 ) ) ;
#230 = VECTOR ( 'NONE', #1231, 1000.000000000000000 ) ;
#231 = DIRECTION ( 'NONE',  ( 0.000000000000000000, -0.000000000000000000, -1.000000000000000000 ) ) ;
#232 = CARTESIAN_POINT ( 'NONE',  ( 0.6999999999999998446, 0.6700000000000000400, -0.6699999999999999289 ) ) ;
#233 = CARTESIAN_POINT ( 'NONE',  ( -0.7630082349132858432, 0.6000000000000000888, 0.7399999988605380219 ) ) ;
#234 = LINE ( 'NONE', #2062, #3230 ) ;
#235 = AXIS2_PLACEMENT_3D ( 'NONE', #232, #2387, #4094 ) ;
#236 = VERTEX_POINT ( 'NONE', #1353 ) ;
#237 = PRESENTATION_STYLE_ASSIGNMENT (( #3407 ) ) ;
#238 = LINE ( 'NONE', #3060, #1326 ) ;
#239 = FACE_OUTER_BOUND ( 'NONE', #332, .T. ) ;
#240 = EDGE_CURVE ( 'NONE', #1566, #2359, #3844, .T. ) ;
#241 = ORIENTED_EDGE ( 'NONE', *, *, #2741, .F. ) ;
#242 = EDGE_CURVE ( 'NONE', #4247, #4032, #1052, .T. ) ;
#243 = DIRECTION ( 'NONE',  ( -1.000000000000000000, 0.000000000000000000, 0.000000000000000000 ) ) ;
#244 = PLANE ( 'NONE',  #1924 ) ;
#245 = FILL_AREA_STYLE_COLOUR ( '', #1002 ) ;
#246 = VERTEX_POINT ( 'NONE', #2388 ) ;
#247 = STYLED_ITEM ( 'NONE', ( #4205 ), #2307 ) ;
#248 = PRESENTATION_STYLE_ASSIGNMENT (( #3812 ) ) ;
#249 = DIRECTION ( 'NONE',  ( -0.7071067811865483499, -0.000000000000000000, -0.7071067811865466846 ) ) ;
#250 = ORIENTED_EDGE ( 'NONE', *, *, #2927, .F. ) ;
#251 = AXIS2_PLACEMENT_3D ( 'NONE', #3544, #2194, #1136 ) ;
#252 = CARTESIAN_POINT ( 'NONE',  ( 0.3500000000000000333, 0.2999999999999999889, -0.2499999999999995282 ) ) ;
#253 = SURFACE_SIDE_STYLE ('',( #4476 ) ) ;
#254 = FILL_AREA_STYLE ('',( #324 ) ) ;
#255 = TOROIDAL_SURFACE ( 'NONE', #3283, 0.1699999999999999845, 0.02999999999999999889 ) ;
#256 =( NAMED_UNIT ( * ) SI_UNIT ( $, .STERADIAN. ) SOLID_ANGLE_UNIT ( ) );
#257 = LINE ( 'NONE', #1695, #4513 ) ;
#258 = CARTESIAN_POINT ( 'NONE',  ( -1.000000000000000000, 0.2999999999999999889, -0.7999999999999999334 ) ) ;
#259 = ORIENTED_EDGE ( 'NONE', *, *, #3023, .T. ) ;
#260 =( NAMED_UNIT ( * ) PLANE_ANGLE_UNIT ( ) SI_UNIT ( $, .RADIAN. ) );
#261 = SURFACE_STYLE_USAGE ( .BOTH. , #4161 ) ;
#262 = FILL_AREA_STYLE_COLOUR ( '', #4236 ) ;
#264 = ORIENTED_EDGE ( 'NONE', *, *, #1252, .F. ) ;
#263 = AXIS2_PLACEMENT_3D ( 'NONE', #1472, #760, #1106 ) ;
#265 = AXIS2_PLACEMENT_3D ( 'NONE', #4195, #2703, #945 ) ;
#266 = UNCERTAINTY_MEASURE_WITH_UNIT (LENGTH_MEASURE( 1.000000000000000082E-05 ), #2332, 'distance_accuracy_value', 'NONE');
#267 = CARTESIAN_POINT ( 'NONE',  ( 0.9034074173710933131, 0.000000000000000000, 0.7741180954897476374 ) ) ;
#268 = EDGE_CURVE ( 'NONE', #3243, #220, #3496, .T. ) ;
#269 = ADVANCED_FACE ( 'NONE', ( #1001 ), #633, .F. ) ;
#270 = DIRECTION ( 'NONE',  ( -1.000000000000000000, -0.000000000000000000, -0.000000000000000000 ) ) ;
#271 = AXIS2_PLACEMENT_3D ( 'NONE', #3721, #2709, #175 ) ;
#272 = LINE ( 'NONE', #2400, #407 ) ;
#273 = EDGE_LOOP ( 'NONE', ( #3800, #3855, #3722, #4014, #1411, #3181, #993, #4067 ) ) ;
#274 = VECTOR ( 'NONE', #3235, 1000.000000000000000 ) ;
#275 = DIRECTION ( 'NONE',  ( -0.7071067811865466846, 0.000000000000000000, 0.7071067811865483499 ) ) ;
#276 = DIRECTION ( 'NONE',  ( 1.129377263005734361E-16, 0.000000000000000000, -1.000000000000000000 ) ) ;
#277 = VERTEX_POINT ( 'NONE', #1696 ) ;
#278 = SURFACE_STYLE_FILL_AREA ( #3121 ) ;
#279 = CARTESIAN_POINT ( 'NONE',  ( 0.9741180954897482591, 1.114998880451716579, 0.7034074173710926914 ) ) ;
#280 =( NAMED_UNIT ( * ) SI_UNIT ( $, .STERADIAN. ) SOLID_ANGLE_UNIT ( ) );
#281 = CARTESIAN_POINT ( 'NONE',  ( -0.9299999999999999378, 0.000000000000000000, -0.2499999999999996392 ) ) ;
#282 = VECTOR ( 'NONE', #1167, 1000.000000000000000 ) ;
#283 = SURFACE_STYLE_FILL_AREA ( #1302 ) ;
#284 = CARTESIAN_POINT ( 'NONE',  ( -0.1499999999999999944, 0.000000000000000000, -0.7399999999999998801 ) ) ;
#285 = CARTESIAN_POINT ( 'NONE',  ( -0.6999999999999999556, 0.7000000000000000666, 0.6499999999999998002 ) ) ;
#286 = EDGE_CURVE ( 'NONE', #4004, #3234, #3103, .T. ) ;
#287 = ORIENTED_EDGE ( 'NONE', *, *, #4457, .F. ) ;
#288 = FACE_OUTER_BOUND ( 'NONE', #3650, .T. ) ;
#289 = FACE_OUTER_BOUND ( 'NONE', #587, .T. ) ;
#290 = APPLICATION_CONTEXT ( 'automotive_design' ) ;
#291 = EDGE_LOOP ( 'NONE', ( #403, #1938, #4308, #2620 ) ) ;
#292 = CARTESIAN_POINT ( 'NONE',  ( -0.6800000000000000488, 0.7900000000000000355, 0.5400000000000001465 ) ) ;
#293 = UNCERTAINTY_MEASURE_WITH_UNIT (LENGTH_MEASURE( 1.000000000000000082E-05 ), #1194, 'distance_accuracy_value', 'NONE');
#294 = DIRECTION ( 'NONE',  ( 0.000000000000000000, 0.000000000000000000, -1.000000000000000000 ) ) ;
#295 = CARTESIAN_POINT ( 'NONE',  ( -0.9299999999999999378, 0.2999999999999999889, 0.2499999999999991951 ) ) ;
#296 = ORIENTED_EDGE ( 'NONE', *, *, #2902, .F. ) ;
#297 = CARTESIAN_POINT ( 'NONE',  ( 0.9399999999999998357, 0.6000000000000000888, -0.1666666666666666852 ) ) ;
#298 = DIRECTION ( 'NONE',  ( 1.000000000000000000, 0.000000000000000000, -0.000000000000000000 ) ) ;
#299 = ORIENTED_EDGE ( 'NONE', *, *, #513, .T. ) ;
#300 = DIRECTION ( 'NONE',  ( 1.000000000000000000, -0.000000000000000000, 1.064426570422088950E-15 ) ) ;
#301 = SURFACE_STYLE_FILL_AREA ( #2844 ) ;
#302 = CARTESIAN_POINT ( 'NONE',  ( 0.2099999999999999367, 0.5999999999999999778, 0.8000000000000001554 ) ) ;
#303 = EDGE_CURVE ( 'NONE', #4107, #1113, #327, .T. ) ;
#304 =( LENGTH_UNIT ( ) NAMED_UNIT ( * ) SI_UNIT ( .MILLI., .METRE. ) );
#305 = PLANE ( 'NONE',  #4038 ) ;
#306 = FACE_OUTER_BOUND ( 'NONE', #3573, .T. ) ;
#307 = DIRECTION ( 'NONE',  ( -0.000000000000000000, 1.000000000000000000, -0.000000000000000000 ) ) ;
#308 = VECTOR ( 'NONE', #2622, 1000.000000000000000 ) ;
#309 = PRESENTATION_LAYER_ASSIGNMENT (  '', '', ( #4428 ) ) ;
#310 = EDGE_LOOP ( 'NONE', ( #2461, #3695, #2855, #594, #883, #1321, #3631, #4444 ) ) ;
#311 = AXIS2_PLACEMENT_3D ( 'NONE', #729, #2504, #1074 ) ;
#312 = SURFACE_SIDE_STYLE ('',( #1168 ) ) ;
#313 = ORIENTED_EDGE ( 'NONE', *, *, #2707, .T. ) ;
#314 = ADVANCED_FACE ( 'NONE', ( #306 ), #2101, .T. ) ;
#315 = DIRECTION ( 'NONE',  ( -0.000000000000000000, -1.000000000000000000, -0.000000000000000000 ) ) ;
#316 = CARTESIAN_POINT ( 'NONE',  ( -1.000000000000000000, 1.114998880451716579, 0.7999999999999999334 ) ) ;
#317 = PLANE ( 'NONE',  #3221 ) ;
#318 = VERTEX_POINT ( 'NONE', #4531 ) ;
#319 = DIRECTION ( 'NONE',  ( -1.000000000000000000, 0.000000000000000000, -0.000000000000000000 ) ) ;
#320 = LINE ( 'NONE', #1344, #722 ) ;
#321 = ORIENTED_EDGE ( 'NONE', *, *, #4363, .T. ) ;
#322 = CARTESIAN_POINT ( 'NONE',  ( 0.9300000000000002709, 0.000000000000000000, -0.6592893218813449252 ) ) ;
#323 = DIRECTION ( 'NONE',  ( -0.7071067811865483499, -0.000000000000000000, -0.7071067811865466846 ) ) ;
#324 = FILL_AREA_STYLE_COLOUR ( '', #4451 ) ;
#325 = PLANE ( 'NONE',  #94 ) ;
#326 = CYLINDRICAL_SURFACE ( 'NONE', #3638, 0.06000000000000004635 ) ;
#327 = LINE ( 'NONE', #3472, #3401 ) ;
#329 = ADVANCED_FACE ( 'NONE', ( #1374 ), #2790, .F. ) ;
#328 = DIRECTION ( 'NONE',  ( -8.515412563376710418E-16, 0.000000000000000000, 1.000000000000000000 ) ) ;
#330 = AXIS2_PLACEMENT_3D ( 'NONE', #1061, #2577, #1030 ) ;
#331 = ADVANCED_FACE ( 'NONE', ( #3199 ), #1465, .F. ) ;
#332 = EDGE_LOOP ( 'NONE', ( #4366, #1591, #3248, #2122 ) ) ;
#333 =( LENGTH_UNIT ( ) NAMED_UNIT ( * ) SI_UNIT ( .MILLI., .METRE. ) );
#334 = ADVANCED_FACE ( 'NONE', ( #3613 ), #3590, .T. ) ;
#335 = VERTEX_POINT ( 'NONE', #3178 ) ;
#336 = CARTESIAN_POINT ( 'NONE',  ( -0.9000000000000000222, 0.6700000000000025935, -0.4999999999999998890 ) ) ;
#337 = DIRECTION ( 'NONE',  ( -1.000000000000000000, -0.000000000000000000, -8.515412563376710418E-16 ) ) ;
#338 = VECTOR ( 'NONE', #1949, 1000.000000000000000 ) ;
#339 = ORIENTED_EDGE ( 'NONE', *, *, #2492, .T. ) ;
#340 =( GEOMETRIC_REPRESENTATION_CONTEXT ( 3 ) GLOBAL_UNCERTAINTY_ASSIGNED_CONTEXT ( ( #4540 ) ) GLOBAL_UNIT_ASSIGNED_CONTEXT ( ( #4012, #3669, #2970 ) ) REPRESENTATION_CONTEXT ( 'NONE', 'WORKASPACE' ) );
#341 = VECTOR ( 'NONE', #2126, 1000.000000000000000 ) ;
#342 = ORIENTED_EDGE ( 'NONE', *, *, #1825, .F. ) ;
#343 = PLANE ( 'NONE',  #1753 ) ;
#344 = VERTEX_POINT ( 'NONE', #4 ) ;
#345 = PRESENTATION_STYLE_ASSIGNMENT (( #3258 ) ) ;
#346 = PRESENTATION_STYLE_ASSIGNMENT (( #3518 ) ) ;
#347 = ORIENTED_EDGE ( 'NONE', *, *, #4403, .T. ) ;
#348 = DIRECTION ( 'NONE',  ( -0.000000000000000000, 0.000000000000000000, 1.000000000000000000 ) ) ;
#349 = STYLED_ITEM ( 'NONE', ( #607 ), #4223 ) ;
#350 = FACE_OUTER_BOUND ( 'NONE', #902, .T. ) ;
#351 = AXIS2_PLACEMENT_3D ( 'NONE', #3683, #823, #1562 ) ;
#352 = VERTEX_POINT ( 'NONE', #1511 ) ;
#353 = CARTESIAN_POINT ( 'NONE',  ( -0.3499999999999999223, 0.2999999999999999889, -0.2499999999999996392 ) ) ;
#354 = CARTESIAN_POINT ( 'NONE',  ( 0.9034074173710933131, 1.114998880451716579, -0.7741180954897476374 ) ) ;
#355 = ORIENTED_EDGE ( 'NONE', *, *, #3556, .T. ) ;
#356 = DIRECTION ( 'NONE',  ( 0.000000000000000000, -1.000000000000000000, 0.000000000000000000 ) ) ;
#357 = DIRECTION ( 'NONE',  ( 1.000000000000000000, 0.000000000000000000, -7.744301232039319147E-17 ) ) ;
#358 = LINE ( 'NONE', #4263, #2040 ) ;
#359 = ORIENTED_EDGE ( 'NONE', *, *, #1772, .F. ) ;
#360 = EDGE_LOOP ( 'NONE', ( #3693, #1297, #3814, #2207, #4441, #2955, #1930, #770 ) ) ;
#361 = DIRECTION ( 'NONE',  ( 0.000000000000000000, 0.000000000000000000, 1.000000000000000000 ) ) ;
#362 = ORIENTED_EDGE ( 'NONE', *, *, #240, .F. ) ;
#363 = FILL_AREA_STYLE_COLOUR ( '', #126 ) ;
#364 = CARTESIAN_POINT ( 'NONE',  ( -0.6800000000000000488, 0.6202943725152287868, 0.5400000000000001465 ) ) ;
#365 = EDGE_CURVE ( 'NONE', #37, #4110, #516, .T. ) ;
#366 = EDGE_CURVE ( 'NONE', #1803, #3410, #389, .T. ) ;
#367 = VECTOR ( 'NONE', #26, 1000.000000000000000 ) ;
#368 =( LENGTH_UNIT ( ) NAMED_UNIT ( * ) SI_UNIT ( .MILLI., .METRE. ) );
#369 = CARTESIAN_POINT ( 'NONE',  ( 0.9299999999999999378, 0.2999999999999999334, 0.2499999999999994171 ) ) ;
#370 = ORIENTED_EDGE ( 'NONE', *, *, #3010, .F. ) ;
#371 = CARTESIAN_POINT ( 'NONE',  ( -0.6999999999999999556, 0.7600000000000000089, 0.6099999999999998757 ) ) ;
#372 = CARTESIAN_POINT ( 'NONE',  ( -0.2099999999999999922, 0.000000000000000000, -0.7999999999999999334 ) ) ;
#373 = B_SPLINE_CURVE_WITH_KNOTS ( 'NONE', 3,
 ( #3081, #3796, #182, #4480, #2743, #4134, #1608, #4411, #1261, #2671 ),
 .UNSPECIFIED., .F., .F.,
 ( 4, 2, 2, 2, 4 ),
 ( 0.000000000000000000, 0.1249999999999998890, 0.2499999999999997780, 0.5000000000000003331, 1.000000000000000000 ),
 .UNSPECIFIED. ) ;
#374 = ORIENTED_EDGE ( 'NONE', *, *, #955, .F. ) ;
#375 = FACE_OUTER_BOUND ( 'NONE', #967, .T. ) ;
#376 = VERTEX_POINT ( 'NONE', #3219 ) ;
#377 = LINE ( 'NONE', #1083, #2854 ) ;
#378 = ORIENTED_EDGE ( 'NONE', *, *, #1098, .T. ) ;
#379 = ORIENTED_EDGE ( 'NONE', *, *, #2509, .F. ) ;
#380 = LINE ( 'NONE', #1478, #3677 ) ;
#381 = ORIENTED_EDGE ( 'NONE', *, *, #3041, .T. ) ;
#382 = DIRECTION ( 'NONE',  ( 7.946961583325783709E-16, 0.000000000000000000, -1.000000000000000000 ) ) ;
#383 = FACE_OUTER_BOUND ( 'NONE', #474, .T. ) ;
#384 = SURFACE_STYLE_FILL_AREA ( #3910 ) ;
#385 = DIRECTION ( 'NONE',  ( 1.000000000000000000, 0.000000000000000000, 2.135549733683570822E-15 ) ) ;
#386 = FILL_AREA_STYLE_COLOUR ( '', #3133 ) ;
#387 = CARTESIAN_POINT ( 'NONE',  ( 0.3500000000000000333, 0.000000000000000000, -0.2499999999999995282 ) ) ;
#388 = EDGE_LOOP ( 'NONE', ( #2962, #321, #686, #512 ) ) ;
#389 = LINE ( 'NONE', #1421, #1856 ) ;
#390 = DIRECTION ( 'NONE',  ( 0.000000000000000000, -1.000000000000000000, 0.000000000000000000 ) ) ;
#391 = PRESENTATION_LAYER_ASSIGNMENT (  '', '', ( #3723 ) ) ;
#392 = FACE_OUTER_BOUND ( 'NONE', #3286, .T. ) ;
#393 = CIRCLE ( 'NONE', #3427, 0.02999999999999997113 ) ;
#394 = ORIENTED_EDGE ( 'NONE', *, *, #3525, .T. ) ;
#395 = CARTESIAN_POINT ( 'NONE',  ( 0.3500000000000000888, 0.2999999999999999334, -0.7299999999999994271 ) ) ;
#396 = DIRECTION ( 'NONE',  ( 0.000000000000000000, -1.000000000000000000, 0.000000000000000000 ) ) ;
#397 = CARTESIAN_POINT ( 'NONE',  ( -0.9034074173710932021, 0.2999999999999999889, -0.7741180954897477484 ) ) ;
#398 = EDGE_LOOP ( 'NONE', ( #3159, #2687, #1575, #803 ) ) ;
#399 = EDGE_CURVE ( 'NONE', #2446, #486, #4296, .T. ) ;
#400 = EDGE_CURVE ( 'NONE', #1345, #2533, #2870, .T. ) ;
#401 = VERTEX_POINT ( 'NONE', #1119 ) ;
#402 = CARTESIAN_POINT ( 'NONE',  ( 0.9034074173710933131, 0.000000000000000000, -0.7741180954897476374 ) ) ;
#403 = ORIENTED_EDGE ( 'NONE', *, *, #161, .T. ) ;
#404 = FACE_OUTER_BOUND ( 'NONE', #2564, .T. ) ;
#405 = SURFACE_STYLE_FILL_AREA ( #1822 ) ;
#406 = CARTESIAN_POINT ( 'NONE',  ( -0.7307742279587198242, 0.5999999999999999778, 0.7385965415240849374 ) ) ;
#407 = VECTOR ( 'NONE', #3808, 1000.000000000000000 ) ;
#408 = SURFACE_SIDE_STYLE ('',( #700 ) ) ;
#409 = CARTESIAN_POINT ( 'NONE',  ( -0.6999999999999998446, 0.6700000000000000400, -0.4999999999999998890 ) ) ;
#410 = ORIENTED_EDGE ( 'NONE', *, *, #2049, .T. ) ;
#411 = DIRECTION ( 'NONE',  ( 0.7071067811865457964, 0.000000000000000000, -0.7071067811865492381 ) ) ;
#412 = SURFACE_STYLE_FILL_AREA ( #752 ) ;
#413 = VECTOR ( 'NONE', #3813, 1000.000000000000000 ) ;
#414 = MECHANICAL_DESIGN_GEOMETRIC_PRESENTATION_REPRESENTATION (  '', ( #190 ), #1389 ) ;
#415 = EDGE_LOOP ( 'NONE', ( #142, #1246, #2172, #4011 ) ) ;
#416 = ORIENTED_EDGE ( 'NONE', *, *, #2350, .T. ) ;
#417 = MECHANICAL_DESIGN_GEOMETRIC_PRESENTATION_REPRESENTATION (  '', ( #3534 ), #1173 ) ;
#418 = EDGE_CURVE ( 'NONE', #4139, #1341, #2823, .T. ) ;
#419 = CARTESIAN_POINT ( 'NONE',  ( -0.6999999999999998446, 0.6999999999999999556, -0.4999999999999998890 ) ) ;
#420 = VERTEX_POINT ( 'NONE', #430 ) ;
#421 = AXIS2_PLACEMENT_3D ( 'NONE', #3672, #2657, #3644 ) ;
#422 = ORIENTED_EDGE ( 'NONE', *, *, #4276, .T. ) ;
#423 = DIRECTION ( 'NONE',  ( 0.000000000000000000, -1.000000000000000000, 0.000000000000000000 ) ) ;
#424 = VERTEX_POINT ( 'NONE', #3938 ) ;
#425 =( NAMED_UNIT ( * ) SI_UNIT ( $, .STERADIAN. ) SOLID_ANGLE_UNIT ( ) );
#426 = DIRECTION ( 'NONE',  ( -1.869314090492249305E-16, 0.000000000000000000, -1.000000000000000000 ) ) ;
#427 =( NAMED_UNIT ( * ) SI_UNIT ( $, .STERADIAN. ) SOLID_ANGLE_UNIT ( ) );
#428 =( GEOMETRIC_REPRESENTATION_CONTEXT ( 3 ) GLOBAL_UNCERTAINTY_ASSIGNED_CONTEXT ( ( #1135 ) ) GLOBAL_UNIT_ASSIGNED_CONTEXT ( ( #2866, #694, #724 ) ) REPRESENTATION_CONTEXT ( 'NONE', 'WORKASPACE' ) );
#429 = ORIENTED_EDGE ( 'NONE', *, *, #25, .T. ) ;
#430 = CARTESIAN_POINT ( 'NONE',  ( -0.9741180954897484812, 0.2999999999999999334, 0.7034074173710924693 ) ) ;
#431 = FACE_OUTER_BOUND ( 'NONE', #2995, .T. ) ;
#432 = EDGE_CURVE ( 'NONE', #136, #2814, #771, .T. ) ;
#433 =( GEOMETRIC_REPRESENTATION_CONTEXT ( 3 ) GLOBAL_UNCERTAINTY_ASSIGNED_CONTEXT ( ( #3956 ) ) GLOBAL_UNIT_ASSIGNED_CONTEXT ( ( #3877, #3229, #9 ) ) REPRESENTATION_CONTEXT ( 'NONE', 'WORKASPACE' ) );
#434 = AXIS2_PLACEMENT_3D ( 'NONE', #1044, #4446, #3393 ) ;
#435 = CARTESIAN_POINT ( 'NONE',  ( 0.7523598775598296928, 0.6700000000000000400, -0.6999999999999998446 ) ) ;
#436 = AXIS2_PLACEMENT_3D ( 'NONE', #258, #4508, #2015 ) ;
#437 = VERTEX_POINT ( 'NONE', #3633 ) ;
#438 = FILL_AREA_STYLE_COLOUR ( '', #2853 ) ;
#439 = CARTESIAN_POINT ( 'NONE',  ( -0.6999999999999999556, 0.7599999999999997868, 0.6499999999999998002 ) ) ;
#440 = EDGE_CURVE ( 'NONE', #2680, #1014, #22, .T. ) ;
#441 = LINE ( 'NONE', #850, #1890 ) ;
#442 = ORIENTED_EDGE ( 'NONE', *, *, #4563, .T. ) ;
#443 = AXIS2_PLACEMENT_3D ( 'NONE', #777, #4299, #4389 ) ;
#444 = EDGE_LOOP ( 'NONE', ( #3777, #4494, #2379, #2139 ) ) ;
#445 = ORIENTED_EDGE ( 'NONE', *, *, #366, .T. ) ;
#446 = UNCERTAINTY_MEASURE_WITH_UNIT (LENGTH_MEASURE( 1.000000000000000082E-05 ), #3050, 'distance_accuracy_value', 'NONE');
#447 = DIRECTION ( 'NONE',  ( -0.000000000000000000, -1.000000000000000000, -0.000000000000000000 ) ) ;
#448 = CARTESIAN_POINT ( 'NONE',  ( -0.7160022638161575026, 0.6000000000000000888, 0.7399999997106095906 ) ) ;
#449 = AXIS2_PLACEMENT_3D ( 'NONE', #1650, #2694, #205 ) ;
#450 = CARTESIAN_POINT ( 'NONE',  ( 0.3500000000000000888, 1.114998880451716579, 0.7299999999999994271 ) ) ;
#451 = FACE_OUTER_BOUND ( 'NONE', #2141, .T. ) ;
#452 = EDGE_LOOP ( 'NONE', ( #3510, #950, #753, #1157 ) ) ;
#453 = CARTESIAN_POINT ( 'NONE',  ( -0.9000000000000000222, 0.6700000000000009281, 0.4999999999999998890 ) ) ;
#454 = CARTESIAN_POINT ( 'NONE',  ( -0.7630082349132858432, 0.6000000000000000888, -0.7399999988605414636 ) ) ;
#455 = FILL_AREA_STYLE ('',( #736 ) ) ;
#456 = EDGE_CURVE ( 'NONE', #789, #78, #3244, .T. ) ;
#457 = ADVANCED_FACE ( 'NONE', ( #2830 ), #797, .T. ) ;
#458 = VERTEX_POINT ( 'NONE', #1076 ) ;
#459 = EDGE_CURVE ( 'NONE', #3212, #246, #2197, .T. ) ;
#460 = EDGE_LOOP ( 'NONE', ( #754, #3438, #4300, #416 ) ) ;
#461 = EDGE_CURVE ( 'NONE', #2003, #2634, #2550, .T. ) ;
#462 = CARTESIAN_POINT ( 'NONE',  ( -0.9399999997106093241, 0.5999999999999999778, -0.5160022638161582131 ) ) ;
#463 = CARTESIAN_POINT ( 'NONE',  ( 0.3500000000000000333, 0.2999999999999999889, 0.2499999999999995282 ) ) ;
#464 = CARTESIAN_POINT ( 'NONE',  ( 0.6999999999999995115, 0.6000000000000000888, 0.7399999999999997691 ) ) ;
#465 = AXIS2_PLACEMENT_3D ( 'NONE', #354, #3134, #3501 ) ;
#466 = VERTEX_POINT ( 'NONE', #731 ) ;
#467 =( BOUNDED_SURFACE ( )  B_SPLINE_SURFACE ( 2, 3, ( 
 ( #475, #4003, #196, #1895 ),
 ( #4048, #1577, #1871, #2961 ),
 ( #1228, #3699, #518, #174 ) ),
 .UNSPECIFIED., .F., .F., .T. ) 
 B_SPLINE_SURFACE_WITH_KNOTS ( ( 3, 3 ),
 ( 4, 4 ),
 ( 0.000000000000000000, 1.000000000000000000 ),
 ( -0.001399999999999999769, 0.000000000000000000 ),
 .UNSPECIFIED. ) 
 GEOMETRIC_REPRESENTATION_ITEM ( )  RATIONAL_B_SPLINE_SURFACE ( (
 ( 1.000000000000000000, 1.000000000000000000, 1.000000000000000000, 1.000000000000000000),
 ( 0.7071067811865475727, 0.7071067811865475727, 0.7071067811865475727, 0.7071067811865475727),
 ( 1.000000000000000000, 1.000000000000000000, 1.000000000000000000, 1.000000000000000000) ) ) 
 REPRESENTATION_ITEM ( '' )  SURFACE ( )  );
#468 = ORIENTED_EDGE ( 'NONE', *, *, #4231, .F. ) ;
#469 = CARTESIAN_POINT ( 'NONE',  ( 0.9299999999999999378, 0.000000000000000000, -0.2499999999999994171 ) ) ;
#470 = ORIENTED_EDGE ( 'NONE', *, *, #166, .T. ) ;
#471 = FILL_AREA_STYLE_COLOUR ( '', #3839 ) ;
#472 = APPLICATION_PROTOCOL_DEFINITION ( 'draft international standard', 'automotive_design', 1998, #290 ) ;
#473 = FACE_OUTER_BOUND ( 'NONE', #2562, .T. ) ;
#474 = EDGE_LOOP ( 'NONE', ( #1221, #3317, #2983, #3418 ) ) ;
#475 = CARTESIAN_POINT ( 'NONE',  ( 0.6999999999999997335, 0.6000000000000000888, 0.7399999999999998801 ) ) ;
#476 = DIRECTION ( 'NONE',  ( -0.000000000000000000, -1.000000000000000000, -0.000000000000000000 ) ) ;
#477 = ORIENTED_EDGE ( 'NONE', *, *, #3945, .T. ) ;
#478 = CARTESIAN_POINT ( 'NONE',  ( 0.9741180954897482591, 0.000000000000000000, -0.7034074173710926914 ) ) ;
#479 = CARTESIAN_POINT ( 'NONE',  ( 0.9741180954897482591, 0.000000000000000000, -0.7034074173710926914 ) ) ;
#480 = VECTOR ( 'NONE', #1724, 1000.000000000000000 ) ;
#481 = CIRCLE ( 'NONE', #3362, 0.1700000000000000122 ) ;
#482 = PRESENTATION_LAYER_ASSIGNMENT (  '', '', ( #2488 ) ) ;
#483 = DIRECTION ( 'NONE',  ( 0.000000000000000000, -1.000000000000000000, 0.000000000000000000 ) ) ;
#484 = PRESENTATION_LAYER_ASSIGNMENT (  '', '', ( #3963 ) ) ;
#485 = CARTESIAN_POINT ( 'NONE',  ( -0.9741180954897484812, 0.2999999999999999889, 0.7034074173710924693 ) ) ;
#486 = VERTEX_POINT ( 'NONE', #2131 ) ;
#487 = VERTEX_POINT ( 'NONE', #3547 ) ;
#488 = VECTOR ( 'NONE', #3869, 1000.000000000000000 ) ;
#489 = DIRECTION ( 'NONE',  ( 0.000000000000000000, 0.000000000000000000, 1.000000000000000000 ) ) ;
#490 = CARTESIAN_POINT ( 'NONE',  ( -1.000000000000000000, 0.000000000000000000, -0.7999999999999999334 ) ) ;
#491 = PRESENTATION_LAYER_ASSIGNMENT (  '', '', ( #4478 ) ) ;
#492 = DIRECTION ( 'NONE',  ( 0.000000000000000000, 1.000000000000000000, 0.000000000000000000 ) ) ;
#493 = ORIENTED_EDGE ( 'NONE', *, *, #2458, .F. ) ;
#494 =( GEOMETRIC_REPRESENTATION_CONTEXT ( 3 ) GLOBAL_UNCERTAINTY_ASSIGNED_CONTEXT ( ( #2951 ) ) GLOBAL_UNIT_ASSIGNED_CONTEXT ( ( #2807, #3469, #1090 ) ) REPRESENTATION_CONTEXT ( 'NONE', 'WORKASPACE' ) );
#495 = ORIENTED_EDGE ( 'NONE', *, *, #4178, .T. ) ;
#496 = DIRECTION ( 'NONE',  ( -1.324493597220964017E-15, 0.000000000000000000, 1.000000000000000000 ) ) ;
#497 = ORIENTED_EDGE ( 'NONE', *, *, #1715, .F. ) ;
#498 = SURFACE_STYLE_FILL_AREA ( #2284 ) ;
#499 = LINE ( 'NONE', #3982, #4021 ) ;
#500 = DIRECTION ( 'NONE',  ( -0.000000000000000000, 1.000000000000000000, -0.000000000000000000 ) ) ;
#501 = ORIENTED_EDGE ( 'NONE', *, *, #2974, .F. ) ;
#502 =( NAMED_UNIT ( * ) PLANE_ANGLE_UNIT ( ) SI_UNIT ( $, .RADIAN. ) );
#503 = PRESENTATION_STYLE_ASSIGNMENT (( #107 ) ) ;
#504 = EDGE_CURVE ( 'NONE', #1085, #3857, #3478, .T. ) ;
#505 = CARTESIAN_POINT ( 'NONE',  ( 0.8699999999999998845, 0.6700000000000000400, -0.5000000000000000000 ) ) ;
#506 = DIRECTION ( 'NONE',  ( -1.000000000000000000, -0.000000000000000000, -0.000000000000000000 ) ) ;
#507 = EDGE_CURVE ( 'NONE', #3058, #3959, #4257, .T. ) ;
#508 = STYLED_ITEM ( 'NONE', ( #141 ), #132 ) ;
#509 = B_SPLINE_CURVE_WITH_KNOTS ( 'NONE', 3,
 ( #4408, #4054, #2650, #3030, #1963, #4427 ),
 .UNSPECIFIED., .F., .F.,
 ( 4, 2, 4 ),
 ( 0.000000000000000000, 0.5000000000000000000, 1.000000000000000000 ),
 .UNSPECIFIED. ) ;
#510 = DIRECTION ( 'NONE',  ( 0.000000000000000000, 0.000000000000000000, 1.000000000000000000 ) ) ;
#511 = CARTESIAN_POINT ( 'NONE',  ( -0.6800000000000000488, 0.7900000000000000355, 0.4200000000000002620 ) ) ;
#512 = ORIENTED_EDGE ( 'NONE', *, *, #3361, .T. ) ;
#513 = EDGE_CURVE ( 'NONE', #1950, #3602, #904, .T. ) ;
#514 = ORIENTED_EDGE ( 'NONE', *, *, #3492, .F. ) ;
#515 = PLANE ( 'NONE',  #4384 ) ;
#516 = CIRCLE ( 'NONE', #681, 0.1099999999999999034 ) ;
#517 = VECTOR ( 'NONE', #1649, 1000.000000000000000 ) ;
#518 = CARTESIAN_POINT ( 'NONE',  ( -0.2333333333333336701, 0.6700000000000000400, 0.6999999999999998446 ) ) ;
#519 = LINE ( 'NONE', #2311, #2412 ) ;
#520 = ORIENTED_EDGE ( 'NONE', *, *, #3666, .F. ) ;
#521 = VECTOR ( 'NONE', #3709, 1000.000000000000000 ) ;
#522 = CARTESIAN_POINT ( 'NONE',  ( 0.000000000000000000, 0.8000000000000000444, 0.000000000000000000 ) ) ;
#523 = DIRECTION ( 'NONE',  ( -1.000000000000000000, -0.000000000000000000, -0.000000000000000000 ) ) ;
#524 = SURFACE_STYLE_FILL_AREA ( #2405 ) ;
#525 = LINE ( 'NONE', #575, #2027 ) ;
#526 = SURFACE_SIDE_STYLE ('',( #2967 ) ) ;
#527 = CARTESIAN_POINT ( 'NONE',  ( -0.6999999999999999556, 0.6999999999999999556, 0.6699999999999999289 ) ) ;
#528 = SURFACE_STYLE_FILL_AREA ( #1214 ) ;
#529 = CARTESIAN_POINT ( 'NONE',  ( -0.6000000000000001998, 0.000000000000000000, 0.2499999999999998890 ) ) ;
#530 = FACE_OUTER_BOUND ( 'NONE', #3747, .T. ) ;
#531 = PLANE ( 'NONE',  #2331 ) ;
#532 = VERTEX_POINT ( 'NONE', #4345 ) ;
#533 = AXIS2_PLACEMENT_3D ( 'NONE', #4529, #1694, #3397 ) ;
#534 = PRESENTATION_LAYER_ASSIGNMENT (  '', '', ( #1289 ) ) ;
#535 = CYLINDRICAL_SURFACE ( 'NONE', #825, 0.1499999999999998557 ) ;
#536 = VECTOR ( 'NONE', #3329, 1000.000000000000000 ) ;
#537 = VERTEX_POINT ( 'NONE', #2688 ) ;
#538 = EDGE_CURVE ( 'NONE', #246, #2533, #1208, .T. ) ;
#539 = EDGE_CURVE ( 'NONE', #3197, #1437, #177, .T. ) ;
#540 = DIRECTION ( 'NONE',  ( 0.000000000000000000, -1.000000000000000000, 0.000000000000000000 ) ) ;
#541 = CARTESIAN_POINT ( 'NONE',  ( -0.3499999999999998668, 0.2999999999999999889, -0.7299999999999995381 ) ) ;
#542 = ORIENTED_EDGE ( 'NONE', *, *, #3405, .T. ) ;
#543 = DIRECTION ( 'NONE',  ( 0.000000000000000000, 0.000000000000000000, 1.000000000000000000 ) ) ;
#544 = DIRECTION ( 'NONE',  ( -1.000000000000000000, 0.000000000000000000, 7.744301232039319147E-17 ) ) ;
#545 = SURFACE_STYLE_USAGE ( .BOTH. , #2738 ) ;
#546 = CYLINDRICAL_SURFACE ( 'NONE', #775, 0.05999999999999994227 ) ;
#547 = CARTESIAN_POINT ( 'NONE',  ( 0.8999999999999998002, 0.5999999999999999778, 0.8000000000000001554 ) ) ;
#548 = LINE ( 'NONE', #1967, #2681 ) ;
#549 = DIRECTION ( 'NONE',  ( 0.000000000000000000, 0.000000000000000000, 1.000000000000000000 ) ) ;
#550 = LINE ( 'NONE', #3379, #4114 ) ;
#551 = AXIS2_PLACEMENT_3D ( 'NONE', #1151, #3601, #2514 ) ;
#552 = AXIS2_PLACEMENT_3D ( 'NONE', #4432, #3757, #489 ) ;
#553 = ADVANCED_FACE ( 'NONE', ( #2963, #1874 ), #2290, .T. ) ;
#554 =( GEOMETRIC_REPRESENTATION_CONTEXT ( 3 ) GLOBAL_UNCERTAINTY_ASSIGNED_CONTEXT ( ( #2532 ) ) GLOBAL_UNIT_ASSIGNED_CONTEXT ( ( #3000, #2684, #880 ) ) REPRESENTATION_CONTEXT ( 'NONE', 'WORKASPACE' ) );
#555 = CARTESIAN_POINT ( 'NONE',  ( -0.9299999999999999378, 0.000000000000000000, 0.2499999999999991951 ) ) ;
#556 = CARTESIAN_POINT ( 'NONE',  ( -0.9299999999999999378, 0.2999999999999999889, -0.2499999999999996392 ) ) ;
#557 = CARTESIAN_POINT ( 'NONE',  ( 0.3500000000000000888, 0.2999999999999999889, -0.7299999999999994271 ) ) ;
#558 = VERTEX_POINT ( 'NONE', #3287 ) ;
#559 = ADVANCED_FACE ( 'NONE', ( #2648 ), #2599, .T. ) ;
#560 = VECTOR ( 'NONE', #821, 1000.000000000000000 ) ;
#561 = ADVANCED_FACE ( 'NONE', ( #1256 ), #2985, .F. ) ;
#562 = MECHANICAL_DESIGN_GEOMETRIC_PRESENTATION_REPRESENTATION (  '', ( #3380 ), #2057 ) ;
#563 = PLANE ( 'NONE',  #4252 ) ;
#564 = MECHANICAL_DESIGN_GEOMETRIC_PRESENTATION_REPRESENTATION (  '', ( #2651 ), #646 ) ;
#565 = DIRECTION ( 'NONE',  ( 0.000000000000000000, -1.000000000000000000, 0.000000000000000000 ) ) ;
#566 = CARTESIAN_POINT ( 'NONE',  ( 0.6999999999999997335, 0.5999999999999999778, 0.7399999999999998801 ) ) ;
#567 = ORIENTED_EDGE ( 'NONE', *, *, #2911, .F. ) ;
#568 = AXIS2_PLACEMENT_3D ( 'NONE', #2385, #2713, #4112 ) ;
#569 = CARTESIAN_POINT ( 'NONE',  ( 0.8999999999999999112, 0.6000000000000000888, 0.5000000000000000000 ) ) ;
#570 = LINE ( 'NONE', #4443, #2490 ) ;
#571 = ORIENTED_EDGE ( 'NONE', *, *, #1777, .T. ) ;
#572 = CARTESIAN_POINT ( 'NONE',  ( 0.9299999999999999378, 0.000000000000000000, 0.2499999999999994171 ) ) ;
#573 = CARTESIAN_POINT ( 'NONE',  ( 0.8592893218813458800, 1.114998880451716579, -0.7299999999999998712 ) ) ;
#574 = DIRECTION ( 'NONE',  ( -0.000000000000000000, -1.000000000000000000, -0.000000000000000000 ) ) ;
#575 = CARTESIAN_POINT ( 'NONE',  ( 0.9300000000000002709, 0.2999999999999999889, -0.6592893218813449252 ) ) ;
#576 = AXIS2_PLACEMENT_3D ( 'NONE', #4141, #3381, #2373 ) ;
#577 = SURFACE_SIDE_STYLE ('',( #283 ) ) ;
#578 = DIRECTION ( 'NONE',  ( -1.000000000000000000, -0.000000000000000000, -0.000000000000000000 ) ) ;
#579 = EDGE_CURVE ( 'NONE', #1255, #4357, #3840, .T. ) ;
#580 = DIRECTION ( 'NONE',  ( 0.000000000000000000, 0.000000000000000000, 1.000000000000000000 ) ) ;
#581 = DIRECTION ( 'NONE',  ( -1.869314090492249798E-16, 0.000000000000000000, 1.000000000000000000 ) ) ;
#582 = EDGE_CURVE ( 'NONE', #3512, #1880, #842, .T. ) ;
#583 = ORIENTED_EDGE ( 'NONE', *, *, #3065, .F. ) ;
#584 = CARTESIAN_POINT ( 'NONE',  ( 0.6999999999999999556, 0.6999999999999999556, -0.5000000000000000000 ) ) ;
#585 = DIRECTION ( 'NONE',  ( 0.000000000000000000, 0.000000000000000000, 1.000000000000000000 ) ) ;
#586 = CARTESIAN_POINT ( 'NONE',  ( 0.7525068624277344576, 0.6000000000000137446, 0.6999999990504519598 ) ) ;
#587 = EDGE_LOOP ( 'NONE', ( #339, #3149, #974, #4173 ) ) ;
#588 = AXIS2_PLACEMENT_3D ( 'NONE', #316, #592, #3044 ) ;
#589 = AXIS2_PLACEMENT_3D ( 'NONE', #1992, #1904, #2672 ) ;
#590 = VECTOR ( 'NONE', #1393, 1000.000000000000000 ) ;
#591 = DIRECTION ( 'NONE',  ( 1.324493597220963820E-15, 0.000000000000000000, -1.000000000000000000 ) ) ;
#592 = DIRECTION ( 'NONE',  ( 0.000000000000000000, -1.000000000000000000, 0.000000000000000000 ) ) ;
#593 = DIRECTION ( 'NONE',  ( 2.648987194441928232E-16, 0.000000000000000000, 1.000000000000000000 ) ) ;
#594 = ORIENTED_EDGE ( 'NONE', *, *, #3948, .F. ) ;
#595 = B_SPLINE_CURVE_WITH_KNOTS ( 'NONE', 3,
 ( #4282, #462, #1791, #805, #1174, #1810, #2204, #3204, #1836, #31 ),
 .UNSPECIFIED., .F., .F.,
 ( 4, 2, 2, 2, 4 ),
 ( 0.000000000000000000, 0.1249999999999999445, 0.2499999999999998890, 0.5000000000000001110, 1.000000000000000000 ),
 .UNSPECIFIED. ) ;
#596 = DIRECTION ( 'NONE',  ( 0.000000000000000000, 0.000000000000000000, -1.000000000000000000 ) ) ;
#597 = LINE ( 'NONE', #2382, #114 ) ;
#598 = ORIENTED_EDGE ( 'NONE', *, *, #2223, .F. ) ;
#599 = DIRECTION ( 'NONE',  ( 1.000000000000000000, -0.000000000000000000, -1.869314090492249305E-16 ) ) ;
#600 = LINE ( 'NONE', #279, #3036 ) ;
#601 = SURFACE_STYLE_FILL_AREA ( #3771 ) ;
#602 =( LENGTH_UNIT ( ) NAMED_UNIT ( * ) SI_UNIT ( .MILLI., .METRE. ) );
#603 = VECTOR ( 'NONE', #2761, 1000.000000000000000 ) ;
#604 = SURFACE_STYLE_USAGE ( .BOTH. , #2386 ) ;
#605 = CARTESIAN_POINT ( 'NONE',  ( 0.8592893218813458800, 0.2999999999999999889, -0.7299999999999998712 ) ) ;
#606 = CARTESIAN_POINT ( 'NONE',  ( 0.3500000000000000333, 0.2999999999999999889, 0.2499999999999995282 ) ) ;
#607 = PRESENTATION_STYLE_ASSIGNMENT (( #1329 ) ) ;
#608 = EDGE_CURVE ( 'NONE', #1426, #4129, #199, .T. ) ;
#609 = ADVANCED_FACE ( 'NONE', ( #3309 ), #137, .F. ) ;
#610 = EDGE_CURVE ( 'NONE', #80, #3345, #926, .T. ) ;
#611 = ADVANCED_FACE ( 'NONE', ( #2360 ), #1666, .T. ) ;
#612 = VERTEX_POINT ( 'NONE', #2011 ) ;
#613 = PRESENTATION_STYLE_ASSIGNMENT (( #2067 ) ) ;
#614 = CARTESIAN_POINT ( 'NONE',  ( 0.6999999999999999556, 0.7000000000000000666, -0.6499999999999999112 ) ) ;
#615 = PLANE ( 'NONE',  #3795 ) ;
#616 = ORIENTED_EDGE ( 'NONE', *, *, #1287, .F. ) ;
#617 = EDGE_CURVE ( 'NONE', #1095, #4295, #4204, .T. ) ;
#618 = DIRECTION ( 'NONE',  ( 0.000000000000000000, -1.000000000000000000, 0.000000000000000000 ) ) ;
#619 = DIRECTION ( 'NONE',  ( 0.000000000000000000, -0.000000000000000000, -1.000000000000000000 ) ) ;
#620 = DIRECTION ( 'NONE',  ( 1.000000000000000000, -0.000000000000000000, -1.869314090492249305E-16 ) ) ;
#621 = ORIENTED_EDGE ( 'NONE', *, *, #3945, .F. ) ;
#622 = MECHANICAL_DESIGN_GEOMETRIC_PRESENTATION_REPRESENTATION (  '', ( #3723 ), #774 ) ;
#623 = CARTESIAN_POINT ( 'NONE',  ( -0.9034074173710932021, 0.2999999999999999889, -0.7741180954897477484 ) ) ;
#624 = CARTESIAN_POINT ( 'NONE',  ( 0.8999999999999999112, 0.000000000000000000, -0.7999999999999999334 ) ) ;
#625 = EDGE_LOOP ( 'NONE', ( #3736, #1420, #287, #2639 ) ) ;
#626 = VECTOR ( 'NONE', #839, 1000.000000000000000 ) ;
#627 = LINE ( 'NONE', #252, #214 ) ;
#628 = LINE ( 'NONE', #2737, #517 ) ;
#629 = CARTESIAN_POINT ( 'NONE',  ( -0.9000000000000000222, 0.6700000000000025935, -0.4999999999999998890 ) ) ;
#630 = VECTOR ( 'NONE', #1595, 1000.000000000000000 ) ;
#631 = FACE_OUTER_BOUND ( 'NONE', #4376, .T. ) ;
#632 = LINE ( 'NONE', #2718, #521 ) ;
#633 = PLANE ( 'NONE',  #3622 ) ;
#634 =( NAMED_UNIT ( * ) PLANE_ANGLE_UNIT ( ) SI_UNIT ( $, .RADIAN. ) );
#635 = VERTEX_POINT ( 'NONE', #674 ) ;
#636 = DIRECTION ( 'NONE',  ( 0.000000000000000000, 0.000000000000000000, 1.000000000000000000 ) ) ;
#637 = CARTESIAN_POINT ( 'NONE',  ( 0.3500000000000000888, 0.2999999999999999889, -0.7299999999999994271 ) ) ;
#638 = VERTEX_POINT ( 'NONE', #4474 ) ;
#639 = VECTOR ( 'NONE', #4331, 1000.000000000000000 ) ;
#640 = CARTESIAN_POINT ( 'NONE',  ( 1.000000000000000000, 0.5999999999999999778, -0.6999999999999997335 ) ) ;
#641 = B_SPLINE_CURVE_WITH_KNOTS ( 'NONE', 3,
 ( #1159, #448, #406, #1783, #18, #2867, #1134, #1870, #3281, #1823 ),
 .UNSPECIFIED., .F., .F.,
 ( 4, 2, 2, 2, 4 ),
 ( 0.000000000000000000, 0.1250000000000001110, 0.2500000000000002220, 0.5000000000000000000, 1.000000000000000000 ),
 .UNSPECIFIED. ) ;
#642 = CARTESIAN_POINT ( 'NONE',  ( 0.3500000000000000888, 0.000000000000000000, -0.7299999999999994271 ) ) ;
#643 = VECTOR ( 'NONE', #3047, 1000.000000000000000 ) ;
#644 = DIRECTION ( 'NONE',  ( 0.7071067811865483499, 0.000000000000000000, -0.7071067811865465735 ) ) ;
#645 = ORIENTED_EDGE ( 'NONE', *, *, #2110, .T. ) ;
#646 =( GEOMETRIC_REPRESENTATION_CONTEXT ( 3 ) GLOBAL_UNCERTAINTY_ASSIGNED_CONTEXT ( ( #3279 ) ) GLOBAL_UNIT_ASSIGNED_CONTEXT ( ( #4310, #4137, #4509 ) ) REPRESENTATION_CONTEXT ( 'NONE', 'WORKASPACE' ) );
#647 =( NAMED_UNIT ( * ) PLANE_ANGLE_UNIT ( ) SI_UNIT ( $, .RADIAN. ) );
#648 = ORIENTED_EDGE ( 'NONE', *, *, #399, .F. ) ;
#649 = LINE ( 'NONE', #322, #64 ) ;
#650 = LINE ( 'NONE', #3489, #873 ) ;
#651 = FACE_OUTER_BOUND ( 'NONE', #3519, .T. ) ;
#652 = COLOUR_RGB ( '',0.9686274509803921573, 0.8784313725490195957, 0.5999999999999999778 ) ;
#653 = DIRECTION ( 'NONE',  ( 0.000000000000000000, 0.000000000000000000, -1.000000000000000000 ) ) ;
#654 = CARTESIAN_POINT ( 'NONE',  ( 0.6999999999999999556, 0.6700000000000000400, -0.5000000000000000000 ) ) ;
#655 = DIRECTION ( 'NONE',  ( 1.000000000000000000, 0.000000000000000000, 0.000000000000000000 ) ) ;
#656 = EDGE_CURVE ( 'NONE', #4378, #3410, #3049, .T. ) ;
#657 =( BOUNDED_CURVE ( )  B_SPLINE_CURVE ( 2, ( #4172, #2451, #3189 ),
 .UNSPECIFIED., .F., .F. ) 
 B_SPLINE_CURVE_WITH_KNOTS ( ( 3, 3 ),
 ( 0.000000000000000000, 1.000000000000000000 ),
 .UNSPECIFIED. ) 
 CURVE ( )  GEOMETRIC_REPRESENTATION_ITEM ( )  RATIONAL_B_SPLINE_CURVE ( ( 1.000000000000000000, 0.7071067811865475727, 1.000000000000000000 ) ) 
 REPRESENTATION_ITEM ( '' )  );
#658 = ORIENTED_EDGE ( 'NONE', *, *, #2447, .T. ) ;
#659 = EDGE_CURVE ( 'NONE', #2237, #3606, #627, .T. ) ;
#660 = FILL_AREA_STYLE_COLOUR ( '', #158 ) ;
#661 = DIRECTION ( 'NONE',  ( 0.000000000000000000, 0.000000000000000000, -1.000000000000000000 ) ) ;
#662 = ORIENTED_EDGE ( 'NONE', *, *, #1518, .T. ) ;
#663 = PRESENTATION_LAYER_ASSIGNMENT (  '', '', ( #2435 ) ) ;
#664 = CARTESIAN_POINT ( 'NONE',  ( -0.9299999999999999378, 0.2999999999999999889, -0.2499999999999996392 ) ) ;
#665 = UNCERTAINTY_MEASURE_WITH_UNIT (LENGTH_MEASURE( 1.000000000000000082E-05 ), #2018, 'distance_accuracy_value', 'NONE');
#666 = CYLINDRICAL_SURFACE ( 'NONE', #265, 0.05999999999999994227 ) ;
#667 = EDGE_LOOP ( 'NONE', ( #1662, #1330, #3434, #2413 ) ) ;
#668 = AXIS2_PLACEMENT_3D ( 'NONE', #1921, #1580, #4407 ) ;
#669 = EDGE_CURVE ( 'NONE', #2304, #1050, #1298, .T. ) ;
#670 = ADVANCED_FACE ( 'NONE', ( #1322 ), #3768, .T. ) ;
#671 = FACE_OUTER_BOUND ( 'NONE', #3575, .T. ) ;
#672 = DIRECTION ( 'NONE',  ( 1.000000000000000000, -0.000000000000000000, 1.064426570422088950E-15 ) ) ;
#673 = VERTEX_POINT ( 'NONE', #1692 ) ;
#674 = CARTESIAN_POINT ( 'NONE',  ( -0.8592893218813461020, 0.000000000000000000, 0.7299999999999996492 ) ) ;
#675 = VECTOR ( 'NONE', #980, 1000.000000000000000 ) ;
#676 = CYLINDRICAL_SURFACE ( 'NONE', #1199, 0.09999999999999993616 ) ;
#677 = DIRECTION ( 'NONE',  ( 0.000000000000000000, 0.000000000000000000, 1.000000000000000000 ) ) ;
#678 = CARTESIAN_POINT ( 'NONE',  ( 0.6999999999999999556, 0.7599999999999997868, 0.4999999999999998890 ) ) ;
#679 = DIRECTION ( 'NONE',  ( 0.000000000000000000, -1.000000000000000000, 0.000000000000000000 ) ) ;
#680 = PLANE ( 'NONE',  #1972 ) ;
#681 = AXIS2_PLACEMENT_3D ( 'NONE', #2916, #1096, #4234 ) ;
#682 =( GEOMETRIC_REPRESENTATION_CONTEXT ( 3 ) GLOBAL_UNCERTAINTY_ASSIGNED_CONTEXT ( ( #665 ) ) GLOBAL_UNIT_ASSIGNED_CONTEXT ( ( #2018, #2154, #3202 ) ) REPRESENTATION_CONTEXT ( 'NONE', 'WORKASPACE' ) );
#683 = VERTEX_POINT ( 'NONE', #3097 ) ;
#684 = VECTOR ( 'NONE', #3217, 1000.000000000000000 ) ;
#685 = FACE_OUTER_BOUND ( 'NONE', #3062, .T. ) ;
#686 = ORIENTED_EDGE ( 'NONE', *, *, #123, .T. ) ;
#687 = DIRECTION ( 'NONE',  ( -1.129377263005734114E-16, -0.000000000000000000, -1.000000000000000000 ) ) ;
#688 = SURFACE_SIDE_STYLE ('',( #739 ) ) ;
#689 = LINE ( 'NONE', #2029, #4323 ) ;
#690 = ORIENTED_EDGE ( 'NONE', *, *, #1946, .T. ) ;
#691 = ORIENTED_EDGE ( 'NONE', *, *, #617, .F. ) ;
#692 = FACE_OUTER_BOUND ( 'NONE', #1601, .T. ) ;
#693 = VERTEX_POINT ( 'NONE', #2760 ) ;
#694 =( NAMED_UNIT ( * ) PLANE_ANGLE_UNIT ( ) SI_UNIT ( $, .RADIAN. ) );
#695 =( NAMED_UNIT ( * ) SI_UNIT ( $, .STERADIAN. ) SOLID_ANGLE_UNIT ( ) );
#696 =( NAMED_UNIT ( * ) PLANE_ANGLE_UNIT ( ) SI_UNIT ( $, .RADIAN. ) );
#697 = ADVANCED_FACE ( 'NONE', ( #2404 ), #2077, .T. ) ;
#698 = EDGE_CURVE ( 'NONE', #4129, #376, #649, .T. ) ;
#699 = AXIS2_PLACEMENT_3D ( 'NONE', #557, #2322, #4488 ) ;
#700 = SURFACE_STYLE_FILL_AREA ( #4253 ) ;
#701 = CARTESIAN_POINT ( 'NONE',  ( -1.000000000000000000, 0.000000000000000000, 0.8000000000000001554 ) ) ;
#702 = ORIENTED_EDGE ( 'NONE', *, *, #1635, .T. ) ;
#703 = DIRECTION ( 'NONE',  ( 1.324493597220963820E-15, 0.000000000000000000, -1.000000000000000000 ) ) ;
#704 = CARTESIAN_POINT ( 'NONE',  ( 0.9741180954897482591, 0.000000000000000000, 0.7034074173710926914 ) ) ;
#705 = VECTOR ( 'NONE', #4391, 1000.000000000000000 ) ;
#706 = ORIENTED_EDGE ( 'NONE', *, *, #1125, .F. ) ;
#707 = DIRECTION ( 'NONE',  ( -1.000000000000000000, -0.000000000000000000, -8.515412563376710418E-16 ) ) ;
#708 =( NAMED_UNIT ( * ) SI_UNIT ( $, .STERADIAN. ) SOLID_ANGLE_UNIT ( ) );
#709 = ORIENTED_EDGE ( 'NONE', *, *, #1853, .F. ) ;
#710 = EDGE_CURVE ( 'NONE', #1017, #638, #2055, .T. ) ;
#711 = CARTESIAN_POINT ( 'NONE',  ( -0.9399999999999999467, 0.6000000000000000888, 0.1666666666666664631 ) ) ;
#712 = PRESENTATION_LAYER_ASSIGNMENT (  '', '', ( #2773 ) ) ;
#713 = CARTESIAN_POINT ( 'NONE',  ( -0.3499999999999999778, 1.114998880451716579, 0.4999999999999997780 ) ) ;
#714 = ADVANCED_FACE ( 'NONE', ( #1710 ), #2806, .T. ) ;
#715 = CARTESIAN_POINT ( 'NONE',  ( -0.6800000000000000488, 0.8000000000000000444, 0.5400000000000001465 ) ) ;
#716 = EDGE_CURVE ( 'NONE', #3269, #1886, #3020, .T. ) ;
#717 = VECTOR ( 'NONE', #3878, 1000.000000000000000 ) ;
#718 = VERTEX_POINT ( 'NONE', #3883 ) ;
#719 = VECTOR ( 'NONE', #2345, 1000.000000000000000 ) ;
#720 = VECTOR ( 'NONE', #3215, 1000.000000000000000 ) ;
#721 = VERTEX_POINT ( 'NONE', #2123 ) ;
#722 = VECTOR ( 'NONE', #672, 1000.000000000000000 ) ;
#723 = ORIENTED_EDGE ( 'NONE', *, *, #1674, .F. ) ;
#724 =( NAMED_UNIT ( * ) SI_UNIT ( $, .STERADIAN. ) SOLID_ANGLE_UNIT ( ) );
#725 = CARTESIAN_POINT ( 'NONE',  ( -0.8999999999999999112, 0.000000000000000000, -0.7999999999999999334 ) ) ;
#726 =( LENGTH_UNIT ( ) NAMED_UNIT ( * ) SI_UNIT ( .MILLI., .METRE. ) );
#727 = VECTOR ( 'NONE', #4336, 1000.000000000000000 ) ;
#728 = CARTESIAN_POINT ( 'NONE',  ( -1.000000000000000000, 0.000000000000000000, -0.7999999999999999334 ) ) ;
#729 = CARTESIAN_POINT ( 'NONE',  ( 0.1499999999999999944, 0.000000000000000000, -0.7999999999999998224 ) ) ;
#730 = EDGE_LOOP ( 'NONE', ( #3292, #2920, #21, #2953 ) ) ;
#731 = CARTESIAN_POINT ( 'NONE',  ( 0.3500000000000000888, 0.000000000000000000, -0.7299999999999994271 ) ) ;
#732 = MECHANICAL_DESIGN_GEOMETRIC_PRESENTATION_REPRESENTATION (  '', ( #3162 ), #2496 ) ;
#733 = ADVANCED_FACE ( 'NONE', ( #3540 ), #2095, .F. ) ;
#734 = ADVANCED_FACE ( 'NONE', ( #4290 ), #3564, .T. ) ;
#735 = ORIENTED_EDGE ( 'NONE', *, *, #4090, .T. ) ;
#736 = FILL_AREA_STYLE_COLOUR ( '', #3354 ) ;
#737 = ORIENTED_EDGE ( 'NONE', *, *, #2433, .F. ) ;
#738 = FILL_AREA_STYLE ('',( #438 ) ) ;
#739 = SURFACE_STYLE_FILL_AREA ( #2181 ) ;
#740 = CARTESIAN_POINT ( 'NONE',  ( 0.9300000000000002709, 1.114998880451716579, 0.6592893218813449252 ) ) ;
#741 = VERTEX_POINT ( 'NONE', #84 ) ;
#742 = ORIENTED_EDGE ( 'NONE', *, *, #1739, .F. ) ;
#743 = SURFACE_STYLE_USAGE ( .BOTH. , #2121 ) ;
#744 = ORIENTED_EDGE ( 'NONE', *, *, #3975, .F. ) ;
#745 = CARTESIAN_POINT ( 'NONE',  ( 0.9300000000000002709, 0.2999999999999999889, -0.6592893218813449252 ) ) ;
#746 =( NAMED_UNIT ( * ) PLANE_ANGLE_UNIT ( ) SI_UNIT ( $, .RADIAN. ) );
#747 = CARTESIAN_POINT ( 'NONE',  ( -0.9741180954897480371, 0.2999999999999999889, -0.7034074173710929134 ) ) ;
#748 = VECTOR ( 'NONE', #294, 1000.000000000000000 ) ;
#749 =( NAMED_UNIT ( * ) SI_UNIT ( $, .STERADIAN. ) SOLID_ANGLE_UNIT ( ) );
#750 = ORIENTED_EDGE ( 'NONE', *, *, #432, .T. ) ;
#751 = DIRECTION ( 'NONE',  ( 0.000000000000000000, 0.000000000000000000, 1.000000000000000000 ) ) ;
#752 = FILL_AREA_STYLE ('',( #3776 ) ) ;
#753 = ORIENTED_EDGE ( 'NONE', *, *, #669, .F. ) ;
#754 = ORIENTED_EDGE ( 'NONE', *, *, #4569, .T. ) ;
#755 = SURFACE_STYLE_USAGE ( .BOTH. , #4052 ) ;
#756 = ORIENTED_EDGE ( 'NONE', *, *, #3464, .F. ) ;
#757 = EDGE_CURVE ( 'NONE', #1085, #3550, #2774, .T. ) ;
#758 = EDGE_CURVE ( 'NONE', #2540, #4004, #1114, .T. ) ;
#759 = PRESENTATION_LAYER_ASSIGNMENT (  '', '', ( #2825 ) ) ;
#760 = DIRECTION ( 'NONE',  ( -1.548860246407863829E-16, 0.000000000000000000, -1.000000000000000000 ) ) ;
#761 =( NAMED_UNIT ( * ) PLANE_ANGLE_UNIT ( ) SI_UNIT ( $, .RADIAN. ) );
#762 = ORIENTED_EDGE ( 'NONE', *, *, #1407, .F. ) ;
#763 = ORIENTED_EDGE ( 'NONE', *, *, #4361, .T. ) ;
#764 = ORIENTED_EDGE ( 'NONE', *, *, #758, .F. ) ;
#765 = CARTESIAN_POINT ( 'NONE',  ( 0.9034074173710933131, 1.114998880451716579, 0.7741180954897476374 ) ) ;
#766 = SHAPE_DEFINITION_REPRESENTATION ( #3900, #4505 ) ;
#767 = LINE ( 'NONE', #1419, #341 ) ;
#768 =( NAMED_UNIT ( * ) SI_UNIT ( $, .STERADIAN. ) SOLID_ANGLE_UNIT ( ) );
#769 = CARTESIAN_POINT ( 'NONE',  ( -0.9034074173710935352, 1.114998880451716579, 0.7741180954897474153 ) ) ;
#770 = ORIENTED_EDGE ( 'NONE', *, *, #1287, .T. ) ;
#771 = LINE ( 'NONE', #1830, #1645 ) ;
#772 = LINE ( 'NONE', #372, #2798 ) ;
#773 = ADVANCED_FACE ( 'NONE', ( #3585 ), #3237, .T. ) ;
#774 =( GEOMETRIC_REPRESENTATION_CONTEXT ( 3 ) GLOBAL_UNCERTAINTY_ASSIGNED_CONTEXT ( ( #73 ) ) GLOBAL_UNIT_ASSIGNED_CONTEXT ( ( #4436, #4121, #1544 ) ) REPRESENTATION_CONTEXT ( 'NONE', 'WORKASPACE' ) );
#775 = AXIS2_PLACEMENT_3D ( 'NONE', #1923, #3051, #3334 ) ;
#776 = DIRECTION ( 'NONE',  ( -0.000000000000000000, -0.000000000000000000, 1.000000000000000000 ) ) ;
#777 = CARTESIAN_POINT ( 'NONE',  ( 1.000000000000000000, 1.114998880451716579, 0.7999999999999997113 ) ) ;
#778 = AXIS2_PLACEMENT_3D ( 'NONE', #3216, #1762, #2459 ) ;
#779 = UNCERTAINTY_MEASURE_WITH_UNIT (LENGTH_MEASURE( 1.000000000000000082E-05 ), #2880, 'distance_accuracy_value', 'NONE');
#780 = VECTOR ( 'NONE', #447, 1000.000000000000000 ) ;
#781 = ORIENTED_EDGE ( 'NONE', *, *, #921, .T. ) ;
#782 = CARTESIAN_POINT ( 'NONE',  ( 0.3500000000000000888, 0.2999999999999999334, -0.7299999999999995381 ) ) ;
#783 = CARTESIAN_POINT ( 'NONE',  ( -0.3499999999999999778, 0.2999999999999999334, 0.4999999999999997780 ) ) ;
#784 = LINE ( 'NONE', #2138, #2785 ) ;
#785 = ORIENTED_EDGE ( 'NONE', *, *, #582, .T. ) ;
#786 = EDGE_CURVE ( 'NONE', #3004, #1177, #2541, .T. ) ;
#787 = ORIENTED_EDGE ( 'NONE', *, *, #2152, .T. ) ;
#788 = DIRECTION ( 'NONE',  ( 0.7071067811865471286, 0.000000000000000000, -0.7071067811865479058 ) ) ;
#789 = VERTEX_POINT ( 'NONE', #1916 ) ;
#790 = STYLED_ITEM ( 'NONE', ( #2494 ), #1882 ) ;
#791 = DIRECTION ( 'NONE',  ( 0.000000000000000000, 0.000000000000000000, 1.000000000000000000 ) ) ;
#792 = AXIS2_PLACEMENT_3D ( 'NONE', #4565, #3533, #4164 ) ;
#793 =( GEOMETRIC_REPRESENTATION_CONTEXT ( 3 ) GLOBAL_UNCERTAINTY_ASSIGNED_CONTEXT ( ( #3224 ) ) GLOBAL_UNIT_ASSIGNED_CONTEXT ( ( #602, #2456, #2714 ) ) REPRESENTATION_CONTEXT ( 'NONE', 'WORKASPACE' ) );
#794 = DIRECTION ( 'NONE',  ( 1.000000000000000000, 0.000000000000000000, 0.000000000000000000 ) ) ;
#795 = DIRECTION ( 'NONE',  ( 0.000000000000000000, 0.000000000000000000, 1.000000000000000000 ) ) ;
#796 = ORIENTED_EDGE ( 'NONE', *, *, #3756, .F. ) ;
#797 = CYLINDRICAL_SURFACE ( 'NONE', #2300, 0.03999999999999999389 ) ;
#798 = CARTESIAN_POINT ( 'NONE',  ( -0.6999999999999998446, 0.7000000000000000666, -0.4999999999999998890 ) ) ;
#799 = VECTOR ( 'NONE', #1896, 1000.000000000000000 ) ;
#800 = EDGE_CURVE ( 'NONE', #1341, #3058, #3696, .T. ) ;
#801 = CARTESIAN_POINT ( 'NONE',  ( -0.9034074173710935352, 0.000000000000000000, 0.7741180954897474153 ) ) ;
#802 = AXIS2_PLACEMENT_3D ( 'NONE', #1133, #1483, #3239 ) ;
#803 = ORIENTED_EDGE ( 'NONE', *, *, #3894, .T. ) ;
#804 = CIRCLE ( 'NONE', #53, 0.03999999999999999389 ) ;
#805 = CARTESIAN_POINT ( 'NONE',  ( -0.9319320382108113865, 0.6000000000000000888, -0.5629264067310324471 ) ) ;
#806 =( NAMED_UNIT ( * ) SI_UNIT ( $, .STERADIAN. ) SOLID_ANGLE_UNIT ( ) );
#807 = CARTESIAN_POINT ( 'NONE',  ( 0.9399999999999998357, 0.6000000000000000888, 0.5000000000000000000 ) ) ;
#808 = ORIENTED_EDGE ( 'NONE', *, *, #2253, .F. ) ;
#809 = AXIS2_PLACEMENT_3D ( 'NONE', #1589, #2609, #2926 ) ;
#810 =( BOUNDED_SURFACE ( )  B_SPLINE_SURFACE ( 2, 3, ( 
 ( #3094, #297, #3765, #1343 ),
 ( #972, #4422, #3024, #569 ),
 ( #3390, #3073, #3745, #2031 ) ),
 .UNSPECIFIED., .F., .F., .T. ) 
 B_SPLINE_SURFACE_WITH_KNOTS ( ( 3, 3 ),
 ( 4, 4 ),
 ( 0.000000000000000000, 1.000000000000000000 ),
 ( 0.000000000000000000, 0.001000000000000000021 ),
 .UNSPECIFIED. ) 
 GEOMETRIC_REPRESENTATION_ITEM ( )  RATIONAL_B_SPLINE_SURFACE ( (
 ( 1.000000000000000000, 1.000000000000000000, 1.000000000000000000, 1.000000000000000000),
 ( 0.7071067811865475727, 0.7071067811865475727, 0.7071067811865475727, 0.7071067811865475727),
 ( 1.000000000000000000, 1.000000000000000000, 1.000000000000000000, 1.000000000000000000) ) ) 
 REPRESENTATION_ITEM ( '' )  SURFACE ( )  );
#811 = ORIENTED_EDGE ( 'NONE', *, *, #1252, .T. ) ;
#812 = SURFACE_STYLE_FILL_AREA ( #1456 ) ;
#813 = ORIENTED_EDGE ( 'NONE', *, *, #3312, .T. ) ;
#814 =( LENGTH_UNIT ( ) NAMED_UNIT ( * ) SI_UNIT ( .MILLI., .METRE. ) );
#815 =( NAMED_UNIT ( * ) PLANE_ANGLE_UNIT ( ) SI_UNIT ( $, .RADIAN. ) );
#816 = CARTESIAN_POINT ( 'NONE',  ( 4.724023751543983077E-17, 0.8000000000000000444, 0.6099999999999997646 ) ) ;
#817 = EDGE_CURVE ( 'NONE', #3579, #1095, #3209, .T. ) ;
#818 = ADVANCED_FACE ( 'NONE', ( #4381 ), #515, .F. ) ;
#819 = UNCERTAINTY_MEASURE_WITH_UNIT (LENGTH_MEASURE( 1.000000000000000082E-05 ), #1567, 'distance_accuracy_value', 'NONE');
#820 = LINE ( 'NONE', #3628, #626 ) ;
#821 = DIRECTION ( 'NONE',  ( -0.000000000000000000, -1.000000000000000000, -0.000000000000000000 ) ) ;
#822 = ORIENTED_EDGE ( 'NONE', *, *, #2250, .F. ) ;
#823 = DIRECTION ( 'NONE',  ( 1.000000000000000000, 0.000000000000000000, 0.000000000000000000 ) ) ;
#824 = PRESENTATION_STYLE_ASSIGNMENT (( #3265 ) ) ;
#825 = AXIS2_PLACEMENT_3D ( 'NONE', #1953, #4358, #3366 ) ;
#826 = ADVANCED_FACE ( 'NONE', ( #4043 ), #3491, .T. ) ;
#827 = CARTESIAN_POINT ( 'NONE',  ( -0.3499999999999999223, 0.2999999999999999889, -0.2499999999999996392 ) ) ;
#828 = EDGE_LOOP ( 'NONE', ( #2950, #1558 ) ) ;
#829 = CARTESIAN_POINT ( 'NONE',  ( -0.9034074173710935352, 0.2999999999999999889, 0.7741180954897474153 ) ) ;
#830 = UNCERTAINTY_MEASURE_WITH_UNIT (LENGTH_MEASURE( 1.000000000000000082E-05 ), #995, 'distance_accuracy_value', 'NONE');
#831 = DIRECTION ( 'NONE',  ( 0.000000000000000000, 0.000000000000000000, 1.000000000000000000 ) ) ;
#832 = FILL_AREA_STYLE ('',( #1885 ) ) ;
#833 = ORIENTED_EDGE ( 'NONE', *, *, #894, .F. ) ;
#834 = VECTOR ( 'NONE', #47, 1000.000000000000000 ) ;
#835 = ORIENTED_EDGE ( 'NONE', *, *, #2595, .T. ) ;
#836 = FACE_OUTER_BOUND ( 'NONE', #3560, .T. ) ;
#837 = EDGE_LOOP ( 'NONE', ( #2177, #4521, #2557, #3901 ) ) ;
#838 = DIRECTION ( 'NONE',  ( 0.7071067811865457964, 0.000000000000000000, 0.7071067811865492381 ) ) ;
#839 = DIRECTION ( 'NONE',  ( -0.000000000000000000, -1.000000000000000000, -0.000000000000000000 ) ) ;
#840 = DIRECTION ( 'NONE',  ( 0.000000000000000000, 0.000000000000000000, 1.000000000000000000 ) ) ;
#841 = VERTEX_POINT ( 'NONE', #3303 ) ;
#842 = LINE ( 'NONE', #1961, #1846 ) ;
#843 = CARTESIAN_POINT ( 'NONE',  ( -0.3499999999999999223, 0.2999999999999999334, -0.2499999999999996392 ) ) ;
#844 = CARTESIAN_POINT ( 'NONE',  ( 0.8099999999999998312, 0.7600000000000000089, 0.4999999999999998890 ) ) ;
#845 = DIRECTION ( 'NONE',  ( 1.000000000000000000, 0.000000000000000000, 0.000000000000000000 ) ) ;
#846 = VERTEX_POINT ( 'NONE', #2936 ) ;
#847 = AXIS2_PLACEMENT_3D ( 'NONE', #728, #2, #3865 ) ;
#848 = DIRECTION ( 'NONE',  ( 0.000000000000000000, 0.000000000000000000, 1.000000000000000000 ) ) ;
#849 = FACE_OUTER_BOUND ( 'NONE', #2259, .T. ) ;
#850 = CARTESIAN_POINT ( 'NONE',  ( 0.9741180954897482591, 0.2999999999999999889, -0.7034074173710926914 ) ) ;
#851 = AXIS2_PLACEMENT_3D ( 'NONE', #1513, #2918, #108 ) ;
#852 = ORIENTED_EDGE ( 'NONE', *, *, #2831, .T. ) ;
#853 = EDGE_CURVE ( 'NONE', #4461, #376, #4401, .T. ) ;
#854 = ORIENTED_EDGE ( 'NONE', *, *, #4435, .F. ) ;
#855 = LINE ( 'NONE', #4017, #3160 ) ;
#856 = ORIENTED_EDGE ( 'NONE', *, *, #2350, .F. ) ;
#857 = CARTESIAN_POINT ( 'NONE',  ( 0.7000000000000000666, 0.6700000000000000400, -0.6999999999999998446 ) ) ;
#858 = CARTESIAN_POINT ( 'NONE',  ( 0.9141343283108257500, 0.6000000000000000888, -0.6252769266587169250 ) ) ;
#859 = CARTESIAN_POINT ( 'NONE',  ( -0.6999999999999998446, 0.5999999999999999778, -0.7399999999999999911 ) ) ;
#860 = EDGE_LOOP ( 'NONE', ( #4018, #856, #1789, #2425 ) ) ;
#861 = CARTESIAN_POINT ( 'NONE',  ( -0.6800000000000000488, 0.7900000000000000355, 0.5400000000000001465 ) ) ;
#862 = STYLED_ITEM ( 'NONE', ( #3968 ), #2966 ) ;
#863 = VECTOR ( 'NONE', #10, 1000.000000000000000 ) ;
#864 = DIRECTION ( 'NONE',  ( -1.000000000000000000, 0.000000000000000000, 6.386559422532533306E-16 ) ) ;
#865 = CARTESIAN_POINT ( 'NONE',  ( -0.9141343283108269713, 0.6000000000000000888, 0.6252769266587191455 ) ) ;
#866 = CIRCLE ( 'NONE', #3369, 0.05999999999999994227 ) ;
#867 = ORIENTED_EDGE ( 'NONE', *, *, #1917, .T. ) ;
#868 = ADVANCED_FACE ( 'NONE', ( #2265 ), #130, .F. ) ;
#869 = VECTOR ( 'NONE', #2565, 1000.000000000000000 ) ;
#870 = EDGE_CURVE ( 'NONE', #2446, #2704, #2567, .T. ) ;
#871 = DIRECTION ( 'NONE',  ( 0.000000000000000000, 1.000000000000000000, 0.000000000000000000 ) ) ;
#872 = SURFACE_STYLE_FILL_AREA ( #2632 ) ;
#873 = VECTOR ( 'NONE', #4176, 1000.000000000000000 ) ;
#874 = DIRECTION ( 'NONE',  ( 0.000000000000000000, -1.000000000000000000, 0.000000000000000000 ) ) ;
#875 = ORIENTED_EDGE ( 'NONE', *, *, #911, .T. ) ;
#876 = VERTEX_POINT ( 'NONE', #2308 ) ;
#877 = CARTESIAN_POINT ( 'NONE',  ( 0.3500000000000000888, 1.114998880451716579, -0.7299999999999994271 ) ) ;
#878 = ORIENTED_EDGE ( 'NONE', *, *, #3864, .F. ) ;
#879 = CARTESIAN_POINT ( 'NONE',  ( 0.6999999999999999556, 0.7600000000000000089, -0.6099999999999998757 ) ) ;
#880 =( NAMED_UNIT ( * ) SI_UNIT ( $, .STERADIAN. ) SOLID_ANGLE_UNIT ( ) );
#881 = CARTESIAN_POINT ( 'NONE',  ( -1.000000000000000000, 0.5999999999999999778, -0.7999999999999999334 ) ) ;
#882 = DIRECTION ( 'NONE',  ( -1.000000000000000000, 0.000000000000000000, -1.064426570422088950E-15 ) ) ;
#883 = ORIENTED_EDGE ( 'NONE', *, *, #3012, .T. ) ;
#884 = CARTESIAN_POINT ( 'NONE',  ( 0.9300000000000002709, 0.2999999999999999334, 0.6592893218813449252 ) ) ;
#885 = PRESENTATION_STYLE_ASSIGNMENT (( #755 ) ) ;
#886 = CARTESIAN_POINT ( 'NONE',  ( -0.8784452735923548028, 0.6700000000000001510, -0.6043974388822641597 ) ) ;
#887 = CARTESIAN_POINT ( 'NONE',  ( 0.9034074173710933131, 0.2999999999999999889, -0.7741180954897476374 ) ) ;
#888 = COLOUR_RGB ( '',0.9686274509803921573, 0.8784313725490195957, 0.5999999999999999778 ) ;
#889 = LINE ( 'NONE', #908, #4015 ) ;
#890 = CARTESIAN_POINT ( 'NONE',  ( -0.1499999999999999944, 0.5999999999999999778, -0.7399999999999998801 ) ) ;
#891 = CIRCLE ( 'NONE', #72, 0.05999999999999994227 ) ;
#892 = SURFACE_SIDE_STYLE ('',( #2256 ) ) ;
#893 = DIRECTION ( 'NONE',  ( 0.000000000000000000, 1.000000000000000000, 0.000000000000000000 ) ) ;
#894 = EDGE_CURVE ( 'NONE', #458, #3466, #4062, .T. ) ;
#895 = ADVANCED_FACE ( 'NONE', ( #3716 ), #535, .T. ) ;
#896 = ORIENTED_EDGE ( 'NONE', *, *, #656, .F. ) ;
#897 = CARTESIAN_POINT ( 'NONE',  ( -0.8999999999999998002, 0.6000000000000000888, -0.4999999999999999445 ) ) ;
#898 = DIRECTION ( 'NONE',  ( 1.000000000000000000, 0.000000000000000000, -8.515412563376710418E-16 ) ) ;
#899 =( GEOMETRIC_REPRESENTATION_CONTEXT ( 3 ) GLOBAL_UNCERTAINTY_ASSIGNED_CONTEXT ( ( #4165 ) ) GLOBAL_UNIT_ASSIGNED_CONTEXT ( ( #3565, #2783, #695 ) ) REPRESENTATION_CONTEXT ( 'NONE', 'WORKASPACE' ) );
#900 = LINE ( 'NONE', #1599, #994 ) ;
#901 = CARTESIAN_POINT ( 'NONE',  ( -0.6999999999999999556, 0.8000000000000000444, 0.6099999999999997646 ) ) ;
#902 = EDGE_LOOP ( 'NONE', ( #2612, #2076, #1153, #3135 ) ) ;
#903 = AXIS2_PLACEMENT_3D ( 'NONE', #654, #4206, #3568 ) ;
#904 = LINE ( 'NONE', #884, #230 ) ;
#905 = CARTESIAN_POINT ( 'NONE',  ( 0.9399999999999998357, 0.5999999999999999778, -0.5000000000000000000 ) ) ;
#906 = CARTESIAN_POINT ( 'NONE',  ( -0.6800000000000000488, 0.7900000000000000355, 0.4800000000000001488 ) ) ;
#907 = LINE ( 'NONE', #887, #4532 ) ;
#908 = CARTESIAN_POINT ( 'NONE',  ( -0.9741180954897484812, 1.114998880451716579, 0.7034074173710924693 ) ) ;
#909 = SURFACE_SIDE_STYLE ('',( #528 ) ) ;
#910 = ADVANCED_FACE ( 'NONE', ( #2958 ), #192, .F. ) ;
#911 = EDGE_CURVE ( 'NONE', #1402, #4188, #3446, .T. ) ;
#912 = LINE ( 'NONE', #2608, #719 ) ;
#913 = FACE_OUTER_BOUND ( 'NONE', #4103, .T. ) ;
#914 = CARTESIAN_POINT ( 'NONE',  ( 0.8784452735923509170, 0.6000000000000001998, 0.6043974388822642707 ) ) ;
#915 = EDGE_LOOP ( 'NONE', ( #2030, #381, #2094, #3415, #3990, #2598, #2134 ) ) ;
#916 = LINE ( 'NONE', #3760, #2409 ) ;
#917 = AXIS2_PLACEMENT_3D ( 'NONE', #2406, #3816, #677 ) ;
#918 = FACE_OUTER_BOUND ( 'NONE', #14, .T. ) ;
#919 = CARTESIAN_POINT ( 'NONE',  ( 0.8999999999999999112, 0.6700000000000001510, -0.5000000000000000000 ) ) ;
#920 = ORIENTED_EDGE ( 'NONE', *, *, #2419, .F. ) ;
#921 = EDGE_CURVE ( 'NONE', #4032, #741, #1011, .T. ) ;
#922 = EDGE_CURVE ( 'NONE', #277, #3463, #1840, .T. ) ;
#923 = CARTESIAN_POINT ( 'NONE',  ( -0.9000000000000000222, 0.6700000000000009281, 0.4999999999999998890 ) ) ;
#924 = DIRECTION ( 'NONE',  ( 1.000000000000000000, 0.000000000000000000, 1.869314090492249798E-16 ) ) ;
#925 = ORIENTED_EDGE ( 'NONE', *, *, #2250, .T. ) ;
#926 = LINE ( 'NONE', #2335, #1040 ) ;
#927 = CARTESIAN_POINT ( 'NONE',  ( -0.8784453807219624322, 0.6699999999999999289, -0.6043973317526563083 ) ) ;
#928 = DIRECTION ( 'NONE',  ( -0.7071067811865483499, 0.000000000000000000, 0.7071067811865466846 ) ) ;
#929 = CARTESIAN_POINT ( 'NONE',  ( -0.9299999999999999378, 1.114998880451716579, 0.2499999999999991951 ) ) ;
#930 = PRESENTATION_STYLE_ASSIGNMENT (( #1213 ) ) ;
#931 = CARTESIAN_POINT ( 'NONE',  ( 0.9741180954897482591, 0.2999999999999999889, -0.7034074173710926914 ) ) ;
#932 = VECTOR ( 'NONE', #687, 1000.000000000000000 ) ;
#933 = LINE ( 'NONE', #2298, #1336 ) ;
#934 = PLANE ( 'NONE',  #2193 ) ;
#935 = CIRCLE ( 'NONE', #552, 0.1700000000000000122 ) ;
#936 = ADVANCED_FACE ( 'NONE', ( #2377 ), #244, .T. ) ;
#937 = MECHANICAL_DESIGN_GEOMETRIC_PRESENTATION_REPRESENTATION (  '', ( #3963 ), #793 ) ;
#938 = FILL_AREA_STYLE ('',( #1636 ) ) ;
#939 = CARTESIAN_POINT ( 'NONE',  ( 0.7523598775598298039, 0.6700000000000000400, 0.6999999999999997335 ) ) ;
#940 = SURFACE_STYLE_USAGE ( .BOTH. , #3780 ) ;
#941 = VERTEX_POINT ( 'NONE', #1704 ) ;
#942 = COLOUR_RGB ( '',0.9686274509803921573, 0.8784313725490195957, 0.5999999999999999778 ) ;
#943 = SURFACE_SIDE_STYLE ('',( #3412 ) ) ;
#944 = DIRECTION ( 'NONE',  ( -1.414176746720226210E-15, 0.000000000000000000, 1.000000000000000000 ) ) ;
#945 = DIRECTION ( 'NONE',  ( 0.000000000000000000, 0.000000000000000000, 1.000000000000000000 ) ) ;
#946 = ORIENTED_EDGE ( 'NONE', *, *, #2786, .T. ) ;
#947 = PRESENTATION_LAYER_ASSIGNMENT (  '', '', ( #3376 ) ) ;
#948 = PLANE ( 'NONE',  #1801 ) ;
#949 = CARTESIAN_POINT ( 'NONE',  ( -0.9300000000000000488, 0.2999999999999999889, -0.6592893218813451472 ) ) ;
#950 = ORIENTED_EDGE ( 'NONE', *, *, #2407, .T. ) ;
#951 = CARTESIAN_POINT ( 'NONE',  ( -0.3500000000000003109, 0.000000000000000000, 0.7299999999999993161 ) ) ;
#952 = PLANE ( 'NONE',  #1903 ) ;
#953 = CARTESIAN_POINT ( 'NONE',  ( -0.6800000000000000488, 0.7900000000000000355, 0.5400000000000001465 ) ) ;
#954 = EDGE_CURVE ( 'NONE', #2466, #1995, #3389, .T. ) ;
#955 = EDGE_CURVE ( 'NONE', #74, #1615, #3322, .T. ) ;
#956 = EDGE_CURVE ( 'NONE', #80, #1198, #2028, .T. ) ;
#957 = ADVANCED_FACE ( 'NONE', ( #3807 ), #1685, .F. ) ;
#958 = CIRCLE ( 'NONE', #809, 0.1000000000000001582 ) ;
#959 = CARTESIAN_POINT ( 'NONE',  ( 0.9399999999999998357, 0.5999999999999999778, 0.1666666666666666852 ) ) ;
#960 = CARTESIAN_POINT ( 'NONE',  ( -0.7000000000000000666, 0.6000000000000000888, 0.6999999999999995115 ) ) ;
#961 = CARTESIAN_POINT ( 'NONE',  ( -0.8784452735923546918, 0.6700000000000001510, 0.6043974388822642707 ) ) ;
#962 = PLANE ( 'NONE',  #2116 ) ;
#963 = EDGE_CURVE ( 'NONE', #4247, #2835, #3113, .T. ) ;
#964 = ORIENTED_EDGE ( 'NONE', *, *, #3556, .F. ) ;
#965 = LINE ( 'NONE', #353, #2111 ) ;
#966 = DIRECTION ( 'NONE',  ( -0.000000000000000000, 1.000000000000000000, -0.000000000000000000 ) ) ;
#967 = EDGE_LOOP ( 'NONE', ( #176, #1477, #3498, #702, #4344, #3084, #2515, #429 ) ) ;
#968 = PRESENTATION_LAYER_ASSIGNMENT (  '', '', ( #2512 ) ) ;
#969 = CLOSED_SHELL ( 'NONE', ( #3732, #329, #553, #1193, #1008, #1265, #611, #991, #2929, #895, #4455, #2080, #773, #3634, #2872, #3863, #1160, #1056, #457, #30, #1103 ) ) ;
#970 = CARTESIAN_POINT ( 'NONE',  ( -0.9399999999999999467, 0.5999999999999999778, 0.4999999999999994449 ) ) ;
#971 = VERTEX_POINT ( 'NONE', #4492 ) ;
#972 = CARTESIAN_POINT ( 'NONE',  ( 0.8999999999999999112, 0.6000000000000000888, -0.5000000000000000000 ) ) ;
#973 = DIRECTION ( 'NONE',  ( -7.744301232039320379E-17, 0.000000000000000000, -1.000000000000000000 ) ) ;
#974 = ORIENTED_EDGE ( 'NONE', *, *, #3411, .F. ) ;
#975 = PRESENTATION_STYLE_ASSIGNMENT (( #4130 ) ) ;
#976 = CARTESIAN_POINT ( 'NONE',  ( 0.2099999999999999367, 0.000000000000000000, 0.8000000000000001554 ) ) ;
#977 = VECTOR ( 'NONE', #2795, 1000.000000000000000 ) ;
#978 = PLANE ( 'NONE',  #533 ) ;
#979 = CARTESIAN_POINT ( 'NONE',  ( -0.2099999999999999367, 0.5999999999999999778, 0.8000000000000001554 ) ) ;
#980 = DIRECTION ( 'NONE',  ( -1.129377263005734114E-16, -0.000000000000000000, -1.000000000000000000 ) ) ;
#981 = DIRECTION ( 'NONE',  ( 1.000000000000000000, 0.000000000000000000, 1.869314090492249798E-16 ) ) ;
#982 = ORIENTED_EDGE ( 'NONE', *, *, #3210, .F. ) ;
#983 = LINE ( 'NONE', #1356, #3567 ) ;
#984 = DIRECTION ( 'NONE',  ( -7.946961583325783709E-16, 0.000000000000000000, 1.000000000000000000 ) ) ;
#985 = VERTEX_POINT ( 'NONE', #642 ) ;
#986 = LINE ( 'NONE', #4144, #3593 ) ;
#987 = UNCERTAINTY_MEASURE_WITH_UNIT (LENGTH_MEASURE( 1.000000000000000082E-05 ), #2414, 'distance_accuracy_value', 'NONE');
#988 = DIRECTION ( 'NONE',  ( 0.000000000000000000, 0.000000000000000000, -1.000000000000000000 ) ) ;
#989 = CARTESIAN_POINT ( 'NONE',  ( -0.9299999999999999378, 0.2999999999999999889, 0.2499999999999991951 ) ) ;
#990 = ORIENTED_EDGE ( 'NONE', *, *, #4503, .T. ) ;
#991 = ADVANCED_FACE ( 'NONE', ( #918 ), #1643, .T. ) ;
#992 = PLANE ( 'NONE',  #4383 ) ;
#993 = ORIENTED_EDGE ( 'NONE', *, *, #2255, .T. ) ;
#994 = VECTOR ( 'NONE', #3680, 1000.000000000000000 ) ;
#995 =( LENGTH_UNIT ( ) NAMED_UNIT ( * ) SI_UNIT ( .MILLI., .METRE. ) );
#996 = CARTESIAN_POINT ( 'NONE',  ( -0.9034074173710932021, 0.000000000000000000, -0.7741180954897477484 ) ) ;
#997 = PRESENTATION_LAYER_ASSIGNMENT (  '', '', ( #1445 ) ) ;
#998 = EDGE_CURVE ( 'NONE', #2359, #1687, #4166, .T. ) ;
#999 = FILL_AREA_STYLE_COLOUR ( '', #3576 ) ;
#1000 = DIRECTION ( 'NONE',  ( 0.000000000000000000, 0.000000000000000000, -1.000000000000000000 ) ) ;
#1001 = FACE_OUTER_BOUND ( 'NONE', #291, .T. ) ;
#1002 = COLOUR_RGB ( '',0.9686274509803921573, 0.8784313725490195957, 0.5999999999999999778 ) ;
#1003 = VERTEX_POINT ( 'NONE', #3481 ) ;
#1004 = DIRECTION ( 'NONE',  ( -0.000000000000000000, 1.000000000000000000, 0.000000000000000000 ) ) ;
#1005 = CARTESIAN_POINT ( 'NONE',  ( 0.1499999999999999944, -0.000000000000000000, -0.7399999999999998801 ) ) ;
#1006 = EDGE_CURVE ( 'NONE', #352, #2801, #3139, .T. ) ;
#1007 = ORIENTED_EDGE ( 'NONE', *, *, #2847, .F. ) ;
#1008 = ADVANCED_FACE ( 'NONE', ( #2353 ), #3761, .T. ) ;
#1009 = CIRCLE ( 'NONE', #1307, 0.1099999999999998479 ) ;
#1010 = CARTESIAN_POINT ( 'NONE',  ( -0.7000000000000002887, 0.5999999999999999778, 0.7399999999999998801 ) ) ;
#1011 = LINE ( 'NONE', #1316, #748 ) ;
#1012 = CIRCLE ( 'NONE', #2934, 0.09999999999999993616 ) ;
#1013 = FACE_OUTER_BOUND ( 'NONE', #3131, .T. ) ;
#1014 = VERTEX_POINT ( 'NONE', #3205 ) ;
#1015 = AXIS2_PLACEMENT_3D ( 'NONE', #3179, #2132, #3918 ) ;
#1016 = SURFACE_STYLE_FILL_AREA ( #1366 ) ;
#1017 = VERTEX_POINT ( 'NONE', #3558 ) ;
#1018 = PRODUCT_DEFINITION_FORMATION_WITH_SPECIFIED_SOURCE ( 'ANY', '', #3195, .NOT_KNOWN. ) ;
#1019 = SURFACE_STYLE_FILL_AREA ( #4174 ) ;
#1020 = SURFACE_STYLE_USAGE ( .BOTH. , #4552 ) ;
#1021 =( NAMED_UNIT ( * ) SI_UNIT ( $, .STERADIAN. ) SOLID_ANGLE_UNIT ( ) );
#1022 =( GEOMETRIC_REPRESENTATION_CONTEXT ( 3 ) GLOBAL_UNCERTAINTY_ASSIGNED_CONTEXT ( ( #1884 ) ) GLOBAL_UNIT_ASSIGNED_CONTEXT ( ( #726, #746, #3171 ) ) REPRESENTATION_CONTEXT ( 'NONE', 'WORKASPACE' ) );
#1023 = CARTESIAN_POINT ( 'NONE',  ( 0.9399999999999998357, 0.5999999999999999778, 0.5000000000000000000 ) ) ;
#1024 = LINE ( 'NONE', #2868, #1859 ) ;
#1025 = DIRECTION ( 'NONE',  ( -0.000000000000000000, -0.000000000000000000, 1.000000000000000000 ) ) ;
#1026 = PLANE ( 'NONE',  #3453 ) ;
#1027 = COLOUR_RGB ( '',0.9686274509803921573, 0.8784313725490195957, 0.5999999999999999778 ) ;
#1028 = ORIENTED_EDGE ( 'NONE', *, *, #1616, .F. ) ;
#1029 = CARTESIAN_POINT ( 'NONE',  ( 0.6999999999999998446, 0.7000000000000000666, -0.6499999999999999112 ) ) ;
#1030 = DIRECTION ( 'NONE',  ( 0.000000000000000000, -0.000000000000000000, -1.000000000000000000 ) ) ;
#1031 = ORIENTED_EDGE ( 'NONE', *, *, #3555, .F. ) ;
#1032 = AXIS2_PLACEMENT_3D ( 'NONE', #2908, #3191, #2475 ) ;
#1033 = ADVANCED_FACE ( 'NONE', ( #2137 ), #1429, .T. ) ;
#1034 = DIRECTION ( 'NONE',  ( 1.414176746720226210E-15, 0.000000000000000000, -1.000000000000000000 ) ) ;
#1035 = EDGE_CURVE ( 'NONE', #3167, #124, #2444, .T. ) ;
#1036 = MECHANICAL_DESIGN_GEOMETRIC_PRESENTATION_REPRESENTATION (  '', ( #3021 ), #1629 ) ;
#1037 = SURFACE_STYLE_FILL_AREA ( #3925 ) ;
#1038 = DIRECTION ( 'NONE',  ( -0.000000000000000000, -1.000000000000000000, -0.000000000000000000 ) ) ;
#1039 = ORIENTED_EDGE ( 'NONE', *, *, #221, .T. ) ;
#1040 = VECTOR ( 'NONE', #2453, 1000.000000000000000 ) ;
#1041 = ORIENTED_EDGE ( 'NONE', *, *, #2595, .F. ) ;
#1042 = FACE_OUTER_BOUND ( 'NONE', #4560, .T. ) ;
#1043 = ORIENTED_EDGE ( 'NONE', *, *, #4178, .F. ) ;
#1044 = CARTESIAN_POINT ( 'NONE',  ( -0.8499999999999999778, -1.580350850198276369, -0.4999999999999998890 ) ) ;
#1045 = VECTOR ( 'NONE', #2765, 1000.000000000000000 ) ;
#1046 = LINE ( 'NONE', #2500, #1270 ) ;
#1047 = CARTESIAN_POINT ( 'NONE',  ( -0.9741180954897480371, 0.000000000000000000, -0.7034074173710929134 ) ) ;
#1048 = CARTESIAN_POINT ( 'NONE',  ( -0.8699999999999998845, 0.6700000000000000400, -0.4999999999999998890 ) ) ;
#1049 = CARTESIAN_POINT ( 'NONE',  ( 0.8699999999999998845, 0.6999999999999999556, -0.5000000000000000000 ) ) ;
#1050 = VERTEX_POINT ( 'NONE', #2513 ) ;
#1051 = EDGE_CURVE ( 'NONE', #1769, #1294, #3535, .T. ) ;
#1052 = LINE ( 'NONE', #3425, #3031 ) ;
#1053 = VECTOR ( 'NONE', #4274, 1000.000000000000000 ) ;
#1054 = COLOUR_RGB ( '',0.9686274509803921573, 0.8784313725490195957, 0.5999999999999999778 ) ;
#1055 = ADVANCED_FACE ( 'NONE', ( #1837 ), #4194, .F. ) ;
#1056 = ADVANCED_FACE ( 'NONE', ( #1812 ), #2293, .T. ) ;
#1057 = ORIENTED_EDGE ( 'NONE', *, *, #4434, .F. ) ;
#1058 = VERTEX_POINT ( 'NONE', #2879 ) ;
#1059 = FACE_OUTER_BOUND ( 'NONE', #1764, .T. ) ;
#1060 = AXIS2_PLACEMENT_3D ( 'NONE', #3774, #4507, #1280 ) ;
#1061 = CARTESIAN_POINT ( 'NONE',  ( 1.000000000000000000, 0.2999999999999999889, -0.7999999999999997113 ) ) ;
#1062 = VERTEX_POINT ( 'NONE', #1064 ) ;
#1063 = PLANE ( 'NONE',  #1378 ) ;
#1064 = CARTESIAN_POINT ( 'NONE',  ( -0.7000000000000000666, 0.7000000000000000666, -0.6499999999999996891 ) ) ;
#1065 = LINE ( 'NONE', #2469, #717 ) ;
#1066 = EDGE_LOOP ( 'NONE', ( #1667, #2805, #2436, #4417 ) ) ;
#1067 = ORIENTED_EDGE ( 'NONE', *, *, #3874, .T. ) ;
#1068 = ORIENTED_EDGE ( 'NONE', *, *, #758, .T. ) ;
#1069 = CARTESIAN_POINT ( 'NONE',  ( 0.3500000000000000888, 1.114998880451716579, -0.7299999999999994271 ) ) ;
#1070 = SURFACE_STYLE_USAGE ( .BOTH. , #3862 ) ;
#1071 = CARTESIAN_POINT ( 'NONE',  ( -0.6800000000000000488, 0.8000000000000000444, 0.4200000000000002620 ) ) ;
#1072 = EDGE_CURVE ( 'NONE', #4160, #2281, #4158, .T. ) ;
#1073 = EDGE_CURVE ( 'NONE', #721, #1706, #3015, .T. ) ;
#1074 = DIRECTION ( 'NONE',  ( 0.000000000000000000, 0.000000000000000000, 1.000000000000000000 ) ) ;
#1075 = VERTEX_POINT ( 'NONE', #2231 ) ;
#1076 = CARTESIAN_POINT ( 'NONE',  ( 0.3500000000000000888, 0.2999999999999999889, -0.7299999999999994271 ) ) ;
#1077 = DIRECTION ( 'NONE',  ( 1.064426570422089147E-15, 0.000000000000000000, -1.000000000000000000 ) ) ;
#1078 =( GEOMETRIC_REPRESENTATION_CONTEXT ( 3 ) GLOBAL_UNCERTAINTY_ASSIGNED_CONTEXT ( ( #4280 ) ) GLOBAL_UNIT_ASSIGNED_CONTEXT ( ( #1425, #3898, #1080 ) ) REPRESENTATION_CONTEXT ( 'NONE', 'WORKASPACE' ) );
#1079 = VERTEX_POINT ( 'NONE', #3319 ) ;
#1080 =( NAMED_UNIT ( * ) SI_UNIT ( $, .STERADIAN. ) SOLID_ANGLE_UNIT ( ) );
#1081 = ORIENTED_EDGE ( 'NONE', *, *, #222, .T. ) ;
#1082 = MECHANICAL_DESIGN_GEOMETRIC_PRESENTATION_REPRESENTATION (  '', ( #2773 ), #1524 ) ;
#1083 = CARTESIAN_POINT ( 'NONE',  ( 0.3500000000000000888, 0.2999999999999999334, 0.7299999999999994271 ) ) ;
#1084 = VECTOR ( 'NONE', #2838, 1000.000000000000000 ) ;
#1085 = VERTEX_POINT ( 'NONE', #439 ) ;
#1086 = COLOUR_RGB ( '',0.7921568627450980005, 0.8196078431372548767, 0.9333333333333333481 ) ;
#1087 = ORIENTED_EDGE ( 'NONE', *, *, #963, .T. ) ;
#1088 = ORIENTED_EDGE ( 'NONE', *, *, #2048, .F. ) ;
#1089 =( NAMED_UNIT ( * ) PLANE_ANGLE_UNIT ( ) SI_UNIT ( $, .RADIAN. ) );
#1090 =( NAMED_UNIT ( * ) SI_UNIT ( $, .STERADIAN. ) SOLID_ANGLE_UNIT ( ) );
#1091 = LINE ( 'NONE', #816, #2930 ) ;
#1092 = AXIS2_PLACEMENT_3D ( 'NONE', #2507, #1097, #4275 ) ;
#1093 = DIRECTION ( 'NONE',  ( -0.000000000000000000, -1.000000000000000000, -0.000000000000000000 ) ) ;
#1094 = CARTESIAN_POINT ( 'NONE',  ( -0.1499999999999999944, 0.000000000000000000, -0.7999999999999998224 ) ) ;
#1095 = VERTEX_POINT ( 'NONE', #120 ) ;
#1096 = DIRECTION ( 'NONE',  ( 0.000000000000000000, 1.000000000000000000, 0.000000000000000000 ) ) ;
#1098 = EDGE_CURVE ( 'NONE', #3606, #985, #146, .T. ) ;
#1097 = DIRECTION ( 'NONE',  ( 0.000000000000000000, 0.000000000000000000, -1.000000000000000000 ) ) ;
#1099 = ADVANCED_FACE ( 'NONE', ( #2278 ), #4375, .F. ) ;
#1100 = MECHANICAL_DESIGN_GEOMETRIC_PRESENTATION_REPRESENTATION (  '', ( #1319 ), #4186 ) ;
#1101 = ORIENTED_EDGE ( 'NONE', *, *, #710, .T. ) ;
#1102 = DIRECTION ( 'NONE',  ( 0.000000000000000000, -1.000000000000000000, 0.000000000000000000 ) ) ;
#1103 = ADVANCED_FACE ( 'NONE', ( #849 ), #2580, .T. ) ;
#1104 = UNCERTAINTY_MEASURE_WITH_UNIT (LENGTH_MEASURE( 1.000000000000000082E-05 ), #3662, 'distance_accuracy_value', 'NONE');
#1105 = ORIENTED_EDGE ( 'NONE', *, *, #2553, .F. ) ;
#1106 = DIRECTION ( 'NONE',  ( -1.000000000000000000, 0.000000000000000000, 1.548860246407863829E-16 ) ) ;
#1107 = SURFACE_SIDE_STYLE ('',( #1037 ) ) ;
#1108 = DIRECTION ( 'NONE',  ( 0.7071067811865457964, 0.000000000000000000, 0.7071067811865492381 ) ) ;
#1109 = ORIENTED_EDGE ( 'NONE', *, *, #3267, .F. ) ;
#1110 = EDGE_CURVE ( 'NONE', #1437, #2228, #2205, .T. ) ;
#1111 = ORIENTED_EDGE ( 'NONE', *, *, #3022, .F. ) ;
#1112 = DIRECTION ( 'NONE',  ( 0.000000000000000000, 0.000000000000000000, -1.000000000000000000 ) ) ;
#1113 = VERTEX_POINT ( 'NONE', #4395 ) ;
#1114 = LINE ( 'NONE', #2164, #3581 ) ;
#1115 = CARTESIAN_POINT ( 'NONE',  ( -0.9299999999999999378, 0.000000000000000000, 0.2499999999999991951 ) ) ;
#1116 = COLOUR_RGB ( '',0.9686274509803921573, 0.8784313725490195957, 0.5999999999999999778 ) ;
#1117 = VECTOR ( 'NONE', #776, 1000.000000000000000 ) ;
#1118 = ORIENTED_EDGE ( 'NONE', *, *, #659, .F. ) ;
#1119 = CARTESIAN_POINT ( 'NONE',  ( -0.1499999999999999944, 0.000000000000000000, 0.7400000000000001021 ) ) ;
#1120 = DIRECTION ( 'NONE',  ( 0.000000000000000000, 0.000000000000000000, -1.000000000000000000 ) ) ;
#1121 = EDGE_LOOP ( 'NONE', ( #2819, #2968, #514, #2794 ) ) ;
#1122 = AXIS2_PLACEMENT_3D ( 'NONE', #2551, #751, #3570 ) ;
#1124 = ORIENTED_EDGE ( 'NONE', *, *, #716, .F. ) ;
#1123 = AXIS2_PLACEMENT_3D ( 'NONE', #4573, #2427, #1438 ) ;
#1125 = EDGE_CURVE ( 'NONE', #1687, #841, #958, .T. ) ;
#1126 = AXIS2_PLACEMENT_3D ( 'NONE', #3545, #4555, #2148 ) ;
#1127 = SURFACE_STYLE_FILL_AREA ( #738 ) ;
#1128 = ORIENTED_EDGE ( 'NONE', *, *, #3794, .F. ) ;
#1129 = VERTEX_POINT ( 'NONE', #1241 ) ;
#1130 = LINE ( 'NONE', #2587, #869 ) ;
#1131 = ORIENTED_EDGE ( 'NONE', *, *, #3493, .T. ) ;
#1132 = CARTESIAN_POINT ( 'NONE',  ( 0.9300000000000002709, 0.2999999999999999889, 0.6592893218813449252 ) ) ;
#1133 = CARTESIAN_POINT ( 'NONE',  ( 0.000000000000000000, 0.000000000000000000, 0.000000000000000000 ) ) ;
#1134 = CARTESIAN_POINT ( 'NONE',  ( -0.8470717760350876535, 0.6000000000000000888, 0.6925516906512249049 ) ) ;
#1135 = UNCERTAINTY_MEASURE_WITH_UNIT (LENGTH_MEASURE( 1.000000000000000082E-05 ), #2866, 'distance_accuracy_value', 'NONE');
#1136 = DIRECTION ( 'NONE',  ( 1.000000000000000000, 0.000000000000000000, -6.386559422532532320E-16 ) ) ;
#1137 = DIRECTION ( 'NONE',  ( -1.000000000000000000, -0.000000000000000000, -8.515412563376710418E-16 ) ) ;
#1138 = ORIENTED_EDGE ( 'NONE', *, *, #757, .F. ) ;
#1139 = CARTESIAN_POINT ( 'NONE',  ( -1.000000000000000000, 0.2999999999999999889, 0.7999999999999999334 ) ) ;
#1140 = SURFACE_SIDE_STYLE ('',( #1852 ) ) ;
#1141 = EDGE_CURVE ( 'NONE', #212, #532, #202, .T. ) ;
#1142 = STYLED_ITEM ( 'NONE', ( #19 ), #2343 ) ;
#1143 = MECHANICAL_DESIGN_GEOMETRIC_PRESENTATION_REPRESENTATION (  '', ( #4022 ), #1078 ) ;
#1144 = ORIENTED_EDGE ( 'NONE', *, *, #3752, .F. ) ;
#1145 = CARTESIAN_POINT ( 'NONE',  ( -0.9741180954897480371, 0.2999999999999999889, -0.7034074173710929134 ) ) ;
#1146 = AXIS2_PLACEMENT_3D ( 'NONE', #881, #1958, #2287 ) ;
#1147 = ORIENTED_EDGE ( 'NONE', *, *, #4193, .F. ) ;
#1148 = CARTESIAN_POINT ( 'NONE',  ( 0.8499999999999998668, -1.580350850198276369, -0.5000000000000001110 ) ) ;
#1149 = EDGE_CURVE ( 'NONE', #4107, #318, #1982, .T. ) ;
#1150 = DIRECTION ( 'NONE',  ( -0.000000000000000000, -1.000000000000000000, -0.000000000000000000 ) ) ;
#1151 = CARTESIAN_POINT ( 'NONE',  ( 0.8699999999999998845, 0.6700000000000000400, 0.4999999999999998890 ) ) ;
#1152 = EDGE_CURVE ( 'NONE', #2100, #1345, #2302, .T. ) ;
#1153 = ORIENTED_EDGE ( 'NONE', *, *, #800, .F. ) ;
#1154 = PRESENTATION_LAYER_ASSIGNMENT (  '', '', ( #862 ) ) ;
#1155 = ORIENTED_EDGE ( 'NONE', *, *, #1035, .F. ) ;
#1156 = CARTESIAN_POINT ( 'NONE',  ( -0.8699999999999999956, 0.6999999999999999556, 0.4999999999999998890 ) ) ;
#1157 = ORIENTED_EDGE ( 'NONE', *, *, #4082, .F. ) ;
#1158 = UNCERTAINTY_MEASURE_WITH_UNIT (LENGTH_MEASURE( 1.000000000000000082E-05 ), #2199, 'distance_accuracy_value', 'NONE');
#1159 = CARTESIAN_POINT ( 'NONE',  ( -0.7000000000000002887, 0.5999999999999999778, 0.7399999999999998801 ) ) ;
#1160 = ADVANCED_FACE ( 'NONE', ( #530 ), #135, .T. ) ;
#1161 = PRESENTATION_LAYER_ASSIGNMENT (  '', '', ( #3295 ) ) ;
#1162 = AXIS2_PLACEMENT_3D ( 'NONE', #4312, #4270, #2477 ) ;
#1163 = DIRECTION ( 'NONE',  ( -1.084202172485504681E-16, -0.000000000000000000, -1.000000000000000000 ) ) ;
#1164 = CARTESIAN_POINT ( 'NONE',  ( 0.2099999999999999922, 0.000000000000000000, -0.7999999999999999334 ) ) ;
#1165 = EDGE_LOOP ( 'NONE', ( #2637, #3188, #1976, #808 ) ) ;
#1166 = CARTESIAN_POINT ( 'NONE',  ( -0.3499999999999999223, 1.114998880451716579, -0.2499999999999996392 ) ) ;
#1167 = DIRECTION ( 'NONE',  ( 0.000000000000000000, 1.000000000000000000, 0.000000000000000000 ) ) ;
#1168 = SURFACE_STYLE_FILL_AREA ( #3289 ) ;
#1169 = VECTOR ( 'NONE', #1919, 1000.000000000000000 ) ;
#1170 = PRESENTATION_LAYER_ASSIGNMENT (  '', '', ( #2651 ) ) ;
#1171 = VERTEX_POINT ( 'NONE', #463 ) ;
#1172 = ORIENTED_EDGE ( 'NONE', *, *, #4123, .T. ) ;
#1173 =( GEOMETRIC_REPRESENTATION_CONTEXT ( 3 ) GLOBAL_UNCERTAINTY_ASSIGNED_CONTEXT ( ( #830 ) ) GLOBAL_UNIT_ASSIGNED_CONTEXT ( ( #995, #3447, #1940 ) ) REPRESENTATION_CONTEXT ( 'NONE', 'WORKASPACE' ) );
#1174 = CARTESIAN_POINT ( 'NONE',  ( -0.9278727057233825404, 0.5999999999999999778, -0.5766671539914924871 ) ) ;
#1175 = DIRECTION ( 'NONE',  ( 0.000000000000000000, 1.000000000000000000, 0.000000000000000000 ) ) ;
#1176 = CARTESIAN_POINT ( 'NONE',  ( 0.9399999988605379775, 0.6000000000000000888, 0.5630082349132861097 ) ) ;
#1177 = VERTEX_POINT ( 'NONE', #2676 ) ;
#1178 = MECHANICAL_DESIGN_GEOMETRIC_PRESENTATION_REPRESENTATION (  '', ( #3172 ), #1551 ) ;
#1179 = ORIENTED_EDGE ( 'NONE', *, *, #1865, .F. ) ;
#1180 = DIRECTION ( 'NONE',  ( -2.648987194441927739E-16, -0.000000000000000000, -1.000000000000000000 ) ) ;
#1181 = ORIENTED_EDGE ( 'NONE', *, *, #1910, .F. ) ;
#1182 = CARTESIAN_POINT ( 'NONE',  ( 0.9034074173710933131, 0.2999999999999999889, 0.7741180954897476374 ) ) ;
#1183 = PRESENTATION_STYLE_ASSIGNMENT (( #2937 ) ) ;
#1184 = DIRECTION ( 'NONE',  ( -0.7071067811865457964, 0.000000000000000000, -0.7071067811865492381 ) ) ;
#1185 = CARTESIAN_POINT ( 'NONE',  ( -0.9741180954897480371, 0.000000000000000000, -0.7034074173710929134 ) ) ;
#1186 = CARTESIAN_POINT ( 'NONE',  ( 0.1499999999999999944, 0.5999999999999999778, 0.7400000000000001021 ) ) ;
#1187 = ORIENTED_EDGE ( 'NONE', *, *, #1492, .T. ) ;
#1188 = LINE ( 'NONE', #2221, #282 ) ;
#1189 = FILL_AREA_STYLE ('',( #1925 ) ) ;
#1190 = CARTESIAN_POINT ( 'NONE',  ( -0.8252769266587159924, 0.6000000000000000888, 0.7141343283108232409 ) ) ;
#1191 = ORIENTED_EDGE ( 'NONE', *, *, #2554, .T. ) ;
#1192 = EDGE_CURVE ( 'NONE', #458, #985, #1654, .T. ) ;
#1193 = ADVANCED_FACE ( 'NONE', ( #3457 ), #1997, .T. ) ;
#1194 =( LENGTH_UNIT ( ) NAMED_UNIT ( * ) SI_UNIT ( .MILLI., .METRE. ) );
#1195 = UNCERTAINTY_MEASURE_WITH_UNIT (LENGTH_MEASURE( 1.000000000000000082E-05 ), #3980, 'distance_accuracy_value', 'NONE');
#1196 = FILL_AREA_STYLE_COLOUR ( '', #4119 ) ;
#1197 = CARTESIAN_POINT ( 'NONE',  ( -0.6800000000000000488, 0.7900000000000000355, 0.4800000000000001488 ) ) ;
#1198 = VERTEX_POINT ( 'NONE', #556 ) ;
#1199 = AXIS2_PLACEMENT_3D ( 'NONE', #3884, #1417, #3468 ) ;
#1200 = VERTEX_POINT ( 'NONE', #1974 ) ;
#1201 = DIRECTION ( 'NONE',  ( 0.000000000000000000, 0.000000000000000000, -1.000000000000000000 ) ) ;
#1202 = ORIENTED_EDGE ( 'NONE', *, *, #2152, .F. ) ;
#1203 = DIRECTION ( 'NONE',  ( 0.7071067811865483499, 0.000000000000000000, -0.7071067811865466846 ) ) ;
#1204 = ORIENTED_EDGE ( 'NONE', *, *, #41, .F. ) ;
#1205 = CARTESIAN_POINT ( 'NONE',  ( 0.7000000000000000666, 0.5999999999999999778, -0.7399999999999998801 ) ) ;
#1206 = DIRECTION ( 'NONE',  ( -0.000000000000000000, 1.000000000000000000, -0.000000000000000000 ) ) ;
#1207 = VERTEX_POINT ( 'NONE', #4416 ) ;
#1208 = LINE ( 'NONE', #3748, #308 ) ;
#1209 = ORIENTED_EDGE ( 'NONE', *, *, #2064, .F. ) ;
#1210 = DIRECTION ( 'NONE',  ( 0.000000000000000000, 0.000000000000000000, -1.000000000000000000 ) ) ;
#1211 = DIRECTION ( 'NONE',  ( -7.946961583325783709E-16, 0.000000000000000000, 1.000000000000000000 ) ) ;
#1212 = ADVANCED_FACE ( 'NONE', ( #913 ), #1680, .F. ) ;
#1213 = SURFACE_STYLE_USAGE ( .BOTH. , #526 ) ;
#1214 = FILL_AREA_STYLE ('',( #2252 ) ) ;
#1215 = ORIENTED_EDGE ( 'NONE', *, *, #303, .T. ) ;
#1216 = PRESENTATION_LAYER_ASSIGNMENT (  '', '', ( #27 ) ) ;
#1217 = LINE ( 'NONE', #529, #1308 ) ;
#1218 = VECTOR ( 'NONE', #2660, 1000.000000000000000 ) ;
#1219 = DIRECTION ( 'NONE',  ( 0.000000000000000000, -0.000000000000000000, -1.000000000000000000 ) ) ;
#1220 =( NAMED_UNIT ( * ) PLANE_ANGLE_UNIT ( ) SI_UNIT ( $, .RADIAN. ) );
#1221 = ORIENTED_EDGE ( 'NONE', *, *, #954, .F. ) ;
#1222 = B_SPLINE_CURVE_WITH_KNOTS ( 'NONE', 3,
 ( #1493, #1468, #2200, #3222, #435, #1516 ),
 .UNSPECIFIED., .F., .F.,
 ( 4, 2, 4 ),
 ( 0.000000000000000000, 0.5000000000000000000, 1.000000000000000000 ),
 .UNSPECIFIED. ) ;
#1223 = ORIENTED_EDGE ( 'NONE', *, *, #579, .T. ) ;
#1224 =( LENGTH_UNIT ( ) NAMED_UNIT ( * ) SI_UNIT ( .MILLI., .METRE. ) );
#1225 = ORIENTED_EDGE ( 'NONE', *, *, #3360, .F. ) ;
#1226 = SURFACE_STYLE_USAGE ( .BOTH. , #1617 ) ;
#1227 = CARTESIAN_POINT ( 'NONE',  ( 0.7000000000000000666, 0.6700000000000001510, -0.6999999999999998446 ) ) ;
#1228 = CARTESIAN_POINT ( 'NONE',  ( 0.6999999999999997335, 0.6700000000000000400, 0.6999999999999998446 ) ) ;
#1229 = DIRECTION ( 'NONE',  ( 1.000000000000000000, 0.000000000000000000, -7.744301232039319147E-17 ) ) ;
#1230 = ORIENTED_EDGE ( 'NONE', *, *, #3166, .F. ) ;
#1231 = DIRECTION ( 'NONE',  ( -7.946961583325784695E-16, 0.000000000000000000, -1.000000000000000000 ) ) ;
#1232 = CARTESIAN_POINT ( 'NONE',  ( -0.6999999999999998446, 0.6000000000000000888, -0.7399999999999999911 ) ) ;
#1233 = CARTESIAN_POINT ( 'NONE',  ( -0.9300000000000000488, 0.000000000000000000, -0.6592893218813451472 ) ) ;
#1234 =( GEOMETRIC_REPRESENTATION_CONTEXT ( 3 ) GLOBAL_UNCERTAINTY_ASSIGNED_CONTEXT ( ( #779 ) ) GLOBAL_UNIT_ASSIGNED_CONTEXT ( ( #2880, #761, #2818 ) ) REPRESENTATION_CONTEXT ( 'NONE', 'WORKASPACE' ) );
#1235 = CARTESIAN_POINT ( 'NONE',  ( -0.3499999999999999223, 1.114998880451716579, -0.2499999999999996392 ) ) ;
#1236 = EDGE_CURVE ( 'NONE', #673, #4045, #2808, .T. ) ;
#1237 = ADVANCED_FACE ( 'NONE', ( #1313 ), #1282, .F. ) ;
#1238 = CARTESIAN_POINT ( 'NONE',  ( 0.8099999999999998312, 0.7600000000000000089, -0.5000000000000001110 ) ) ;
#1239 = AXIS2_PLACEMENT_3D ( 'NONE', #3370, #1229, #973 ) ;
#1240 = LINE ( 'NONE', #555, #1894 ) ;
#1241 = CARTESIAN_POINT ( 'NONE',  ( 0.3500000000000000333, 0.000000000000000000, -0.2499999999999995282 ) ) ;
#1242 = VECTOR ( 'NONE', #4269, 1000.000000000000000 ) ;
#1243 =( LENGTH_UNIT ( ) NAMED_UNIT ( * ) SI_UNIT ( .MILLI., .METRE. ) );
#1244 = VERTEX_POINT ( 'NONE', #3107 ) ;
#1245 = CARTESIAN_POINT ( 'NONE',  ( -0.9399999999999999467, 0.5999999999999999778, -0.5000000000000000000 ) ) ;
#1246 = ORIENTED_EDGE ( 'NONE', *, *, #3992, .F. ) ;
#1247 = CARTESIAN_POINT ( 'NONE',  ( 0.9299999999999999378, 0.2999999999999999889, -0.2499999999999994171 ) ) ;
#1248 = CARTESIAN_POINT ( 'NONE',  ( 0.8043974388822623389, 0.6000000000000000888, -0.6784452735923529598 ) ) ;
#1249 = ORIENTED_EDGE ( 'NONE', *, *, #2203, .T. ) ;
#1250 = AXIS2_PLACEMENT_3D ( 'NONE', #76, #2257, #510 ) ;
#1251 = EDGE_CURVE ( 'NONE', #212, #2254, #1412, .T. ) ;
#1252 = EDGE_CURVE ( 'NONE', #2325, #2392, #238, .T. ) ;
#1253 = DIRECTION ( 'NONE',  ( 0.000000000000000000, -1.000000000000000000, 0.000000000000000000 ) ) ;
#1254 = CARTESIAN_POINT ( 'NONE',  ( 0.9034074173710933131, 0.2999999999999999889, 0.7741180954897476374 ) ) ;
#1255 = VERTEX_POINT ( 'NONE', #1005 ) ;
#1256 = FACE_OUTER_BOUND ( 'NONE', #4225, .T. ) ;
#1257 = DIRECTION ( 'NONE',  ( -0.000000000000000000, -1.000000000000000000, -0.000000000000000000 ) ) ;
#1258 = SURFACE_STYLE_USAGE ( .BOTH. , #253 ) ;
#1259 = DIRECTION ( 'NONE',  ( 0.000000000000000000, 1.000000000000000000, 0.000000000000000000 ) ) ;
#1260 = DIRECTION ( 'NONE',  ( 0.000000000000000000, 0.000000000000000000, 1.000000000000000000 ) ) ;
#1261 = CARTESIAN_POINT ( 'NONE',  ( 0.7622223859623279418, 0.6000000000000000888, 0.7399999988747495427 ) ) ;
#1262 = CARTESIAN_POINT ( 'NONE',  ( -0.6800000000000000488, 0.8000000000000000444, 0.4800000000000001488 ) ) ;
#1263 = STYLED_ITEM ( 'NONE', ( #2244 ), #559 ) ;
#1264 = CARTESIAN_POINT ( 'NONE',  ( -0.8999999999999999112, 0.5999999999999999778, -0.7999999999999999334 ) ) ;
#1265 = ADVANCED_FACE ( 'NONE', ( #289 ), #3086, .T. ) ;
#1266 = ORIENTED_EDGE ( 'NONE', *, *, #3752, .T. ) ;
#1267 = DIRECTION ( 'NONE',  ( 0.7071067811865479058, 0.000000000000000000, 0.7071067811865471286 ) ) ;
#1268 = CARTESIAN_POINT ( 'NONE',  ( -0.3499999999999999778, 0.2999999999999999889, 0.4999999999999997780 ) ) ;
#1269 = FILL_AREA_STYLE_COLOUR ( '', #3365 ) ;
#1270 = VECTOR ( 'NONE', #3192, 1000.000000000000000 ) ;
#1271 = CARTESIAN_POINT ( 'NONE',  ( 0.8592893218813458800, 0.2999999999999999889, 0.7299999999999998712 ) ) ;
#1272 = CARTESIAN_POINT ( 'NONE',  ( -0.6800000000000000488, 0.8000000000000000444, 0.4200000000000002620 ) ) ;
#1273 = VERTEX_POINT ( 'NONE', #614 ) ;
#1274 = MECHANICAL_DESIGN_GEOMETRIC_PRESENTATION_REPRESENTATION (  '', ( #86 ), #3675 ) ;
#1275 =( LENGTH_UNIT ( ) NAMED_UNIT ( * ) SI_UNIT ( .MILLI., .METRE. ) );
#1276 = DIRECTION ( 'NONE',  ( 0.000000000000000000, -1.000000000000000000, 0.000000000000000000 ) ) ;
#1277 = FACE_OUTER_BOUND ( 'NONE', #730, .T. ) ;
#1278 = EDGE_CURVE ( 'NONE', #1058, #4515, #187, .T. ) ;
#1279 = LINE ( 'NONE', #4028, #2243 ) ;
#1280 = DIRECTION ( 'NONE',  ( 0.000000000000000000, 0.000000000000000000, -1.000000000000000000 ) ) ;
#1281 = FACE_OUTER_BOUND ( 'NONE', #4572, .T. ) ;
#1282 = PLANE ( 'NONE',  #3827 ) ;
#1283 = CARTESIAN_POINT ( 'NONE',  ( 0.7525068624343238533, 0.6700000000000001510, 0.6999999999999998446 ) ) ;
#1284 = ORIENTED_EDGE ( 'NONE', *, *, #1491, .F. ) ;
#1285 =( GEOMETRIC_REPRESENTATION_CONTEXT ( 3 ) GLOBAL_UNCERTAINTY_ASSIGNED_CONTEXT ( ( #4516 ) ) GLOBAL_UNIT_ASSIGNED_CONTEXT ( ( #2296, #3663, #2603 ) ) REPRESENTATION_CONTEXT ( 'NONE', 'WORKASPACE' ) );
#1286 = LINE ( 'NONE', #877, #2483 ) ;
#1287 = EDGE_CURVE ( 'NONE', #1273, #537, #3911, .T. ) ;
#1288 = ORIENTED_EDGE ( 'NONE', *, *, #853, .T. ) ;
#1289 = STYLED_ITEM ( 'NONE', ( #229 ), #1476 ) ;
#1290 = ADVANCED_FACE ( 'NONE', ( #1637 ), #4514, .T. ) ;
#1291 = CARTESIAN_POINT ( 'NONE',  ( -0.9034074173710932021, 0.2999999999999999889, -0.7741180954897477484 ) ) ;
#1292 = ADVANCED_FACE ( 'NONE', ( #685 ), #3637, .T. ) ;
#1293 = SURFACE_STYLE_USAGE ( .BOTH. , #2731 ) ;
#1294 = VERTEX_POINT ( 'NONE', #2068 ) ;
#1295 = FACE_OUTER_BOUND ( 'NONE', #1698, .T. ) ;
#1296 = CARTESIAN_POINT ( 'NONE',  ( 0.9300000000000002709, 0.000000000000000000, 0.6592893218813449252 ) ) ;
#1297 = ORIENTED_EDGE ( 'NONE', *, *, #716, .T. ) ;
#1298 = LINE ( 'NONE', #572, #3395 ) ;
#1299 = ADVANCED_FACE ( 'NONE', ( #3158 ), #4213, .T. ) ;
#1300 = LINE ( 'NONE', #227, #2605 ) ;
#1301 = PLANE ( 'NONE',  #1365 ) ;
#1302 = FILL_AREA_STYLE ('',( #999 ) ) ;
#1303 = DIRECTION ( 'NONE',  ( -0.7071067811865483499, 0.000000000000000000, 0.7071067811865466846 ) ) ;
#1304 = MECHANICAL_DESIGN_GEOMETRIC_PRESENTATION_REPRESENTATION (  '', ( #3293 ), #1811 ) ;
#1305 = LINE ( 'NONE', #4136, #2669 ) ;
#1306 = FILL_AREA_STYLE ('',( #4456 ) ) ;
#1307 = AXIS2_PLACEMENT_3D ( 'NONE', #4396, #492, #2610 ) ;
#1308 = VECTOR ( 'NONE', #1996, 1000.000000000000000 ) ;
#1309 = AXIS2_PLACEMENT_3D ( 'NONE', #1760, #4477, #1325 ) ;
#1310 = PRESENTATION_LAYER_ASSIGNMENT (  '', '', ( #4106 ) ) ;
#1311 = ORIENTED_EDGE ( 'NONE', *, *, #1946, .F. ) ;
#1312 = SURFACE_SIDE_STYLE ('',( #4459 ) ) ;
#1313 = FACE_OUTER_BOUND ( 'NONE', #3803, .T. ) ;
#1314 = VERTEX_POINT ( 'NONE', #4537 ) ;
#1315 = DIRECTION ( 'NONE',  ( 0.7071067811865483499, 0.000000000000000000, 0.7071067811865465735 ) ) ;
#1316 = CARTESIAN_POINT ( 'NONE',  ( 1.000000000000000000, 0.000000000000000000, 0.8000000000000001554 ) ) ;
#1317 = CARTESIAN_POINT ( 'NONE',  ( -0.7000000000000002887, 0.5999999999999999778, 0.7399999999999998801 ) ) ;
#1318 = ORIENTED_EDGE ( 'NONE', *, *, #3636, .F. ) ;
#1319 = STYLED_ITEM ( 'NONE', ( #1183 ), #4505 ) ;
#1320 = CARTESIAN_POINT ( 'NONE',  ( -0.9741180954897480371, 0.2999999999999999889, -0.7034074173710929134 ) ) ;
#1321 = ORIENTED_EDGE ( 'NONE', *, *, #4268, .F. ) ;
#1322 = FACE_OUTER_BOUND ( 'NONE', #1622, .T. ) ;
#1323 = CARTESIAN_POINT ( 'NONE',  ( -0.6999999999999999556, 0.7000000000000000666, 0.4999999999999998890 ) ) ;
#1324 =( LENGTH_UNIT ( ) NAMED_UNIT ( * ) SI_UNIT ( .MILLI., .METRE. ) );
#1325 = DIRECTION ( 'NONE',  ( 0.7071067811865483499, 0.000000000000000000, -0.7071067811865466846 ) ) ;
#1326 = VECTOR ( 'NONE', #2346, 1000.000000000000000 ) ;
#1327 = CARTESIAN_POINT ( 'NONE',  ( -1.000000000000000000, 0.000000000000000000, -0.7999999999999999334 ) ) ;
#1328 = CARTESIAN_POINT ( 'NONE',  ( -0.8999999999999999112, 0.6000000000000000888, 0.4999999999999996114 ) ) ;
#1329 = SURFACE_STYLE_USAGE ( .BOTH. , #3755 ) ;
#1330 = ORIENTED_EDGE ( 'NONE', *, *, #459, .T. ) ;
#1331 = FILL_AREA_STYLE_COLOUR ( '', #4463 ) ;
#1332 = DIRECTION ( 'NONE',  ( 0.000000000000000000, 0.000000000000000000, 1.000000000000000000 ) ) ;
#1333 = EDGE_LOOP ( 'NONE', ( #1597, #1266, #2118, #1648 ) ) ;
#1334 = AXIS2_PLACEMENT_3D ( 'NONE', #4125, #2050, #2420 ) ;
#1335 = ADVANCED_FACE ( 'NONE', ( #2465 ), #2109, .T. ) ;
#1336 = VECTOR ( 'NONE', #506, 1000.000000000000000 ) ;
#1337 = UNCERTAINTY_MEASURE_WITH_UNIT (LENGTH_MEASURE( 1.000000000000000082E-05 ), #304, 'distance_accuracy_value', 'NONE');
#1338 = FACE_OUTER_BOUND ( 'NONE', #273, .T. ) ;
#1339 = CARTESIAN_POINT ( 'NONE',  ( 0.9399999999999998357, 0.5999999999999999778, -0.5000000000000000000 ) ) ;
#1340 = CARTESIAN_POINT ( 'NONE',  ( -0.9300000000000000488, 1.114998880451716579, -0.6592893218813451472 ) ) ;
#1341 = VERTEX_POINT ( 'NONE', #2946 ) ;
#1342 = EDGE_CURVE ( 'NONE', #420, #2680, #3655, .T. ) ;
#1343 = CARTESIAN_POINT ( 'NONE',  ( 0.9399999999999998357, 0.6000000000000000888, 0.5000000000000000000 ) ) ;
#1344 = CARTESIAN_POINT ( 'NONE',  ( -0.3499999999999998668, 0.000000000000000000, -0.7299999999999995381 ) ) ;
#1345 = VERTEX_POINT ( 'NONE', #843 ) ;
#1346 = SURFACE_SIDE_STYLE ('',( #278 ) ) ;
#1347 = CARTESIAN_POINT ( 'NONE',  ( -0.9741180954897480371, 0.000000000000000000, -0.7034074173710929134 ) ) ;
#1348 = VECTOR ( 'NONE', #2336, 1000.000000000000000 ) ;
#1349 = AXIS2_PLACEMENT_3D ( 'NONE', #678, #2082, #3148 ) ;
#1350 = CARTESIAN_POINT ( 'NONE',  ( 0.9399999999999998357, 0.5999999999999999778, -0.1666666666666666852 ) ) ;
#1351 = CARTESIAN_POINT ( 'NONE',  ( -0.6999999999999999556, 0.6700000000000025935, 0.6999999999999998446 ) ) ;
#1352 = ADVANCED_FACE ( 'NONE', ( #4449 ), #546, .F. ) ;
#1353 = CARTESIAN_POINT ( 'NONE',  ( 0.3500000000000000888, 0.2999999999999999334, 0.7299999999999994271 ) ) ;
#1354 = CARTESIAN_POINT ( 'NONE',  ( -1.000000000000000000, 0.2999999999999999889, 0.7999999999999999334 ) ) ;
#1355 = ORIENTED_EDGE ( 'NONE', *, *, #4562, .T. ) ;
#1356 = CARTESIAN_POINT ( 'NONE',  ( 0.3500000000000000888, 0.2999999999999999889, 0.7299999999999994271 ) ) ;
#1357 = CARTESIAN_POINT ( 'NONE',  ( 0.8999999999999999112, 0.6700000000000009281, 0.4999999999999998890 ) ) ;
#1358 = ORIENTED_EDGE ( 'NONE', *, *, #3271, .T. ) ;
#1359 = CARTESIAN_POINT ( 'NONE',  ( 0.8999999999999999112, 0.6700000000000009281, 0.4999999999999998890 ) ) ;
#1360 = UNCERTAINTY_MEASURE_WITH_UNIT (LENGTH_MEASURE( 1.000000000000000082E-05 ), #3836, 'distance_accuracy_value', 'NONE');
#1361 = CARTESIAN_POINT ( 'NONE',  ( 0.8221261090923066561, 0.6000000000000001998, -0.7087953169278101706 ) ) ;
#1362 = FILL_AREA_STYLE_COLOUR ( '', #1379 ) ;
#1363 = ORIENTED_EDGE ( 'NONE', *, *, #2696, .F. ) ;
#1364 =( GEOMETRIC_REPRESENTATION_CONTEXT ( 3 ) GLOBAL_UNCERTAINTY_ASSIGNED_CONTEXT ( ( #2775 ) ) GLOBAL_UNIT_ASSIGNED_CONTEXT ( ( #2742, #4181, #256 ) ) REPRESENTATION_CONTEXT ( 'NONE', 'WORKASPACE' ) );
#1365 = AXIS2_PLACEMENT_3D ( 'NONE', #2691, #1900, #4092 ) ;
#1366 = FILL_AREA_STYLE ('',( #2075 ) ) ;
#1367 = EDGE_LOOP ( 'NONE', ( #1656, #796, #3406, #148 ) ) ;
#1368 = CIRCLE ( 'NONE', #172, 0.09999999999999993616 ) ;
#1369 = FILL_AREA_STYLE_COLOUR ( '', #888 ) ;
#1370 = SURFACE_STYLE_FILL_AREA ( #254 ) ;
#1371 = AXIS2_PLACEMENT_3D ( 'NONE', #1182, #2589, #838 ) ;
#1372 =( NAMED_UNIT ( * ) SI_UNIT ( $, .STERADIAN. ) SOLID_ANGLE_UNIT ( ) );
#1373 = FILL_AREA_STYLE_COLOUR ( '', #2081 ) ;
#1374 = FACE_OUTER_BOUND ( 'NONE', #360, .T. ) ;
#1375 = CARTESIAN_POINT ( 'NONE',  ( 0.3500000000000000888, 0.000000000000000000, -0.7299999999999994271 ) ) ;
#1376 = EDGE_CURVE ( 'NONE', #124, #3847, #1626, .T. ) ;
#1377 = EDGE_CURVE ( 'NONE', #3466, #2403, #907, .T. ) ;
#1378 = AXIS2_PLACEMENT_3D ( 'NONE', #3460, #3805, #1034 ) ;
#1379 = COLOUR_RGB ( '',0.9686274509803921573, 0.8784313725490195957, 0.5999999999999999778 ) ;
#1380 = ORIENTED_EDGE ( 'NONE', *, *, #67, .F. ) ;
#1381 = FILL_AREA_STYLE ('',( #1331 ) ) ;
#1382 = SURFACE_SIDE_STYLE ('',( #2438 ) ) ;
#1384 = ORIENTED_EDGE ( 'NONE', *, *, #1752, .F. ) ;
#1383 = VECTOR ( 'NONE', #2559, 1000.000000000000000 ) ;
#1385 = CARTESIAN_POINT ( 'NONE',  ( -1.000000000000000000, 0.5999999999999999778, 0.8000000000000001554 ) ) ;
#1386 =( NAMED_UNIT ( * ) PLANE_ANGLE_UNIT ( ) SI_UNIT ( $, .RADIAN. ) );
#1387 = VECTOR ( 'NONE', #4246, 1000.000000000000000 ) ;
#1388 = ORIENTED_EDGE ( 'NONE', *, *, #4123, .F. ) ;
#1389 =( GEOMETRIC_REPRESENTATION_CONTEXT ( 3 ) GLOBAL_UNCERTAINTY_ASSIGNED_CONTEXT ( ( #2212 ) ) GLOBAL_UNIT_ASSIGNED_CONTEXT ( ( #3497, #2529, #3152 ) ) REPRESENTATION_CONTEXT ( 'NONE', 'WORKASPACE' ) );
#1390 = ORIENTED_EDGE ( 'NONE', *, *, #440, .T. ) ;
#1391 = CARTESIAN_POINT ( 'NONE',  ( -1.000000000000000000, 0.5999999999999999778, -0.7999999999999999334 ) ) ;
#1392 = EDGE_LOOP ( 'NONE', ( #1736, #3763, #4534, #3907 ) ) ;
#1393 = DIRECTION ( 'NONE',  ( 1.000000000000000000, 0.000000000000000000, 0.000000000000000000 ) ) ;
#1394 = DIRECTION ( 'NONE',  ( -0.000000000000000000, 1.000000000000000000, -0.000000000000000000 ) ) ;
#1395 = COLOUR_RGB ( '',0.9686274509803921573, 0.8784313725490195957, 0.5999999999999999778 ) ;
#1396 = EDGE_CURVE ( 'NONE', #3537, #4190, #3749, .T. ) ;
#1397 = ADVANCED_FACE ( 'NONE', ( #179 ), #255, .T. ) ;
#1398 = DIRECTION ( 'NONE',  ( 0.000000000000000000, 0.000000000000000000, 1.000000000000000000 ) ) ;
#1399 = ORIENTED_EDGE ( 'NONE', *, *, #3804, .F. ) ;
#1400 = LINE ( 'NONE', #606, #675 ) ;
#1401 = AXIS2_PLACEMENT_3D ( 'NONE', #4329, #1175, #2582 ) ;
#1402 = VERTEX_POINT ( 'NONE', #3008 ) ;
#1403 = DIRECTION ( 'NONE',  ( 1.000000000000000000, 0.000000000000000000, 0.000000000000000000 ) ) ;
#1404 = DIRECTION ( 'NONE',  ( 0.000000000000000000, -1.000000000000000000, 0.000000000000000000 ) ) ;
#1405 = EDGE_LOOP ( 'NONE', ( #648, #3676, #2877, #4556 ) ) ;
#1406 = LINE ( 'NONE', #1385, #480 ) ;
#1407 = EDGE_CURVE ( 'NONE', #1502, #2033, #2292, .T. ) ;
#1408 = AXIS2_PLACEMENT_3D ( 'NONE', #3067, #2399, #3386 ) ;
#1409 = CARTESIAN_POINT ( 'NONE',  ( 0.3500000000000000888, 0.000000000000000000, 0.7299999999999994271 ) ) ;
#1410 = EDGE_CURVE ( 'NONE', #2634, #277, #509, .T. ) ;
#1411 = ORIENTED_EDGE ( 'NONE', *, *, #4135, .T. ) ;
#1412 = B_SPLINE_CURVE_WITH_KNOTS ( 'NONE', 3,
 ( #4120, #939, #2019, #2321, #3734, #1357 ),
 .UNSPECIFIED., .F., .F.,
 ( 4, 2, 4 ),
 ( 0.000000000000000000, 0.5000000000000000000, 1.000000000000000000 ),
 .UNSPECIFIED. ) ;
#1413 = COLOUR_RGB ( '',0.9686274509803921573, 0.8784313725490195957, 0.5999999999999999778 ) ;
#1414 = ORIENTED_EDGE ( 'NONE', *, *, #3973, .T. ) ;
#1415 = ORIENTED_EDGE ( 'NONE', *, *, #3402, .F. ) ;
#1416 = PRESENTATION_STYLE_ASSIGNMENT (( #4248 ) ) ;
#1417 = DIRECTION ( 'NONE',  ( 0.000000000000000000, -1.000000000000000000, 0.000000000000000000 ) ) ;
#1418 = DIRECTION ( 'NONE',  ( 1.000000000000000000, 0.000000000000000000, 7.946961583325784695E-16 ) ) ;
#1419 = CARTESIAN_POINT ( 'NONE',  ( -0.9034074173710932021, 0.000000000000000000, -0.7741180954897477484 ) ) ;
#1420 = ORIENTED_EDGE ( 'NONE', *, *, #2021, .T. ) ;
#1421 = CARTESIAN_POINT ( 'NONE',  ( -0.2099999999999999367, 0.000000000000000000, 0.8000000000000001554 ) ) ;
#1422 = ADVANCED_FACE ( 'NONE', ( #1277 ), #1301, .F. ) ;
#1423 = CARTESIAN_POINT ( 'NONE',  ( -0.6800000000000000488, 0.8000000000000000444, 0.4800000000000001488 ) ) ;
#1424 = ORIENTED_EDGE ( 'NONE', *, *, #922, .T. ) ;
#1425 =( LENGTH_UNIT ( ) NAMED_UNIT ( * ) SI_UNIT ( .MILLI., .METRE. ) );
#1426 = VERTEX_POINT ( 'NONE', #479 ) ;
#1427 =( BOUNDED_CURVE ( )  B_SPLINE_CURVE ( 2, ( #1245, #897, #336 ),
 .UNSPECIFIED., .F., .T. ) 
 B_SPLINE_CURVE_WITH_KNOTS ( ( 3, 3 ),
 ( 0.000000000000000000, 1.000000000000000000 ),
 .UNSPECIFIED. ) 
 CURVE ( )  GEOMETRIC_REPRESENTATION_ITEM ( )  RATIONAL_B_SPLINE_CURVE ( ( 1.000000000000000000, 0.7071067811865465735, 1.000000000000000000 ) ) 
 REPRESENTATION_ITEM ( '' )  );
#1428 = CARTESIAN_POINT ( 'NONE',  ( -0.3500000000000003109, 0.2999999999999999889, 0.7299999999999993161 ) ) ;
#1429 = PLANE ( 'NONE',  #2585 ) ;
#1430 = LINE ( 'NONE', #2091, #1084 ) ;
#1431 = ORIENTED_EDGE ( 'NONE', *, *, #1609, .F. ) ;
#1432 = EDGE_CURVE ( 'NONE', #3466, #3537, #3705, .T. ) ;
#1433 = EDGE_CURVE ( 'NONE', #4360, #3234, #2337, .T. ) ;
#1434 = EDGE_CURVE ( 'NONE', #2269, #3857, #3428, .T. ) ;
#1435 = ORIENTED_EDGE ( 'NONE', *, *, #1861, .T. ) ;
#1436 =( NAMED_UNIT ( * ) SI_UNIT ( $, .STERADIAN. ) SOLID_ANGLE_UNIT ( ) );
#1437 = VERTEX_POINT ( 'NONE', #2246 ) ;
#1438 = DIRECTION ( 'NONE',  ( -0.7071067811865483499, 0.000000000000000000, -0.7071067811865465735 ) ) ;
#1439 = CARTESIAN_POINT ( 'NONE',  ( 0.6999999999999999556, 0.7599999999999997868, 0.6499999999999998002 ) ) ;
#1440 = VECTOR ( 'NONE', #2700, 1000.000000000000000 ) ;
#1441 = VECTOR ( 'NONE', #2913, 1000.000000000000000 ) ;
#1442 = EDGE_CURVE ( 'NONE', #4378, #4160, #4370, .T. ) ;
#1443 = DIRECTION ( 'NONE',  ( 0.000000000000000000, 0.000000000000000000, 1.000000000000000000 ) ) ;
#1444 = ORIENTED_EDGE ( 'NONE', *, *, #3711, .F. ) ;
#1445 = STYLED_ITEM ( 'NONE', ( #345 ), #734 ) ;
#1446 = DIRECTION ( 'NONE',  ( -1.000000000000000000, 0.000000000000000000, 0.000000000000000000 ) ) ;
#1447 = CARTESIAN_POINT ( 'NONE',  ( 0.2099999999999999922, 0.000000000000000000, -0.7999999999999999334 ) ) ;
#1448 = ORIENTED_EDGE ( 'NONE', *, *, #2103, .T. ) ;
#1449 = ORIENTED_EDGE ( 'NONE', *, *, #1927, .F. ) ;
#1450 = AXIS2_PLACEMENT_3D ( 'NONE', #1773, #2071, #3480 ) ;
#1451 = PRESENTATION_STYLE_ASSIGNMENT (( #4242 ) ) ;
#1452 = VECTOR ( 'NONE', #620, 1000.000000000000000 ) ;
#1453 = VERTEX_POINT ( 'NONE', #1233 ) ;
#1454 =( BOUNDED_SURFACE ( )  B_SPLINE_SURFACE ( 2, 3, ( 
 ( #2309, #3367, #2616, #858, #171, #1892 ),
 ( #1596, #4382, #1248, #3304, #131, #4085 ),
 ( #1227, #2641, #1954, #193, #1618, #919 ) ),
 .UNSPECIFIED., .F., .F., .T. ) 
 B_SPLINE_SURFACE_WITH_KNOTS ( ( 3, 3 ),
 ( 4, 2, 4 ),
 ( 0.000000000000000000, 1.000000000000000000 ),
 ( 4.517509052022937443E-16, 0.7853981633974485010, 1.570796326794896558 ),
 .UNSPECIFIED. ) 
 GEOMETRIC_REPRESENTATION_ITEM ( )  RATIONAL_B_SPLINE_SURFACE ( (
 ( 1.000000000000000000, 1.000000000000000000, 1.000000000000000000, 1.000000000000000000, 1.000000000000000000, 1.000000000000000000),
 ( 0.7071067811865465735, 0.7071067811865465735, 0.7071067811865465735, 0.7071067811865465735, 0.7071067811865465735, 0.7071067811865465735),
 ( 1.000000000000000000, 1.000000000000000000, 1.000000000000000000, 1.000000000000000000, 1.000000000000000000, 1.000000000000000000) ) ) 
 REPRESENTATION_ITEM ( '' )  SURFACE ( )  );
#1455 = ORIENTED_EDGE ( 'NONE', *, *, #3554, .T. ) ;
#1456 = FILL_AREA_STYLE ('',( #2519 ) ) ;
#1457 = VECTOR ( 'NONE', #3348, 1000.000000000000000 ) ;
#1458 = ORIENTED_EDGE ( 'NONE', *, *, #1376, .F. ) ;
#1459 = DIRECTION ( 'NONE',  ( -1.000000000000000000, 0.000000000000000000, 8.515412563376712390E-16 ) ) ;
#1460 = CARTESIAN_POINT ( 'NONE',  ( 0.9300000000000002709, 1.114998880451716579, -0.6592893218813449252 ) ) ;
#1461 = CARTESIAN_POINT ( 'NONE',  ( -0.3499999999999999778, 0.000000000000000000, 0.4999999999999997780 ) ) ;
#1462 = CIRCLE ( 'NONE', #4330, 0.06000000000000004635 ) ;
#1463 = DIRECTION ( 'NONE',  ( 0.000000000000000000, 0.000000000000000000, 1.000000000000000000 ) ) ;
#1464 = ORIENTED_EDGE ( 'NONE', *, *, #3802, .T. ) ;
#1465 = PLANE ( 'NONE',  #2455 ) ;
#1466 = AXIS2_PLACEMENT_3D ( 'NONE', #906, #574, #2034 ) ;
#1467 = CARTESIAN_POINT ( 'NONE',  ( -0.9741180954897484812, 0.2999999999999999889, 0.7034074173710924693 ) ) ;
#1468 = CARTESIAN_POINT ( 'NONE',  ( 0.8999999999999999112, 0.6700000000000000400, -0.5523598775598296262 ) ) ;
#1469 = ORIENTED_EDGE ( 'NONE', *, *, #2939, .F. ) ;
#1470 = UNCERTAINTY_MEASURE_WITH_UNIT (LENGTH_MEASURE( 1.000000000000000082E-05 ), #3092, 'distance_accuracy_value', 'NONE');
#1471 = ORIENTED_EDGE ( 'NONE', *, *, #3052, .F. ) ;
#1472 = CARTESIAN_POINT ( 'NONE',  ( 0.6999999999999998446, -1.580350850198276369, -0.6499999999999999112 ) ) ;
#1473 = EDGE_CURVE ( 'NONE', #4245, #4461, #525, .T. ) ;
#1474 = FILL_AREA_STYLE ('',( #1362 ) ) ;
#1475 = ORIENTED_EDGE ( 'NONE', *, *, #3211, .T. ) ;
#1476 = MANIFOLD_SOLID_BREP ( 'Boss-Extrude5[1]', #4352 ) ;
#1477 = ORIENTED_EDGE ( 'NONE', *, *, #2927, .T. ) ;
#1478 = CARTESIAN_POINT ( 'NONE',  ( -0.9300000000000000488, 0.2999999999999999889, -0.6592893218813451472 ) ) ;
#1479 = VERTEX_POINT ( 'NONE', #2430 ) ;
#1480 = DIRECTION ( 'NONE',  ( 0.000000000000000000, 1.000000000000000000, 0.000000000000000000 ) ) ;
#1481 = PLANE ( 'NONE',  #4005 ) ;
#1482 = EDGE_CURVE ( 'NONE', #2235, #1960, #1941, .T. ) ;
#1483 = DIRECTION ( 'NONE',  ( 0.000000000000000000, 0.000000000000000000, 1.000000000000000000 ) ) ;
#1484 = CARTESIAN_POINT ( 'NONE',  ( 0.6999999999999999556, 0.6700000000000000400, 0.4999999999999998890 ) ) ;
#1485 = MECHANICAL_DESIGN_GEOMETRIC_PRESENTATION_REPRESENTATION (  '', ( #508 ), #1702 ) ;
#1486 = LINE ( 'NONE', #2891, #1441 ) ;
#1487 = CARTESIAN_POINT ( 'NONE',  ( -0.8099999999999999423, 0.8000000000000000444, 8.782037597132587148E-17 ) ) ;
#1488 = ORIENTED_EDGE ( 'NONE', *, *, #1442, .T. ) ;
#1489 = DIRECTION ( 'NONE',  ( -1.000000000000000000, 0.000000000000000000, 1.548860246407863829E-16 ) ) ;
#1490 = CARTESIAN_POINT ( 'NONE',  ( -1.000000000000000000, 0.000000000000000000, -0.7999999999999999334 ) ) ;
#1491 = EDGE_CURVE ( 'NONE', #1510, #3197, #4151, .T. ) ;
#1492 = EDGE_CURVE ( 'NONE', #2533, #4548, #3421, .T. ) ;
#1493 = CARTESIAN_POINT ( 'NONE',  ( 0.8999999999999999112, 0.6700000000000025935, -0.5000000000000000000 ) ) ;
#1494 = DIRECTION ( 'NONE',  ( 0.000000000000000000, -0.000000000000000000, -1.000000000000000000 ) ) ;
#1495 = AXIS2_PLACEMENT_3D ( 'NONE', #522, #4388, #3702 ) ;
#1497 = ORIENTED_EDGE ( 'NONE', *, *, #161, .F. ) ;
#1496 = MECHANICAL_DESIGN_GEOMETRIC_PRESENTATION_REPRESENTATION (  '', ( #3335 ), #3111 ) ;
#1498 = AXIS2_PLACEMENT_3D ( 'NONE', #1735, #3886, #3818 ) ;
#1499 = DIRECTION ( 'NONE',  ( 0.7071067811865483499, 0.000000000000000000, -0.7071067811865466846 ) ) ;
#1500 =( NAMED_UNIT ( * ) PLANE_ANGLE_UNIT ( ) SI_UNIT ( $, .RADIAN. ) );
#1501 = ORIENTED_EDGE ( 'NONE', *, *, #67, .T. ) ;
#1502 = VERTEX_POINT ( 'NONE', #953 ) ;
#1503 = CARTESIAN_POINT ( 'NONE',  ( -0.8100000000000000533, 0.8000000000000000444, -0.4999999999999998890 ) ) ;
#1504 = ORIENTED_EDGE ( 'NONE', *, *, #3361, .F. ) ;
#1505 = CARTESIAN_POINT ( 'NONE',  ( -0.6999999999999999556, 0.7599999999999997868, 0.4999999999999998890 ) ) ;
#1506 = DIRECTION ( 'NONE',  ( -0.000000000000000000, -1.000000000000000000, -0.000000000000000000 ) ) ;
#1507 = UNCERTAINTY_MEASURE_WITH_UNIT (LENGTH_MEASURE( 1.000000000000000082E-05 ), #2711, 'distance_accuracy_value', 'NONE');
#1508 = SURFACE_STYLE_USAGE ( .BOTH. , #3609 ) ;
#1509 = CARTESIAN_POINT ( 'NONE',  ( 0.1499999999999999944, 0.5999999999999999778, 0.8000000000000000444 ) ) ;
#1510 = VERTEX_POINT ( 'NONE', #302 ) ;
#1511 = CARTESIAN_POINT ( 'NONE',  ( -0.3499999999999999778, 0.2999999999999999889, 0.4999999999999997780 ) ) ;
#1512 = CARTESIAN_POINT ( 'NONE',  ( -0.9399999988605379775, 0.6000000000000000888, -0.5630082349132874420 ) ) ;
#1513 = CARTESIAN_POINT ( 'NONE',  ( 0.3500000000000000333, 1.114998880451716579, 0.2499999999999995282 ) ) ;
#1514 = PRESENTATION_LAYER_ASSIGNMENT (  '', '', ( #247 ) ) ;
#1515 = AXIS2_PLACEMENT_3D ( 'NONE', #2784, #2363, #2058 ) ;
#1516 = CARTESIAN_POINT ( 'NONE',  ( 0.6999999999999998446, 0.6700000000000009281, -0.6999999999999998446 ) ) ;
#1517 = ORIENTED_EDGE ( 'NONE', *, *, #1543, .T. ) ;
#1518 = EDGE_CURVE ( 'NONE', #2143, #2829, #1730, .T. ) ;
#1519 = EDGE_CURVE ( 'NONE', #1244, #2704, #3099, .T. ) ;
#1520 = PRESENTATION_STYLE_ASSIGNMENT (( #4304 ) ) ;
#1521 = DIRECTION ( 'NONE',  ( 0.000000000000000000, 0.000000000000000000, 1.000000000000000000 ) ) ;
#1522 = LINE ( 'NONE', #188, #2544 ) ;
#1523 = EDGE_LOOP ( 'NONE', ( #1388, #4273, #598, #2833 ) ) ;
#1524 =( GEOMETRIC_REPRESENTATION_CONTEXT ( 3 ) GLOBAL_UNCERTAINTY_ASSIGNED_CONTEXT ( ( #266 ) ) GLOBAL_UNIT_ASSIGNED_CONTEXT ( ( #2332, #4171, #1707 ) ) REPRESENTATION_CONTEXT ( 'NONE', 'WORKASPACE' ) );
#1525 = VERTEX_POINT ( 'NONE', #2762 ) ;
#1526 = CARTESIAN_POINT ( 'NONE',  ( -0.8999999999999999112, 0.000000000000000000, 0.8000000000000001554 ) ) ;
#1527 = ORIENTED_EDGE ( 'NONE', *, *, #3804, .T. ) ;
#1528 = UNCERTAINTY_MEASURE_WITH_UNIT (LENGTH_MEASURE( 1.000000000000000082E-05 ), #2721, 'distance_accuracy_value', 'NONE');
#1529 = AXIS2_PLACEMENT_3D ( 'NONE', #3559, #2158, #4306 ) ;
#1530 = CARTESIAN_POINT ( 'NONE',  ( 0.2333333333333336979, 0.6000000000000000888, -0.7399999999999998801 ) ) ;
#1531 = SURFACE_SIDE_STYLE ('',( #405 ) ) ;
#1532 = CYLINDRICAL_SURFACE ( 'NONE', #3079, 0.05999999999999994227 ) ;
#1533 = COLOUR_RGB ( '',0.2509803921568627416, 0.2509803921568627416, 0.2509803921568627416 ) ;
#1534 = EDGE_CURVE ( 'NONE', #1479, #2634, #2169, .T. ) ;
#1535 = VECTOR ( 'NONE', #3259, 1000.000000000000000 ) ;
#1536 = COLOUR_RGB ( '',0.9686274509803921573, 0.8784313725490195957, 0.5999999999999999778 ) ;
#1537 = LINE ( 'NONE', #2572, #2990 ) ;
#1538 = DIRECTION ( 'NONE',  ( 0.000000000000000000, 1.000000000000000000, 0.000000000000000000 ) ) ;
#1539 = VERTEX_POINT ( 'NONE', #4502 ) ;
#1540 = DIRECTION ( 'NONE',  ( 1.000000000000000000, 0.000000000000000000, 8.515412563376710418E-16 ) ) ;
#1541 = ADVANCED_FACE ( 'NONE', ( #651 ), #4575, .T. ) ;
#1542 = AXIS2_PLACEMENT_3D ( 'NONE', #2142, #4523, #361 ) ;
#1543 = EDGE_CURVE ( 'NONE', #1995, #3781, #3772, .T. ) ;
#1544 =( NAMED_UNIT ( * ) SI_UNIT ( $, .STERADIAN. ) SOLID_ANGLE_UNIT ( ) );
#1545 = DIRECTION ( 'NONE',  ( -0.000000000000000000, -1.000000000000000000, -0.000000000000000000 ) ) ;
#1546 = VERTEX_POINT ( 'NONE', #3490 ) ;
#1547 = COLOUR_RGB ( '',0.9686274509803921573, 0.8784313725490195957, 0.5999999999999999778 ) ;
#1548 = SURFACE_SIDE_STYLE ('',( #872 ) ) ;
#1549 = CARTESIAN_POINT ( 'NONE',  ( -0.6800000000000000488, 0.8000000000000000444, 0.4800000000000001488 ) ) ;
#1550 = ORIENTED_EDGE ( 'NONE', *, *, #1377, .T. ) ;
#1551 =( GEOMETRIC_REPRESENTATION_CONTEXT ( 3 ) GLOBAL_UNCERTAINTY_ASSIGNED_CONTEXT ( ( #3627 ) ) GLOBAL_UNIT_ASSIGNED_CONTEXT ( ( #4433, #1612, #708 ) ) REPRESENTATION_CONTEXT ( 'NONE', 'WORKASPACE' ) );
#1552 = ADVANCED_FACE ( 'NONE', ( #3123 ), #4526, .T. ) ;
#1553 = ORIENTED_EDGE ( 'NONE', *, *, #203, .T. ) ;
#1554 = CARTESIAN_POINT ( 'NONE',  ( -1.000000000000000000, 0.2999999999999999334, -0.7999999999999999334 ) ) ;
#1555 = VERTEX_POINT ( 'NONE', #2739 ) ;
#1556 = ADVANCED_FACE ( 'NONE', ( #1799 ), #85, .F. ) ;
#1557 = CARTESIAN_POINT ( 'NONE',  ( -0.9741180954897484812, 0.2999999999999999889, 0.7034074173710924693 ) ) ;
#1558 = ORIENTED_EDGE ( 'NONE', *, *, #3988, .T. ) ;
#1559 = DIRECTION ( 'NONE',  ( 0.000000000000000000, 0.000000000000000000, 1.000000000000000000 ) ) ;
#1560 = ORIENTED_EDGE ( 'NONE', *, *, #1971, .F. ) ;
#1561 = FILL_AREA_STYLE ('',( #2270 ) ) ;
#1562 = DIRECTION ( 'NONE',  ( 0.000000000000000000, 0.000000000000000000, -1.000000000000000000 ) ) ;
#1563 = CARTESIAN_POINT ( 'NONE',  ( 0.8592893218813458800, 0.2999999999999999889, -0.7299999999999998712 ) ) ;
#1564 = AXIS2_PLACEMENT_3D ( 'NONE', #218, #565, #988 ) ;
#1565 = COLOUR_RGB ( '',0.9686274509803921573, 0.8784313725490195957, 0.5999999999999999778 ) ;
#1566 = VERTEX_POINT ( 'NONE', #747 ) ;
#1567 =( LENGTH_UNIT ( ) NAMED_UNIT ( * ) SI_UNIT ( .MILLI., .METRE. ) );
#1568 = DIRECTION ( 'NONE',  ( 0.000000000000000000, 0.000000000000000000, 1.000000000000000000 ) ) ;
#1569 = ORIENTED_EDGE ( 'NONE', *, *, #579, .F. ) ;
#1570 = ORIENTED_EDGE ( 'NONE', *, *, #4503, .F. ) ;
#1571 = FACE_OUTER_BOUND ( 'NONE', #1913, .T. ) ;
#1572 = ORIENTED_EDGE ( 'NONE', *, *, #2146, .F. ) ;
#1573 = DIRECTION ( 'NONE',  ( 1.000000000000000000, 0.000000000000000000, 1.869314090492249305E-16 ) ) ;
#1574 = CARTESIAN_POINT ( 'NONE',  ( -0.1499999999999999944, 0.5999999999999999778, 0.7400000000000001021 ) ) ;
#1575 = ORIENTED_EDGE ( 'NONE', *, *, #1809, .F. ) ;
#1576 = ADVANCED_FACE ( 'NONE', ( #4291 ), #3543, .F. ) ;
#1577 = CARTESIAN_POINT ( 'NONE',  ( 0.2333333333333330872, 0.6000000000000000888, 0.6999999999999998446 ) ) ;
#1578 = LINE ( 'NONE', #4271, #1749 ) ;
#1579 = ORIENTED_EDGE ( 'NONE', *, *, #2911, .T. ) ;
#1580 = DIRECTION ( 'NONE',  ( 2.135549733683570822E-15, 0.000000000000000000, -1.000000000000000000 ) ) ;
#1581 = CARTESIAN_POINT ( 'NONE',  ( -0.8999999999999999112, 0.6700000000000001510, -0.4999999999999998890 ) ) ;
#1582 = CARTESIAN_POINT ( 'NONE',  ( -0.3499999999999999778, 1.114998880451716579, 0.4999999999999997780 ) ) ;
#1583 = FILL_AREA_STYLE_COLOUR ( '', #1800 ) ;
#1584 = SURFACE_STYLE_USAGE ( .BOTH. , #909 ) ;
#1585 = PRESENTATION_LAYER_ASSIGNMENT (  '', '', ( #1142 ) ) ;
#1586 = AXIS2_PLACEMENT_3D ( 'NONE', #3347, #1918, #1559 ) ;
#1587 =( NAMED_UNIT ( * ) SI_UNIT ( $, .STERADIAN. ) SOLID_ANGLE_UNIT ( ) );
#1588 = AXIS2_PLACEMENT_3D ( 'NONE', #879, #3625, #4339 ) ;
#1589 = CARTESIAN_POINT ( 'NONE',  ( -1.000000000000000000, 0.000000000000000000, -0.7999999999999999334 ) ) ;
#1590 = CARTESIAN_POINT ( 'NONE',  ( -0.2333333333333334481, 0.6700000000000000400, 0.6999999999999998446 ) ) ;
#1591 = ORIENTED_EDGE ( 'NONE', *, *, #400, .T. ) ;
#1592 = EDGE_CURVE ( 'NONE', #718, #683, #2145, .T. ) ;
#1593 = PLANE ( 'NONE',  #4541 ) ;
#1594 = ORIENTED_EDGE ( 'NONE', *, *, #1908, .T. ) ;
#1595 = DIRECTION ( 'NONE',  ( 7.946961583325783709E-16, -0.000000000000000000, 1.000000000000000000 ) ) ;
#1596 = CARTESIAN_POINT ( 'NONE',  ( 0.7000000000000000666, 0.6000000000000000888, -0.6999999999999995115 ) ) ;
#1597 = ORIENTED_EDGE ( 'NONE', *, *, #3464, .T. ) ;
#1598 = VECTOR ( 'NONE', #4467, 1000.000000000000000 ) ;
#1599 = CARTESIAN_POINT ( 'NONE',  ( -0.8499999999999998668, -1.580350850198276369, -0.4999999999999998890 ) ) ;
#1600 = CARTESIAN_POINT ( 'NONE',  ( -0.9299999999999999378, 0.2999999999999999889, 0.2499999999999991951 ) ) ;
#1601 = EDGE_LOOP ( 'NONE', ( #3213, #470, #1678, #4561, #3879, #4437, #1841, #1384, #1444, #1639, #468, #1087, #3388, #2864, #920, #1497 ) ) ;
#1602 = SURFACE_STYLE_USAGE ( .BOTH. , #1898 ) ;
#1603 = CARTESIAN_POINT ( 'NONE',  ( -0.6999999999999998446, 0.6700000000000009281, -0.6999999999999998446 ) ) ;
#1604 = CARTESIAN_POINT ( 'NONE',  ( -0.6999999999999999556, 0.6700000000000000400, 0.4999999999999998890 ) ) ;
#1605 = VECTOR ( 'NONE', #1499, 1000.000000000000000 ) ;
#1606 = STYLED_ITEM ( 'NONE', ( #2938 ), #1725 ) ;
#1607 = CARTESIAN_POINT ( 'NONE',  ( -0.9741180954897484812, 0.000000000000000000, 0.7034074173710924693 ) ) ;
#1608 = CARTESIAN_POINT ( 'NONE',  ( 0.8925516906512280801, 0.5999999999999999778, 0.6470717760350841452 ) ) ;
#1609 = EDGE_CURVE ( 'NONE', #352, #2325, #3626, .T. ) ;
#1610 = VECTOR ( 'NONE', #2217, 1000.000000000000000 ) ;
#1611 = AXIS2_PLACEMENT_3D ( 'NONE', #1467, #4559, #3548 ) ;
#1612 =( NAMED_UNIT ( * ) PLANE_ANGLE_UNIT ( ) SI_UNIT ( $, .RADIAN. ) );
#1613 = CIRCLE ( 'NONE', #1466, 0.05999999999999994227 ) ;
#1614 = FACE_OUTER_BOUND ( 'NONE', #1873, .T. ) ;
#1615 = VERTEX_POINT ( 'NONE', #2824 ) ;
#1616 = EDGE_CURVE ( 'NONE', #1687, #1017, #767, .T. ) ;
#1617 = SURFACE_SIDE_STYLE ('',( #498 ) ) ;
#1618 = CARTESIAN_POINT ( 'NONE',  ( 0.8999999999999999112, 0.6700000000000001510, -0.5525068624343224544 ) ) ;
#1619 = AXIS2_PLACEMENT_3D ( 'NONE', #4487, #2724, #585 ) ;
#1620 = CARTESIAN_POINT ( 'NONE',  ( 0.9741180954897482591, 0.2999999999999999334, -0.7034074173710926914 ) ) ;
#1621 = FACE_OUTER_BOUND ( 'NONE', #860, .T. ) ;
#1622 = EDGE_LOOP ( 'NONE', ( #241, #4146, #2022, #764 ) ) ;
#1623 = DIRECTION ( 'NONE',  ( -0.7071067811865483499, 0.000000000000000000, 0.7071067811865466846 ) ) ;
#1624 = CARTESIAN_POINT ( 'NONE',  ( 0.8999999999999999112, 0.6700000000000009281, 0.4999999999999998890 ) ) ;
#1625 =( NAMED_UNIT ( * ) PLANE_ANGLE_UNIT ( ) SI_UNIT ( $, .RADIAN. ) );
#1626 = LINE ( 'NONE', #1582, #705 ) ;
#1627 = DIRECTION ( 'NONE',  ( -0.000000000000000000, -1.000000000000000000, -0.000000000000000000 ) ) ;
#1628 = DIRECTION ( 'NONE',  ( -0.000000000000000000, -1.000000000000000000, -0.000000000000000000 ) ) ;
#1629 =( GEOMETRIC_REPRESENTATION_CONTEXT ( 3 ) GLOBAL_UNCERTAINTY_ASSIGNED_CONTEXT ( ( #1826 ) ) GLOBAL_UNIT_ASSIGNED_CONTEXT ( ( #814, #2213, #4518 ) ) REPRESENTATION_CONTEXT ( 'NONE', 'WORKASPACE' ) );
#1630 = CARTESIAN_POINT ( 'NONE',  ( -0.3500000000000003109, 0.000000000000000000, 0.7299999999999993161 ) ) ;
#1631 = CARTESIAN_POINT ( 'NONE',  ( 0.8499999999999998668, 0.7599999999999997868, -0.5000000000000001110 ) ) ;
#1632 = PRESENTATION_LAYER_ASSIGNMENT (  '', '', ( #1263 ) ) ;
#1633 = EDGE_CURVE ( 'NONE', #3857, #3949, #1091, .T. ) ;
#1634 = ADVANCED_FACE ( 'NONE', ( #2889 ), #4230, .F. ) ;
#1635 = EDGE_CURVE ( 'NONE', #3234, #78, #3955, .T. ) ;
#1636 = FILL_AREA_STYLE_COLOUR ( '', #1086 ) ;
#1637 = FACE_OUTER_BOUND ( 'NONE', #2581, .T. ) ;
#1638 = CARTESIAN_POINT ( 'NONE',  ( 0.8043974388822674459, 0.6000000000000001998, 0.6784452735923545141 ) ) ;
#1639 = ORIENTED_EDGE ( 'NONE', *, *, #2185, .T. ) ;
#1640 = EDGE_CURVE ( 'NONE', #4461, #2237, #2192, .T. ) ;
#1641 = DIRECTION ( 'NONE',  ( 0.000000000000000000, 0.000000000000000000, -1.000000000000000000 ) ) ;
#1642 = VERTEX_POINT ( 'NONE', #1071 ) ;
#1643 = CYLINDRICAL_SURFACE ( 'NONE', #4351, 0.1499999999999999112 ) ;
#1644 = ORIENTED_EDGE ( 'NONE', *, *, #268, .T. ) ;
#1645 = VECTOR ( 'NONE', #2174, 1000.000000000000000 ) ;
#1646 = DIRECTION ( 'NONE',  ( 0.000000000000000000, 0.000000000000000000, 1.000000000000000000 ) ) ;
#1647 = LINE ( 'NONE', #2358, #643 ) ;
#1648 = ORIENTED_EDGE ( 'NONE', *, *, #3948, .T. ) ;
#1649 = DIRECTION ( 'NONE',  ( -0.000000000000000000, 1.000000000000000000, -0.000000000000000000 ) ) ;
#1650 = CARTESIAN_POINT ( 'NONE',  ( 0.3500000000000000333, 0.2999999999999999889, -0.2499999999999995282 ) ) ;
#1651 = CARTESIAN_POINT ( 'NONE',  ( 0.8099999999999998312, 0.8000000000000000444, -0.5000000000000001110 ) ) ;
#1652 = ORIENTED_EDGE ( 'NONE', *, *, #3186, .F. ) ;
#1653 = VECTOR ( 'NONE', #3033, 1000.000000000000000 ) ;
#1654 = LINE ( 'NONE', #637, #4564 ) ;
#1655 = SURFACE_STYLE_FILL_AREA ( #3735 ) ;
#1656 = ORIENTED_EDGE ( 'NONE', *, *, #3864, .T. ) ;
#1657 = AXIS2_PLACEMENT_3D ( 'NONE', #1877, #3290, #112 ) ;
#1658 = PLANE ( 'NONE',  #2921 ) ;
#1659 = PRESENTATION_LAYER_ASSIGNMENT (  '', '', ( #4022 ) ) ;
#1660 = CARTESIAN_POINT ( 'NONE',  ( 0.8470717760350944259, 0.6000000000000001998, -0.6925516906512215742 ) ) ;
#1661 = DIRECTION ( 'NONE',  ( 0.000000000000000000, 1.000000000000000000, 0.000000000000000000 ) ) ;
#1662 = ORIENTED_EDGE ( 'NONE', *, *, #3493, .F. ) ;
#1663 = SURFACE_SIDE_STYLE ('',( #2685 ) ) ;
#1664 = DIRECTION ( 'NONE',  ( -1.000000000000000000, 0.000000000000000000, 2.648987194441927739E-16 ) ) ;
#1665 = ORIENTED_EDGE ( 'NONE', *, *, #1377, .F. ) ;
#1666 = PLANE ( 'NONE',  #434 ) ;
#1667 = ORIENTED_EDGE ( 'NONE', *, *, #3251, .T. ) ;
#1668 = SURFACE_STYLE_USAGE ( .BOTH. , #2013 ) ;
#1669 = CARTESIAN_POINT ( 'NONE',  ( -0.9000000000000000222, 0.6700000000000000400, 0.1666666666666666297 ) ) ;
#1670 = DIRECTION ( 'NONE',  ( 0.000000000000000000, 1.000000000000000000, 0.000000000000000000 ) ) ;
#1671 = CARTESIAN_POINT ( 'NONE',  ( -0.3499999999999998668, 0.2999999999999999334, -0.7299999999999995381 ) ) ;
#1672 = MECHANICAL_DESIGN_GEOMETRIC_PRESENTATION_REPRESENTATION (  '', ( #3667 ), #3515 ) ;
#1673 = CARTESIAN_POINT ( 'NONE',  ( -0.3499999999999998668, 0.2999999999999999889, -0.7299999999999995381 ) ) ;
#1674 = EDGE_CURVE ( 'NONE', #212, #35, #2248, .T. ) ;
#1675 = DIRECTION ( 'NONE',  ( 0.000000000000000000, -1.000000000000000000, 0.000000000000000000 ) ) ;
#1676 = CIRCLE ( 'NONE', #4034, 0.1099999999999998479 ) ;
#1677 = AXIS2_PLACEMENT_3D ( 'NONE', #541, #4405, #882 ) ;
#1678 = ORIENTED_EDGE ( 'NONE', *, *, #2563, .F. ) ;
#1679 = CYLINDRICAL_SURFACE ( 'NONE', #3928, 0.1000000000000001582 ) ;
#1680 = PLANE ( 'NONE',  #2733 ) ;
#1681 = ORIENTED_EDGE ( 'NONE', *, *, #4371, .F. ) ;
#1682 = PRESENTATION_LAYER_ASSIGNMENT (  '', '', ( #190 ) ) ;
#1683 = CARTESIAN_POINT ( 'NONE',  ( 0.8999999999999999112, 0.6700000000000000400, 0.1666666666666666852 ) ) ;
#1684 = CIRCLE ( 'NONE', #568, 0.1000000000000001582 ) ;
#1685 = PLANE ( 'NONE',  #1408 ) ;
#1686 = CARTESIAN_POINT ( 'NONE',  ( 0.9741180954897482591, 0.2999999999999999889, -0.7034074173710926914 ) ) ;
#1687 = VERTEX_POINT ( 'NONE', #3933 ) ;
#1688 = ADVANCED_FACE ( 'NONE', ( #3607 ), #1746, .T. ) ;
#1689 = EDGE_CURVE ( 'NONE', #2829, #1539, #2909, .T. ) ;
#1690 = CARTESIAN_POINT ( 'NONE',  ( -0.6999999999999998446, 0.6700000000000009281, -0.6999999999999998446 ) ) ;
#1691 = EDGE_LOOP ( 'NONE', ( #3832, #2943, #4535, #3790 ) ) ;
#1692 = CARTESIAN_POINT ( 'NONE',  ( 0.9741180954897483701, 0.2999999999999999889, 0.7034074173710930244 ) ) ;
#1693 = CARTESIAN_POINT ( 'NONE',  ( -0.8592893218813456579, 0.2999999999999999889, -0.7300000000000000933 ) ) ;
#1694 = DIRECTION ( 'NONE',  ( -1.869314090492249798E-16, 0.000000000000000000, -1.000000000000000000 ) ) ;
#1695 = CARTESIAN_POINT ( 'NONE',  ( -0.8499999999999998668, -1.580350850198276369, 0.4999999999999998890 ) ) ;
#1696 = CARTESIAN_POINT ( 'NONE',  ( -0.6999999999999999556, 0.6700000000000025935, 0.6999999999999998446 ) ) ;
#1697 = CARTESIAN_POINT ( 'NONE',  ( 0.9299999999999999378, 1.114998880451716579, -0.2499999999999994171 ) ) ;
#1698 = EDGE_LOOP ( 'NONE', ( #813, #4050, #154, #2518 ) ) ;
#1699 = CYLINDRICAL_SURFACE ( 'NONE', #443, 0.09999999999999993616 ) ;
#1700 = DIRECTION ( 'NONE',  ( -7.228014483236703458E-16, 0.000000000000000000, 1.000000000000000000 ) ) ;
#1701 = ORIENTED_EDGE ( 'NONE', *, *, #4413, .F. ) ;
#1702 =( GEOMETRIC_REPRESENTATION_CONTEXT ( 3 ) GLOBAL_UNCERTAINTY_ASSIGNED_CONTEXT ( ( #2890 ) ) GLOBAL_UNIT_ASSIGNED_CONTEXT ( ( #183, #2604, #4031 ) ) REPRESENTATION_CONTEXT ( 'NONE', 'WORKASPACE' ) );
#1703 = UNCERTAINTY_MEASURE_WITH_UNIT (LENGTH_MEASURE( 1.000000000000000082E-05 ), #1224, 'distance_accuracy_value', 'NONE');
#1704 = CARTESIAN_POINT ( 'NONE',  ( 0.8999999999999999112, 0.000000000000000000, -0.7999999999999999334 ) ) ;
#1705 = DIRECTION ( 'NONE',  ( 1.000000000000000000, 0.000000000000000000, 2.135549733683570822E-15 ) ) ;
#1706 = VERTEX_POINT ( 'NONE', #1439 ) ;
#1707 =( NAMED_UNIT ( * ) SI_UNIT ( $, .STERADIAN. ) SOLID_ANGLE_UNIT ( ) );
#1708 = SURFACE_SIDE_STYLE ('',( #1016 ) ) ;
#1709 = ORIENTED_EDGE ( 'NONE', *, *, #1410, .T. ) ;
#1710 = FACE_OUTER_BOUND ( 'NONE', #2662, .T. ) ;
#1711 = FILL_AREA_STYLE_COLOUR ( '', #1054 ) ;
#1712 = VECTOR ( 'NONE', #3890, 1000.000000000000000 ) ;
#1713 = DIRECTION ( 'NONE',  ( -0.7071067811865457964, 0.000000000000000000, 0.7071067811865492381 ) ) ;
#1714 = VECTOR ( 'NONE', #2314, 1000.000000000000000 ) ;
#1715 = EDGE_CURVE ( 'NONE', #2865, #2003, #641, .T. ) ;
#1716 = EDGE_CURVE ( 'NONE', #3847, #150, #3566, .T. ) ;
#1717 = VECTOR ( 'NONE', #1303, 1000.000000000000000 ) ;
#1718 = CARTESIAN_POINT ( 'NONE',  ( -0.1499999999999999944, 0.5999999999999999778, -0.7999999999999998224 ) ) ;
#1719 = DIRECTION ( 'NONE',  ( 1.000000000000000000, 0.000000000000000000, -0.000000000000000000 ) ) ;
#1720 = CARTESIAN_POINT ( 'NONE',  ( -0.6800000000000000488, 0.6202943725152287868, 0.4800000000000001488 ) ) ;
#1721 = ORIENTED_EDGE ( 'NONE', *, *, #3184, .F. ) ;
#1722 = CARTESIAN_POINT ( 'NONE',  ( -0.9300000000000004929, 0.2999999999999999889, 0.6592893218813447032 ) ) ;
#1723 = VERTEX_POINT ( 'NONE', #62 ) ;
#1724 = DIRECTION ( 'NONE',  ( -0.000000000000000000, -0.000000000000000000, 1.000000000000000000 ) ) ;
#1725 = ADVANCED_FACE ( 'NONE', ( #2661 ), #2590, .T. ) ;
#1726 = CARTESIAN_POINT ( 'NONE',  ( 0.9034074173710933131, 0.000000000000000000, 0.7741180954897476374 ) ) ;
#1727 = ADVANCED_FACE ( 'NONE', ( #3327 ), #1532, .F. ) ;
#1728 = ORIENTED_EDGE ( 'NONE', *, *, #2447, .F. ) ;
#1729 = PRESENTATION_LAYER_ASSIGNMENT (  '', '', ( #2167 ) ) ;
#1730 = CIRCLE ( 'NONE', #917, 0.05999999999999994227 ) ;
#1731 = ORIENTED_EDGE ( 'NONE', *, *, #4029, .T. ) ;
#1732 = ORIENTED_EDGE ( 'NONE', *, *, #1927, .T. ) ;
#1733 = CARTESIAN_POINT ( 'NONE',  ( -0.3499999999999999223, 0.000000000000000000, -0.2499999999999996392 ) ) ;
#1734 = PRESENTATION_STYLE_ASSIGNMENT (( #2809 ) ) ;
#1735 = CARTESIAN_POINT ( 'NONE',  ( 0.6999999999999999556, 0.6999999999999999556, 0.4999999999999998890 ) ) ;
#1736 = ORIENTED_EDGE ( 'NONE', *, *, #3268, .F. ) ;
#1737 = DIRECTION ( 'NONE',  ( 0.000000000000000000, 1.000000000000000000, 0.000000000000000000 ) ) ;
#1738 = DIRECTION ( 'NONE',  ( 0.000000000000000000, 0.000000000000000000, 1.000000000000000000 ) ) ;
#1739 = EDGE_CURVE ( 'NONE', #2237, #458, #3717, .T. ) ;
#1740 = EDGE_CURVE ( 'NONE', #2815, #4016, #4340, .T. ) ;
#1741 = AXIS2_PLACEMENT_3D ( 'NONE', #1340, #4440, #3387 ) ;
#1742 = ORIENTED_EDGE ( 'NONE', *, *, #1910, .T. ) ;
#1743 = PRESENTATION_STYLE_ASSIGNMENT (( #2768 ) ) ;
#1744 = FILL_AREA_STYLE_COLOUR ( '', #2949 ) ;
#1745 = ORIENTED_EDGE ( 'NONE', *, *, #3068, .F. ) ;
#1746 = TOROIDAL_SURFACE ( 'NONE', #4547, 0.1699999999999999289, 0.02999999999999999889 ) ;
#1747 = CARTESIAN_POINT ( 'NONE',  ( -0.8999999999999999112, 0.6000000000000000888, -0.1666666666666667962 ) ) ;
#1748 = CARTESIAN_POINT ( 'NONE',  ( -1.000000000000000000, 1.114998880451716579, -0.7999999999999999334 ) ) ;
#1749 = VECTOR ( 'NONE', #2892, 1000.000000000000000 ) ;
#1750 = DIRECTION ( 'NONE',  ( -0.000000000000000000, 1.000000000000000000, -0.000000000000000000 ) ) ;
#1751 = EDGE_LOOP ( 'NONE', ( #2759, #1731, #2642, #1187, #787, #1829, #3093 ) ) ;
#1752 = EDGE_CURVE ( 'NONE', #3701, #1525, #2239, .T. ) ;
#1753 = AXIS2_PLACEMENT_3D ( 'NONE', #2236, #788, #2956 ) ;
#1754 = B_SPLINE_CURVE_WITH_KNOTS ( 'NONE', 3,
 ( #1359, #1683, #3782, #4241 ),
 .UNSPECIFIED., .F., .F.,
 ( 4, 4 ),
 ( 0.000000000000000000, 1.000000000000000000 ),
 .UNSPECIFIED. ) ;
#1755 = ORIENTED_EDGE ( 'NONE', *, *, #2391, .T. ) ;
#1756 = SURFACE_STYLE_FILL_AREA ( #3538 ) ;
#1757 = ORIENTED_EDGE ( 'NONE', *, *, #4268, .T. ) ;
#1758 = SURFACE_STYLE_FILL_AREA ( #3145 ) ;
#1759 = LINE ( 'NONE', #1047, #3821 ) ;
#1760 = CARTESIAN_POINT ( 'NONE',  ( 0.9741180954897482591, 1.114998880451716579, -0.7034074173710926914 ) ) ;
#1761 = VECTOR ( 'NONE', #4390, 1000.000000000000000 ) ;
#1762 = DIRECTION ( 'NONE',  ( 6.386559422532534292E-16, 0.000000000000000000, 1.000000000000000000 ) ) ;
#1763 = CARTESIAN_POINT ( 'NONE',  ( -0.1499999999999999944, 0.000000000000000000, 0.7400000000000001021 ) ) ;
#1764 = EDGE_LOOP ( 'NONE', ( #706, #1794, #362, #3392, #1920, #1007, #2750, #1504 ) ) ;
#1765 = CARTESIAN_POINT ( 'NONE',  ( -0.7525068624277423401, 0.6000000000000000888, 0.6999999990504519598 ) ) ;
#1766 = DIRECTION ( 'NONE',  ( 0.000000000000000000, 1.000000000000000000, 0.000000000000000000 ) ) ;
#1767 = ORIENTED_EDGE ( 'NONE', *, *, #2007, .T. ) ;
#1768 = PRESENTATION_STYLE_ASSIGNMENT (( #3849 ) ) ;
#1769 = VERTEX_POINT ( 'NONE', #4402 ) ;
#1770 = EDGE_CURVE ( 'NONE', #1615, #1095, #4359, .T. ) ;
#1771 = ADVANCED_FACE ( 'NONE', ( #473 ), #1454, .T. ) ;
#1772 = EDGE_CURVE ( 'NONE', #35, #2865, #2517, .T. ) ;
#1773 = CARTESIAN_POINT ( 'NONE',  ( 1.000000000000000000, 0.000000000000000000, 0.7999999999999997113 ) ) ;
#1774 = CARTESIAN_POINT ( 'NONE',  ( -0.7000000000000000666, 0.6999999999999999556, -0.6699999999999999289 ) ) ;
#1775 = CARTESIAN_POINT ( 'NONE',  ( 0.9034074173710933131, 0.000000000000000000, -0.7741180954897476374 ) ) ;
#1776 = ORIENTED_EDGE ( 'NONE', *, *, #3828, .F. ) ;
#1777 = EDGE_CURVE ( 'NONE', #1003, #1058, #3742, .T. ) ;
#1778 = VECTOR ( 'NONE', #3337, 1000.000000000000000 ) ;
#1779 = ORIENTED_EDGE ( 'NONE', *, *, #1633, .F. ) ;
#1780 = ORIENTED_EDGE ( 'NONE', *, *, #963, .F. ) ;
#1781 = SURFACE_SIDE_STYLE ('',( #2521 ) ) ;
#1782 = DIRECTION ( 'NONE',  ( -1.129377263005734114E-16, -0.000000000000000000, 1.000000000000000000 ) ) ;
#1783 = CARTESIAN_POINT ( 'NONE',  ( -0.7629264067310280728, 0.5999999999999999778, 0.7319320382108118750 ) ) ;
#1784 = FILL_AREA_STYLE_COLOUR ( '', #2396 ) ;
#1785 = CARTESIAN_POINT ( 'NONE',  ( -0.9299999999999999378, 0.000000000000000000, -0.2499999999999996392 ) ) ;
#1786 = ORIENTED_EDGE ( 'NONE', *, *, #1777, .F. ) ;
#1787 = DIRECTION ( 'NONE',  ( -0.000000000000000000, 1.000000000000000000, -0.000000000000000000 ) ) ;
#1788 = DIRECTION ( 'NONE',  ( -0.000000000000000000, 1.000000000000000000, -0.000000000000000000 ) ) ;
#1789 = ORIENTED_EDGE ( 'NONE', *, *, #4083, .F. ) ;
#1790 = ORIENTED_EDGE ( 'NONE', *, *, #3554, .F. ) ;
#1791 = CARTESIAN_POINT ( 'NONE',  ( -0.9385965415240862253, 0.5999999999999999778, -0.5307742279587157608 ) ) ;
#1792 = DIRECTION ( 'NONE',  ( 0.000000000000000000, 1.000000000000000000, 0.000000000000000000 ) ) ;
#1793 = ORIENTED_EDGE ( 'NONE', *, *, #1640, .T. ) ;
#1794 = ORIENTED_EDGE ( 'NONE', *, *, #998, .F. ) ;
#1795 = CARTESIAN_POINT ( 'NONE',  ( 0.3500000000000000333, 0.2999999999999999889, 0.2499999999999995282 ) ) ;
#1796 = EDGE_LOOP ( 'NONE', ( #3826, #4568, #1209, #493 ) ) ;
#1797 =( NAMED_UNIT ( * ) SI_UNIT ( $, .STERADIAN. ) SOLID_ANGLE_UNIT ( ) );
#1798 = FACE_OUTER_BOUND ( 'NONE', #3589, .T. ) ;
#1799 = FACE_OUTER_BOUND ( 'NONE', #398, .T. ) ;
#1800 = COLOUR_RGB ( '',0.9686274509803921573, 0.8784313725490195957, 0.5999999999999999778 ) ;
#1801 = AXIS2_PLACEMENT_3D ( 'NONE', #2758, #596, #319 ) ;
#1802 = DIRECTION ( 'NONE',  ( -0.000000000000000000, -1.000000000000000000, -0.000000000000000000 ) ) ;
#1803 = VERTEX_POINT ( 'NONE', #2378 ) ;
#1804 = CARTESIAN_POINT ( 'NONE',  ( -0.9034074173710932021, 0.2999999999999999334, -0.7741180954897477484 ) ) ;
#1805 = SURFACE_SIDE_STYLE ('',( #412 ) ) ;
#1806 = ADVANCED_FACE ( 'NONE', ( #3069 ), #219, .T. ) ;
#1807 = DIRECTION ( 'NONE',  ( 1.000000000000000000, 0.000000000000000000, -1.084202172485505543E-16 ) ) ;
#1808 = ORIENTED_EDGE ( 'NONE', *, *, #103, .F. ) ;
#1809 = EDGE_CURVE ( 'NONE', #1171, #3004, #4493, .T. ) ;
#1810 = CARTESIAN_POINT ( 'NONE',  ( -0.9087953169278080168, 0.5999999999999999778, -0.6221261090923054793 ) ) ;
#1811 =( GEOMETRIC_REPRESENTATION_CONTEXT ( 3 ) GLOBAL_UNCERTAINTY_ASSIGNED_CONTEXT ( ( #4143 ) ) GLOBAL_UNIT_ASSIGNED_CONTEXT ( ( #2230, #2859, #2698 ) ) REPRESENTATION_CONTEXT ( 'NONE', 'WORKASPACE' ) );
#1812 = FACE_OUTER_BOUND ( 'NONE', #2069, .T. ) ;
#1813 = DIRECTION ( 'NONE',  ( 0.000000000000000000, -1.000000000000000000, 0.000000000000000000 ) ) ;
#1814 = PRESENTATION_LAYER_ASSIGNMENT (  '', '', ( #3885 ) ) ;
#1815 = ORIENTED_EDGE ( 'NONE', *, *, #1236, .F. ) ;
#1816 = EDGE_LOOP ( 'NONE', ( #2415, #2066, #2474, #1109 ) ) ;
#1817 = CARTESIAN_POINT ( 'NONE',  ( -0.9741180954897480371, 1.114998880451716579, -0.7034074173710929134 ) ) ;
#1818 = AXIS2_PLACEMENT_3D ( 'NONE', #2171, #500, #2525 ) ;
#1819 = ORIENTED_EDGE ( 'NONE', *, *, #3830, .T. ) ;
#1820 = DIRECTION ( 'NONE',  ( 0.000000000000000000, -1.000000000000000000, 0.000000000000000000 ) ) ;
#1821 = CARTESIAN_POINT ( 'NONE',  ( -0.6999999999999998446, 0.6700000000000009281, -0.6999999999999998446 ) ) ;
#1822 = FILL_AREA_STYLE ('',( #2097 ) ) ;
#1823 = CARTESIAN_POINT ( 'NONE',  ( -0.9399999999999999467, 0.5999999999999999778, 0.4999999999999994449 ) ) ;
#1824 = ADVANCED_FACE ( 'NONE', ( #1013 ), #666, .T. ) ;
#1825 = EDGE_CURVE ( 'NONE', #537, #3269, #2354, .T. ) ;
#1826 = UNCERTAINTY_MEASURE_WITH_UNIT (LENGTH_MEASURE( 1.000000000000000082E-05 ), #814, 'distance_accuracy_value', 'NONE');
#1827 = FACE_OUTER_BOUND ( 'NONE', #4142, .T. ) ;
#1828 = LINE ( 'NONE', #1872, #3967 ) ;
#1829 = ORIENTED_EDGE ( 'NONE', *, *, #2449, .T. ) ;
#1830 = CARTESIAN_POINT ( 'NONE',  ( -0.9741180954897480371, 0.2999999999999999334, -0.7034074173710929134 ) ) ;
#1831 = AXIS2_PLACEMENT_3D ( 'NONE', #4501, #4448, #928 ) ;
#1832 = FILL_AREA_STYLE_COLOUR ( '', #1547 ) ;
#1833 = EDGE_LOOP ( 'NONE', ( #4244, #3665, #1665, #2820 ) ) ;
#1834 = UNCERTAINTY_MEASURE_WITH_UNIT (LENGTH_MEASURE( 1.000000000000000082E-05 ), #1243, 'distance_accuracy_value', 'NONE');
#1835 = EDGE_LOOP ( 'NONE', ( #2495, #3624, #56, #867 ) ) ;
#1836 = CARTESIAN_POINT ( 'NONE',  ( -0.7622223859623429298, 0.6000000000000001998, -0.7399999988747533175 ) ) ;
#1837 = FACE_OUTER_BOUND ( 'NONE', #625, .T. ) ;
#1838 = LINE ( 'NONE', #3252, #43 ) ;
#1839 = ORIENTED_EDGE ( 'NONE', *, *, #1473, .T. ) ;
#1840 = CIRCLE ( 'NONE', #3180, 0.02999999999999997113 ) ;
#1841 = ORIENTED_EDGE ( 'NONE', *, *, #93, .F. ) ;
#1842 = DIRECTION ( 'NONE',  ( -1.000000000000000000, 0.000000000000000000, 0.000000000000000000 ) ) ;
#1843 = VERTEX_POINT ( 'NONE', #3482 ) ;
#1844 = DIRECTION ( 'NONE',  ( -8.515412563376712390E-16, 0.000000000000000000, 1.000000000000000000 ) ) ;
#1845 = DIRECTION ( 'NONE',  ( 0.000000000000000000, 0.000000000000000000, 1.000000000000000000 ) ) ;
#1846 = VECTOR ( 'NONE', #3372, 1000.000000000000000 ) ;
#1847 = CLOSED_SHELL ( 'NONE', ( #3651, #2306, #4071, #1237, #1212, #936, #2593, #4047, #1352, #1727, #957, #83, #4546, #3109, #1634, #3594, #3608, #269, #4224, #2159, #3452, #818, #733, #1869, #1299, #2594, #2740, #3892, #1422, #561, #3888, #2644, #3377, #2754, #1556, #4138, #4399, #868, #1576, #215, #2351, #2802, #331, #2329, #3063, #4362, #2846 ) ) ;
#1848 = CARTESIAN_POINT ( 'NONE',  ( -0.9300000000000000488, 0.2999999999999999889, -0.6592893218813451472 ) ) ;
#1849 = ORIENTED_EDGE ( 'NONE', *, *, #2969, .T. ) ;
#1850 = CARTESIAN_POINT ( 'NONE',  ( -0.3499999999999998668, 1.114998880451716579, -0.7299999999999995381 ) ) ;
#1851 = EDGE_CURVE ( 'NONE', #2814, #2100, #689, .T. ) ;
#1853 = EDGE_CURVE ( 'NONE', #4287, #3579, #1676, .T. ) ;
#1852 = SURFACE_STYLE_FILL_AREA ( #3245 ) ;
#1854 = CARTESIAN_POINT ( 'NONE',  ( -0.6999999999999998446, 0.8000000000000000444, -0.6099999999999996536 ) ) ;
#1855 = SURFACE_STYLE_FILL_AREA ( #2875 ) ;
#1856 = VECTOR ( 'NONE', #1787, 1000.000000000000000 ) ;
#1858 = EDGE_LOOP ( 'NONE', ( #3997, #1431, #3584, #3759 ) ) ;
#1857 = AXIS2_PLACEMENT_3D ( 'NONE', #2748, #1004, #3456 ) ;
#1859 = VECTOR ( 'NONE', #1000, 1000.000000000000000 ) ;
#1860 =( NAMED_UNIT ( * ) SI_UNIT ( $, .STERADIAN. ) SOLID_ANGLE_UNIT ( ) );
#1861 = EDGE_CURVE ( 'NONE', #3959, #876, #3437, .T. ) ;
#1862 = SURFACE_STYLE_USAGE ( .BOTH. , #1548 ) ;
#1863 = DIRECTION ( 'NONE',  ( 1.129377263005734361E-16, 0.000000000000000000, 1.000000000000000000 ) ) ;
#1864 = ORIENTED_EDGE ( 'NONE', *, *, #69, .F. ) ;
#1865 = EDGE_CURVE ( 'NONE', #3463, #532, #272, .T. ) ;
#1866 = ORIENTED_EDGE ( 'NONE', *, *, #710, .F. ) ;
#1867 = CARTESIAN_POINT ( 'NONE',  ( -1.000000000000000000, 0.000000000000000000, -0.6999999999999997335 ) ) ;
#1868 = EDGE_LOOP ( 'NONE', ( #4207, #97, #1202, #1041 ) ) ;
#1869 = ADVANCED_FACE ( 'NONE', ( #2445 ), #317, .F. ) ;
#1870 = CARTESIAN_POINT ( 'NONE',  ( -0.9149733303841395271, 0.6000000000000001998, 0.6240135011518640473 ) ) ;
#1871 = CARTESIAN_POINT ( 'NONE',  ( -0.2333333333333338921, 0.6000000000000000888, 0.6999999999999998446 ) ) ;
#1872 = CARTESIAN_POINT ( 'NONE',  ( 0.9741180954897482591, 0.2999999999999999889, 0.7034074173710926914 ) ) ;
#1873 = EDGE_LOOP ( 'NONE', ( #4078, #4162, #4199, #2520 ) ) ;
#1874 = FACE_BOUND ( 'NONE', #2732, .T. ) ;
#1875 = LINE ( 'NONE', #1922, #2274 ) ;
#1876 = AXIS2_PLACEMENT_3D ( 'NONE', #3147, #2364, #2787 ) ;
#1877 = CARTESIAN_POINT ( 'NONE',  ( -0.9299999999999999378, 1.114998880451716579, -0.2499999999999996392 ) ) ;
#1878 = VECTOR ( 'NONE', #1713, 1000.000000000000000 ) ;
#1879 = CARTESIAN_POINT ( 'NONE',  ( 0.6999999999999997335, 0.5999999999999999778, 0.7399999999999998801 ) ) ;
#1880 = VERTEX_POINT ( 'NONE', #1726 ) ;
#1881 = EDGE_CURVE ( 'NONE', #3959, #3115, #2421, .T. ) ;
#1882 = ADVANCED_FACE ( 'NONE', ( #3114 ), #4520, .T. ) ;
#1883 = SURFACE_SIDE_STYLE ('',( #75 ) ) ;
#1884 = UNCERTAINTY_MEASURE_WITH_UNIT (LENGTH_MEASURE( 1.000000000000000082E-05 ), #726, 'distance_accuracy_value', 'NONE');
#1885 = FILL_AREA_STYLE_COLOUR ( '', #1957 ) ;
#1886 = VERTEX_POINT ( 'NONE', #55 ) ;
#1887 = CIRCLE ( 'NONE', #792, 0.05999999999999994227 ) ;
#1888 = ORIENTED_EDGE ( 'NONE', *, *, #456, .F. ) ;
#1889 = EDGE_LOOP ( 'NONE', ( #2355, #835, #4550, #2289 ) ) ;
#1890 = VECTOR ( 'NONE', #3673, 1000.000000000000000 ) ;
#1891 = CARTESIAN_POINT ( 'NONE',  ( -0.2333333333333336701, 0.6000000000000000888, -0.7399999999999998801 ) ) ;
#1892 = CARTESIAN_POINT ( 'NONE',  ( 0.9399999999999998357, 0.6000000000000000888, -0.5000000000000000000 ) ) ;
#1893 = ORIENTED_EDGE ( 'NONE', *, *, #221, .F. ) ;
#1894 = VECTOR ( 'NONE', #4512, 1000.000000000000000 ) ;
#1895 = CARTESIAN_POINT ( 'NONE',  ( -0.7000000000000002887, 0.6000000000000000888, 0.7399999999999998801 ) ) ;
#1896 = DIRECTION ( 'NONE',  ( -0.7071067811865457964, -0.000000000000000000, 0.7071067811865492381 ) ) ;
#1897 = ORIENTED_EDGE ( 'NONE', *, *, #1141, .F. ) ;
#1898 = SURFACE_SIDE_STYLE ('',( #4368 ) ) ;
#1899 = PLANE ( 'NONE',  #351 ) ;
#1900 = DIRECTION ( 'NONE',  ( 0.000000000000000000, 0.000000000000000000, 1.000000000000000000 ) ) ;
#1901 = CIRCLE ( 'NONE', #3751, 0.1000000000000000472 ) ;
#1902 = DIRECTION ( 'NONE',  ( -1.000000000000000000, 0.000000000000000000, -1.869314090492249305E-16 ) ) ;
#1903 = AXIS2_PLACEMENT_3D ( 'NONE', #1460, #1418, #2428 ) ;
#1904 = DIRECTION ( 'NONE',  ( 0.000000000000000000, 1.000000000000000000, 0.000000000000000000 ) ) ;
#1905 = VERTEX_POINT ( 'NONE', #3971 ) ;
#1906 = DIRECTION ( 'NONE',  ( 0.000000000000000000, 0.000000000000000000, -1.000000000000000000 ) ) ;
#1907 = CARTESIAN_POINT ( 'NONE',  ( 0.6999999999999999556, 0.7599999999999997868, 0.4999999999999998890 ) ) ;
#1908 = EDGE_CURVE ( 'NONE', #37, #1615, #184, .T. ) ;
#1909 = SURFACE_SIDE_STYLE ('',( #3340 ) ) ;
#1910 = EDGE_CURVE ( 'NONE', #1546, #3512, #1430, .T. ) ;
#1911 = EDGE_LOOP ( 'NONE', ( #3682, #4570, #2659, #2782 ) ) ;
#1912 = STYLED_ITEM ( 'NONE', ( #824 ), #1292 ) ;
#1913 = EDGE_LOOP ( 'NONE', ( #2485, #313, #1088, #165 ) ) ;
#1914 = LINE ( 'NONE', #2638, #185 ) ;
#1915 = ORIENTED_EDGE ( 'NONE', *, *, #2602, .T. ) ;
#1916 = CARTESIAN_POINT ( 'NONE',  ( -0.6000000000000000888, 0.2999999999999999334, 0.2499999999999998890 ) ) ;
#1917 = EDGE_CURVE ( 'NONE', #3058, #2905, #358, .T. ) ;
#1918 = DIRECTION ( 'NONE',  ( 0.000000000000000000, 1.000000000000000000, 0.000000000000000000 ) ) ;
#1919 = DIRECTION ( 'NONE',  ( -1.129377263005734361E-16, 0.000000000000000000, 1.000000000000000000 ) ) ;
#1920 = ORIENTED_EDGE ( 'NONE', *, *, #1149, .F. ) ;
#1921 = CARTESIAN_POINT ( 'NONE',  ( -0.9299999999999999378, 1.114998880451716579, 0.2499999999999991951 ) ) ;
#1922 = CARTESIAN_POINT ( 'NONE',  ( 0.8499999999999998668, 0.7599999999999997868, 0.4999999999999998890 ) ) ;
#1923 = CARTESIAN_POINT ( 'NONE',  ( -0.1499999999999999944, 0.000000000000000000, 0.8000000000000000444 ) ) ;
#1924 = AXIS2_PLACEMENT_3D ( 'NONE', #4145, #1979, #619 ) ;
#1925 = FILL_AREA_STYLE_COLOUR ( '', #3500 ) ;
#1926 = CARTESIAN_POINT ( 'NONE',  ( -0.1499999999999999944, 0.5999999999999999778, 0.8000000000000000444 ) ) ;
#1927 = EDGE_CURVE ( 'NONE', #2254, #2822, #2998, .T. ) ;
#1928 = VECTOR ( 'NONE', #200, 1000.000000000000000 ) ;
#1929 = LINE ( 'NONE', #3016, #338 ) ;
#1930 = ORIENTED_EDGE ( 'NONE', *, *, #3068, .T. ) ;
#1931 = VECTOR ( 'NONE', #3034, 1000.000000000000000 ) ;
#1932 = CARTESIAN_POINT ( 'NONE',  ( -0.9399999999999998357, 0.5999999999999999778, 0.1666666666666666852 ) ) ;
#1933 = ORIENTED_EDGE ( 'NONE', *, *, #3599, .T. ) ;
#1934 = CARTESIAN_POINT ( 'NONE',  ( -0.6999999999999998446, 0.6700000000000000400, -0.6999999999999998446 ) ) ;
#1935 = CARTESIAN_POINT ( 'NONE',  ( 0.6999999999999998446, 0.7599999999999997868, -0.6499999999999999112 ) ) ;
#1936 = DIRECTION ( 'NONE',  ( 0.000000000000000000, 0.000000000000000000, 1.000000000000000000 ) ) ;
#1937 = LINE ( 'NONE', #2646, #4259 ) ;
#1938 = ORIENTED_EDGE ( 'NONE', *, *, #203, .F. ) ;
#1939 = DIRECTION ( 'NONE',  ( 0.000000000000000000, 0.000000000000000000, 1.000000000000000000 ) ) ;
#1940 =( NAMED_UNIT ( * ) SI_UNIT ( $, .STERADIAN. ) SOLID_ANGLE_UNIT ( ) );
#1941 = LINE ( 'NONE', #4113, #3136 ) ;
#1942 = FACE_OUTER_BOUND ( 'NONE', #1889, .T. ) ;
#1943 = CARTESIAN_POINT ( 'NONE',  ( -0.7000000000000002887, 0.5999999999999999778, 0.7399999999999998801 ) ) ;
#1944 = CARTESIAN_POINT ( 'NONE',  ( -0.9741180954897484812, 0.000000000000000000, 0.7034074173710924693 ) ) ;
#1945 = CIRCLE ( 'NONE', #4445, 0.03999999999999999389 ) ;
#1946 = EDGE_CURVE ( 'NONE', #236, #1546, #377, .T. ) ;
#1947 =( GEOMETRIC_REPRESENTATION_CONTEXT ( 3 ) GLOBAL_UNCERTAINTY_ASSIGNED_CONTEXT ( ( #1104 ) ) GLOBAL_UNIT_ASSIGNED_CONTEXT ( ( #3662, #696, #1021 ) ) REPRESENTATION_CONTEXT ( 'NONE', 'WORKASPACE' ) );
#1948 = VECTOR ( 'NONE', #2402, 1000.000000000000000 ) ;
#1949 = DIRECTION ( 'NONE',  ( -1.000000000000000000, 0.000000000000000000, 6.386559422532533306E-16 ) ) ;
#1950 = VERTEX_POINT ( 'NONE', #4567 ) ;
#1951 = EDGE_CURVE ( 'NONE', #2163, #2010, #784, .T. ) ;
#1952 = CARTESIAN_POINT ( 'NONE',  ( 0.9300000000000002709, 0.2999999999999999889, 0.6592893218813449252 ) ) ;
#1953 = CARTESIAN_POINT ( 'NONE',  ( 0.6999999999999999556, -1.580350850198276369, -0.5000000000000000000 ) ) ;
#1954 = CARTESIAN_POINT ( 'NONE',  ( 0.8043974388822641153, 0.6700000000000001510, -0.6784452735923546252 ) ) ;
#1955 = ORIENTED_EDGE ( 'NONE', *, *, #2847, .T. ) ;
#1956 = VECTOR ( 'NONE', #496, 1000.000000000000000 ) ;
#1957 = COLOUR_RGB ( '',0.9686274509803921573, 0.8784313725490195957, 0.5999999999999999778 ) ;
#1958 = DIRECTION ( 'NONE',  ( 0.000000000000000000, 1.000000000000000000, 0.000000000000000000 ) ) ;
#1959 = DIRECTION ( 'NONE',  ( 0.000000000000000000, 1.000000000000000000, 0.000000000000000000 ) ) ;
#1960 = VERTEX_POINT ( 'NONE', #1775 ) ;
#1961 = CARTESIAN_POINT ( 'NONE',  ( 0.9034074173710933131, 1.114998880451716579, 0.7741180954897476374 ) ) ;
#1962 = LINE ( 'NONE', #4500, #603 ) ;
#1963 = CARTESIAN_POINT ( 'NONE',  ( -0.7523598775598299149, 0.6700000000000000400, 0.6999999999999998446 ) ) ;
#1964 = CIRCLE ( 'NONE', #4545, 0.1000000000000001582 ) ;
#1965 = VECTOR ( 'NONE', #385, 1000.000000000000000 ) ;
#1966 = CARTESIAN_POINT ( 'NONE',  ( 0.3500000000000000333, 0.2999999999999999889, -0.2499999999999995282 ) ) ;
#1967 = CARTESIAN_POINT ( 'NONE',  ( 0.9300000000000002709, 0.2999999999999999334, -0.6592893218813449252 ) ) ;
#1968 = DIRECTION ( 'NONE',  ( -1.000000000000000000, 0.000000000000000000, 0.000000000000000000 ) ) ;
#1969 = AXIS2_PLACEMENT_3D ( 'NONE', #949, #1664, #4386 ) ;
#1970 = SURFACE_STYLE_FILL_AREA ( #1306 ) ;
#1971 = EDGE_CURVE ( 'NONE', #1294, #437, #481, .T. ) ;
#1972 = AXIS2_PLACEMENT_3D ( 'NONE', #2084, #328, #1540 ) ;
#1973 = PRESENTATION_STYLE_ASSIGNMENT (( #162 ) ) ;
#1974 = CARTESIAN_POINT ( 'NONE',  ( 0.9300000000000002709, 0.000000000000000000, 0.6592893218813449252 ) ) ;
#1975 = AXIS2_PLACEMENT_3D ( 'NONE', #1490, #3288, #3310 ) ;
#1976 = ORIENTED_EDGE ( 'NONE', *, *, #25, .F. ) ;
#1977 = LINE ( 'NONE', #4040, #3071 ) ;
#1978 = ORIENTED_EDGE ( 'NONE', *, *, #2988, .T. ) ;
#1979 = DIRECTION ( 'NONE',  ( 0.000000000000000000, -1.000000000000000000, 0.000000000000000000 ) ) ;
#1980 = CARTESIAN_POINT ( 'NONE',  ( 0.2333333333333330595, 0.5999999999999999778, 0.7399999999999997691 ) ) ;
#1981 = EDGE_LOOP ( 'NONE', ( #169, #1380, #822, #1284 ) ) ;
#1982 = CIRCLE ( 'NONE', #3611, 0.1000000000000001582 ) ;
#1983 = DIRECTION ( 'NONE',  ( 0.000000000000000000, -1.000000000000000000, 0.000000000000000000 ) ) ;
#1984 = DIRECTION ( 'NONE',  ( 1.000000000000000000, 0.000000000000000000, 0.000000000000000000 ) ) ;
#1985 = ORIENTED_EDGE ( 'NONE', *, *, #4450, .F. ) ;
#1986 = CARTESIAN_POINT ( 'NONE',  ( -1.000000000000000000, 0.5999999999999999778, 0.8000000000000001554 ) ) ;
#1987 = LINE ( 'NONE', #4447, #2675 ) ;
#1988 = FILL_AREA_STYLE ('',( #2624 ) ) ;
#1989 = SURFACE_STYLE_FILL_AREA ( #4115 ) ;
#1990 = CARTESIAN_POINT ( 'NONE',  ( 0.2333333333333333370, 0.6700000000000000400, -0.6999999999999998446 ) ) ;
#1991 = VECTOR ( 'NONE', #944, 1000.000000000000000 ) ;
#1992 = CARTESIAN_POINT ( 'NONE',  ( 1.000000000000000000, 0.000000000000000000, 0.8000000000000001554 ) ) ;
#1993 = DIRECTION ( 'NONE',  ( 0.000000000000000000, 1.000000000000000000, 0.000000000000000000 ) ) ;
#1994 = MECHANICAL_DESIGN_GEOMETRIC_PRESENTATION_REPRESENTATION (  '', ( #1263 ), #3029 ) ;
#1995 = VERTEX_POINT ( 'NONE', #3578 ) ;
#1996 = DIRECTION ( 'NONE',  ( 0.7071067811865479058, 0.000000000000000000, 0.7071067811865471286 ) ) ;
#1997 = CYLINDRICAL_SURFACE ( 'NONE', #4191, 0.1499999999999998557 ) ;
#1998 = CARTESIAN_POINT ( 'NONE',  ( 0.8999999999999999112, 0.6700000000000001510, 0.5000000000000000000 ) ) ;
#1999 = ORIENTED_EDGE ( 'NONE', *, *, #432, .F. ) ;
#2000 = FACE_OUTER_BOUND ( 'NONE', #460, .T. ) ;
#2001 = CARTESIAN_POINT ( 'NONE',  ( -0.9299999999999999378, 0.2999999999999999889, -0.2499999999999996392 ) ) ;
#2002 = CARTESIAN_POINT ( 'NONE',  ( 0.6999999999999999556, 0.8000000000000000444, -0.5000000000000000000 ) ) ;
#2003 = VERTEX_POINT ( 'NONE', #2862 ) ;
#2004 = AXIS2_PLACEMENT_3D ( 'NONE', #1720, #1737, #3127 ) ;
#2005 = MECHANICAL_DESIGN_GEOMETRIC_PRESENTATION_REPRESENTATION (  '', ( #4428 ), #682 ) ;
#2006 = EDGE_CURVE ( 'NONE', #3269, #721, #1838, .T. ) ;
#2007 = EDGE_CURVE ( 'NONE', #2359, #3243, #77, .T. ) ;
#2008 = FACE_OUTER_BOUND ( 'NONE', #415, .T. ) ;
#2009 = DIRECTION ( 'NONE',  ( 7.946961583325783709E-16, -0.000000000000000000, 1.000000000000000000 ) ) ;
#2010 = VERTEX_POINT ( 'NONE', #1409 ) ;
#2011 = CARTESIAN_POINT ( 'NONE',  ( 0.8592893218813458800, 0.2999999999999999889, 0.7299999999999998712 ) ) ;
#2012 = CARTESIAN_POINT ( 'NONE',  ( -0.7523598775598296928, 0.6700000000000000400, -0.6999999999999998446 ) ) ;
#2013 = SURFACE_SIDE_STYLE ('',( #601 ) ) ;
#2014 = DIRECTION ( 'NONE',  ( -1.000000000000000000, 0.000000000000000000, -0.000000000000000000 ) ) ;
#2015 = DIRECTION ( 'NONE',  ( 0.000000000000000000, 0.000000000000000000, 1.000000000000000000 ) ) ;
#2016 = PLANE ( 'NONE',  #4470 ) ;
#2017 = ORIENTED_EDGE ( 'NONE', *, *, #698, .T. ) ;
#2018 =( LENGTH_UNIT ( ) NAMED_UNIT ( * ) SI_UNIT ( .MILLI., .METRE. ) );
#2019 = CARTESIAN_POINT ( 'NONE',  ( 0.8043973317526565969, 0.6700000000000001510, 0.6784453807219624766 ) ) ;
#2020 = CARTESIAN_POINT ( 'NONE',  ( -1.000000000000000000, 0.5999999999999999778, 0.8000000000000001554 ) ) ;
#2021 = EDGE_CURVE ( 'NONE', #486, #1244, #4219, .T. ) ;
#2022 = ORIENTED_EDGE ( 'NONE', *, *, #286, .F. ) ;
#2023 = EDGE_CURVE ( 'NONE', #3004, #335, #1065, .T. ) ;
#2024 = CIRCLE ( 'NONE', #1586, 0.05999999999999994227 ) ;
#2025 = UNCERTAINTY_MEASURE_WITH_UNIT (LENGTH_MEASURE( 1.000000000000000082E-05 ), #368, 'distance_accuracy_value', 'NONE');
#2026 = CARTESIAN_POINT ( 'NONE',  ( -1.000000000000000000, 0.000000000000000000, -0.6999999999999997335 ) ) ;
#2027 = VECTOR ( 'NONE', #1211, 1000.000000000000000 ) ;
#2028 = LINE ( 'NONE', #2001, #3919 ) ;
#2029 = CARTESIAN_POINT ( 'NONE',  ( -0.9300000000000000488, 0.2999999999999999334, -0.6592893218813451472 ) ) ;
#2030 = ORIENTED_EDGE ( 'NONE', *, *, #2873, .T. ) ;
#2031 = CARTESIAN_POINT ( 'NONE',  ( 0.8999999999999999112, 0.6700000000000000400, 0.5000000000000000000 ) ) ;
#2032 = DIRECTION ( 'NONE',  ( 0.000000000000000000, -1.000000000000000000, 0.000000000000000000 ) ) ;
#2033 = VERTEX_POINT ( 'NONE', #715 ) ;
#2034 = DIRECTION ( 'NONE',  ( 0.000000000000000000, 0.000000000000000000, 1.000000000000000000 ) ) ;
#2035 = DIRECTION ( 'NONE',  ( 0.7071067811865457964, 0.000000000000000000, 0.7071067811865492381 ) ) ;
#2036 = CARTESIAN_POINT ( 'NONE',  ( 0.6999999999999998446, 0.6700000000000009281, -0.6999999999999998446 ) ) ;
#2037 = AXIS2_PLACEMENT_3D ( 'NONE', #223, #275, #3833 ) ;
#2038 = CARTESIAN_POINT ( 'NONE',  ( -0.9399999999999999467, 0.6000000000000000888, 0.4999999999999994449 ) ) ;
#2039 = DIRECTION ( 'NONE',  ( -0.7071067811865492381, 0.000000000000000000, -0.7071067811865457964 ) ) ;
#2040 = VECTOR ( 'NONE', #3164, 1000.000000000000000 ) ;
#2041 = CIRCLE ( 'NONE', #271, 0.09999999999999993616 ) ;
#2042 = ORIENTED_EDGE ( 'NONE', *, *, #4009, .T. ) ;
#2043 = PLANE ( 'NONE',  #1857 ) ;
#2044 = DIRECTION ( 'NONE',  ( -0.000000000000000000, -1.000000000000000000, -0.000000000000000000 ) ) ;
#2045 = ORIENTED_EDGE ( 'NONE', *, *, #1141, .T. ) ;
#2046 =( GEOMETRIC_REPRESENTATION_CONTEXT ( 3 ) GLOBAL_UNCERTAINTY_ASSIGNED_CONTEXT ( ( #1528 ) ) GLOBAL_UNIT_ASSIGNED_CONTEXT ( ( #2721, #634, #2319 ) ) REPRESENTATION_CONTEXT ( 'NONE', 'WORKASPACE' ) );
#2047 = CARTESIAN_POINT ( 'NONE',  ( -0.9300000000000000488, 0.2999999999999999334, -0.6592893218813451472 ) ) ;
#2048 = EDGE_CURVE ( 'NONE', #1129, #466, #2117, .T. ) ;
#2049 = EDGE_CURVE ( 'NONE', #3823, #236, #2928, .T. ) ;
#2050 = DIRECTION ( 'NONE',  ( -0.000000000000000000, -1.000000000000000000, -0.000000000000000000 ) ) ;
#2051 = SURFACE_STYLE_FILL_AREA ( #4167 ) ;
#2052 = ORIENTED_EDGE ( 'NONE', *, *, #582, .F. ) ;
#2053 = CARTESIAN_POINT ( 'NONE',  ( 1.000000000000000000, 0.2999999999999999334, 0.7999999999999997113 ) ) ;
#2054 = EDGE_LOOP ( 'NONE', ( #1755, #2811, #1839, #1793, #4281, #3343, #1550 ) ) ;
#2055 = LINE ( 'NONE', #3467, #3838 ) ;
#2056 = CARTESIAN_POINT ( 'NONE',  ( -0.1499999999999999944, 0.000000000000000000, 0.7400000000000001021 ) ) ;
#2057 =( GEOMETRIC_REPRESENTATION_CONTEXT ( 3 ) GLOBAL_UNCERTAINTY_ASSIGNED_CONTEXT ( ( #819 ) ) GLOBAL_UNIT_ASSIGNED_CONTEXT ( ( #1567, #1500, #806 ) ) REPRESENTATION_CONTEXT ( 'NONE', 'WORKASPACE' ) );
#2058 = DIRECTION ( 'NONE',  ( 0.000000000000000000, -0.000000000000000000, 1.000000000000000000 ) ) ;
#2059 = DIRECTION ( 'NONE',  ( 0.000000000000000000, 0.000000000000000000, 1.000000000000000000 ) ) ;
#2060 = FACE_OUTER_BOUND ( 'NONE', #1405, .T. ) ;
#2061 = LINE ( 'NONE', #4183, #3474 ) ;
#2062 = CARTESIAN_POINT ( 'NONE',  ( 0.9300000000000002709, 1.114998880451716579, -0.6592893218813449252 ) ) ;
#2063 = AXIS2_PLACEMENT_3D ( 'NONE', #1069, #3908, #1459 ) ;
#2064 = EDGE_CURVE ( 'NONE', #3929, #4311, #2952, .T. ) ;
#2065 = EDGE_CURVE ( 'NONE', #2797, #1426, #441, .T. ) ;
#2066 = ORIENTED_EDGE ( 'NONE', *, *, #3455, .T. ) ;
#2067 = SURFACE_STYLE_USAGE ( .BOTH. , #1312 ) ;
#2068 = CARTESIAN_POINT ( 'NONE',  ( -0.6999999999999998446, 0.6999999999999999556, -0.6699999999999999289 ) ) ;
#2069 = EDGE_LOOP ( 'NONE', ( #4118, #4397, #1701, #1138 ) ) ;
#2070 = AXIS2_PLACEMENT_3D ( 'NONE', #3614, #70, #1807 ) ;
#2071 = DIRECTION ( 'NONE',  ( -0.000000000000000000, 1.000000000000000000, -0.000000000000000000 ) ) ;
#2072 = DIRECTION ( 'NONE',  ( -0.000000000000000000, -1.000000000000000000, -0.000000000000000000 ) ) ;
#2073 = ORIENTED_EDGE ( 'NONE', *, *, #3555, .T. ) ;
#2074 = CARTESIAN_POINT ( 'NONE',  ( -1.000000000000000000, 0.2999999999999999889, -0.7999999999999999334 ) ) ;
#2075 = FILL_AREA_STYLE_COLOUR ( '', #942 ) ;
#2076 = ORIENTED_EDGE ( 'NONE', *, *, #1917, .F. ) ;
#2077 = CYLINDRICAL_SURFACE ( 'NONE', #2876, 0.02999999999999997113 ) ;
#2078 = PLANE ( 'NONE',  #1123 ) ;
#2079 = DIRECTION ( 'NONE',  ( 0.000000000000000000, -1.000000000000000000, 0.000000000000000000 ) ) ;
#2080 = ADVANCED_FACE ( 'NONE', ( #3320 ), #4353, .F. ) ;
#2081 = COLOUR_RGB ( '',0.9686274509803921573, 0.8784313725490195957, 0.5999999999999999778 ) ;
#2082 = DIRECTION ( 'NONE',  ( 0.000000000000000000, 1.000000000000000000, 0.000000000000000000 ) ) ;
#2083 = CARTESIAN_POINT ( 'NONE',  ( -0.9300000000000004929, 0.000000000000000000, 0.6592893218813447032 ) ) ;
#2084 = CARTESIAN_POINT ( 'NONE',  ( 0.3500000000000000888, 0.2999999999999999889, 0.7299999999999994271 ) ) ;
#2085 = ORIENTED_EDGE ( 'NONE', *, *, #1410, .F. ) ;
#2086 = PLANE ( 'NONE',  #111 ) ;
#2087 = ORIENTED_EDGE ( 'NONE', *, *, #1772, .T. ) ;
#2088 = EDGE_CURVE ( 'NONE', #3949, #846, #1009, .T. ) ;
#2089 = PLANE ( 'NONE',  #3363 ) ;
#2090 = DIRECTION ( 'NONE',  ( 0.000000000000000000, 0.000000000000000000, -1.000000000000000000 ) ) ;
#2091 = CARTESIAN_POINT ( 'NONE',  ( 0.9034074173710933131, 0.2999999999999999334, 0.7741180954897476374 ) ) ;
#2092 = EDGE_LOOP ( 'NONE', ( #4086, #2857, #744, #3822 ) ) ;
#2093 = ORIENTED_EDGE ( 'NONE', *, *, #122, .F. ) ;
#2094 = ORIENTED_EDGE ( 'NONE', *, *, #1951, .T. ) ;
#2095 = PLANE ( 'NONE',  #4202 ) ;
#2096 = PRESENTATION_STYLE_ASSIGNMENT (( #1020 ) ) ;
#2097 = FILL_AREA_STYLE_COLOUR ( '', #2502 ) ;
#2098 = SURFACE_STYLE_USAGE ( .BOTH. , #408 ) ;
#2099 = SURFACE_STYLE_FILL_AREA ( #4182 ) ;
#2100 = VERTEX_POINT ( 'NONE', #3689 ) ;
#2101 = CYLINDRICAL_SURFACE ( 'NONE', #2004, 0.05999999999999994227 ) ;
#2103 = EDGE_CURVE ( 'NONE', #2033, #1642, #2264, .T. ) ;
#2102 = DIRECTION ( 'NONE',  ( 0.000000000000000000, -0.000000000000000000, 1.000000000000000000 ) ) ;
#2104 = ADVANCED_FACE ( 'NONE', ( #3274 ), #531, .F. ) ;
#2105 =( GEOMETRIC_REPRESENTATION_CONTEXT ( 3 ) GLOBAL_UNCERTAINTY_ASSIGNED_CONTEXT ( ( #3090 ) ) GLOBAL_UNIT_ASSIGNED_CONTEXT ( ( #3642, #2923, #1860 ) ) REPRESENTATION_CONTEXT ( 'NONE', 'WORKASPACE' ) );
#2106 =( GEOMETRIC_REPRESENTATION_CONTEXT ( 3 ) GLOBAL_UNCERTAINTY_ASSIGNED_CONTEXT ( ( #1470 ) ) GLOBAL_UNIT_ASSIGNED_CONTEXT ( ( #3092, #3414, #3785 ) ) REPRESENTATION_CONTEXT ( 'NONE', 'WORKASPACE' ) );
#2107 = ORIENTED_EDGE ( 'NONE', *, *, #2786, .F. ) ;
#2108 = FACE_OUTER_BOUND ( 'NONE', #915, .T. ) ;
#2109 = PLANE ( 'NONE',  #851 ) ;
#2110 = EDGE_CURVE ( 'NONE', #277, #212, #4163, .T. ) ;
#2112 = ORIENTED_EDGE ( 'NONE', *, *, #41, .T. ) ;
#2111 = VECTOR ( 'NONE', #3085, 1000.000000000000000 ) ;
#2113 = AXIS2_PLACEMENT_3D ( 'NONE', #409, #1538, #795 ) ;
#2114 = CARTESIAN_POINT ( 'NONE',  ( -0.9000000000000000222, 0.6700000000000000400, 0.1666666666666664631 ) ) ;
#2115 = DIRECTION ( 'NONE',  ( 1.000000000000000000, 0.000000000000000000, 1.414176746720226407E-15 ) ) ;
#2116 = AXIS2_PLACEMENT_3D ( 'NONE', #4235, #1077, #4258 ) ;
#2117 = LINE ( 'NONE', #3185, #863 ) ;
#2118 = ORIENTED_EDGE ( 'NONE', *, *, #3174, .F. ) ;
#2119 = COLOUR_RGB ( '',0.9686274509803921573, 0.8784313725490195957, 0.5999999999999999778 ) ;
#2120 = ORIENTED_EDGE ( 'NONE', *, *, #3404, .F. ) ;
#2121 = SURFACE_SIDE_STYLE ('',( #1756 ) ) ;
#2122 = ORIENTED_EDGE ( 'NONE', *, *, #459, .F. ) ;
#2123 = CARTESIAN_POINT ( 'NONE',  ( 0.8499999999999998668, 0.7599999999999997868, 0.4999999999999998890 ) ) ;
#2124 = FILL_AREA_STYLE_COLOUR ( '', #2757 ) ;
#2125 = CYLINDRICAL_SURFACE ( 'NONE', #3233, 0.1000000000000001582 ) ;
#2126 = DIRECTION ( 'NONE',  ( 0.7071067811865457964, 0.000000000000000000, 0.7071067811865492381 ) ) ;
#2127 = AXIS2_PLACEMENT_3D ( 'NONE', #4250, #4525, #4574 ) ;
#2128 = SURFACE_STYLE_FILL_AREA ( #3517 ) ;
#2129 = DIRECTION ( 'NONE',  ( 7.946961583325784695E-16, 0.000000000000000000, -1.000000000000000000 ) ) ;
#2130 = ORIENTED_EDGE ( 'NONE', *, *, #2832, .F. ) ;
#2131 = CARTESIAN_POINT ( 'NONE',  ( -0.9034074173710932021, 0.2999999999999999334, -0.7741180954897477484 ) ) ;
#2132 = DIRECTION ( 'NONE',  ( 0.000000000000000000, 1.000000000000000000, 0.000000000000000000 ) ) ;
#2133 = AXIS2_PLACEMENT_3D ( 'NONE', #4305, #3273, #1219 ) ;
#2134 = ORIENTED_EDGE ( 'NONE', *, *, #2064, .T. ) ;
#2135 = ORIENTED_EDGE ( 'NONE', *, *, #4159, .T. ) ;
#2136 = MECHANICAL_DESIGN_GEOMETRIC_PRESENTATION_REPRESENTATION (  '', ( #3692 ), #2744 ) ;
#2137 = FACE_OUTER_BOUND ( 'NONE', #3483, .T. ) ;
#2138 = CARTESIAN_POINT ( 'NONE',  ( 0.3500000000000000888, 0.000000000000000000, 0.7299999999999994271 ) ) ;
#2139 = ORIENTED_EDGE ( 'NONE', *, *, #2065, .T. ) ;
#2140 = CLOSED_SHELL ( 'NONE', ( #3346, #1292, #714, #2678, #4209, #4504, #1552, #1290, #4223 ) ) ;
#2141 = EDGE_LOOP ( 'NONE', ( #3923, #3253, #4332, #1560 ) ) ;
#2142 = CARTESIAN_POINT ( 'NONE',  ( 1.000000000000000000, 0.5999999999999999778, -0.7999999999999999334 ) ) ;
#2143 = VERTEX_POINT ( 'NONE', #511 ) ;
#2144 = PRESENTATION_STYLE_ASSIGNMENT (( #3122 ) ) ;
#2145 = LINE ( 'NONE', #3194, #3523 ) ;
#2146 = EDGE_CURVE ( 'NONE', #150, #635, #1929, .T. ) ;
#2147 = LINE ( 'NONE', #1848, #3422 ) ;
#2148 = DIRECTION ( 'NONE',  ( 0.000000000000000000, 0.000000000000000000, -1.000000000000000000 ) ) ;
#2149 = VERTEX_POINT ( 'NONE', #1264 ) ;
#2150 = DIRECTION ( 'NONE',  ( 0.7071067811865471286, 0.000000000000000000, -0.7071067811865479058 ) ) ;
#2151 = LINE ( 'NONE', #1375, #488 ) ;
#2152 = EDGE_CURVE ( 'NONE', #4548, #1453, #1522, .T. ) ;
#2153 = EDGE_LOOP ( 'NONE', ( #3040, #4025, #4424, #1039, #4039, #4264, #1464 ) ) ;
#2154 =( NAMED_UNIT ( * ) PLANE_ANGLE_UNIT ( ) SI_UNIT ( $, .RADIAN. ) );
#2155 = ORIENTED_EDGE ( 'NONE', *, *, #4008, .T. ) ;
#2156 = SURFACE_STYLE_USAGE ( .BOTH. , #2535 ) ;
#2157 = ADVANCED_FACE ( 'NONE', ( #1614 ), #3965, .T. ) ;
#2158 = DIRECTION ( 'NONE',  ( -1.000000000000000000, 0.000000000000000000, 0.000000000000000000 ) ) ;
#2159 = ADVANCED_FACE ( 'NONE', ( #4098 ), #3088, .F. ) ;
#2160 = ORIENTED_EDGE ( 'NONE', *, *, #1770, .T. ) ;
#2161 = ORIENTED_EDGE ( 'NONE', *, *, #1592, .F. ) ;
#2162 = DIRECTION ( 'NONE',  ( 1.129377263005734114E-16, 0.000000000000000000, 1.000000000000000000 ) ) ;
#2163 = VERTEX_POINT ( 'NONE', #3038 ) ;
#2164 = CARTESIAN_POINT ( 'NONE',  ( -0.9300000000000004929, 1.114998880451716579, 0.6592893218813447032 ) ) ;
#2165 = CARTESIAN_POINT ( 'NONE',  ( -0.6999999999999998446, 0.5999999999999999778, -0.7399999999999999911 ) ) ;
#2166 = CARTESIAN_POINT ( 'NONE',  ( 0.6999999999999998446, 0.6700000000000025935, 0.6999999999999998446 ) ) ;
#2167 = STYLED_ITEM ( 'NONE', ( #930 ), #2232 ) ;
#2168 = COLOUR_RGB ( '',0.9686274509803921573, 0.8784313725490195957, 0.5999999999999999778 ) ;
#2169 = B_SPLINE_CURVE_WITH_KNOTS ( 'NONE', 3,
 ( #629, #3448, #1669, #3173 ),
 .UNSPECIFIED., .F., .F.,
 ( 4, 4 ),
 ( 0.000000000000000000, 1.000000000000000000 ),
 .UNSPECIFIED. ) ;
#2170 = PLANE ( 'NONE',  #251 ) ;
#2171 = CARTESIAN_POINT ( 'NONE',  ( -0.6800000000000000488, 0.7900000000000000355, 0.4800000000000001488 ) ) ;
#2172 = ORIENTED_EDGE ( 'NONE', *, *, #2007, .F. ) ;
#2173 = AXIS2_PLACEMENT_3D ( 'NONE', #1505, #3170, #38 ) ;
#2174 = DIRECTION ( 'NONE',  ( 0.7071067811865483499, 0.000000000000000000, 0.7071067811865466846 ) ) ;
#2175 = LINE ( 'NONE', #2852, #3970 ) ;
#2176 = LINE ( 'NONE', #3291, #2960 ) ;
#2177 = ORIENTED_EDGE ( 'NONE', *, *, #3794, .T. ) ;
#2178 = VERTEX_POINT ( 'NONE', #3061 ) ;
#2179 = CARTESIAN_POINT ( 'NONE',  ( -0.9741180954897484812, 0.000000000000000000, 0.7034074173710924693 ) ) ;
#2180 = COLOUR_RGB ( '',0.9686274509803921573, 0.8784313725490195957, 0.5999999999999999778 ) ;
#2181 = FILL_AREA_STYLE ('',( #4542 ) ) ;
#2182 = DIRECTION ( 'NONE',  ( -7.946961583325784695E-16, 0.000000000000000000, -1.000000000000000000 ) ) ;
#2183 = VECTOR ( 'NONE', #1184, 1000.000000000000000 ) ;
#2184 = ORIENTED_EDGE ( 'NONE', *, *, #3561, .T. ) ;
#2185 = EDGE_CURVE ( 'NONE', #1510, #2228, #2726, .T. ) ;
#2186 = ADVANCED_FACE ( 'NONE', ( #239 ), #615, .T. ) ;
#2187 = VERTEX_POINT ( 'NONE', #1607 ) ;
#2188 = PRESENTATION_STYLE_ASSIGNMENT (( #3953 ) ) ;
#2189 = PRESENTATION_LAYER_ASSIGNMENT (  '', '', ( #3299 ) ) ;
#2190 = ORIENTED_EDGE ( 'NONE', *, *, #3973, .F. ) ;
#2191 = FILL_AREA_STYLE ('',( #15 ) ) ;
#2192 = LINE ( 'NONE', #2543, #720 ) ;
#2193 = AXIS2_PLACEMENT_3D ( 'NONE', #4096, #2039, #3426 ) ;
#2194 = DIRECTION ( 'NONE',  ( 6.386559422532532320E-16, -0.000000000000000000, 1.000000000000000000 ) ) ;
#2195 = DIRECTION ( 'NONE',  ( 0.000000000000000000, 1.000000000000000000, 0.000000000000000000 ) ) ;
#2196 = EDGE_LOOP ( 'NONE', ( #477, #1978 ) ) ;
#2197 = LINE ( 'NONE', #1850, #4215 ) ;
#2198 = MECHANICAL_DESIGN_GEOMETRIC_PRESENTATION_REPRESENTATION (  '', ( #3603 ), #2347 ) ;
#2199 =( LENGTH_UNIT ( ) NAMED_UNIT ( * ) SI_UNIT ( .MILLI., .METRE. ) );
#2200 = CARTESIAN_POINT ( 'NONE',  ( 0.8784453807219625432, 0.6700000000000001510, -0.6043973317526565303 ) ) ;
#2201 = ORIENTED_EDGE ( 'NONE', *, *, #4262, .F. ) ;
#2202 = EDGE_CURVE ( 'NONE', #420, #152, #889, .T. ) ;
#2203 = EDGE_CURVE ( 'NONE', #4515, #1129, #2317, .T. ) ;
#2204 = CARTESIAN_POINT ( 'NONE',  ( -0.8925516906512251936, 0.5999999999999999778, -0.6470717760350870318 ) ) ;
#2205 = LINE ( 'NONE', #163, #57 ) ;
#2206 = CARTESIAN_POINT ( 'NONE',  ( 0.6999999999999998446, 0.6700000000000025935, 0.6999999999999998446 ) ) ;
#2207 = ORIENTED_EDGE ( 'NONE', *, *, #3175, .T. ) ;
#2208 = COLOUR_RGB ( '',0.9686274509803921573, 0.8784313725490195957, 0.5999999999999999778 ) ;
#2209 = PRESENTATION_LAYER_ASSIGNMENT (  '', '', ( #3692 ) ) ;
#2210 = ORIENTED_EDGE ( 'NONE', *, *, #3750, .F. ) ;
#2211 = ORIENTED_EDGE ( 'NONE', *, *, #3899, .F. ) ;
#2212 = UNCERTAINTY_MEASURE_WITH_UNIT (LENGTH_MEASURE( 1.000000000000000082E-05 ), #3497, 'distance_accuracy_value', 'NONE');
#2213 =( NAMED_UNIT ( * ) PLANE_ANGLE_UNIT ( ) SI_UNIT ( $, .RADIAN. ) );
#2214 = DIRECTION ( 'NONE',  ( 0.000000000000000000, 1.000000000000000000, 0.000000000000000000 ) ) ;
#2215 = AXIS2_PLACEMENT_3D ( 'NONE', #3835, #3076, #3419 ) ;
#2216 = DIRECTION ( 'NONE',  ( -0.000000000000000000, 1.000000000000000000, -0.000000000000000000 ) ) ;
#2217 = DIRECTION ( 'NONE',  ( -0.000000000000000000, 1.000000000000000000, -0.000000000000000000 ) ) ;
#2218 = ORIENTED_EDGE ( 'NONE', *, *, #2224, .T. ) ;
#2219 =( BOUNDED_CURVE ( )  B_SPLINE_CURVE ( 2, ( #1624, #3028, #3770 ),
 .UNSPECIFIED., .F., .F. ) 
 B_SPLINE_CURVE_WITH_KNOTS ( ( 3, 3 ),
 ( 0.000000000000000000, 1.000000000000000000 ),
 .UNSPECIFIED. ) 
 CURVE ( )  GEOMETRIC_REPRESENTATION_ITEM ( )  RATIONAL_B_SPLINE_CURVE ( ( 1.000000000000000000, 0.7071067811865475727, 1.000000000000000000 ) ) 
 REPRESENTATION_ITEM ( '' )  );
#2220 = CARTESIAN_POINT ( 'NONE',  ( -0.9000000000000000222, 0.6000000000000000888, 0.4999999999999999445 ) ) ;
#2221 = CARTESIAN_POINT ( 'NONE',  ( -0.6800000000000000488, 0.6202943725152287868, 0.4200000000000002620 ) ) ;
#2222 =( NAMED_UNIT ( * ) SI_UNIT ( $, .STERADIAN. ) SOLID_ANGLE_UNIT ( ) );
#2223 = EDGE_CURVE ( 'NONE', #846, #721, #1945, .T. ) ;
#2224 = EDGE_CURVE ( 'NONE', #2334, #3569, #24, .T. ) ;
#2225 = FACE_OUTER_BOUND ( 'NONE', #2422, .T. ) ;
#2226 = AXIS2_PLACEMENT_3D ( 'NONE', #371, #1446, #2851 ) ;
#2228 = VERTEX_POINT ( 'NONE', #547 ) ;
#2227 =( GEOMETRIC_REPRESENTATION_CONTEXT ( 3 ) GLOBAL_UNCERTAINTY_ASSIGNED_CONTEXT ( ( #1360 ) ) GLOBAL_UNIT_ASSIGNED_CONTEXT ( ( #3836, #4175, #1797 ) ) REPRESENTATION_CONTEXT ( 'NONE', 'WORKASPACE' ) );
#2229 = VECTOR ( 'NONE', #3196, 1000.000000000000000 ) ;
#2230 =( LENGTH_UNIT ( ) NAMED_UNIT ( * ) SI_UNIT ( .MILLI., .METRE. ) );
#2231 = CARTESIAN_POINT ( 'NONE',  ( 0.6999999999999998446, 0.6700000000000009281, -0.6999999999999998446 ) ) ;
#2232 = ADVANCED_FACE ( 'NONE', ( #1942 ), #3708, .T. ) ;
#2233 = CARTESIAN_POINT ( 'NONE',  ( 0.7630082349132858432, 0.6000000000000000888, 0.7399999988605379109 ) ) ;
#2234 = ORIENTED_EDGE ( 'NONE', *, *, #2103, .F. ) ;
#2235 = VERTEX_POINT ( 'NONE', #2249 ) ;
#2236 = CARTESIAN_POINT ( 'NONE',  ( -0.6000000000000001998, 1.114998880451716579, 0.2499999999999998890 ) ) ;
#2237 = VERTEX_POINT ( 'NONE', #1966 ) ;
#2238 = CARTESIAN_POINT ( 'NONE',  ( 0.3500000000000000888, 0.2999999999999999889, -0.7299999999999994271 ) ) ;
#2239 = LINE ( 'NONE', #1574, #186 ) ;
#2240 = LINE ( 'NONE', #4341, #3799 ) ;
#2241 = LINE ( 'NONE', #4342, #560 ) ;
#2242 = ORIENTED_EDGE ( 'NONE', *, *, #3455, .F. ) ;
#2243 = VECTOR ( 'NONE', #864, 1000.000000000000000 ) ;
#2244 = PRESENTATION_STYLE_ASSIGNMENT (( #1602 ) ) ;
#2245 = CARTESIAN_POINT ( 'NONE',  ( -0.7525068624343228540, 0.6700000000000001510, -0.6999999999999999556 ) ) ;
#2246 = CARTESIAN_POINT ( 'NONE',  ( 0.8999999999999999112, 0.000000000000000000, 0.8000000000000001554 ) ) ;
#2247 = VECTOR ( 'NONE', #4023, 1000.000000000000000 ) ;
#2248 =( BOUNDED_CURVE ( )  B_SPLINE_CURVE ( 2, ( #2166, #40, #3912 ),
 .UNSPECIFIED., .F., .T. ) 
 B_SPLINE_CURVE_WITH_KNOTS ( ( 3, 3 ),
 ( 0.000000000000000000, 1.000000000000000000 ),
 .UNSPECIFIED. ) 
 CURVE ( )  GEOMETRIC_REPRESENTATION_ITEM ( )  RATIONAL_B_SPLINE_CURVE ( ( 1.000000000000000000, 0.7071067811865465735, 1.000000000000000000 ) ) 
 REPRESENTATION_ITEM ( '' )  );
#2249 = CARTESIAN_POINT ( 'NONE',  ( 0.8592893218813458800, 0.000000000000000000, -0.7299999999999998712 ) ) ;
#2250 = EDGE_CURVE ( 'NONE', #3197, #344, #2910, .T. ) ;
#2251 = EDGE_CURVE ( 'NONE', #2403, #4190, #204, .T. ) ;
#2252 = FILL_AREA_STYLE_COLOUR ( '', #1565 ) ;
#2253 = EDGE_CURVE ( 'NONE', #1014, #635, #140, .T. ) ;
#2254 = VERTEX_POINT ( 'NONE', #4429 ) ;
#2255 = EDGE_CURVE ( 'NONE', #2801, #2178, #1279, .T. ) ;
#2256 = SURFACE_STYLE_FILL_AREA ( #145 ) ;
#2257 = DIRECTION ( 'NONE',  ( 0.000000000000000000, 1.000000000000000000, 0.000000000000000000 ) ) ;
#2258 = CARTESIAN_POINT ( 'NONE',  ( 0.3500000000000000333, 0.2999999999999999334, 0.2499999999999995282 ) ) ;
#2259 = EDGE_LOOP ( 'NONE', ( #1594, #374, #3502, #3539 ) ) ;
#2260 = VECTOR ( 'NONE', #315, 1000.000000000000000 ) ;
#2261 = ORIENTED_EDGE ( 'NONE', *, *, #1432, .F. ) ;
#2262 = DIRECTION ( 'NONE',  ( -1.000000000000000000, 0.000000000000000000, 1.129377263005734114E-16 ) ) ;
#2263 = EDGE_LOOP ( 'NONE', ( #1776, #1068, #250, #2611 ) ) ;
#2264 = CIRCLE ( 'NONE', #3440, 0.05999999999999994227 ) ;
#2265 = FACE_OUTER_BOUND ( 'NONE', #2092, .T. ) ;
#2266 = DIRECTION ( 'NONE',  ( 0.7071067811865457964, 0.000000000000000000, -0.7071067811865492381 ) ) ;
#2267 = VECTOR ( 'NONE', #476, 1000.000000000000000 ) ;
#2268 = CARTESIAN_POINT ( 'NONE',  ( 0.9741180954897482591, 0.000000000000000000, 0.7034074173710926914 ) ) ;
#2269 = VERTEX_POINT ( 'NONE', #2693 ) ;
#2270 = FILL_AREA_STYLE_COLOUR ( '', #3994 ) ;
#2271 = DIRECTION ( 'NONE',  ( 0.000000000000000000, 0.000000000000000000, 1.000000000000000000 ) ) ;
#2272 = AXIS2_PLACEMENT_3D ( 'NONE', #3200, #48, #1738 ) ;
#2273 = CARTESIAN_POINT ( 'NONE',  ( -0.9034074173710935352, 0.000000000000000000, 0.7741180954897474153 ) ) ;
#2274 = VECTOR ( 'NONE', #159, 1000.000000000000000 ) ;
#2275 = EDGE_LOOP ( 'NONE', ( #811, #3349, #3931, #12 ) ) ;
#2276 = UNCERTAINTY_MEASURE_WITH_UNIT (LENGTH_MEASURE( 1.000000000000000082E-05 ), #3562, 'distance_accuracy_value', 'NONE');
#2277 = LINE ( 'NONE', #3132, #2925 ) ;
#2278 = FACE_OUTER_BOUND ( 'NONE', #2899, .T. ) ;
#2279 = CARTESIAN_POINT ( 'NONE',  ( 0.9741180954897482591, 0.000000000000000000, 0.7034074173710926914 ) ) ;
#2280 = ORIENTED_EDGE ( 'NONE', *, *, #3404, .T. ) ;
#2281 = VERTEX_POINT ( 'NONE', #2273 ) ;
#2282 = CARTESIAN_POINT ( 'NONE',  ( -0.9741180954897480371, 0.2999999999999999889, -0.7034074173710929134 ) ) ;
#2283 = ORIENTED_EDGE ( 'NONE', *, *, #1192, .T. ) ;
#2284 = FILL_AREA_STYLE ('',( #471 ) ) ;
#2285 = DIRECTION ( 'NONE',  ( 1.129377263005734114E-16, 0.000000000000000000, -1.000000000000000000 ) ) ;
#2286 = AXIS2_PLACEMENT_3D ( 'NONE', #3444, #4551, #4498 ) ;
#2287 = DIRECTION ( 'NONE',  ( 0.000000000000000000, 0.000000000000000000, 1.000000000000000000 ) ) ;
#2288 = PLANE ( 'NONE',  #1969 ) ;
#2289 = ORIENTED_EDGE ( 'NONE', *, *, #400, .F. ) ;
#2290 = PLANE ( 'NONE',  #1495 ) ;
#2291 = CARTESIAN_POINT ( 'NONE',  ( -0.9741180954897484812, 0.000000000000000000, 0.7034074173710924693 ) ) ;
#2292 = LINE ( 'NONE', #861, #2545 ) ;
#2293 = TOROIDAL_SURFACE ( 'NONE', #213, 0.1099999999999999034, 0.04000000000000000083 ) ;
#2294 = ADVANCED_FACE ( 'NONE', ( #3336 ), #4093, .F. ) ;
#2295 = VECTOR ( 'NONE', #845, 1000.000000000000000 ) ;
#2296 =( LENGTH_UNIT ( ) NAMED_UNIT ( * ) SI_UNIT ( .MILLI., .METRE. ) );
#2297 = LINE ( 'NONE', #3375, #2305 ) ;
#2298 = CARTESIAN_POINT ( 'NONE',  ( -1.000000000000000000, 0.5999999999999999778, -0.7999999999999999334 ) ) ;
#2299 = EDGE_CURVE ( 'NONE', #1555, #683, #2984, .T. ) ;
#2300 = AXIS2_PLACEMENT_3D ( 'NONE', #3916, #1489, #2896 ) ;
#2301 = COLOUR_RGB ( '',0.9686274509803921573, 0.8784313725490195957, 0.5999999999999999778 ) ;
#2302 = LINE ( 'NONE', #3713, #2429 ) ;
#2304 = VERTEX_POINT ( 'NONE', #3080 ) ;
#2303 = B_SPLINE_CURVE_WITH_KNOTS ( 'NONE', 3,
 ( #2036, #1990, #3398, #3424 ),
 .UNSPECIFIED., .F., .F.,
 ( 4, 4 ),
 ( 0.000000000000000000, 1.000000000000000000 ),
 .UNSPECIFIED. ) ;
#2305 = VECTOR ( 'NONE', #2764, 1000.000000000000000 ) ;
#2306 = ADVANCED_FACE ( 'NONE', ( #631 ), #325, .F. ) ;
#2307 = ADVANCED_FACE ( 'NONE', ( #4452 ), #978, .T. ) ;
#2308 = CARTESIAN_POINT ( 'NONE',  ( -0.9299999999999999378, 0.000000000000000000, 0.2499999999999991951 ) ) ;
#2309 = CARTESIAN_POINT ( 'NONE',  ( 0.7000000000000000666, 0.6000000000000000888, -0.7399999999999998801 ) ) ;
#2310 = LINE ( 'NONE', #3002, #2625 ) ;
#2311 = CARTESIAN_POINT ( 'NONE',  ( 0.9300000000000002709, 0.000000000000000000, 0.6592893218813449252 ) ) ;
#2312 = ORIENTED_EDGE ( 'NONE', *, *, #3360, .T. ) ;
#2313 = CARTESIAN_POINT ( 'NONE',  ( -1.000000000000000000, 0.000000000000000000, 0.8000000000000001554 ) ) ;
#2314 = DIRECTION ( 'NONE',  ( -1.000000000000000000, 0.000000000000000000, 6.386559422532533306E-16 ) ) ;
#2315 = FILL_AREA_STYLE_COLOUR ( '', #1395 ) ;
#2316 = DIRECTION ( 'NONE',  ( 0.000000000000000000, 0.000000000000000000, 1.000000000000000000 ) ) ;
#2317 = LINE ( 'NONE', #3639, #4303 ) ;
#2318 = CARTESIAN_POINT ( 'NONE',  ( 0.8592893218813458800, 0.000000000000000000, -0.7299999999999998712 ) ) ;
#2319 =( NAMED_UNIT ( * ) SI_UNIT ( $, .STERADIAN. ) SOLID_ANGLE_UNIT ( ) );
#2320 = DIRECTION ( 'NONE',  ( 0.000000000000000000, 1.000000000000000000, 0.000000000000000000 ) ) ;
#2321 = CARTESIAN_POINT ( 'NONE',  ( 0.8784453807219624322, 0.6699999999999999289, 0.6043973317526561972 ) ) ;
#2322 = DIRECTION ( 'NONE',  ( -8.515412563376710418E-16, 0.000000000000000000, -1.000000000000000000 ) ) ;
#2323 = ORIENTED_EDGE ( 'NONE', *, *, #2554, .F. ) ;
#2324 = CARTESIAN_POINT ( 'NONE',  ( -0.9399999999999999467, 0.5999999999999999778, -0.5000000000000000000 ) ) ;
#2325 = VERTEX_POINT ( 'NONE', #3423 ) ;
#2326 = DIRECTION ( 'NONE',  ( 1.000000000000000000, -0.000000000000000000, -1.548860246407863829E-16 ) ) ;
#2327 = ORIENTED_EDGE ( 'NONE', *, *, #461, .F. ) ;
#2328 = EDGE_CURVE ( 'NONE', #4188, #1905, #3783, .T. ) ;
#2329 = ADVANCED_FACE ( 'NONE', ( #3841 ), #3100, .F. ) ;
#2330 = VECTOR ( 'NONE', #4442, 1000.000000000000000 ) ;
#2331 = AXIS2_PLACEMENT_3D ( 'NONE', #3620, #874, #2658 ) ;
#2332 =( LENGTH_UNIT ( ) NAMED_UNIT ( * ) SI_UNIT ( .MILLI., .METRE. ) );
#2333 = PLANE ( 'NONE',  #1677 ) ;
#2334 = VERTEX_POINT ( 'NONE', #3494 ) ;
#2335 = CARTESIAN_POINT ( 'NONE',  ( -0.3499999999999999223, 0.2999999999999999889, -0.2499999999999996392 ) ) ;
#2336 = DIRECTION ( 'NONE',  ( -0.7071067811865479058, 0.000000000000000000, -0.7071067811865471286 ) ) ;
#2337 = LINE ( 'NONE', #929, #3875 ) ;
#2338 = VECTOR ( 'NONE', #1506, 1000.000000000000000 ) ;
#2339 = FACE_OUTER_BOUND ( 'NONE', #4026, .T. ) ;
#2340 = CARTESIAN_POINT ( 'NONE',  ( -0.3499999999999999778, 0.2999999999999999334, 0.4999999999999997780 ) ) ;
#2341 = TOROIDAL_SURFACE ( 'NONE', #2113, 0.1700000000000000400, 0.02999999999999999889 ) ;
#2342 = CARTESIAN_POINT ( 'NONE',  ( 1.000000000000000000, 0.000000000000000000, -0.6999999999999997335 ) ) ;
#2343 = ADVANCED_FACE ( 'NONE', ( #4554 ), #2848, .F. ) ;
#2344 = AXIS2_PLACEMENT_3D ( 'NONE', #1697, #581, #981 ) ;
#2345 = DIRECTION ( 'NONE',  ( -0.000000000000000000, 1.000000000000000000, -0.000000000000000000 ) ) ;
#2346 = DIRECTION ( 'NONE',  ( -1.414176746720226210E-15, 0.000000000000000000, 1.000000000000000000 ) ) ;
#2347 =( GEOMETRIC_REPRESENTATION_CONTEXT ( 3 ) GLOBAL_UNCERTAINTY_ASSIGNED_CONTEXT ( ( #3979 ) ) GLOBAL_UNIT_ASSIGNED_CONTEXT ( ( #1324, #4091, #3352 ) ) REPRESENTATION_CONTEXT ( 'NONE', 'WORKASPACE' ) );
#2348 = CARTESIAN_POINT ( 'NONE',  ( 0.8043974388822624499, 0.6700000000000001510, 0.6784452735923561795 ) ) ;
#2349 = VERTEX_POINT ( 'NONE', #2524 ) ;
#2350 = EDGE_CURVE ( 'NONE', #2349, #6, #2147, .T. ) ;
#2351 = ADVANCED_FACE ( 'NONE', ( #2503 ), #2170, .F. ) ;
#2352 = DIRECTION ( 'NONE',  ( -1.084202172485504681E-16, 0.000000000000000000, -1.000000000000000000 ) ) ;
#2353 = FACE_OUTER_BOUND ( 'NONE', #1816, .T. ) ;
#2354 = LINE ( 'NONE', #3762, #1598 ) ;
#2355 = ORIENTED_EDGE ( 'NONE', *, *, #1152, .F. ) ;
#2356 = AXIS2_PLACEMENT_3D ( 'NONE', #3969, #4013, #1521 ) ;
#2357 = FILL_AREA_STYLE ('',( #4496 ) ) ;
#2358 = CARTESIAN_POINT ( 'NONE',  ( -0.8592893218813456579, 0.2999999999999999889, -0.7300000000000000933 ) ) ;
#2359 = VERTEX_POINT ( 'NONE', #3913 ) ;
#2360 = FACE_OUTER_BOUND ( 'NONE', #2735, .T. ) ;
#2361 = LINE ( 'NONE', #573, #3338 ) ;
#2362 = FILL_AREA_STYLE_COLOUR ( '', #652 ) ;
#2363 = DIRECTION ( 'NONE',  ( 0.000000000000000000, 1.000000000000000000, 0.000000000000000000 ) ) ;
#2364 = DIRECTION ( 'NONE',  ( 2.135549733683570822E-15, 0.000000000000000000, -1.000000000000000000 ) ) ;
#2365 = ADVANCED_FACE ( 'NONE', ( #1827 ), #87, .T. ) ;
#2366 = PRESENTATION_LAYER_ASSIGNMENT (  '', '', ( #3021 ) ) ;
#2367 = DIRECTION ( 'NONE',  ( -0.000000000000000000, 1.000000000000000000, -0.000000000000000000 ) ) ;
#2368 = DIRECTION ( 'NONE',  ( 0.000000000000000000, -1.000000000000000000, 0.000000000000000000 ) ) ;
#2369 = EDGE_CURVE ( 'NONE', #1546, #2163, #1486, .T. ) ;
#2370 = AXIS2_PLACEMENT_3D ( 'NONE', #3843, #2719, #3775 ) ;
#2371 = ORIENTED_EDGE ( 'NONE', *, *, #3690, .F. ) ;
#2372 = SURFACE_SIDE_STYLE ('',( #3430 ) ) ;
#2373 = DIRECTION ( 'NONE',  ( 0.000000000000000000, 0.000000000000000000, 1.000000000000000000 ) ) ;
#2374 = CARTESIAN_POINT ( 'NONE',  ( 0.8784452735923560240, 0.6700000000000001510, 0.6043974388822628274 ) ) ;
#2375 = ORIENTED_EDGE ( 'NONE', *, *, #2655, .T. ) ;
#2376 = CARTESIAN_POINT ( 'NONE',  ( 0.8699999999999998845, 0.6999999999999999556, 0.4999999999999998890 ) ) ;
#2377 = FACE_OUTER_BOUND ( 'NONE', #4211, .T. ) ;
#2378 = CARTESIAN_POINT ( 'NONE',  ( -0.2099999999999999367, 0.000000000000000000, 0.8000000000000001554 ) ) ;
#2379 = ORIENTED_EDGE ( 'NONE', *, *, #3507, .F. ) ;
#2380 =( GEOMETRIC_REPRESENTATION_CONTEXT ( 3 ) GLOBAL_UNCERTAINTY_ASSIGNED_CONTEXT ( ( #987 ) ) GLOBAL_UNIT_ASSIGNED_CONTEXT ( ( #2414, #260, #3157 ) ) REPRESENTATION_CONTEXT ( 'NONE', 'WORKASPACE' ) );
#2381 = CARTESIAN_POINT ( 'NONE',  ( 0.8699999999999998845, 0.6999999999999999556, -0.5000000000000000000 ) ) ;
#2382 = CARTESIAN_POINT ( 'NONE',  ( -0.9300000000000000488, 0.000000000000000000, -0.6592893218813451472 ) ) ;
#2383 = ORIENTED_EDGE ( 'NONE', *, *, #3186, .T. ) ;
#2384 = CARTESIAN_POINT ( 'NONE',  ( -0.8043973317526565969, 0.6700000000000001510, -0.6784453807219626986 ) ) ;
#2385 = CARTESIAN_POINT ( 'NONE',  ( 1.000000000000000000, 0.000000000000000000, 0.8000000000000001554 ) ) ;
#2386 = SURFACE_SIDE_STYLE ('',( #1989 ) ) ;
#2387 = DIRECTION ( 'NONE',  ( -1.000000000000000000, 0.000000000000000000, -0.000000000000000000 ) ) ;
#2388 = CARTESIAN_POINT ( 'NONE',  ( -0.3499999999999998668, 0.000000000000000000, -0.7299999999999995381 ) ) ;
#2389 = DIRECTION ( 'NONE',  ( 0.000000000000000000, -0.000000000000000000, -1.000000000000000000 ) ) ;
#2390 = EDGE_CURVE ( 'NONE', #437, #1479, #393, .T. ) ;
#2391 = EDGE_CURVE ( 'NONE', #2403, #2797, #1368, .T. ) ;
#2392 = VERTEX_POINT ( 'NONE', #3284 ) ;
#2393 = MECHANICAL_DESIGN_GEOMETRIC_PRESENTATION_REPRESENTATION (  '', ( #247 ), #2697 ) ;
#2394 = CARTESIAN_POINT ( 'NONE',  ( 0.6999999999999999556, 0.7000000000000000666, -0.5000000000000000000 ) ) ;
#2395 = ORIENTED_EDGE ( 'NONE', *, *, #3226, .F. ) ;
#2396 = COLOUR_RGB ( '',0.9686274509803921573, 0.8784313725490195957, 0.5999999999999999778 ) ;
#2397 = MECHANICAL_DESIGN_GEOMETRIC_PRESENTATION_REPRESENTATION (  '', ( #1445 ), #2991 ) ;
#2398 = CARTESIAN_POINT ( 'NONE',  ( -0.9000000000000000222, 0.6700000000000000400, 0.4999999999999998890 ) ) ;
#2399 = DIRECTION ( 'NONE',  ( 0.000000000000000000, 0.000000000000000000, -1.000000000000000000 ) ) ;
#2400 = CARTESIAN_POINT ( 'NONE',  ( 0.6999999999999999556, 0.6999999999999999556, 0.6699999999999999289 ) ) ;
#2401 = ORIENTED_EDGE ( 'NONE', *, *, #2705, .F. ) ;
#2402 = DIRECTION ( 'NONE',  ( -0.000000000000000000, -1.000000000000000000, -0.000000000000000000 ) ) ;
#2403 = VERTEX_POINT ( 'NONE', #4314 ) ;
#2404 = FACE_OUTER_BOUND ( 'NONE', #2948, .T. ) ;
#2405 = FILL_AREA_STYLE ('',( #2315 ) ) ;
#2406 = CARTESIAN_POINT ( 'NONE',  ( -0.6800000000000000488, 0.7900000000000000355, 0.4800000000000001488 ) ) ;
#2407 = EDGE_CURVE ( 'NONE', #3602, #1050, #2596, .T. ) ;
#2408 = LINE ( 'NONE', #2460, #2229 ) ;
#2409 = VECTOR ( 'NONE', #3694, 1000.000000000000000 ) ;
#2410 = FACE_OUTER_BOUND ( 'NONE', #837, .T. ) ;
#2411 = PRESENTATION_LAYER_ASSIGNMENT (  '', '', ( #3592 ) ) ;
#2412 = VECTOR ( 'NONE', #2009, 1000.000000000000000 ) ;
#2413 = ORIENTED_EDGE ( 'NONE', *, *, #870, .F. ) ;
#2414 =( LENGTH_UNIT ( ) NAMED_UNIT ( * ) SI_UNIT ( .MILLI., .METRE. ) );
#2415 = ORIENTED_EDGE ( 'NONE', *, *, #3010, .T. ) ;
#2416 = AXIS2_PLACEMENT_3D ( 'NONE', #3522, #2791, #1120 ) ;
#2417 = B_SPLINE_CURVE_WITH_KNOTS ( 'NONE', 3,
 ( #1603, #2012, #2384, #927, #3420, #3006 ),
 .UNSPECIFIED., .F., .F.,
 ( 4, 2, 4 ),
 ( 0.000000000000000000, 0.5000000000000000000, 1.000000000000000000 ),
 .UNSPECIFIED. ) ;
#2418 = CARTESIAN_POINT ( 'NONE',  ( -0.9000000000000000222, 0.6700000000000000400, -0.1666666666666667962 ) ) ;
#2419 = EDGE_CURVE ( 'NONE', #100, #3954, #3137, .T. ) ;
#2420 = DIRECTION ( 'NONE',  ( 0.000000000000000000, 0.000000000000000000, 1.000000000000000000 ) ) ;
#2421 = LINE ( 'NONE', #295, #4101 ) ;
#2422 = EDGE_LOOP ( 'NONE', ( #3262, #542, #58, #2839, #763, #1399, #1031, #3487 ) ) ;
#2423 = PLANE ( 'NONE',  #2037 ) ;
#2424 =( LENGTH_UNIT ( ) NAMED_UNIT ( * ) SI_UNIT ( .MILLI., .METRE. ) );
#2425 = ORIENTED_EDGE ( 'NONE', *, *, #2883, .T. ) ;
#2426 = SURFACE_SIDE_STYLE ('',( #1019 ) ) ;
#2427 = DIRECTION ( 'NONE',  ( 0.7071067811865466846, 0.000000000000000000, -0.7071067811865484609 ) ) ;
#2428 = DIRECTION ( 'NONE',  ( 7.946961583325784695E-16, 0.000000000000000000, -1.000000000000000000 ) ) ;
#2429 = VECTOR ( 'NONE', #2904, 1000.000000000000000 ) ;
#2430 = CARTESIAN_POINT ( 'NONE',  ( -0.9000000000000000222, 0.6700000000000025935, -0.4999999999999998890 ) ) ;
#2431 = LINE ( 'NONE', #1763, #684 ) ;
#2432 = CARTESIAN_POINT ( 'NONE',  ( -0.8699999999999999956, 0.6999999999999999556, 0.4999999999999998890 ) ) ;
#2433 = EDGE_CURVE ( 'NONE', #1843, #1402, #3572, .T. ) ;
#2434 = FACE_OUTER_BOUND ( 'NONE', #2842, .T. ) ;
#2435 = STYLED_ITEM ( 'NONE', ( #1416 ), #714 ) ;
#2436 = ORIENTED_EDGE ( 'NONE', *, *, #2255, .F. ) ;
#2437 = FACE_OUTER_BOUND ( 'NONE', #1835, .T. ) ;
#2438 = SURFACE_STYLE_FILL_AREA ( #455 ) ;
#2439 = AXIS2_PLACEMENT_3D ( 'NONE', #2666, #3724, #543 ) ;
#2440 = ORIENTED_EDGE ( 'NONE', *, *, #4334, .F. ) ;
#2441 = AXIS2_PLACEMENT_3D ( 'NONE', #1238, #2654, #1968 ) ;
#2442 = APPLICATION_CONTEXT ( 'automotive_design' ) ;
#2443 = LINE ( 'NONE', #3853, #932 ) ;
#2444 = LINE ( 'NONE', #783, #3102 ) ;
#2445 = FACE_OUTER_BOUND ( 'NONE', #444, .T. ) ;
#2446 = VERTEX_POINT ( 'NONE', #2981 ) ;
#2447 = EDGE_CURVE ( 'NONE', #4168, #2466, #1537, .T. ) ;
#2448 = EDGE_CURVE ( 'NONE', #1200, #424, #2618, .T. ) ;
#2449 = EDGE_CURVE ( 'NONE', #1453, #3190, #4364, .T. ) ;
#2450 = ORIENTED_EDGE ( 'NONE', *, *, #3116, .F. ) ;
#2451 = CARTESIAN_POINT ( 'NONE',  ( 0.7000000000000000666, 0.6000000000000000888, -0.6999999999999998446 ) ) ;
#2452 = EDGE_LOOP ( 'NONE', ( #3300, #4374, #2093, #520 ) ) ;
#2453 = DIRECTION ( 'NONE',  ( -0.000000000000000000, -1.000000000000000000, -0.000000000000000000 ) ) ;
#2454 = FACE_OUTER_BOUND ( 'NONE', #3308, .T. ) ;
#2455 = AXIS2_PLACEMENT_3D ( 'NONE', #4317, #2150, #2482 ) ;
#2456 =( NAMED_UNIT ( * ) PLANE_ANGLE_UNIT ( ) SI_UNIT ( $, .RADIAN. ) );
#2457 = AXIS2_PLACEMENT_3D ( 'NONE', #2487, #1102, #1494 ) ;
#2458 = EDGE_CURVE ( 'NONE', #1950, #3929, #499, .T. ) ;
#2459 = DIRECTION ( 'NONE',  ( 1.000000000000000000, 0.000000000000000000, -6.386559422532534292E-16 ) ) ;
#2460 = CARTESIAN_POINT ( 'NONE',  ( 0.3500000000000000333, 0.000000000000000000, 0.2499999999999995282 ) ) ;
#2461 = ORIENTED_EDGE ( 'NONE', *, *, #2391, .F. ) ;
#2462 = CARTESIAN_POINT ( 'NONE',  ( -0.6999999999999999556, 0.6700000000000001510, 0.6999999999999998446 ) ) ;
#2463 = EDGE_LOOP ( 'NONE', ( #1101, #1652, #2885, #3302 ) ) ;
#2464 = LINE ( 'NONE', #1029, #977 ) ;
#2465 = FACE_OUTER_BOUND ( 'NONE', #3182, .T. ) ;
#2466 = VERTEX_POINT ( 'NONE', #1620 ) ;
#2467 = FACE_OUTER_BOUND ( 'NONE', #2275, .T. ) ;
#2468 =( NAMED_UNIT ( * ) SI_UNIT ( $, .STERADIAN. ) SOLID_ANGLE_UNIT ( ) );
#2469 = CARTESIAN_POINT ( 'NONE',  ( 0.9299999999999999378, 0.2999999999999999889, 0.2499999999999994171 ) ) ;
#2470 = ORIENTED_EDGE ( 'NONE', *, *, #3503, .F. ) ;
#2471 = AXIS2_PLACEMENT_3D ( 'NONE', #4347, #2601, #661 ) ;
#2472 = VERTEX_POINT ( 'NONE', #4385 ) ;
#2473 = CARTESIAN_POINT ( 'NONE',  ( -0.3500000000000003109, 1.114998880451716579, 0.7299999999999993161 ) ) ;
#2474 = ORIENTED_EDGE ( 'NONE', *, *, #2492, .F. ) ;
#2475 = DIRECTION ( 'NONE',  ( 0.000000000000000000, 0.000000000000000000, 1.000000000000000000 ) ) ;
#2476 = LINE ( 'NONE', #1733, #4046 ) ;
#2477 = DIRECTION ( 'NONE',  ( 0.000000000000000000, 0.000000000000000000, 1.000000000000000000 ) ) ;
#2478 = B_SPLINE_CURVE_WITH_KNOTS ( 'NONE', 3,
 ( #970, #1932, #168, #2324 ),
 .UNSPECIFIED., .F., .F.,
 ( 4, 4 ),
 ( 0.000000000000000000, 1.000000000000000000 ),
 .UNSPECIFIED. ) ;
#2479 = DIRECTION ( 'NONE',  ( 0.000000000000000000, 0.000000000000000000, -1.000000000000000000 ) ) ;
#2480 = FACE_OUTER_BOUND ( 'NONE', #4278, .T. ) ;
#2481 = ORIENTED_EDGE ( 'NONE', *, *, #79, .F. ) ;
#2482 = DIRECTION ( 'NONE',  ( -0.7071067811865479058, 0.000000000000000000, -0.7071067811865471286 ) ) ;
#2483 = VECTOR ( 'NONE', #3342, 1000.000000000000000 ) ;
#2484 = VECTOR ( 'NONE', #1038, 1000.000000000000000 ) ;
#2485 = ORIENTED_EDGE ( 'NONE', *, *, #3830, .F. ) ;
#2486 = ORIENTED_EDGE ( 'NONE', *, *, #4413, .T. ) ;
#2487 = CARTESIAN_POINT ( 'NONE',  ( -1.000000000000000000, 0.000000000000000000, 0.7999999999999999334 ) ) ;
#2489 = ORIENTED_EDGE ( 'NONE', *, *, #2369, .T. ) ;
#2488 = STYLED_ITEM ( 'NONE', ( #1743 ), #3066 ) ;
#2490 = VECTOR ( 'NONE', #1984, 1000.000000000000000 ) ;
#2491 = DIRECTION ( 'NONE',  ( -0.7071067811865457964, -0.000000000000000000, 0.7071067811865492381 ) ) ;
#2492 = EDGE_CURVE ( 'NONE', #4260, #1085, #2240, .T. ) ;
#2493 = COLOUR_RGB ( '',0.9686274509803921573, 0.8784313725490195957, 0.5999999999999999778 ) ;
#2494 = PRESENTATION_STYLE_ASSIGNMENT (( #4284 ) ) ;
#2495 = ORIENTED_EDGE ( 'NONE', *, *, #2696, .T. ) ;
#2496 =( GEOMETRIC_REPRESENTATION_CONTEXT ( 3 ) GLOBAL_UNCERTAINTY_ASSIGNED_CONTEXT ( ( #446 ) ) GLOBAL_UNIT_ASSIGNED_CONTEXT ( ( #3050, #1625, #280 ) ) REPRESENTATION_CONTEXT ( 'NONE', 'WORKASPACE' ) );
#2497 = ORIENTED_EDGE ( 'NONE', *, *, #539, .F. ) ;
#2498 = CARTESIAN_POINT ( 'NONE',  ( 0.9741180954897482591, 1.114998880451716579, -0.7034074173710926914 ) ) ;
#2499 = ORIENTED_EDGE ( 'NONE', *, *, #817, .F. ) ;
#2500 = CARTESIAN_POINT ( 'NONE',  ( -0.6800000000000000488, 0.7900000000000000355, 0.4200000000000002620 ) ) ;
#2501 = DIRECTION ( 'NONE',  ( 1.000000000000000000, 0.000000000000000000, -7.744301232039319147E-17 ) ) ;
#2502 = COLOUR_RGB ( '',0.7921568627450980005, 0.8196078431372548767, 0.9333333333333333481 ) ;
#2503 = FACE_OUTER_BOUND ( 'NONE', #1066, .T. ) ;
#2504 = DIRECTION ( 'NONE',  ( -0.000000000000000000, 1.000000000000000000, -0.000000000000000000 ) ) ;
#2505 = ORIENTED_EDGE ( 'NONE', *, *, #2886, .F. ) ;
#2506 = DIRECTION ( 'NONE',  ( 0.000000000000000000, -1.000000000000000000, 0.000000000000000000 ) ) ;
#2507 = CARTESIAN_POINT ( 'NONE',  ( 0.8699999999999998845, 0.6700000000000000400, -0.5000000000000000000 ) ) ;
#2508 = EDGE_CURVE ( 'NONE', #693, #74, #900, .T. ) ;
#2509 = EDGE_CURVE ( 'NONE', #1539, #3972, #2024, .T. ) ;
#2510 = ORIENTED_EDGE ( 'NONE', *, *, #4009, .F. ) ;
#2511 = ORIENTED_EDGE ( 'NONE', *, *, #2746, .T. ) ;
#2512 = STYLED_ITEM ( 'NONE', ( #4283 ), #1033 ) ;
#2513 = CARTESIAN_POINT ( 'NONE',  ( 0.9299999999999999378, 0.000000000000000000, 0.2499999999999994171 ) ) ;
#2514 = DIRECTION ( 'NONE',  ( 1.000000000000000000, 0.000000000000000000, 0.000000000000000000 ) ) ;
#2515 = ORIENTED_EDGE ( 'NONE', *, *, #2146, .T. ) ;
#2516 = VECTOR ( 'NONE', #4392, 1000.000000000000000 ) ;
#2517 = B_SPLINE_CURVE_WITH_KNOTS ( 'NONE', 3,
 ( #566, #1980, #2778, #1317 ),
 .UNSPECIFIED., .F., .F.,
 ( 4, 4 ),
 ( 0.000000000000000000, 1.000000000000000000 ),
 .UNSPECIFIED. ) ;
#2518 = ORIENTED_EDGE ( 'NONE', *, *, #2796, .F. ) ;
#2519 = FILL_AREA_STYLE_COLOUR ( '', #2493 ) ;
#2520 = ORIENTED_EDGE ( 'NONE', *, *, #1251, .F. ) ;
#2521 = SURFACE_STYLE_FILL_AREA ( #2191 ) ;
#2522 = DIRECTION ( 'NONE',  ( 0.000000000000000000, 0.000000000000000000, 1.000000000000000000 ) ) ;
#2523 = CARTESIAN_POINT ( 'NONE',  ( 1.000000000000000000, 0.2999999999999999889, 0.7999999999999997113 ) ) ;
#2524 = CARTESIAN_POINT ( 'NONE',  ( -0.9300000000000000488, 0.2999999999999999889, -0.6592893218813451472 ) ) ;
#2525 = DIRECTION ( 'NONE',  ( 0.000000000000000000, 0.000000000000000000, 1.000000000000000000 ) ) ;
#2526 = ORIENTED_EDGE ( 'NONE', *, *, #3041, .F. ) ;
#2527 = MECHANICAL_DESIGN_GEOMETRIC_PRESENTATION_REPRESENTATION (  '', ( #2825 ), #2227 ) ;
#2528 = DIRECTION ( 'NONE',  ( 0.000000000000000000, 0.000000000000000000, -1.000000000000000000 ) ) ;
#2529 =( NAMED_UNIT ( * ) PLANE_ANGLE_UNIT ( ) SI_UNIT ( $, .RADIAN. ) );
#2530 = AXIS2_PLACEMENT_3D ( 'NONE', #701, #20, #1398 ) ;
#2531 = DIRECTION ( 'NONE',  ( -0.000000000000000000, 1.000000000000000000, -0.000000000000000000 ) ) ;
#2532 = UNCERTAINTY_MEASURE_WITH_UNIT (LENGTH_MEASURE( 1.000000000000000082E-05 ), #3000, 'distance_accuracy_value', 'NONE');
#2533 = VERTEX_POINT ( 'NONE', #155 ) ;
#2534 = EDGE_CURVE ( 'NONE', #3550, #74, #2310, .T. ) ;
#2535 = SURFACE_SIDE_STYLE ('',( #1127 ) ) ;
#2536 = FILL_AREA_STYLE_COLOUR ( '', #1116 ) ;
#2537 = ORIENTED_EDGE ( 'NONE', *, *, #608, .F. ) ;
#2538 = ORIENTED_EDGE ( 'NONE', *, *, #3039, .F. ) ;
#2539 = SURFACE_SIDE_STYLE ('',( #812 ) ) ;
#2540 = VERTEX_POINT ( 'NONE', #3306 ) ;
#2541 = LINE ( 'NONE', #1132, #630 ) ;
#2542 = PRODUCT_CONTEXT ( 'NONE', #2442, 'mechanical' ) ;
#2543 = CARTESIAN_POINT ( 'NONE',  ( 0.9299999999999999378, 0.2999999999999999889, -0.2499999999999994171 ) ) ;
#2544 = VECTOR ( 'NONE', #3645, 1000.000000000000000 ) ;
#2545 = VECTOR ( 'NONE', #201, 1000.000000000000000 ) ;
#2546 =( GEOMETRIC_REPRESENTATION_CONTEXT ( 3 ) GLOBAL_UNCERTAINTY_ASSIGNED_CONTEXT ( ( #3459 ) ) GLOBAL_UNIT_ASSIGNED_CONTEXT ( ( #2547, #3176, #768 ) ) REPRESENTATION_CONTEXT ( 'NONE', 'WORKASPACE' ) );
#2547 =( LENGTH_UNIT ( ) NAMED_UNIT ( * ) SI_UNIT ( .MILLI., .METRE. ) );
#2548 = LINE ( 'NONE', #2942, #799 ) ;
#2549 = ORIENTED_EDGE ( 'NONE', *, *, #2203, .F. ) ;
#2550 =( BOUNDED_CURVE ( )  B_SPLINE_CURVE ( 2, ( #3263, #2220, #453 ),
 .UNSPECIFIED., .F., .F. ) 
 B_SPLINE_CURVE_WITH_KNOTS ( ( 3, 3 ),
 ( 0.000000000000000000, 1.000000000000000000 ),
 .UNSPECIFIED. ) 
 CURVE ( )  GEOMETRIC_REPRESENTATION_ITEM ( )  RATIONAL_B_SPLINE_CURVE ( ( 1.000000000000000000, 0.7071067811865475727, 1.000000000000000000 ) ) 
 REPRESENTATION_ITEM ( '' )  );
#2551 = CARTESIAN_POINT ( 'NONE',  ( -0.8699999999999999956, 0.6700000000000000400, -0.4999999999999998890 ) ) ;
#2552 = DIRECTION ( 'NONE',  ( -0.000000000000000000, -1.000000000000000000, -0.000000000000000000 ) ) ;
#2553 = EDGE_CURVE ( 'NONE', #236, #2010, #2645, .T. ) ;
#2554 = EDGE_CURVE ( 'NONE', #673, #424, #820, .T. ) ;
#2555 = CARTESIAN_POINT ( 'NONE',  ( -0.9300000000000000488, 0.000000000000000000, -0.6592893218813451472 ) ) ;
#2556 = CARTESIAN_POINT ( 'NONE',  ( 0.8999999999999998002, 0.6000000000000000888, -0.5000000000000000000 ) ) ;
#2557 = ORIENTED_EDGE ( 'NONE', *, *, #2924, .F. ) ;
#2558 = VECTOR ( 'NONE', #2491, 1000.000000000000000 ) ;
#2559 = DIRECTION ( 'NONE',  ( -0.000000000000000000, 1.000000000000000000, -0.000000000000000000 ) ) ;
#2560 = CIRCLE ( 'NONE', #2856, 0.05999999999999994227 ) ;
#2561 = PRESENTATION_LAYER_ASSIGNMENT (  '', '', ( #1606 ) ) ;
#2562 = EDGE_LOOP ( 'NONE', ( #225, #92, #4350, #1204 ) ) ;
#2563 = EDGE_CURVE ( 'NONE', #1314, #2149, #3208, .T. ) ;
#2564 = EDGE_LOOP ( 'NONE', ( #3218, #2511, #1849, #3130, #875, #3270, #2614, #2087 ) ) ;
#2565 = DIRECTION ( 'NONE',  ( 1.000000000000000000, 0.000000000000000000, -8.515412563376710418E-16 ) ) ;
#2566 = ORIENTED_EDGE ( 'NONE', *, *, #2224, .F. ) ;
#2567 = LINE ( 'NONE', #3652, #1218 ) ;
#2568 = DIRECTION ( 'NONE',  ( -0.000000000000000000, 1.000000000000000000, -0.000000000000000000 ) ) ;
#2569 = PRESENTATION_LAYER_ASSIGNMENT (  '', '', ( #3172 ) ) ;
#2570 = VECTOR ( 'NONE', #3649, 1000.000000000000000 ) ;
#2571 = UNCERTAINTY_MEASURE_WITH_UNIT (LENGTH_MEASURE( 1.000000000000000082E-05 ), #4218, 'distance_accuracy_value', 'NONE');
#2572 = CARTESIAN_POINT ( 'NONE',  ( 0.9741180954897482591, 0.2999999999999999334, -0.7034074173710926914 ) ) ;
#2573 = CARTESIAN_POINT ( 'NONE',  ( -0.9034074173710932021, 1.114998880451716579, -0.7741180954897477484 ) ) ;
#2574 = ORIENTED_EDGE ( 'NONE', *, *, #3802, .F. ) ;
#2575 = CARTESIAN_POINT ( 'NONE',  ( -0.6000000000000001998, 1.114998880451716579, 0.2499999999999998890 ) ) ;
#2576 = CARTESIAN_POINT ( 'NONE',  ( -0.8252769266587167696, 0.6000000000000000888, -0.7141343283108293472 ) ) ;
#2577 = DIRECTION ( 'NONE',  ( 0.000000000000000000, -1.000000000000000000, 0.000000000000000000 ) ) ;
#2578 = ADVANCED_FACE ( 'NONE', ( #2941 ), #467, .T. ) ;
#2579 = LINE ( 'NONE', #3989, #3922 ) ;
#2580 = TOROIDAL_SURFACE ( 'NONE', #1250, 0.1099999999999999034, 0.04000000000000000083 ) ;
#2581 = EDGE_LOOP ( 'NONE', ( #3870, #571, #7, #1249, #3236, #4227, #3141 ) ) ;
#2582 = DIRECTION ( 'NONE',  ( 0.000000000000000000, 0.000000000000000000, 1.000000000000000000 ) ) ;
#2583 = CARTESIAN_POINT ( 'NONE',  ( 0.9141343283108266382, 0.6000000000000000888, 0.6252769266587159258 ) ) ;
#2584 = ORIENTED_EDGE ( 'NONE', *, *, #1072, .T. ) ;
#2585 = AXIS2_PLACEMENT_3D ( 'NONE', #713, #2115, #2837 ) ;
#2586 = ORIENTED_EDGE ( 'NONE', *, *, #4563, .F. ) ;
#2587 = CARTESIAN_POINT ( 'NONE',  ( 0.3500000000000000888, 0.000000000000000000, -0.7299999999999994271 ) ) ;
#2588 = ORIENTED_EDGE ( 'NONE', *, *, #1396, .F. ) ;
#2589 = DIRECTION ( 'NONE',  ( -0.7071067811865492381, 0.000000000000000000, 0.7071067811865457964 ) ) ;
#2590 = PLANE ( 'NONE',  #4465 ) ;
#2591 = STYLED_ITEM ( 'NONE', ( #975 ), #670 ) ;
#2592 = ADVANCED_FACE ( 'NONE', ( #1295 ), #810, .T. ) ;
#2593 = ADVANCED_FACE ( 'NONE', ( #3788 ), #948, .F. ) ;
#2594 = ADVANCED_FACE ( 'NONE', ( #2008 ), #992, .F. ) ;
#2595 = EDGE_CURVE ( 'NONE', #2100, #4548, #3118, .T. ) ;
#2596 = LINE ( 'NONE', #104, #4157 ) ;
#2597 =( NAMED_UNIT ( * ) PLANE_ANGLE_UNIT ( ) SI_UNIT ( $, .RADIAN. ) );
#2598 = ORIENTED_EDGE ( 'NONE', *, *, #125, .T. ) ;
#2599 = PLANE ( 'NONE',  #668 ) ;
#2600 = CARTESIAN_POINT ( 'NONE',  ( -0.8784452735923529154, 0.6000000000000000888, -0.6043974388822622723 ) ) ;
#2601 = DIRECTION ( 'NONE',  ( 0.000000000000000000, -1.000000000000000000, 0.000000000000000000 ) ) ;
#2602 = EDGE_CURVE ( 'NONE', #612, #4016, #2780, .T. ) ;
#2603 =( NAMED_UNIT ( * ) SI_UNIT ( $, .STERADIAN. ) SOLID_ANGLE_UNIT ( ) );
#2604 =( NAMED_UNIT ( * ) PLANE_ANGLE_UNIT ( ) SI_UNIT ( $, .RADIAN. ) );
#2606 = ORIENTED_EDGE ( 'NONE', *, *, #3023, .F. ) ;
#2605 = VECTOR ( 'NONE', #544, 1000.000000000000000 ) ;
#2607 = UNCERTAINTY_MEASURE_WITH_UNIT (LENGTH_MEASURE( 1.000000000000000082E-05 ), #2828, 'distance_accuracy_value', 'NONE');
#2608 = CARTESIAN_POINT ( 'NONE',  ( 0.6999999999999999556, -1.580350850198276369, 0.6499999999999998002 ) ) ;
#2609 = DIRECTION ( 'NONE',  ( 0.000000000000000000, 1.000000000000000000, 0.000000000000000000 ) ) ;
#2610 = DIRECTION ( 'NONE',  ( 0.000000000000000000, 0.000000000000000000, 1.000000000000000000 ) ) ;
#2611 = ORIENTED_EDGE ( 'NONE', *, *, #2202, .F. ) ;
#2612 = ORIENTED_EDGE ( 'NONE', *, *, #4435, .T. ) ;
#2613 = CARTESIAN_POINT ( 'NONE',  ( 0.9399999999999998357, 0.5999999999999999778, -0.5000000000000000000 ) ) ;
#2614 = ORIENTED_EDGE ( 'NONE', *, *, #3527, .T. ) ;
#2615 = CARTESIAN_POINT ( 'NONE',  ( -0.6999999999999999556, 0.6000000000000000888, -0.6999999999999998446 ) ) ;
#2616 = CARTESIAN_POINT ( 'NONE',  ( 0.8252769266587168806, 0.6000000000000000888, -0.7141343283108257944 ) ) ;
#2617 = ORIENTED_EDGE ( 'NONE', *, *, #1278, .F. ) ;
#2618 = LINE ( 'NONE', #2268, #2247 ) ;
#2619 = CARTESIAN_POINT ( 'NONE',  ( -0.9741180954897484812, 0.2999999999999999334, 0.7034074173710924693 ) ) ;
#2620 = ORIENTED_EDGE ( 'NONE', *, *, #1592, .T. ) ;
#2621 = AXIS2_PLACEMENT_3D ( 'NONE', #1718, #1670, #2059 ) ;
#2622 = DIRECTION ( 'NONE',  ( -1.129377263005734114E-16, -0.000000000000000000, 1.000000000000000000 ) ) ;
#2623 = PRODUCT_RELATED_PRODUCT_CATEGORY ( 'part', '', ( #3195 ) ) ;
#2624 = FILL_AREA_STYLE_COLOUR ( '', #29 ) ;
#2625 = VECTOR ( 'NONE', #1163, 1000.000000000000000 ) ;
#2626 = AXIS2_PLACEMENT_3D ( 'NONE', #60, #1480, #2887 ) ;
#2627 = CARTESIAN_POINT ( 'NONE',  ( -0.8592893218813461020, 1.114998880451716579, 0.7299999999999996492 ) ) ;
#2628 = MECHANICAL_DESIGN_GEOMETRIC_PRESENTATION_REPRESENTATION (  '', ( #1289 ), #1947 ) ;
#2629 = DIRECTION ( 'NONE',  ( -0.000000000000000000, 1.000000000000000000, -0.000000000000000000 ) ) ;
#2630 = ORIENTED_EDGE ( 'NONE', *, *, #1149, .T. ) ;
#2631 = CARTESIAN_POINT ( 'NONE',  ( -0.6800000000000000488, 0.7900000000000000355, 0.4800000000000001488 ) ) ;
#2632 = FILL_AREA_STYLE ('',( #1196 ) ) ;
#2633 =( NAMED_UNIT ( * ) SI_UNIT ( $, .STERADIAN. ) SOLID_ANGLE_UNIT ( ) );
#2634 = VERTEX_POINT ( 'NONE', #923 ) ;
#2635 = CIRCLE ( 'NONE', #1450, 0.09999999999999993616 ) ;
#2636 = ADVANCED_FACE ( 'NONE', ( #3441 ), #2423, .T. ) ;
#2637 = ORIENTED_EDGE ( 'NONE', *, *, #440, .F. ) ;
#2638 = CARTESIAN_POINT ( 'NONE',  ( -0.9300000000000004929, 0.000000000000000000, 0.6592893218813447032 ) ) ;
#2639 = ORIENTED_EDGE ( 'NONE', *, *, #4159, .F. ) ;
#2640 = VECTOR ( 'NONE', #1108, 1000.000000000000000 ) ;
#2641 = CARTESIAN_POINT ( 'NONE',  ( 0.7525068624343230761, 0.6700000000000001510, -0.6999999999999998446 ) ) ;
#2642 = ORIENTED_EDGE ( 'NONE', *, *, #538, .T. ) ;
#2643 = VECTOR ( 'NONE', #2664, 1000.000000000000000 ) ;
#2644 = ADVANCED_FACE ( 'NONE', ( #671 ), #2708, .F. ) ;
#2645 = LINE ( 'NONE', #450, #3950 ) ;
#2646 = CARTESIAN_POINT ( 'NONE',  ( -0.3499999999999999223, 0.2999999999999999334, -0.2499999999999996392 ) ) ;
#2647 = ORIENTED_EDGE ( 'NONE', *, *, #103, .T. ) ;
#2648 = FACE_OUTER_BOUND ( 'NONE', #1392, .T. ) ;
#2649 = DIRECTION ( 'NONE',  ( 0.000000000000000000, 0.000000000000000000, 1.000000000000000000 ) ) ;
#2650 = CARTESIAN_POINT ( 'NONE',  ( -0.8784453807219627652, 0.6700000000000001510, 0.6043973317526563083 ) ) ;
#2651 = STYLED_ITEM ( 'NONE', ( #2188 ), #4209 ) ;
#2652 = DIRECTION ( 'NONE',  ( -1.000000000000000000, 0.000000000000000000, 0.000000000000000000 ) ) ;
#2653 = PRESENTATION_LAYER_ASSIGNMENT (  '', '', ( #3534 ) ) ;
#2654 = DIRECTION ( 'NONE',  ( 0.000000000000000000, 0.000000000000000000, -1.000000000000000000 ) ) ;
#2655 = EDGE_CURVE ( 'NONE', #2822, #3569, #3046, .T. ) ;
#2656 = EDGE_CURVE ( 'NONE', #3345, #3582, #4108, .T. ) ;
#2657 = DIRECTION ( 'NONE',  ( -1.000000000000000000, 0.000000000000000000, 0.000000000000000000 ) ) ;
#2658 = DIRECTION ( 'NONE',  ( 0.000000000000000000, -0.000000000000000000, -1.000000000000000000 ) ) ;
#2659 = ORIENTED_EDGE ( 'NONE', *, *, #2185, .F. ) ;
#2660 = DIRECTION ( 'NONE',  ( 0.000000000000000000, -1.000000000000000000, 0.000000000000000000 ) ) ;
#2661 = FACE_OUTER_BOUND ( 'NONE', #1165, .T. ) ;
#2662 = EDGE_LOOP ( 'NONE', ( #1469, #157, #1147, #3678 ) ) ;
#2663 = DIRECTION ( 'NONE',  ( 0.000000000000000000, 1.000000000000000000, 0.000000000000000000 ) ) ;
#2664 = DIRECTION ( 'NONE',  ( -0.7071067811865457964, 0.000000000000000000, -0.7071067811865492381 ) ) ;
#2665 = ORIENTED_EDGE ( 'NONE', *, *, #3845, .T. ) ;
#2666 = CARTESIAN_POINT ( 'NONE',  ( 0.1499999999999999944, 0.000000000000000000, -0.7999999999999998224 ) ) ;
#2667 = FILL_AREA_STYLE ('',( #228 ) ) ;
#2668 = DIRECTION ( 'NONE',  ( 0.000000000000000000, -1.000000000000000000, 0.000000000000000000 ) ) ;
#2669 = VECTOR ( 'NONE', #4481, 1000.000000000000000 ) ;
#2670 = DIRECTION ( 'NONE',  ( 1.000000000000000000, 0.000000000000000000, 1.129377263005734361E-16 ) ) ;
#2671 = CARTESIAN_POINT ( 'NONE',  ( 0.6999999999999997335, 0.5999999999999999778, 0.7399999999999998801 ) ) ;
#2672 = DIRECTION ( 'NONE',  ( 0.000000000000000000, 0.000000000000000000, 1.000000000000000000 ) ) ;
#2673 = CARTESIAN_POINT ( 'NONE',  ( 0.9300000000000002709, 0.2999999999999999889, -0.6592893218813449252 ) ) ;
#2674 = DIRECTION ( 'NONE',  ( 0.000000000000000000, 1.000000000000000000, 0.000000000000000000 ) ) ;
#2675 = VECTOR ( 'NONE', #1257, 1000.000000000000000 ) ;
#2676 = CARTESIAN_POINT ( 'NONE',  ( 0.9300000000000002709, 0.2999999999999999889, 0.6592893218813449252 ) ) ;
#2677 = EDGE_CURVE ( 'NONE', #487, #693, #1977, .T. ) ;
#2678 = ADVANCED_FACE ( 'NONE', ( #1571 ), #563, .T. ) ;
#2679 = DIRECTION ( 'NONE',  ( 0.000000000000000000, 1.000000000000000000, 0.000000000000000000 ) ) ;
#2680 = VERTEX_POINT ( 'NONE', #3043 ) ;
#2681 = VECTOR ( 'NONE', #2129, 1000.000000000000000 ) ;
#2682 = FACE_OUTER_BOUND ( 'NONE', #1367, .T. ) ;
#2683 = CARTESIAN_POINT ( 'NONE',  ( 0.7307742279587160494, 0.5999999999999999778, -0.7385965415240869358 ) ) ;
#2684 =( NAMED_UNIT ( * ) PLANE_ANGLE_UNIT ( ) SI_UNIT ( $, .RADIAN. ) );
#2685 = SURFACE_STYLE_FILL_AREA ( #2357 ) ;
#2686 = CARTESIAN_POINT ( 'NONE',  ( -0.6800000000000000488, 0.7900000000000000355, 0.4800000000000001488 ) ) ;
#2687 = ORIENTED_EDGE ( 'NONE', *, *, #2023, .F. ) ;
#2688 = CARTESIAN_POINT ( 'NONE',  ( 0.8499999999999998668, 0.7000000000000000666, -0.5000000000000003331 ) ) ;
#2689 = DIRECTION ( 'NONE',  ( -0.000000000000000000, -1.000000000000000000, -0.000000000000000000 ) ) ;
#2690 = FACE_OUTER_BOUND ( 'NONE', #3553, .T. ) ;
#2691 = CARTESIAN_POINT ( 'NONE',  ( -0.9299999999999999378, 0.2999999999999999889, -0.2499999999999996392 ) ) ;
#2692 = EDGE_CURVE ( 'NONE', #558, #2325, #4419, .T. ) ;
#2693 = CARTESIAN_POINT ( 'NONE',  ( -0.8099999999999999423, 0.8000000000000000444, 0.4999999999999998890 ) ) ;
#2694 = DIRECTION ( 'NONE',  ( -1.000000000000000000, 0.000000000000000000, -1.129377263005734114E-16 ) ) ;
#2695 = EDGE_CURVE ( 'NONE', #4245, #4129, #916, .T. ) ;
#2696 = EDGE_CURVE ( 'NONE', #2905, #876, #1914, .T. ) ;
#2697 =( GEOMETRIC_REPRESENTATION_CONTEXT ( 3 ) GLOBAL_UNCERTAINTY_ASSIGNED_CONTEXT ( ( #1337 ) ) GLOBAL_UNIT_ASSIGNED_CONTEXT ( ( #304, #3124, #1372 ) ) REPRESENTATION_CONTEXT ( 'NONE', 'WORKASPACE' ) );
#2698 =( NAMED_UNIT ( * ) SI_UNIT ( $, .STERADIAN. ) SOLID_ANGLE_UNIT ( ) );
#2699 = CARTESIAN_POINT ( 'NONE',  ( 1.000000000000000000, 0.5999999999999999778, 0.8000000000000001554 ) ) ;
#2700 = DIRECTION ( 'NONE',  ( 1.000000000000000000, 0.000000000000000000, 0.000000000000000000 ) ) ;
#2701 = ORIENTED_EDGE ( 'NONE', *, *, #4090, .F. ) ;
#2702 = DIRECTION ( 'NONE',  ( 0.000000000000000000, 0.000000000000000000, -1.000000000000000000 ) ) ;
#2703 = DIRECTION ( 'NONE',  ( 0.000000000000000000, 1.000000000000000000, 0.000000000000000000 ) ) ;
#2704 = VERTEX_POINT ( 'NONE', #2976 ) ;
#2705 = EDGE_CURVE ( 'NONE', #74, #4110, #3810, .T. ) ;
#2706 = COLOUR_RGB ( '',0.7921568627450980005, 0.8196078431372548767, 0.9333333333333333481 ) ;
#2707 = EDGE_CURVE ( 'NONE', #2915, #466, #1286, .T. ) ;
#2708 = PLANE ( 'NONE',  #4320 ) ;
#2709 = DIRECTION ( 'NONE',  ( -0.000000000000000000, 1.000000000000000000, -0.000000000000000000 ) ) ;
#2710 = ORIENTED_EDGE ( 'NONE', *, *, #1434, .T. ) ;
#2711 =( LENGTH_UNIT ( ) NAMED_UNIT ( * ) SI_UNIT ( .MILLI., .METRE. ) );
#2712 = CARTESIAN_POINT ( 'NONE',  ( 0.9299999999999999378, 1.114998880451716579, -0.2499999999999994171 ) ) ;
#2713 = DIRECTION ( 'NONE',  ( 0.000000000000000000, 1.000000000000000000, 0.000000000000000000 ) ) ;
#2714 =( NAMED_UNIT ( * ) SI_UNIT ( $, .STERADIAN. ) SOLID_ANGLE_UNIT ( ) );
#2715 =( GEOMETRIC_REPRESENTATION_CONTEXT ( 3 ) GLOBAL_UNCERTAINTY_ASSIGNED_CONTEXT ( ( #293 ) ) GLOBAL_UNIT_ASSIGNED_CONTEXT ( ( #1194, #3318, #1587 ) ) REPRESENTATION_CONTEXT ( 'NONE', 'WORKASPACE' ) );
#2716 = AXIS2_PLACEMENT_3D ( 'NONE', #2523, #3587, #791 ) ;
#2717 = VECTOR ( 'NONE', #924, 1000.000000000000000 ) ;
#2718 = CARTESIAN_POINT ( 'NONE',  ( -0.6999999999999999556, 0.7599999999999997868, 0.6499999999999999112 ) ) ;
#2719 = DIRECTION ( 'NONE',  ( 0.7071067811865492381, -0.000000000000000000, 0.7071067811865457964 ) ) ;
#2720 = VECTOR ( 'NONE', #3400, 1000.000000000000000 ) ;
#2721 =( LENGTH_UNIT ( ) NAMED_UNIT ( * ) SI_UNIT ( .MILLI., .METRE. ) );
#2722 = COLOUR_RGB ( '',0.7921568627450980005, 0.8196078431372548767, 0.9333333333333333481 ) ;
#2723 = ORIENTED_EDGE ( 'NONE', *, *, #853, .F. ) ;
#2724 = DIRECTION ( 'NONE',  ( -0.000000000000000000, 1.000000000000000000, -0.000000000000000000 ) ) ;
#2725 = MECHANICAL_DESIGN_GEOMETRIC_PRESENTATION_REPRESENTATION (  '', ( #3376 ), #121 ) ;
#2726 = LINE ( 'NONE', #2020, #1440 ) ;
#2727 = ORIENTED_EDGE ( 'NONE', *, *, #2969, .F. ) ;
#2728 =( BOUNDED_CURVE ( )  B_SPLINE_CURVE ( 2, ( #3921, #2556, #905 ),
 .UNSPECIFIED., .F., .T. ) 
 B_SPLINE_CURVE_WITH_KNOTS ( ( 3, 3 ),
 ( 0.000000000000000000, 1.000000000000000000 ),
 .UNSPECIFIED. ) 
 CURVE ( )  GEOMETRIC_REPRESENTATION_ITEM ( )  RATIONAL_B_SPLINE_CURVE ( ( 1.000000000000000000, 0.7071067811865465735, 1.000000000000000000 ) ) 
 REPRESENTATION_ITEM ( '' )  );
#2729 = CARTESIAN_POINT ( 'NONE',  ( -0.9300000000000004929, 0.2999999999999999334, 0.6592893218813447032 ) ) ;
#2730 = DIRECTION ( 'NONE',  ( 0.000000000000000000, 0.000000000000000000, 1.000000000000000000 ) ) ;
#2731 = SURFACE_SIDE_STYLE ('',( #2051 ) ) ;
#2732 = EDGE_LOOP ( 'NONE', ( #2234, #4337 ) ) ;
#2733 = AXIS2_PLACEMENT_3D ( 'NONE', #2699, #3825, #1332 ) ;
#2734 = LINE ( 'NONE', #4128, #1457 ) ;
#2735 = EDGE_LOOP ( 'NONE', ( #4060, #3621, #46, #3331 ) ) ;
#2736 = FILL_AREA_STYLE_COLOUR ( '', #1413 ) ;
#2737 = CARTESIAN_POINT ( 'NONE',  ( 0.6999999999999999556, -1.580350850198276369, -0.6499999999999999112 ) ) ;
#2738 = SURFACE_SIDE_STYLE ('',( #524 ) ) ;
#2739 = CARTESIAN_POINT ( 'NONE',  ( -0.2099999999999999922, 0.5999999999999999778, -0.7999999999999999334 ) ) ;
#2740 = ADVANCED_FACE ( 'NONE', ( #2000 ), #1658, .F. ) ;
#2741 = EDGE_CURVE ( 'NONE', #4360, #2540, #4061, .T. ) ;
#2742 =( LENGTH_UNIT ( ) NAMED_UNIT ( * ) SI_UNIT ( .MILLI., .METRE. ) );
#2743 = CARTESIAN_POINT ( 'NONE',  ( 0.9278727057233814302, 0.6000000000000000888, 0.5766671539914951516 ) ) ;
#2744 =( GEOMETRIC_REPRESENTATION_CONTEXT ( 3 ) GLOBAL_UNCERTAINTY_ASSIGNED_CONTEXT ( ( #2571 ) ) GLOBAL_UNIT_ASSIGNED_CONTEXT ( ( #4218, #1386, #2468 ) ) REPRESENTATION_CONTEXT ( 'NONE', 'WORKASPACE' ) );
#2745 = CARTESIAN_POINT ( 'NONE',  ( 0.6999999999999998446, 0.6700000000000025935, 0.6999999999999998446 ) ) ;
#2746 = EDGE_CURVE ( 'NONE', #2003, #4458, #2478, .T. ) ;
#2747 = ORIENTED_EDGE ( 'NONE', *, *, #365, .T. ) ;
#2748 = CARTESIAN_POINT ( 'NONE',  ( 1.000000000000000000, 0.000000000000000000, 0.7999999999999997113 ) ) ;
#2749 = DIRECTION ( 'NONE',  ( 0.000000000000000000, 0.000000000000000000, -1.000000000000000000 ) ) ;
#2750 = ORIENTED_EDGE ( 'NONE', *, *, #2563, .T. ) ;
#2751 = VECTOR ( 'NONE', #703, 1000.000000000000000 ) ;
#2752 = CYLINDRICAL_SURFACE ( 'NONE', #109, 0.03999999999999999389 ) ;
#2753 = CARTESIAN_POINT ( 'NONE',  ( -0.6999999999999999556, 0.6700000000000000400, 0.6699999999999999289 ) ) ;
#2754 = ADVANCED_FACE ( 'NONE', ( #2682 ), #1593, .F. ) ;
#2755 = PRESENTATION_STYLE_ASSIGNMENT (( #1293 ) ) ;
#2756 = ORIENTED_EDGE ( 'NONE', *, *, #1073, .T. ) ;
#2757 = COLOUR_RGB ( '',0.9686274509803921573, 0.8784313725490195957, 0.5999999999999999778 ) ;
#2758 = CARTESIAN_POINT ( 'NONE',  ( -1.000000000000000000, 0.5999999999999999778, 0.8000000000000001554 ) ) ;
#2759 = ORIENTED_EDGE ( 'NONE', *, *, #1519, .T. ) ;
#2760 = CARTESIAN_POINT ( 'NONE',  ( -0.8499999999999998668, 0.7000000000000000666, -0.4999999999999998890 ) ) ;
#2761 = DIRECTION ( 'NONE',  ( -1.000000000000000000, 0.000000000000000000, -2.135549733683570822E-15 ) ) ;
#2762 = CARTESIAN_POINT ( 'NONE',  ( -0.1499999999999999944, 0.5999999999999999778, 0.7400000000000001021 ) ) ;
#2763 = SURFACE_STYLE_USAGE ( .BOTH. , #577 ) ;
#2764 = DIRECTION ( 'NONE',  ( -0.7071067811865483499, 0.000000000000000000, -0.7071067811865466846 ) ) ;
#2765 = DIRECTION ( 'NONE',  ( 1.000000000000000000, -0.000000000000000000, 1.064426570422088950E-15 ) ) ;
#2766 = CARTESIAN_POINT ( 'NONE',  ( 1.000000000000000000, 0.5999999999999999778, 0.8000000000000001554 ) ) ;
#2767 = ORIENTED_EDGE ( 'NONE', *, *, #1098, .F. ) ;
#2768 = SURFACE_STYLE_USAGE ( .BOTH. , #2372 ) ;
#2769 = MECHANICAL_DESIGN_GEOMETRIC_PRESENTATION_REPRESENTATION (  '', ( #2167 ), #1285 ) ;
#2770 = SURFACE_STYLE_FILL_AREA ( #3779 ) ;
#2771 = ORIENTED_EDGE ( 'NONE', *, *, #2448, .F. ) ;
#2772 = VECTOR ( 'NONE', #3684, 1000.000000000000000 ) ;
#2773 = STYLED_ITEM ( 'NONE', ( #248 ), #2636 ) ;
#2774 = CIRCLE ( 'NONE', #2173, 0.1499999999999998557 ) ;
#2775 = UNCERTAINTY_MEASURE_WITH_UNIT (LENGTH_MEASURE( 1.000000000000000082E-05 ), #2742, 'distance_accuracy_value', 'NONE');
#2776 = CARTESIAN_POINT ( 'NONE',  ( -0.9000000000000000222, 0.6700000000000000400, -0.5000000000000000000 ) ) ;
#2777 = DIRECTION ( 'NONE',  ( -0.000000000000000000, 1.000000000000000000, -0.000000000000000000 ) ) ;
#2778 = CARTESIAN_POINT ( 'NONE',  ( -0.2333333333333336146, 0.5999999999999999778, 0.7399999999999997691 ) ) ;
#2779 = EDGE_LOOP ( 'NONE', ( #4468, #3278, #2107, #3144 ) ) ;
#2780 = LINE ( 'NONE', #1271, #1948 ) ;
#2781 = CARTESIAN_POINT ( 'NONE',  ( -0.9300000000000000488, 1.114998880451716579, -0.6592893218813451472 ) ) ;
#2782 = ORIENTED_EDGE ( 'NONE', *, *, #1491, .T. ) ;
#2783 =( NAMED_UNIT ( * ) PLANE_ANGLE_UNIT ( ) SI_UNIT ( $, .RADIAN. ) );
#2784 = CARTESIAN_POINT ( 'NONE',  ( -0.8699999999999999956, 0.6999999999999999556, 0.4999999999999998890 ) ) ;
#2785 = VECTOR ( 'NONE', #337, 1000.000000000000000 ) ;
#2786 = EDGE_CURVE ( 'NONE', #4458, #1479, #1427, .T. ) ;
#2787 = DIRECTION ( 'NONE',  ( -1.000000000000000000, 0.000000000000000000, -2.135549733683570822E-15 ) ) ;
#2788 = FACE_OUTER_BOUND ( 'NONE', #388, .T. ) ;
#2789 = AXIS2_PLACEMENT_3D ( 'NONE', #4438, #1641, #243 ) ;
#2790 = PLANE ( 'NONE',  #3851 ) ;
#2791 = DIRECTION ( 'NONE',  ( 1.000000000000000000, -0.000000000000000000, 0.000000000000000000 ) ) ;
#2792 = VECTOR ( 'NONE', #2326, 1000.000000000000000 ) ;
#2793 =( GEOMETRIC_REPRESENTATION_CONTEXT ( 3 ) GLOBAL_UNCERTAINTY_ASSIGNED_CONTEXT ( ( #143 ) ) GLOBAL_UNIT_ASSIGNED_CONTEXT ( ( #2424, #647, #1436 ) ) REPRESENTATION_CONTEXT ( 'NONE', 'WORKASPACE' ) );
#2794 = ORIENTED_EDGE ( 'NONE', *, *, #3719, .F. ) ;
#2795 = DIRECTION ( 'NONE',  ( 1.000000000000000000, 0.000000000000000000, -1.548860246407863829E-16 ) ) ;
#2796 = EDGE_CURVE ( 'NONE', #2254, #2334, #1754, .T. ) ;
#2797 = VERTEX_POINT ( 'NONE', #3138 ) ;
#2798 = VECTOR ( 'NONE', #390, 1000.000000000000000 ) ;
#2799 = CARTESIAN_POINT ( 'NONE',  ( -0.9399999999999999467, 0.6000000000000000888, -0.1666666666666667962 ) ) ;
#2800 = CARTESIAN_POINT ( 'NONE',  ( 0.9299999999999999378, 0.2999999999999999889, 0.2499999999999994171 ) ) ;
#2801 = VERTEX_POINT ( 'NONE', #1428 ) ;
#2802 = ADVANCED_FACE ( 'NONE', ( #2467 ), #1063, .F. ) ;
#2803 = ORIENTED_EDGE ( 'NONE', *, *, #3756, .T. ) ;
#2804 = DIRECTION ( 'NONE',  ( 0.000000000000000000, 0.000000000000000000, 1.000000000000000000 ) ) ;
#2805 = ORIENTED_EDGE ( 'NONE', *, *, #4222, .F. ) ;
#2806 = PLANE ( 'NONE',  #2063 ) ;
#2807 =( LENGTH_UNIT ( ) NAMED_UNIT ( * ) SI_UNIT ( .MILLI., .METRE. ) );
#2808 = CIRCLE ( 'NONE', #1619, 0.09999999999999993616 ) ;
#2809 = SURFACE_STYLE_USAGE ( .BOTH. , #4177 ) ;
#2810 = FACE_OUTER_BOUND ( 'NONE', #2881, .T. ) ;
#2811 = ORIENTED_EDGE ( 'NONE', *, *, #3507, .T. ) ;
#2812 = CARTESIAN_POINT ( 'NONE',  ( 0.3500000000000000333, 1.114998880451716579, -0.2499999999999995282 ) ) ;
#2813 = AXIS2_PLACEMENT_3D ( 'NONE', #1748, #396, #2090 ) ;
#2814 = VERTEX_POINT ( 'NONE', #2047 ) ;
#2815 = VERTEX_POINT ( 'NONE', #267 ) ;
#2816 = ADVANCED_FACE ( 'NONE', ( #3876 ), #3316, .T. ) ;
#2817 = CARTESIAN_POINT ( 'NONE',  ( 0.8099999999999998312, 0.7600000000000000089, 0.000000000000000000 ) ) ;
#2818 =( NAMED_UNIT ( * ) SI_UNIT ( $, .STERADIAN. ) SOLID_ANGLE_UNIT ( ) );
#2819 = ORIENTED_EDGE ( 'NONE', *, *, #1342, .F. ) ;
#2820 = ORIENTED_EDGE ( 'NONE', *, *, #1432, .T. ) ;
#2821 = CARTESIAN_POINT ( 'NONE',  ( -0.9300000000000004929, 0.000000000000000000, 0.6592893218813447032 ) ) ;
#2822 = VERTEX_POINT ( 'NONE', #2376 ) ;
#2823 = CIRCLE ( 'NONE', #3706, 0.1000000000000000472 ) ;
#2824 = CARTESIAN_POINT ( 'NONE',  ( -0.6999999999999998446, 0.7599999999999997868, -0.6499999999999996891 ) ) ;
#2825 = STYLED_ITEM ( 'NONE', ( #2096 ), #3346 ) ;
#2826 = CIRCLE ( 'NONE', #1498, 0.1699999999999999012 ) ;
#2827 = CARTESIAN_POINT ( 'NONE',  ( 1.000000000000000000, 0.2999999999999999889, -0.7999999999999997113 ) ) ;
#2828 =( LENGTH_UNIT ( ) NAMED_UNIT ( * ) SI_UNIT ( .MILLI., .METRE. ) );
#2829 = VERTEX_POINT ( 'NONE', #292 ) ;
#2830 = FACE_OUTER_BOUND ( 'NONE', #4265, .T. ) ;
#2831 = EDGE_CURVE ( 'NONE', #401, #1803, #1887, .T. ) ;
#2832 = EDGE_CURVE ( 'NONE', #1314, #2472, #1406, .T. ) ;
#2833 = ORIENTED_EDGE ( 'NONE', *, *, #2088, .F. ) ;
#2834 = LINE ( 'NONE', #1145, #4216 ) ;
#2835 = VERTEX_POINT ( 'NONE', #640 ) ;
#2836 = CARTESIAN_POINT ( 'NONE',  ( -0.9399999999999999467, 0.6000000000000000888, 0.4999999999999998890 ) ) ;
#2837 = DIRECTION ( 'NONE',  ( 1.414176746720226407E-15, 0.000000000000000000, -1.000000000000000000 ) ) ;
#2838 = DIRECTION ( 'NONE',  ( 0.7071067811865457964, 0.000000000000000000, 0.7071067811865492381 ) ) ;
#2839 = ORIENTED_EDGE ( 'NONE', *, *, #1442, .F. ) ;
#2840 = MECHANICAL_DESIGN_GEOMETRIC_PRESENTATION_REPRESENTATION (  '', ( #27 ), #2546 ) ;
#2841 = AXIS2_PLACEMENT_3D ( 'NONE', #2965, #1259, #2271 ) ;
#2842 = EDGE_LOOP ( 'NONE', ( #3165, #2481, #2450, #1915 ) ) ;
#2843 = ORIENTED_EDGE ( 'NONE', *, *, #4569, .F. ) ;
#2844 = FILL_AREA_STYLE ('',( #2124 ) ) ;
#2845 = CARTESIAN_POINT ( 'NONE',  ( 0.9299999999999999378, 0.2999999999999999889, 0.2499999999999994171 ) ) ;
#2846 = ADVANCED_FACE ( 'NONE', ( #1338 ), #2089, .T. ) ;
#2847 = EDGE_CURVE ( 'NONE', #1314, #4107, #4517, .T. ) ;
#2848 = PLANE ( 'NONE',  #847 ) ;
#2849 = FACE_OUTER_BOUND ( 'NONE', #3850, .T. ) ;
#2850 = EDGE_LOOP ( 'NONE', ( #1475, #4000, #567, #616 ) ) ;
#2851 = DIRECTION ( 'NONE',  ( 0.000000000000000000, 0.000000000000000000, 1.000000000000000000 ) ) ;
#2852 = CARTESIAN_POINT ( 'NONE',  ( -0.6999999999999998446, -1.580350850198276369, -0.6499999999999996891 ) ) ;
#2853 = COLOUR_RGB ( '',0.7921568627450980005, 0.8196078431372548767, 0.9333333333333333481 ) ;
#2854 = VECTOR ( 'NONE', #3206, 1000.000000000000000 ) ;
#2855 = ORIENTED_EDGE ( 'NONE', *, *, #3636, .T. ) ;
#2857 = ORIENTED_EDGE ( 'NONE', *, *, #2602, .F. ) ;
#2856 = AXIS2_PLACEMENT_3D ( 'NONE', #2631, #2674, #848 ) ;
#2858 = CIRCLE ( 'NONE', #4179, 0.05999999999999994227 ) ;
#2859 =( NAMED_UNIT ( * ) PLANE_ANGLE_UNIT ( ) SI_UNIT ( $, .RADIAN. ) );
#2860 = DIRECTION ( 'NONE',  ( 1.414176746720226407E-15, 0.000000000000000000, -1.000000000000000000 ) ) ;
#2861 =( GEOMETRIC_REPRESENTATION_CONTEXT ( 3 ) GLOBAL_UNCERTAINTY_ASSIGNED_CONTEXT ( ( #2276 ) ) GLOBAL_UNIT_ASSIGNED_CONTEXT ( ( #3562, #3583, #3930 ) ) REPRESENTATION_CONTEXT ( 'NONE', 'WORKASPACE' ) );
#2862 = CARTESIAN_POINT ( 'NONE',  ( -0.9399999999999999467, 0.5999999999999999778, 0.4999999999999994449 ) ) ;
#2863 = ORIENTED_EDGE ( 'NONE', *, *, #1051, .T. ) ;
#2864 = ORIENTED_EDGE ( 'NONE', *, *, #3174, .T. ) ;
#2865 = VERTEX_POINT ( 'NONE', #1010 ) ;
#2866 =( LENGTH_UNIT ( ) NAMED_UNIT ( * ) SI_UNIT ( .MILLI., .METRE. ) );
#2867 = CARTESIAN_POINT ( 'NONE',  ( -0.8221261090923042136, 0.6000000000000000888, 0.7087953169278092824 ) ) ;
#2868 = CARTESIAN_POINT ( 'NONE',  ( 0.8099999999999998312, 0.8000000000000000444, 0.000000000000000000 ) ) ;
#2869 = ORIENTED_EDGE ( 'NONE', *, *, #4302, .T. ) ;
#2870 = LINE ( 'NONE', #1166, #1053 ) ;
#2872 = ADVANCED_FACE ( 'NONE', ( #4539 ), #2752, .T. ) ;
#2871 = FACE_OUTER_BOUND ( 'NONE', #189, .T. ) ;
#2873 = EDGE_CURVE ( 'NONE', #4311, #1880, #2635, .T. ) ;
#2874 = ORIENTED_EDGE ( 'NONE', *, *, #122, .T. ) ;
#2875 = FILL_AREA_STYLE ('',( #4238 ) ) ;
#2876 = AXIS2_PLACEMENT_3D ( 'NONE', #4200, #3488, #3815 ) ;
#2877 = ORIENTED_EDGE ( 'NONE', *, *, #1519, .F. ) ;
#2878 = DIRECTION ( 'NONE',  ( -1.000000000000000000, 0.000000000000000000, 8.515412563376712390E-16 ) ) ;
#2879 = CARTESIAN_POINT ( 'NONE',  ( 0.9300000000000002709, 0.000000000000000000, -0.6592893218813449252 ) ) ;
#2880 =( LENGTH_UNIT ( ) NAMED_UNIT ( * ) SI_UNIT ( .MILLI., .METRE. ) );
#2881 = EDGE_LOOP ( 'NONE', ( #2470, #2606, #2566, #2112 ) ) ;
#2882 = AXIS2_PLACEMENT_3D ( 'NONE', #1262, #3035, #580 ) ;
#2883 = EDGE_CURVE ( 'NONE', #1198, #3582, #3183, .T. ) ;
#2884 = ORIENTED_EDGE ( 'NONE', *, *, #1152, .T. ) ;
#2885 = ORIENTED_EDGE ( 'NONE', *, *, #268, .F. ) ;
#2886 = EDGE_CURVE ( 'NONE', #1207, #335, #986, .T. ) ;
#2887 = DIRECTION ( 'NONE',  ( 0.000000000000000000, -0.000000000000000000, 1.000000000000000000 ) ) ;
#2888 = CARTESIAN_POINT ( 'NONE',  ( 1.000000000000000000, 0.5999999999999999778, -0.7999999999999999334 ) ) ;
#2889 = FACE_OUTER_BOUND ( 'NONE', #310, .T. ) ;
#2890 = UNCERTAINTY_MEASURE_WITH_UNIT (LENGTH_MEASURE( 1.000000000000000082E-05 ), #183, 'distance_accuracy_value', 'NONE');
#2891 = CARTESIAN_POINT ( 'NONE',  ( 0.8592893218813458800, 1.114998880451716579, 0.7299999999999998712 ) ) ;
#2892 = DIRECTION ( 'NONE',  ( 1.000000000000000000, 0.000000000000000000, -6.386559422532534292E-16 ) ) ;
#2893 = VECTOR ( 'NONE', #3659, 1000.000000000000000 ) ;
#2894 = ORIENTED_EDGE ( 'NONE', *, *, #1865, .T. ) ;
#2895 = MECHANICAL_DESIGN_GEOMETRIC_PRESENTATION_REPRESENTATION (  '', ( #4286 ), #899 ) ;
#2896 = DIRECTION ( 'NONE',  ( 1.548860246407864076E-16, 0.000000000000000000, 1.000000000000000000 ) ) ;
#2897 = VECTOR ( 'NONE', #1628, 1000.000000000000000 ) ;
#2898 = ORIENTED_EDGE ( 'NONE', *, *, #659, .T. ) ;
#2899 = EDGE_LOOP ( 'NONE', ( #3108, #59, #750, #4298, #2884, #3323, #1131 ) ) ;
#2900 = DIRECTION ( 'NONE',  ( -0.000000000000000000, -1.000000000000000000, -0.000000000000000000 ) ) ;
#2901 = EDGE_LOOP ( 'NONE', ( #3937, #3882, #3528, #1864 ) ) ;
#2902 = EDGE_CURVE ( 'NONE', #2010, #2304, #2443, .T. ) ;
#2903 = FACE_OUTER_BOUND ( 'NONE', #3867, .T. ) ;
#2904 = DIRECTION ( 'NONE',  ( 1.000000000000000000, 0.000000000000000000, 0.000000000000000000 ) ) ;
#2905 = VERTEX_POINT ( 'NONE', #3557 ) ;
#2906 = ORIENTED_EDGE ( 'NONE', *, *, #1853, .T. ) ;
#2907 = VERTEX_POINT ( 'NONE', #3902 ) ;
#2908 = CARTESIAN_POINT ( 'NONE',  ( 0.6999999999999999556, 0.7000000000000000666, 0.4999999999999998890 ) ) ;
#2909 = LINE ( 'NONE', #364, #1535 ) ;
#2910 = CIRCLE ( 'NONE', #3872, 0.05999999999999994227 ) ;
#2911 = EDGE_CURVE ( 'NONE', #537, #4295, #4328, .T. ) ;
#2912 = VECTOR ( 'NONE', #2079, 1000.000000000000000 ) ;
#2913 = DIRECTION ( 'NONE',  ( 0.000000000000000000, -1.000000000000000000, 0.000000000000000000 ) ) ;
#2914 = LINE ( 'NONE', #3629, #2267 ) ;
#2915 = VERTEX_POINT ( 'NONE', #782 ) ;
#2916 = CARTESIAN_POINT ( 'NONE',  ( -0.6999999999999998446, 0.8000000000000000444, -0.4999999999999998890 ) ) ;
#2917 = CARTESIAN_POINT ( 'NONE',  ( -0.9141343283108256390, 0.6000000000000000888, -0.6252769266587135943 ) ) ;
#2918 = DIRECTION ( 'NONE',  ( -1.000000000000000000, 0.000000000000000000, 1.129377263005734361E-16 ) ) ;
#2919 = LINE ( 'NONE', #3941, #1117 ) ;
#2920 = ORIENTED_EDGE ( 'NONE', *, *, #2883, .F. ) ;
#2921 = AXIS2_PLACEMENT_3D ( 'NONE', #2282, #3064, #1315 ) ;
#2922 = VECTOR ( 'NONE', #3140, 1000.000000000000000 ) ;
#2923 =( NAMED_UNIT ( * ) PLANE_ANGLE_UNIT ( ) SI_UNIT ( $, .RADIAN. ) );
#2924 = EDGE_CURVE ( 'NONE', #2178, #4139, #54, .T. ) ;
#2925 = VECTOR ( 'NONE', #4536, 1000.000000000000000 ) ;
#2926 = DIRECTION ( 'NONE',  ( 0.000000000000000000, 0.000000000000000000, 1.000000000000000000 ) ) ;
#2927 = EDGE_CURVE ( 'NONE', #152, #4004, #117, .T. ) ;
#2928 = LINE ( 'NONE', #2258, #3072 ) ;
#2929 = ADVANCED_FACE ( 'NONE', ( #2903 ), #95, .T. ) ;
#2930 = VECTOR ( 'NONE', #2501, 1000.000000000000000 ) ;
#2931 = VERTEX_POINT ( 'NONE', #3924 ) ;
#2932 = ORIENTED_EDGE ( 'NONE', *, *, #2449, .F. ) ;
#2933 = CARTESIAN_POINT ( 'NONE',  ( -0.1499999999999999944, 0.000000000000000000, -0.7999999999999998224 ) ) ;
#2934 = AXIS2_PLACEMENT_3D ( 'NONE', #2053, #4226, #13 ) ;
#2935 = ORIENTED_EDGE ( 'NONE', *, *, #1376, .T. ) ;
#2936 = CARTESIAN_POINT ( 'NONE',  ( 0.8099999999999998312, 0.8000000000000000444, 0.4999999999999998890 ) ) ;
#2937 = SURFACE_STYLE_USAGE ( .BOTH. , #1531 ) ;
#2938 = PRESENTATION_STYLE_ASSIGNMENT (( #4002 ) ) ;
#2939 = EDGE_CURVE ( 'NONE', #3781, #2915, #3272, .T. ) ;
#2940 = PRESENTATION_LAYER_ASSIGNMENT (  '', '', ( #349 ) ) ;
#2941 = FACE_OUTER_BOUND ( 'NONE', #11, .T. ) ;
#2942 = CARTESIAN_POINT ( 'NONE',  ( -0.9034074173710935352, 0.000000000000000000, 0.7741180954897474153 ) ) ;
#2943 = ORIENTED_EDGE ( 'NONE', *, *, #2458, .T. ) ;
#2944 = CIRCLE ( 'NONE', #2127, 0.02999999999999997113 ) ;
#2945 =( NAMED_UNIT ( * ) PLANE_ANGLE_UNIT ( ) SI_UNIT ( $, .RADIAN. ) );
#2946 = CARTESIAN_POINT ( 'NONE',  ( -0.9741180954897484812, 0.2999999999999999889, 0.7034074173710924693 ) ) ;
#2947 = CARTESIAN_POINT ( 'NONE',  ( 0.9034074173710933131, 0.2999999999999999889, -0.7741180954897476374 ) ) ;
#2948 = EDGE_LOOP ( 'NONE', ( #3859, #2280, #2440, #4100 ) ) ;
#2949 = COLOUR_RGB ( '',0.9686274509803921573, 0.8784313725490195957, 0.5999999999999999778 ) ;
#2950 = ORIENTED_EDGE ( 'NONE', *, *, #2509, .T. ) ;
#2951 = UNCERTAINTY_MEASURE_WITH_UNIT (LENGTH_MEASURE( 1.000000000000000082E-05 ), #2807, 'distance_accuracy_value', 'NONE');
#2952 = LINE ( 'NONE', #2279, #639 ) ;
#2953 = ORIENTED_EDGE ( 'NONE', *, *, #610, .T. ) ;
#2954 = AXIS2_PLACEMENT_3D ( 'NONE', #3413, #3903, #357 ) ;
#2955 = ORIENTED_EDGE ( 'NONE', *, *, #4450, .T. ) ;
#2956 = DIRECTION ( 'NONE',  ( -0.7071067811865479058, 0.000000000000000000, -0.7071067811865471286 ) ) ;
#2957 = ORIENTED_EDGE ( 'NONE', *, *, #3039, .T. ) ;
#2958 = FACE_OUTER_BOUND ( 'NONE', #1121, .T. ) ;
#2959 = ORIENTED_EDGE ( 'NONE', *, *, #4059, .F. ) ;
#2960 = VECTOR ( 'NONE', #2531, 1000.000000000000000 ) ;
#2961 = CARTESIAN_POINT ( 'NONE',  ( -0.7000000000000001776, 0.6000000000000000888, 0.6999999999999998446 ) ) ;
#2962 = ORIENTED_EDGE ( 'NONE', *, *, #166, .F. ) ;
#2963 = FACE_OUTER_BOUND ( 'NONE', #4214, .T. ) ;
#2964 = DIRECTION ( 'NONE',  ( -1.000000000000000000, 0.000000000000000000, 0.000000000000000000 ) ) ;
#2965 = CARTESIAN_POINT ( 'NONE',  ( -0.6999999999999999556, 0.8000000000000000444, 0.4999999999999998890 ) ) ;
#2966 = MANIFOLD_SOLID_BREP ( 'Boss-Extrude5[2]', #3328 ) ;
#2967 = SURFACE_STYLE_FILL_AREA ( #1189 ) ;
#2968 = ORIENTED_EDGE ( 'NONE', *, *, #2202, .T. ) ;
#2969 = EDGE_CURVE ( 'NONE', #4458, #1843, #595, .T. ) ;
#2970 =( NAMED_UNIT ( * ) SI_UNIT ( $, .STERADIAN. ) SOLID_ANGLE_UNIT ( ) );
#2971 = MANIFOLD_SOLID_BREP ( 'Boss-Extrude5[3]', #2140 ) ;
#2972 = SURFACE_STYLE_USAGE ( .BOTH. , #1909 ) ;
#2973 = ORIENTED_EDGE ( 'NONE', *, *, #3666, .T. ) ;
#2974 = EDGE_CURVE ( 'NONE', #741, #1426, #4393, .T. ) ;
#2975 = EDGE_LOOP ( 'NONE', ( #2017, #2723, #4267, #3952 ) ) ;
#2976 = CARTESIAN_POINT ( 'NONE',  ( -0.8592893218813456579, 0.000000000000000000, -0.7300000000000000933 ) ) ;
#2977 = ORIENTED_EDGE ( 'NONE', *, *, #922, .F. ) ;
#2978 = CARTESIAN_POINT ( 'NONE',  ( 0.2333333333333336979, 0.6000000000000000888, -0.6999999999999998446 ) ) ;
#2979 =( NAMED_UNIT ( * ) SI_UNIT ( $, .STERADIAN. ) SOLID_ANGLE_UNIT ( ) );
#2980 = DIRECTION ( 'NONE',  ( -1.000000000000000000, -0.000000000000000000, -0.000000000000000000 ) ) ;
#2981 = CARTESIAN_POINT ( 'NONE',  ( -0.8592893218813456579, 0.2999999999999999334, -0.7300000000000000933 ) ) ;
#2982 = CARTESIAN_POINT ( 'NONE',  ( 0.9299999999999999378, 0.2999999999999999334, -0.2499999999999994171 ) ) ;
#2983 = ORIENTED_EDGE ( 'NONE', *, *, #3935, .F. ) ;
#2984 = CIRCLE ( 'NONE', #2621, 0.06000000000000004635 ) ;
#2985 = PLANE ( 'NONE',  #1 ) ;
#2986 = CARTESIAN_POINT ( 'NONE',  ( -0.8043974388822640043, 0.6700000000000001510, -0.6784452735923547362 ) ) ;
#2987 = DIRECTION ( 'NONE',  ( 0.000000000000000000, 1.000000000000000000, 0.000000000000000000 ) ) ;
#2988 = EDGE_CURVE ( 'NONE', #3976, #1502, #2560, .T. ) ;
#2989 = EDGE_CURVE ( 'NONE', #78, #3847, #1217, .T. ) ;
#2990 = VECTOR ( 'NONE', #3720, 1000.000000000000000 ) ;
#2991 =( GEOMETRIC_REPRESENTATION_CONTEXT ( 3 ) GLOBAL_UNCERTAINTY_ASSIGNED_CONTEXT ( ( #4313 ) ) GLOBAL_UNIT_ASSIGNED_CONTEXT ( ( #3513, #1089, #425 ) ) REPRESENTATION_CONTEXT ( 'NONE', 'WORKASPACE' ) );
#2992 = MANIFOLD_SOLID_BREP ( 'Fillet2', #969 ) ;
#2993 = DIRECTION ( 'NONE',  ( 0.000000000000000000, -1.000000000000000000, 0.000000000000000000 ) ) ;
#2994 = CARTESIAN_POINT ( 'NONE',  ( 0.3500000000000000333, 0.000000000000000000, -0.2499999999999995282 ) ) ;
#2995 = EDGE_LOOP ( 'NONE', ( #946, #1721, #1415, #2727 ) ) ;
#2996 = VECTOR ( 'NONE', #356, 1000.000000000000000 ) ;
#2997 = EDGE_LOOP ( 'NONE', ( #4406, #2323, #2574, #2803 ) ) ;
#2998 = CIRCLE ( 'NONE', #551, 0.02999999999999997113 ) ;
#2999 = CARTESIAN_POINT ( 'NONE',  ( 0.2333333333333336979, 0.6700000000000000400, -0.6999999999999998446 ) ) ;
#3000 =( LENGTH_UNIT ( ) NAMED_UNIT ( * ) SI_UNIT ( .MILLI., .METRE. ) );
#3001 = VECTOR ( 'NONE', #2032, 1000.000000000000000 ) ;
#3002 = CARTESIAN_POINT ( 'NONE',  ( -0.8499999999999999778, 0.7599999999999997868, -0.4999999999999998890 ) ) ;
#3003 = LINE ( 'NONE', #1254, #2643 ) ;
#3004 = VERTEX_POINT ( 'NONE', #209 ) ;
#3005 = DIRECTION ( 'NONE',  ( 1.129377263005734114E-16, 0.000000000000000000, -1.000000000000000000 ) ) ;
#3006 = CARTESIAN_POINT ( 'NONE',  ( -0.9000000000000000222, 0.6700000000000025935, -0.4999999999999998890 ) ) ;
#3007 = PRESENTATION_STYLE_ASSIGNMENT (( #1258 ) ) ;
#3008 = CARTESIAN_POINT ( 'NONE',  ( 0.7000000000000000666, 0.5999999999999999778, -0.7399999999999998801 ) ) ;
#3009 = CIRCLE ( 'NONE', #1015, 0.1000000000000001582 ) ;
#3010 = EDGE_CURVE ( 'NONE', #1886, #1706, #912, .T. ) ;
#3011 = LINE ( 'NONE', #1327, #4221 ) ;
#3012 = EDGE_CURVE ( 'NONE', #971, #2835, #1964, .T. ) ;
#3013 = PLANE ( 'NONE',  #3769 ) ;
#3014 = SURFACE_SIDE_STYLE ('',( #4394 ) ) ;
#3015 = CIRCLE ( 'NONE', #3542, 0.1499999999999998557 ) ;
#3016 = CARTESIAN_POINT ( 'NONE',  ( -0.3500000000000003109, 0.000000000000000000, 0.7299999999999993161 ) ) ;
#3017 = ORIENTED_EDGE ( 'NONE', *, *, #180, .T. ) ;
#3018 = CARTESIAN_POINT ( 'NONE',  ( 0.7000000000000000666, 0.6000000000000000888, -0.7399999999999998801 ) ) ;
#3019 = DIRECTION ( 'NONE',  ( 0.000000000000000000, 0.000000000000000000, 1.000000000000000000 ) ) ;
#3020 = CIRCLE ( 'NONE', #1032, 0.1499999999999998557 ) ;
#3021 = STYLED_ITEM ( 'NONE', ( #3326 ), #910 ) ;
#3022 = EDGE_CURVE ( 'NONE', #4148, #3463, #935, .T. ) ;
#3023 = EDGE_CURVE ( 'NONE', #3569, #1769, #4256, .T. ) ;
#3024 = CARTESIAN_POINT ( 'NONE',  ( 0.8999999999999999112, 0.6000000000000000888, 0.1666666666666666852 ) ) ;
#3025 = CARTESIAN_POINT ( 'NONE',  ( 0.3500000000000000333, 0.2999999999999999334, -0.2499999999999995282 ) ) ;
#3026 = ORIENTED_EDGE ( 'NONE', *, *, #2939, .T. ) ;
#3027 = DIRECTION ( 'NONE',  ( 0.000000000000000000, 1.000000000000000000, 0.000000000000000000 ) ) ;
#3028 = CARTESIAN_POINT ( 'NONE',  ( 0.9000000000000000222, 0.6000000000000000888, 0.5000000000000000000 ) ) ;
#3029 =( GEOMETRIC_REPRESENTATION_CONTEXT ( 3 ) GLOBAL_UNCERTAINTY_ASSIGNED_CONTEXT ( ( #3260 ) ) GLOBAL_UNIT_ASSIGNED_CONTEXT ( ( #1275, #502, #4006 ) ) REPRESENTATION_CONTEXT ( 'NONE', 'WORKASPACE' ) );
#3030 = CARTESIAN_POINT ( 'NONE',  ( -0.8043973317526565969, 0.6699999999999999289, 0.6784453807219623656 ) ) ;
#3031 = VECTOR ( 'NONE', #679, 1000.000000000000000 ) ;
#3032 = MANIFOLD_SOLID_BREP ( 'Boss-Extrude4', #3104 ) ;
#3033 = DIRECTION ( 'NONE',  ( 0.000000000000000000, -1.000000000000000000, 0.000000000000000000 ) ) ;
#3034 = DIRECTION ( 'NONE',  ( -1.000000000000000000, 0.000000000000000000, -1.064426570422089147E-15 ) ) ;
#3035 = DIRECTION ( 'NONE',  ( 0.000000000000000000, 1.000000000000000000, 0.000000000000000000 ) ) ;
#3036 = VECTOR ( 'NONE', #1276, 1000.000000000000000 ) ;
#3037 = PRESENTATION_STYLE_ASSIGNMENT (( #261 ) ) ;
#3038 = CARTESIAN_POINT ( 'NONE',  ( 0.8592893218813458800, 0.000000000000000000, 0.7299999999999998712 ) ) ;
#3039 = EDGE_CURVE ( 'NONE', #876, #558, #1240, .T. ) ;
#3040 = ORIENTED_EDGE ( 'NONE', *, *, #1236, .T. ) ;
#3041 = EDGE_CURVE ( 'NONE', #1880, #2163, #2277, .T. ) ;
#3042 = CIRCLE ( 'NONE', #1060, 0.1000000000000000472 ) ;
#3043 = CARTESIAN_POINT ( 'NONE',  ( -0.9034074173710935352, 0.2999999999999999334, 0.7741180954897474153 ) ) ;
#3044 = DIRECTION ( 'NONE',  ( 0.000000000000000000, 0.000000000000000000, -1.000000000000000000 ) ) ;
#3045 = EDGE_LOOP ( 'NONE', ( #1728, #4285, #1786, #2959 ) ) ;
#3046 = LINE ( 'NONE', #2381, #2330 ) ;
#3047 = DIRECTION ( 'NONE',  ( -0.000000000000000000, -1.000000000000000000, -0.000000000000000000 ) ) ;
#3048 = ORIENTED_EDGE ( 'NONE', *, *, #1407, .T. ) ;
#3049 = LINE ( 'NONE', #1986, #590 ) ;
#3050 =( LENGTH_UNIT ( ) NAMED_UNIT ( * ) SI_UNIT ( .MILLI., .METRE. ) );
#3051 = DIRECTION ( 'NONE',  ( -0.000000000000000000, 1.000000000000000000, -0.000000000000000000 ) ) ;
#3052 = EDGE_CURVE ( 'NONE', #220, #80, #965, .T. ) ;
#3053 = CARTESIAN_POINT ( 'NONE',  ( 0.9399999999999998357, 0.5999999999999999778, -0.5000000000000000000 ) ) ;
#3054 = LINE ( 'NONE', #931, #1717 ) ;
#3055 = DIRECTION ( 'NONE',  ( 0.000000000000000000, 1.000000000000000000, 0.000000000000000000 ) ) ;
#3056 = LINE ( 'NONE', #4074, #2720 ) ;
#3057 =( GEOMETRIC_REPRESENTATION_CONTEXT ( 3 ) GLOBAL_UNCERTAINTY_ASSIGNED_CONTEXT ( ( #3596 ) ) GLOBAL_UNIT_ASSIGNED_CONTEXT ( ( #333, #3551, #2222 ) ) REPRESENTATION_CONTEXT ( 'NONE', 'WORKASPACE' ) );
#3058 = VERTEX_POINT ( 'NONE', #1722 ) ;
#3059 = FILL_AREA_STYLE ('',( #660 ) ) ;
#3060 = CARTESIAN_POINT ( 'NONE',  ( -0.3499999999999999778, 0.000000000000000000, 0.4999999999999997780 ) ) ;
#3061 = CARTESIAN_POINT ( 'NONE',  ( -0.8592893218813461020, 0.2999999999999999889, 0.7299999999999996492 ) ) ;
#3062 = EDGE_LOOP ( 'NONE', ( #3509, #422, #3998, #2395 ) ) ;
#3063 = ADVANCED_FACE ( 'NONE', ( #2437 ), #2086, .F. ) ;
#3064 = DIRECTION ( 'NONE',  ( -0.7071067811865466846, 0.000000000000000000, 0.7071067811865484609 ) ) ;
#3065 = EDGE_CURVE ( 'NONE', #3579, #37, #3499, .T. ) ;
#3066 = ADVANCED_FACE ( 'NONE', ( #2108 ), #2043, .F. ) ;
#3067 = CARTESIAN_POINT ( 'NONE',  ( -0.1499999999999999944, 0.000000000000000000, 0.7400000000000001021 ) ) ;
#3068 = EDGE_CURVE ( 'NONE', #1062, #1273, #2464, .T. ) ;
#3069 = FACE_OUTER_BOUND ( 'NONE', #1868, .T. ) ;
#3070 = ORIENTED_EDGE ( 'NONE', *, *, #1908, .F. ) ;
#3071 = VECTOR ( 'NONE', #2352, 1000.000000000000000 ) ;
#3072 = VECTOR ( 'NONE', #1863, 1000.000000000000000 ) ;
#3073 = CARTESIAN_POINT ( 'NONE',  ( 0.8999999999999999112, 0.6700000000000000400, -0.1666666666666666852 ) ) ;
#3074 = FACE_OUTER_BOUND ( 'NONE', #3612, .T. ) ;
#3075 = EDGE_LOOP ( 'NONE', ( #4387, #1390, #4355, #3359, #4126, #3298, #3536, #3546 ) ) ;
#3076 = DIRECTION ( 'NONE',  ( -0.000000000000000000, -1.000000000000000000, -0.000000000000000000 ) ) ;
#3077 = EDGE_CURVE ( 'NONE', #718, #1255, #3848, .T. ) ;
#3078 = MECHANICAL_DESIGN_GEOMETRIC_PRESENTATION_REPRESENTATION (  '', ( #2488 ), #2380 ) ;
#3079 = AXIS2_PLACEMENT_3D ( 'NONE', #153, #4020, #3019 ) ;
#3080 = CARTESIAN_POINT ( 'NONE',  ( 0.3500000000000000333, 0.000000000000000000, 0.2499999999999995282 ) ) ;
#3081 = CARTESIAN_POINT ( 'NONE',  ( 0.9399999999999998357, 0.5999999999999999778, 0.5000000000000000000 ) ) ;
#3082 = CARTESIAN_POINT ( 'NONE',  ( -0.7000000000000000666, 0.6000000000000000888, 0.6999999999999995115 ) ) ;
#3083 = MECHANICAL_DESIGN_GEOMETRIC_PRESENTATION_REPRESENTATION (  '', ( #4478 ), #1022 ) ;
#3084 = ORIENTED_EDGE ( 'NONE', *, *, #1716, .T. ) ;
#3085 = DIRECTION ( 'NONE',  ( -1.129377263005734114E-16, -0.000000000000000000, 1.000000000000000000 ) ) ;
#3086 = CYLINDRICAL_SURFACE ( 'NONE', #576, 0.1499999999999998557 ) ;
#3087 = PRESENTATION_LAYER_ASSIGNMENT (  '', '', ( #1319 ) ) ;
#3088 = PLANE ( 'NONE',  #699 ) ;
#3089 = ORIENTED_EDGE ( 'NONE', *, *, #69, .T. ) ;
#3090 = UNCERTAINTY_MEASURE_WITH_UNIT (LENGTH_MEASURE( 1.000000000000000082E-05 ), #3642, 'distance_accuracy_value', 'NONE');
#3091 = CARTESIAN_POINT ( 'NONE',  ( 1.000000000000000000, 0.5999999999999999778, 0.8000000000000001554 ) ) ;
#3092 =( LENGTH_UNIT ( ) NAMED_UNIT ( * ) SI_UNIT ( .MILLI., .METRE. ) );
#3093 = ORIENTED_EDGE ( 'NONE', *, *, #4457, .T. ) ;
#3094 = CARTESIAN_POINT ( 'NONE',  ( 0.9399999999999998357, 0.6000000000000000888, -0.5000000000000000000 ) ) ;
#3095 = CARTESIAN_POINT ( 'NONE',  ( 0.9034074173710933131, 0.2999999999999999889, 0.7741180954897476374 ) ) ;
#3096 = ORIENTED_EDGE ( 'NONE', *, *, #698, .F. ) ;
#3097 = CARTESIAN_POINT ( 'NONE',  ( -0.1499999999999999944, 0.5999999999999999778, -0.7399999999999998801 ) ) ;
#3098 = LINE ( 'NONE', #951, #1714 ) ;
#3099 = LINE ( 'NONE', #996, #3504 ) ;
#3100 = PLANE ( 'NONE',  #1876 ) ;
#3101 = PLANE ( 'NONE',  #449 ) ;
#3102 = VECTOR ( 'NONE', #2860, 1000.000000000000000 ) ;
#3103 = LINE ( 'NONE', #2083, #2751 ) ;
#3104 = CLOSED_SHELL ( 'NONE', ( #314, #1824, #4338, #609 ) ) ;
#3105 = ORIENTED_EDGE ( 'NONE', *, *, #1740, .F. ) ;
#3106 = CARTESIAN_POINT ( 'NONE',  ( -1.000000000000000000, 0.000000000000000000, -0.7999999999999999334 ) ) ;
#3107 = CARTESIAN_POINT ( 'NONE',  ( -0.9034074173710932021, 0.000000000000000000, -0.7741180954897477484 ) ) ;
#3108 = ORIENTED_EDGE ( 'NONE', *, *, #399, .T. ) ;
#3109 = ADVANCED_FACE ( 'NONE', ( #1059 ), #1679, .F. ) ;
#3110 = VECTOR ( 'NONE', #4068, 1000.000000000000000 ) ;
#3111 =( GEOMETRIC_REPRESENTATION_CONTEXT ( 3 ) GLOBAL_UNCERTAINTY_ASSIGNED_CONTEXT ( ( #3806 ) ) GLOBAL_UNIT_ASSIGNED_CONTEXT ( ( #3703, #3223, #3574 ) ) REPRESENTATION_CONTEXT ( 'NONE', 'WORKASPACE' ) );
#3112 = CARTESIAN_POINT ( 'NONE',  ( -1.000000000000000000, 0.2999999999999999889, 0.7999999999999999334 ) ) ;
#3113 = LINE ( 'NONE', #3091, #3764 ) ;
#3114 = FACE_OUTER_BOUND ( 'NONE', #1691, .T. ) ;
#3115 = VERTEX_POINT ( 'NONE', #3871 ) ;
#3116 = EDGE_CURVE ( 'NONE', #612, #2931, #983, .T. ) ;
#3117 = TOROIDAL_SURFACE ( 'NONE', #1349, 0.1099999999999998479, 0.04000000000000000083 ) ;
#3118 = LINE ( 'NONE', #4522, #3580 ) ;
#3119 = LINE ( 'NONE', #2473, #3227 ) ;
#3120 = ORIENTED_EDGE ( 'NONE', *, *, #4471, .T. ) ;
#3121 = FILL_AREA_STYLE ('',( #2736 ) ) ;
#3122 = SURFACE_STYLE_USAGE ( .BOTH. , #39 ) ;
#3123 = FACE_OUTER_BOUND ( 'NONE', #3045, .T. ) ;
#3124 =( NAMED_UNIT ( * ) PLANE_ANGLE_UNIT ( ) SI_UNIT ( $, .RADIAN. ) );
#3125 = CYLINDRICAL_SURFACE ( 'NONE', #311, 0.06000000000000004635 ) ;
#3126 = ADVANCED_FACE ( 'NONE', ( #288 ), #1699, .F. ) ;
#3127 = DIRECTION ( 'NONE',  ( 0.000000000000000000, 0.000000000000000000, 1.000000000000000000 ) ) ;
#3128 = SURFACE_STYLE_USAGE ( .BOTH. , #1805 ) ;
#3129 = EDGE_CURVE ( 'NONE', #1566, #318, #2834, .T. ) ;
#3130 = ORIENTED_EDGE ( 'NONE', *, *, #2433, .T. ) ;
#3131 = EDGE_LOOP ( 'NONE', ( #1057, #4484, #91, #3966 ) ) ;
#3132 = CARTESIAN_POINT ( 'NONE',  ( 0.9034074173710933131, 0.000000000000000000, 0.7741180954897476374 ) ) ;
#3133 = COLOUR_RGB ( '',0.9686274509803921573, 0.8784313725490195957, 0.5999999999999999778 ) ;
#3134 = DIRECTION ( 'NONE',  ( -0.7071067811865492381, 0.000000000000000000, -0.7071067811865457964 ) ) ;
#3135 = ORIENTED_EDGE ( 'NONE', *, *, #118, .T. ) ;
#3136 = VECTOR ( 'NONE', #3793, 1000.000000000000000 ) ;
#3137 = CIRCLE ( 'NONE', #3355, 0.06000000000000004635 ) ;
#3138 = CARTESIAN_POINT ( 'NONE',  ( 0.9741180954897482591, 0.2999999999999999889, -0.7034074173710926914 ) ) ;
#3139 = LINE ( 'NONE', #1268, #1991 ) ;
#3140 = DIRECTION ( 'NONE',  ( -0.7071067811865483499, 0.000000000000000000, 0.7071067811865466846 ) ) ;
#3141 = ORIENTED_EDGE ( 'NONE', *, *, #1482, .T. ) ;
#3142 = ORIENTED_EDGE ( 'NONE', *, *, #2006, .F. ) ;
#3143 = FACE_OUTER_BOUND ( 'NONE', #1333, .T. ) ;
#3144 = ORIENTED_EDGE ( 'NONE', *, *, #2746, .F. ) ;
#3145 = FILL_AREA_STYLE ('',( #1711 ) ) ;
#3146 = VECTOR ( 'NONE', #2878, 1000.000000000000000 ) ;
#3147 = CARTESIAN_POINT ( 'NONE',  ( -0.9299999999999999378, 0.2999999999999999889, 0.2499999999999991951 ) ) ;
#3148 = DIRECTION ( 'NONE',  ( 0.000000000000000000, 0.000000000000000000, 1.000000000000000000 ) ) ;
#3149 = ORIENTED_EDGE ( 'NONE', *, *, #757, .T. ) ;
#3150 = AXIS2_PLACEMENT_3D ( 'NONE', #584, #871, #4035 ) ;
#3151 = CARTESIAN_POINT ( 'NONE',  ( -0.8999999990504521374, 0.6000000000000000888, 0.5525068624277348350 ) ) ;
#3152 =( NAMED_UNIT ( * ) SI_UNIT ( $, .STERADIAN. ) SOLID_ANGLE_UNIT ( ) );
#3153 = ADVANCED_FACE ( 'NONE', ( #375 ), #71, .T. ) ;
#3154 = EDGE_CURVE ( 'NONE', #2334, #4188, #2728, .T. ) ;
#3155 = VECTOR ( 'NONE', #1206, 1000.000000000000000 ) ;
#3156 = ORIENTED_EDGE ( 'NONE', *, *, #956, .T. ) ;
#3157 =( NAMED_UNIT ( * ) SI_UNIT ( $, .STERADIAN. ) SOLID_ANGLE_UNIT ( ) );
#3158 = FACE_OUTER_BOUND ( 'NONE', #2054, .T. ) ;
#3159 = ORIENTED_EDGE ( 'NONE', *, *, #2886, .T. ) ;
#3160 = VECTOR ( 'NONE', #423, 1000.000000000000000 ) ;
#3161 = DIRECTION ( 'NONE',  ( 0.000000000000000000, -0.000000000000000000, -1.000000000000000000 ) ) ;
#3162 = STYLED_ITEM ( 'NONE', ( #3726 ), #4490 ) ;
#3163 = DIRECTION ( 'NONE',  ( 0.000000000000000000, 1.000000000000000000, 0.000000000000000000 ) ) ;
#3164 = DIRECTION ( 'NONE',  ( -0.000000000000000000, -1.000000000000000000, -0.000000000000000000 ) ) ;
#3165 = ORIENTED_EDGE ( 'NONE', *, *, #3690, .T. ) ;
#3166 = EDGE_CURVE ( 'NONE', #65, #4311, #600, .T. ) ;
#3167 = VERTEX_POINT ( 'NONE', #4475 ) ;
#3168 = PRESENTATION_STYLE_ASSIGNMENT (( #743 ) ) ;
#3169 = ORIENTED_EDGE ( 'NONE', *, *, #4231, .T. ) ;
#3170 = DIRECTION ( 'NONE',  ( -0.000000000000000000, -1.000000000000000000, -0.000000000000000000 ) ) ;
#3171 =( NAMED_UNIT ( * ) SI_UNIT ( $, .STERADIAN. ) SOLID_ANGLE_UNIT ( ) );
#3172 = STYLED_ITEM ( 'NONE', ( #3037 ), #1290 ) ;
#3173 = CARTESIAN_POINT ( 'NONE',  ( -0.9000000000000000222, 0.6700000000000009281, 0.4999999999999998890 ) ) ;
#3174 = EDGE_CURVE ( 'NONE', #971, #3954, #4426, .T. ) ;
#3175 = EDGE_CURVE ( 'NONE', #4260, #487, #3852, .T. ) ;
#3176 =( NAMED_UNIT ( * ) PLANE_ANGLE_UNIT ( ) SI_UNIT ( $, .RADIAN. ) );
#3177 = ORIENTED_EDGE ( 'NONE', *, *, #1752, .T. ) ;
#3178 = CARTESIAN_POINT ( 'NONE',  ( 0.9299999999999999378, 0.000000000000000000, 0.2499999999999994171 ) ) ;
#3179 = CARTESIAN_POINT ( 'NONE',  ( -1.000000000000000000, 0.5999999999999999778, 0.8000000000000001554 ) ) ;
#3180 = AXIS2_PLACEMENT_3D ( 'NONE', #2753, #4084, #2730 ) ;
#3181 = ORIENTED_EDGE ( 'NONE', *, *, #1006, .T. ) ;
#3182 = EDGE_LOOP ( 'NONE', ( #3458, #3475, #296, #1105 ) ) ;
#3183 = LINE ( 'NONE', #664, #2260 ) ;
#3184 = EDGE_CURVE ( 'NONE', #4037, #1479, #2417, .T. ) ;
#3185 = CARTESIAN_POINT ( 'NONE',  ( 0.3500000000000000333, 0.000000000000000000, -0.2499999999999995282 ) ) ;
#3186 = EDGE_CURVE ( 'NONE', #220, #638, #1987, .T. ) ;
#3187 = ORIENTED_EDGE ( 'NONE', *, *, #366, .F. ) ;
#3188 = ORIENTED_EDGE ( 'NONE', *, *, #3719, .T. ) ;
#3189 = CARTESIAN_POINT ( 'NONE',  ( 0.7000000000000000666, 0.5999999999999999778, -0.7399999999999998801 ) ) ;
#3190 = VERTEX_POINT ( 'NONE', #1347 ) ;
#3191 = DIRECTION ( 'NONE',  ( -0.000000000000000000, -1.000000000000000000, -0.000000000000000000 ) ) ;
#3192 = DIRECTION ( 'NONE',  ( -0.000000000000000000, 1.000000000000000000, -0.000000000000000000 ) ) ;
#3193 = LINE ( 'NONE', #2056, #1242 ) ;
#3194 = CARTESIAN_POINT ( 'NONE',  ( -0.1499999999999999944, 0.000000000000000000, -0.7399999999999998801 ) ) ;
#3195 = PRODUCT ( 'S118025T-12.000-R.SLDPRT', 'S118025T-12.000-R.SLDPRT', '', ( #2542 ) ) ;
#3196 = DIRECTION ( 'NONE',  ( -1.129377263005734114E-16, -0.000000000000000000, -1.000000000000000000 ) ) ;
#3197 = VERTEX_POINT ( 'NONE', #3725 ) ;
#3198 =( BOUNDED_SURFACE ( )  B_SPLINE_SURFACE ( 2, 3, ( 
 ( #68, #1512, #2917, #2576, #454, #1232 ),
 ( #3635, #4318, #2600, #3333, #3661, #138 ),
 ( #1581, #4053, #886, #2986, #2245, #3961 ) ),
 .UNSPECIFIED., .F., .F., .T. ) 
 B_SPLINE_SURFACE_WITH_KNOTS ( ( 3, 3 ),
 ( 4, 2, 4 ),
 ( 0.000000000000000000, 1.000000000000000000 ),
 ( -1.570796326794896558, -0.7853981633974482790, 0.000000000000000000 ),
 .UNSPECIFIED. ) 
 GEOMETRIC_REPRESENTATION_ITEM ( )  RATIONAL_B_SPLINE_SURFACE ( (
 ( 1.000000000000000000, 1.000000000000000000, 1.000000000000000000, 1.000000000000000000, 1.000000000000000000, 1.000000000000000000),
 ( 0.7071067811865465735, 0.7071067811865465735, 0.7071067811865469066, 0.7071067811865469066, 0.7071067811865460184, 0.7071067811865460184),
 ( 1.000000000000000000, 1.000000000000000000, 1.000000000000000000, 1.000000000000000000, 1.000000000000000000, 1.000000000000000000) ) ) 
 REPRESENTATION_ITEM ( '' )  SURFACE ( )  );
#3199 = FACE_OUTER_BOUND ( 'NONE', #1858, .T. ) ;
#3200 = CARTESIAN_POINT ( 'NONE',  ( -0.6999999999999998446, 0.6700000000000000400, -0.6699999999999999289 ) ) ;
#3201 = ORIENTED_EDGE ( 'NONE', *, *, #2796, .T. ) ;
#3202 =( NAMED_UNIT ( * ) SI_UNIT ( $, .STERADIAN. ) SOLID_ANGLE_UNIT ( ) );
#3203 = ORIENTED_EDGE ( 'NONE', *, *, #93, .T. ) ;
#3204 = CARTESIAN_POINT ( 'NONE',  ( -0.8240135011518634478, 0.6000000000000000888, -0.7149733303841400156 ) ) ;
#3205 = CARTESIAN_POINT ( 'NONE',  ( -0.8592893218813461020, 0.2999999999999999334, 0.7299999999999996492 ) ) ;
#3206 = DIRECTION ( 'NONE',  ( 1.000000000000000000, 0.000000000000000000, 8.515412563376712390E-16 ) ) ;
#3207 = EDGE_LOOP ( 'NONE', ( #89, #2312, #3017, #762 ) ) ;
#3208 = CIRCLE ( 'NONE', #1146, 0.1000000000000001582 ) ;
#3209 = CIRCLE ( 'NONE', #1588, 0.03999999999999999389 ) ;
#3210 = EDGE_CURVE ( 'NONE', #124, #789, #3792, .T. ) ;
#3211 = EDGE_CURVE ( 'NONE', #1273, #1095, #628, .T. ) ;
#3212 = VERTEX_POINT ( 'NONE', #3394 ) ;
#3213 = ORIENTED_EDGE ( 'NONE', *, *, #2299, .F. ) ;
#3214 = CARTESIAN_POINT ( 'NONE',  ( 0.3500000000000000888, 1.114998880451716579, 0.7299999999999994271 ) ) ;
#3215 = DIRECTION ( 'NONE',  ( -1.000000000000000000, 0.000000000000000000, -1.869314090492249305E-16 ) ) ;
#3216 = CARTESIAN_POINT ( 'NONE',  ( -0.3500000000000003109, 1.114998880451716579, 0.7299999999999993161 ) ) ;
#3217 = DIRECTION ( 'NONE',  ( -0.000000000000000000, 1.000000000000000000, -0.000000000000000000 ) ) ;
#3218 = ORIENTED_EDGE ( 'NONE', *, *, #1715, .T. ) ;
#3219 = CARTESIAN_POINT ( 'NONE',  ( 0.9299999999999999378, 0.000000000000000000, -0.2499999999999994171 ) ) ;
#3220 = FACE_OUTER_BOUND ( 'NONE', #4220, .T. ) ;
#3221 = AXIS2_PLACEMENT_3D ( 'NONE', #1686, #3854, #644 ) ;
#3222 = CARTESIAN_POINT ( 'NONE',  ( 0.8043973317526562639, 0.6699999999999999289, -0.6784453807219623656 ) ) ;
#3223 =( NAMED_UNIT ( * ) PLANE_ANGLE_UNIT ( ) SI_UNIT ( $, .RADIAN. ) );
#3224 = UNCERTAINTY_MEASURE_WITH_UNIT (LENGTH_MEASURE( 1.000000000000000082E-05 ), #602, 'distance_accuracy_value', 'NONE');
#3225 = ORIENTED_EDGE ( 'NONE', *, *, #3599, .F. ) ;
#3226 = EDGE_CURVE ( 'NONE', #3781, #2235, #2361, .T. ) ;
#3227 = VECTOR ( 'NONE', #3858, 1000.000000000000000 ) ;
#3228 = FILL_AREA_STYLE_COLOUR ( '', #2706 ) ;
#3229 =( NAMED_UNIT ( * ) PLANE_ANGLE_UNIT ( ) SI_UNIT ( $, .RADIAN. ) );
#3230 = VECTOR ( 'NONE', #2368, 1000.000000000000000 ) ;
#3231 = SURFACE_STYLE_FILL_AREA ( #1474 ) ;
#3232 = ORIENTED_EDGE ( 'NONE', *, *, #1770, .F. ) ;
#3233 = AXIS2_PLACEMENT_3D ( 'NONE', #17, #1394, #3541 ) ;
#3234 = VERTEX_POINT ( 'NONE', #4132 ) ;
#3235 = DIRECTION ( 'NONE',  ( -1.000000000000000000, 0.000000000000000000, -1.869314090492249305E-16 ) ) ;
#3236 = ORIENTED_EDGE ( 'NONE', *, *, #2048, .T. ) ;
#3237 = PLANE ( 'NONE',  #2626 ) ;
#3238 = CARTESIAN_POINT ( 'NONE',  ( -0.6999999999999999556, 0.6000000000000000888, -0.6999999999999998446 ) ) ;
#3239 = DIRECTION ( 'NONE',  ( 1.000000000000000000, 0.000000000000000000, 0.000000000000000000 ) ) ;
#3240 = DIRECTION ( 'NONE',  ( -1.414176746720226210E-15, 0.000000000000000000, 1.000000000000000000 ) ) ;
#3241 = DIRECTION ( 'NONE',  ( -0.7071067811865483499, 0.000000000000000000, 0.7071067811865466846 ) ) ;
#3242 = VECTOR ( 'NONE', #984, 1000.000000000000000 ) ;
#3243 = VERTEX_POINT ( 'NONE', #1693 ) ;
#3244 = LINE ( 'NONE', #2575, #1712 ) ;
#3245 = FILL_AREA_STYLE ('',( #1832 ) ) ;
#3246 = ORIENTED_EDGE ( 'NONE', *, *, #303, .F. ) ;
#3247 = MECHANICAL_DESIGN_GEOMETRIC_PRESENTATION_REPRESENTATION (  '', ( #2591 ), #4272 ) ;
#3248 = ORIENTED_EDGE ( 'NONE', *, *, #538, .F. ) ;
#3249 = CARTESIAN_POINT ( 'NONE',  ( 1.000000000000000000, 0.000000000000000000, -0.7999999999999999334 ) ) ;
#3250 = DIRECTION ( 'NONE',  ( 0.000000000000000000, 0.000000000000000000, 1.000000000000000000 ) ) ;
#3251 = EDGE_CURVE ( 'NONE', #2392, #1079, #3098, .T. ) ;
#3252 = CARTESIAN_POINT ( 'NONE',  ( 0.8499999999999998668, -1.580350850198276369, 0.4999999999999998890 ) ) ;
#3253 = ORIENTED_EDGE ( 'NONE', *, *, #3184, .T. ) ;
#3254 = VECTOR ( 'NONE', #3868, 1000.000000000000000 ) ;
#3255 = ORIENTED_EDGE ( 'NONE', *, *, #1971, .T. ) ;
#3256 = LINE ( 'NONE', #1817, #727 ) ;
#3257 = ORIENTED_EDGE ( 'NONE', *, *, #2656, .F. ) ;
#3258 = SURFACE_STYLE_USAGE ( .BOTH. , #1781 ) ;
#3259 = DIRECTION ( 'NONE',  ( 0.000000000000000000, 1.000000000000000000, 0.000000000000000000 ) ) ;
#3260 = UNCERTAINTY_MEASURE_WITH_UNIT (LENGTH_MEASURE( 1.000000000000000082E-05 ), #1275, 'distance_accuracy_value', 'NONE');
#3261 = LINE ( 'NONE', #1164, #1610 ) ;
#3262 = ORIENTED_EDGE ( 'NONE', *, *, #418, .F. ) ;
#3263 = CARTESIAN_POINT ( 'NONE',  ( -0.9399999999999999467, 0.5999999999999999778, 0.4999999999999994449 ) ) ;
#3264 = LINE ( 'NONE', #2291, #1761 ) ;
#3265 = SURFACE_STYLE_USAGE ( .BOTH. , #312 ) ;
#3266 = PRESENTATION_LAYER_ASSIGNMENT (  '', '', ( #86 ) ) ;
#3267 = EDGE_CURVE ( 'NONE', #1886, #4260, #1300, .T. ) ;
#3268 = EDGE_CURVE ( 'NONE', #789, #4360, #1962, .T. ) ;
#3269 = VERTEX_POINT ( 'NONE', #3373 ) ;
#3270 = ORIENTED_EDGE ( 'NONE', *, *, #2328, .T. ) ;
#3271 = EDGE_CURVE ( 'NONE', #4316, #4515, #4150, .T. ) ;
#3272 = LINE ( 'NONE', #395, #3146 ) ;
#3273 = DIRECTION ( 'NONE',  ( 0.000000000000000000, -1.000000000000000000, 0.000000000000000000 ) ) ;
#3274 = FACE_OUTER_BOUND ( 'NONE', #3075, .T. ) ;
#3275 = ORIENTED_EDGE ( 'NONE', *, *, #4008, .F. ) ;
#3276 = EDGE_LOOP ( 'NONE', ( #1999, #2135, #2932, #3371 ) ) ;
#3277 = CARTESIAN_POINT ( 'NONE',  ( -0.6000000000000001998, 0.2999999999999999889, 0.2499999999999998890 ) ) ;
#3278 = ORIENTED_EDGE ( 'NONE', *, *, #1534, .F. ) ;
#3279 = UNCERTAINTY_MEASURE_WITH_UNIT (LENGTH_MEASURE( 1.000000000000000082E-05 ), #4310, 'distance_accuracy_value', 'NONE');
#3280 = DIRECTION ( 'NONE',  ( -1.869314090492249305E-16, 0.000000000000000000, 1.000000000000000000 ) ) ;
#3281 = CARTESIAN_POINT ( 'NONE',  ( -0.9399999988747496094, 0.6000000000000000888, 0.5622223859623379782 ) ) ;
#3282 = AXIS2_PLACEMENT_3D ( 'NONE', #505, #4348, #4055 ) ;
#3283 = AXIS2_PLACEMENT_3D ( 'NONE', #1604, #2987, #2316 ) ;
#3284 = CARTESIAN_POINT ( 'NONE',  ( -0.3500000000000003109, 0.000000000000000000, 0.7299999999999993161 ) ) ;
#3285 = CYLINDRICAL_SURFACE ( 'NONE', #1818, 0.05999999999999994227 ) ;
#3286 = EDGE_LOOP ( 'NONE', ( #2486, #4326, #2401, #115 ) ) ;
#3287 = CARTESIAN_POINT ( 'NONE',  ( -0.6000000000000001998, 0.000000000000000000, 0.2499999999999998890 ) ) ;
#3288 = DIRECTION ( 'NONE',  ( -0.000000000000000000, 1.000000000000000000, -0.000000000000000000 ) ) ;
#3289 = FILL_AREA_STYLE ('',( #1744 ) ) ;
#3290 = DIRECTION ( 'NONE',  ( -0.000000000000000000, 0.000000000000000000, 1.000000000000000000 ) ) ;
#3291 = CARTESIAN_POINT ( 'NONE',  ( 0.1499999999999999944, 0.000000000000000000, 0.7400000000000001021 ) ) ;
#3292 = ORIENTED_EDGE ( 'NONE', *, *, #2656, .T. ) ;
#3293 = STYLED_ITEM ( 'NONE', ( #1520 ), #2971 ) ;
#3294 = VECTOR ( 'NONE', #1813, 1000.000000000000000 ) ;
#3295 = STYLED_ITEM ( 'NONE', ( #237 ), #3032 ) ;
#3296 = PRESENTATION_STYLE_ASSIGNMENT (( #2972 ) ) ;
#3297 = MECHANICAL_DESIGN_GEOMETRIC_PRESENTATION_REPRESENTATION (  '', ( #1606 ), #554 ) ;
#3298 = ORIENTED_EDGE ( 'NONE', *, *, #3268, .T. ) ;
#3299 = STYLED_ITEM ( 'NONE', ( #3465 ), #4047 ) ;
#3300 = ORIENTED_EDGE ( 'NONE', *, *, #2223, .T. ) ;
#3301 = CARTESIAN_POINT ( 'NONE',  ( -0.9034074173710933131, 0.2999999999999999889, 0.7741180954897473043 ) ) ;
#3302 = ORIENTED_EDGE ( 'NONE', *, *, #3992, .T. ) ;
#3303 = CARTESIAN_POINT ( 'NONE',  ( -0.8999999999999999112, 0.000000000000000000, -0.7999999999999999334 ) ) ;
#3304 = CARTESIAN_POINT ( 'NONE',  ( 0.8784452735923562461, 0.6000000000000000888, -0.6043974388822656030 ) ) ;
#3305 = CIRCLE ( 'NONE', #1975, 0.1000000000000000472 ) ;
#3306 = CARTESIAN_POINT ( 'NONE',  ( -0.9300000000000004929, 0.3000000000000001554, 0.6592893218813447032 ) ) ;
#3307 = DIRECTION ( 'NONE',  ( 0.7071067811865483499, -0.000000000000000000, 0.7071067811865466846 ) ) ;
#3308 = EDGE_LOOP ( 'NONE', ( #1181, #2489, #2526, #2052 ) ) ;
#3309 = FACE_OUTER_BOUND ( 'NONE', #3942, .T. ) ;
#3310 = DIRECTION ( 'NONE',  ( 0.000000000000000000, 0.000000000000000000, 1.000000000000000000 ) ) ;
#3311 = CARTESIAN_POINT ( 'NONE',  ( 0.9034074173710933131, 0.000000000000000000, -0.7741180954897476374 ) ) ;
#3312 = EDGE_CURVE ( 'NONE', #2254, #1905, #2219, .T. ) ;
#3313 = DIRECTION ( 'NONE',  ( 0.000000000000000000, 1.000000000000000000, 0.000000000000000000 ) ) ;
#3314 = DIRECTION ( 'NONE',  ( -1.000000000000000000, -0.000000000000000000, -0.000000000000000000 ) ) ;
#3315 = PRESENTATION_LAYER_ASSIGNMENT (  '', '', ( #3380 ) ) ;
#3316 =( BOUNDED_SURFACE ( )  B_SPLINE_SURFACE ( 2, 3, ( 
 ( #2836, #711, #2799, #4491 ),
 ( #3435, #3505, #1747, #4217 ),
 ( #2398, #2114, #2418, #2776 ) ),
 .UNSPECIFIED., .F., .F., .F. ) 
 B_SPLINE_SURFACE_WITH_KNOTS ( ( 3, 3 ),
 ( 4, 4 ),
 ( 0.000000000000000000, 1.000000000000000000 ),
 ( -0.0009999999999999998040, 0.000000000000000000 ),
 .UNSPECIFIED. ) 
 GEOMETRIC_REPRESENTATION_ITEM ( )  RATIONAL_B_SPLINE_SURFACE ( (
 ( 1.000000000000000000, 1.000000000000000000, 1.000000000000000000, 1.000000000000000000),
 ( 0.7071067811865475727, 0.7071067811865475727, 0.7071067811865475727, 0.7071067811865475727),
 ( 1.000000000000000000, 1.000000000000000000, 1.000000000000000000, 1.000000000000000000) ) ) 
 REPRESENTATION_ITEM ( '' )  SURFACE ( )  );
#3317 = ORIENTED_EDGE ( 'NONE', *, *, #4059, .T. ) ;
#3318 =( NAMED_UNIT ( * ) PLANE_ANGLE_UNIT ( ) SI_UNIT ( $, .RADIAN. ) );
#3319 = CARTESIAN_POINT ( 'NONE',  ( -0.8592893218813461020, 0.000000000000000000, 0.7299999999999996492 ) ) ;
#3320 = FACE_OUTER_BOUND ( 'NONE', #4309, .T. ) ;
#3321 = ORIENTED_EDGE ( 'NONE', *, *, #4363, .F. ) ;
#3322 = CIRCLE ( 'NONE', #1334, 0.1499999999999999112 ) ;
#3323 = ORIENTED_EDGE ( 'NONE', *, *, #3893, .T. ) ;
#3324 =( NAMED_UNIT ( * ) SI_UNIT ( $, .STERADIAN. ) SOLID_ANGLE_UNIT ( ) );
#3325 = EDGE_LOOP ( 'NONE', ( #2190, #1081, #2549, #4196 ) ) ;
#3326 = PRESENTATION_STYLE_ASSIGNMENT (( #1226 ) ) ;
#3327 = FACE_OUTER_BOUND ( 'NONE', #1981, .T. ) ;
#3328 = CLOSED_SHELL ( 'NONE', ( #3126, #132, #1882, #2307, #1335, #734, #3384, #3066, #2294 ) ) ;
#3329 = DIRECTION ( 'NONE',  ( -0.7071067811865483499, -0.000000000000000000, -0.7071067811865466846 ) ) ;
#3330 = CARTESIAN_POINT ( 'NONE',  ( 0.3500000000000000333, 0.2999999999999999334, -0.2499999999999995282 ) ) ;
#3331 = ORIENTED_EDGE ( 'NONE', *, *, #2677, .F. ) ;
#3332 = CARTESIAN_POINT ( 'NONE',  ( -0.9300000000000004929, 0.2999999999999999889, 0.6592893218813447032 ) ) ;
#3333 = CARTESIAN_POINT ( 'NONE',  ( -0.8043974388822655586, 0.6000000000000000888, -0.6784452735923562905 ) ) ;
#3334 = DIRECTION ( 'NONE',  ( 0.000000000000000000, 0.000000000000000000, 1.000000000000000000 ) ) ;
#3335 = STYLED_ITEM ( 'NONE', ( #885 ), #3153 ) ;
#3336 = FACE_OUTER_BOUND ( 'NONE', #127, .T. ) ;
#3337 = DIRECTION ( 'NONE',  ( 7.946961583325783709E-16, -0.000000000000000000, 1.000000000000000000 ) ) ;
#3338 = VECTOR ( 'NONE', #3445, 1000.000000000000000 ) ;
#3339 = CARTESIAN_POINT ( 'NONE',  ( 1.000000000000000000, 0.5999999999999999778, -0.7999999999999999334 ) ) ;
#3340 = SURFACE_STYLE_FILL_AREA ( #832 ) ;
#3341 = EDGE_LOOP ( 'NONE', ( #4380, #2085, #2327, #497 ) ) ;
#3342 = DIRECTION ( 'NONE',  ( 0.000000000000000000, -1.000000000000000000, 0.000000000000000000 ) ) ;
#3343 = ORIENTED_EDGE ( 'NONE', *, *, #894, .T. ) ;
#3344 = CARTESIAN_POINT ( 'NONE',  ( -0.2333333333333336701, 0.6700000000000000400, -0.6999999999999998446 ) ) ;
#3345 = VERTEX_POINT ( 'NONE', #4249 ) ;
#3346 = ADVANCED_FACE ( 'NONE', ( #383 ), #676, .F. ) ;
#3347 = CARTESIAN_POINT ( 'NONE',  ( -0.6800000000000000488, 0.8000000000000000444, 0.4800000000000001488 ) ) ;
#3348 = DIRECTION ( 'NONE',  ( -0.000000000000000000, -1.000000000000000000, -0.000000000000000000 ) ) ;
#3349 = ORIENTED_EDGE ( 'NONE', *, *, #3647, .F. ) ;
#3350 = STYLED_ITEM ( 'NONE', ( #4506 ), #2294 ) ;
#3351 = DIRECTION ( 'NONE',  ( 1.000000000000000000, -0.000000000000000000, 1.129377263005734114E-16 ) ) ;
#3352 =( NAMED_UNIT ( * ) SI_UNIT ( $, .STERADIAN. ) SOLID_ANGLE_UNIT ( ) );
#3353 = CARTESIAN_POINT ( 'NONE',  ( -0.8999999999999999112, 0.000000000000000000, 0.8000000000000001554 ) ) ;
#3354 = COLOUR_RGB ( '',0.9686274509803921573, 0.8784313725490195957, 0.5999999999999999778 ) ;
#3355 = AXIS2_PLACEMENT_3D ( 'NONE', #3656, #2663, #1936 ) ;
#3356 = VECTOR ( 'NONE', #1203, 1000.000000000000000 ) ;
#3357 = CARTESIAN_POINT ( 'NONE',  ( 0.9034074173710933131, 0.2999999999999999334, 0.7741180954897476374 ) ) ;
#3358 = LINE ( 'NONE', #4073, #1778 ) ;
#3359 = ORIENTED_EDGE ( 'NONE', *, *, #1035, .T. ) ;
#3360 = EDGE_CURVE ( 'NONE', #3976, #1642, #1046, .T. ) ;
#3361 = EDGE_CURVE ( 'NONE', #841, #2149, #16, .T. ) ;
#3362 = AXIS2_PLACEMENT_3D ( 'NONE', #419, #1792, #33 ) ;
#3363 = AXIS2_PLACEMENT_3D ( 'NONE', #3112, #618, #3161 ) ;
#3364 = SURFACE_STYLE_USAGE ( .BOTH. , #943 ) ;
#3365 = COLOUR_RGB ( '',0.9686274509803921573, 0.8784313725490195957, 0.5999999999999999778 ) ;
#3366 = DIRECTION ( 'NONE',  ( 0.000000000000000000, 0.000000000000000000, 1.000000000000000000 ) ) ;
#3367 = CARTESIAN_POINT ( 'NONE',  ( 0.7630082349132850661, 0.6000000000000000888, -0.7399999988605380219 ) ) ;
#3368 = ORIENTED_EDGE ( 'NONE', *, *, #1881, .F. ) ;
#3369 = AXIS2_PLACEMENT_3D ( 'NONE', #3746, #3391, #224 ) ;
#3370 = CARTESIAN_POINT ( 'NONE',  ( 4.724023751543983077E-17, 0.7600000000000000089, 0.6099999999999997646 ) ) ;
#3371 = ORIENTED_EDGE ( 'NONE', *, *, #3993, .F. ) ;
#3372 = DIRECTION ( 'NONE',  ( 0.000000000000000000, -1.000000000000000000, 0.000000000000000000 ) ) ;
#3373 = CARTESIAN_POINT ( 'NONE',  ( 0.8499999999999998668, 0.7000000000000000666, 0.4999999999999998890 ) ) ;
#3374 = DIRECTION ( 'NONE',  ( 0.7071067811865457964, -0.000000000000000000, -0.7071067811865492381 ) ) ;
#3375 = CARTESIAN_POINT ( 'NONE',  ( 0.9741180954897482591, 0.2999999999999999334, 0.7034074173710926914 ) ) ;
#3376 = STYLED_ITEM ( 'NONE', ( #503 ), #4469 ) ;
#3377 = ADVANCED_FACE ( 'NONE', ( #3861 ), #2078, .F. ) ;
#3378 = LINE ( 'NONE', #4095, #4499 ) ;
#3379 = CARTESIAN_POINT ( 'NONE',  ( 0.9034074173710933131, 1.114998880451716579, -0.7741180954897476374 ) ) ;
#3380 = STYLED_ITEM ( 'NONE', ( #4036 ), #1099 ) ;
#3381 = DIRECTION ( 'NONE',  ( -0.000000000000000000, 1.000000000000000000, -0.000000000000000000 ) ) ;
#3382 = CARTESIAN_POINT ( 'NONE',  ( 0.8999999990504384817, 0.5999999999999863221, 0.5525068624277374996 ) ) ;
#3383 = ORIENTED_EDGE ( 'NONE', *, *, #1125, .T. ) ;
#3384 = ADVANCED_FACE ( 'NONE', ( #2454 ), #3909, .T. ) ;
#3385 = DIRECTION ( 'NONE',  ( -1.000000000000000000, 0.000000000000000000, -1.129377263005734361E-16 ) ) ;
#3386 = DIRECTION ( 'NONE',  ( -1.000000000000000000, 0.000000000000000000, -0.000000000000000000 ) ) ;
#3387 = DIRECTION ( 'NONE',  ( 2.648987194441928232E-16, 0.000000000000000000, 1.000000000000000000 ) ) ;
#3388 = ORIENTED_EDGE ( 'NONE', *, *, #3012, .F. ) ;
#3389 = CIRCLE ( 'NONE', #1564, 0.09999999999999993616 ) ;
#3390 = CARTESIAN_POINT ( 'NONE',  ( 0.8999999999999999112, 0.6700000000000000400, -0.5000000000000000000 ) ) ;
#3391 = DIRECTION ( 'NONE',  ( 0.000000000000000000, 1.000000000000000000, 0.000000000000000000 ) ) ;
#3392 = ORIENTED_EDGE ( 'NONE', *, *, #3129, .T. ) ;
#3393 = DIRECTION ( 'NONE',  ( 1.084202172485504681E-16, 0.000000000000000000, 1.000000000000000000 ) ) ;
#3394 = CARTESIAN_POINT ( 'NONE',  ( -0.3499999999999998668, 0.3000000000000001554, -0.7299999999999995381 ) ) ;
#3395 = VECTOR ( 'NONE', #599, 1000.000000000000000 ) ;
#3396 = SURFACE_SIDE_STYLE ('',( #4070 ) ) ;
#3397 = DIRECTION ( 'NONE',  ( -1.000000000000000000, 0.000000000000000000, 1.869314090492249798E-16 ) ) ;
#3398 = CARTESIAN_POINT ( 'NONE',  ( -0.2333333333333333370, 0.6700000000000000400, -0.6999999999999998446 ) ) ;
#3399 = FACE_OUTER_BOUND ( 'NONE', #3341, .T. ) ;
#3400 = DIRECTION ( 'NONE',  ( -0.000000000000000000, -1.000000000000000000, -0.000000000000000000 ) ) ;
#3401 = VECTOR ( 'NONE', #1025, 1000.000000000000000 ) ;
#3402 = EDGE_CURVE ( 'NONE', #1843, #4037, #149, .T. ) ;
#3403 = ADVANCED_FACE ( 'NONE', ( #404 ), #1481, .F. ) ;
#3404 = EDGE_CURVE ( 'NONE', #1075, #4037, #2303, .T. ) ;
#3405 = EDGE_CURVE ( 'NONE', #4139, #2281, #4430, .T. ) ;
#3406 = ORIENTED_EDGE ( 'NONE', *, *, #786, .F. ) ;
#3407 = SURFACE_STYLE_USAGE ( .BOTH. , #892 ) ;
#3408 = DIRECTION ( 'NONE',  ( 0.000000000000000000, 0.000000000000000000, 1.000000000000000000 ) ) ;
#3409 = CARTESIAN_POINT ( 'NONE',  ( 0.6999999999999996225, 0.6700000000000001510, 0.6999999999999997335 ) ) ;
#3410 = VERTEX_POINT ( 'NONE', #979 ) ;
#3411 = EDGE_CURVE ( 'NONE', #487, #3550, #257, .T. ) ;
#3412 = SURFACE_STYLE_FILL_AREA ( #3739 ) ;
#3413 = CARTESIAN_POINT ( 'NONE',  ( -0.6999999999999999556, -1.580350850198276369, 0.6499999999999999112 ) ) ;
#3414 =( NAMED_UNIT ( * ) PLANE_ANGLE_UNIT ( ) SI_UNIT ( $, .RADIAN. ) );
#3415 = ORIENTED_EDGE ( 'NONE', *, *, #2902, .T. ) ;
#3416 = DIRECTION ( 'NONE',  ( 0.7071067811865492381, 0.000000000000000000, -0.7071067811865457964 ) ) ;
#3417 = CARTESIAN_POINT ( 'NONE',  ( -0.2099999999999999922, 0.000000000000000000, -0.7999999999999999334 ) ) ;
#3418 = ORIENTED_EDGE ( 'NONE', *, *, #4276, .F. ) ;
#3419 = DIRECTION ( 'NONE',  ( 0.000000000000000000, 0.000000000000000000, 1.000000000000000000 ) ) ;
#3420 = CARTESIAN_POINT ( 'NONE',  ( -0.9000000000000000222, 0.6700000000000000400, -0.5523598775598298483 ) ) ;
#3421 = LINE ( 'NONE', #281, #3728 ) ;
#3422 = VECTOR ( 'NONE', #1093, 1000.000000000000000 ) ;
#3423 = CARTESIAN_POINT ( 'NONE',  ( -0.3499999999999999778, 0.000000000000000000, 0.4999999999999997780 ) ) ;
#3424 = CARTESIAN_POINT ( 'NONE',  ( -0.6999999999999998446, 0.6700000000000009281, -0.6999999999999998446 ) ) ;
#3425 = CARTESIAN_POINT ( 'NONE',  ( 1.000000000000000000, 0.000000000000000000, 0.6999999999999999556 ) ) ;
#3426 = DIRECTION ( 'NONE',  ( -0.7071067811865457964, 0.000000000000000000, 0.7071067811865492381 ) ) ;
#3427 = AXIS2_PLACEMENT_3D ( 'NONE', #1048, #3957, #794 ) ;
#3428 = CIRCLE ( 'NONE', #2841, 0.1099999999999999589 ) ;
#3429 = ORIENTED_EDGE ( 'NONE', *, *, #3940, .F. ) ;
#3430 = SURFACE_STYLE_FILL_AREA ( #1381 ) ;
#3431 = CARTESIAN_POINT ( 'NONE',  ( -1.000000000000000000, 0.5999999999999999778, 0.8000000000000001554 ) ) ;
#3432 = PRODUCT_DEFINITION ( 'UNKNOWN', '', #1018, #119 ) ;
#3433 = PRESENTATION_STYLE_ASSIGNMENT (( #940 ) ) ;
#3434 = ORIENTED_EDGE ( 'NONE', *, *, #4029, .F. ) ;
#3435 = CARTESIAN_POINT ( 'NONE',  ( -0.8999999999999999112, 0.6000000000000000888, 0.4999999999999998335 ) ) ;
#3436 = CARTESIAN_POINT ( 'NONE',  ( 0.7000000000000000666, 0.5999999999999999778, -0.7399999999999998801 ) ) ;
#3437 = LINE ( 'NONE', #989, #2484 ) ;
#3438 = ORIENTED_EDGE ( 'NONE', *, *, #3129, .F. ) ;
#3439 = MECHANICAL_DESIGN_GEOMETRIC_PRESENTATION_REPRESENTATION (  '', ( #862 ), #2105 ) ;
#3440 = AXIS2_PLACEMENT_3D ( 'NONE', #1549, #2679, #164 ) ;
#3441 = FACE_OUTER_BOUND ( 'NONE', #3276, .T. ) ;
#3442 = CARTESIAN_POINT ( 'NONE',  ( 0.2099999999999999922, 0.5999999999999999778, -0.7999999999999999334 ) ) ;
#3443 = ORIENTED_EDGE ( 'NONE', *, *, #2299, .T. ) ;
#3444 = CARTESIAN_POINT ( 'NONE',  ( -0.9300000000000004929, 1.114998880451716579, 0.6592893218813447032 ) ) ;
#3445 = DIRECTION ( 'NONE',  ( 0.000000000000000000, -1.000000000000000000, 0.000000000000000000 ) ) ;
#3446 = B_SPLINE_CURVE_WITH_KNOTS ( 'NONE', 3,
 ( #3436, #3784, #2683, #4466, #3461, #1361, #1660, #3831, #3741, #1339 ),
 .UNSPECIFIED., .F., .F.,
 ( 4, 2, 2, 2, 4 ),
 ( 0.000000000000000000, 0.1250000000000000000, 0.2500000000000000000, 0.5000000000000000000, 1.000000000000000000 ),
 .UNSPECIFIED. ) ;
#3447 =( NAMED_UNIT ( * ) PLANE_ANGLE_UNIT ( ) SI_UNIT ( $, .RADIAN. ) );
#3448 = CARTESIAN_POINT ( 'NONE',  ( -0.9000000000000000222, 0.6700000000000000400, -0.1666666666666666297 ) ) ;
#3449 = STYLED_ITEM ( 'NONE', ( #1973 ), #2992 ) ;
#3450 = AXIS2_PLACEMENT_3D ( 'NONE', #1509, #2195, #840 ) ;
#3451 = CARTESIAN_POINT ( 'NONE',  ( -0.3499999999999998668, 0.2999999999999999889, -0.7299999999999995381 ) ) ;
#3452 = ADVANCED_FACE ( 'NONE', ( #2339 ), #3101, .F. ) ;
#3453 = AXIS2_PLACEMENT_3D ( 'NONE', #1423, #1766, #2102 ) ;
#3454 = EDGE_LOOP ( 'NONE', ( #2957, #2210, #3368, #1435 ) ) ;
#3455 = EDGE_CURVE ( 'NONE', #1706, #1085, #632, .T. ) ;
#3456 = DIRECTION ( 'NONE',  ( 0.000000000000000000, 0.000000000000000000, 1.000000000000000000 ) ) ;
#3457 = FACE_OUTER_BOUND ( 'NONE', #3597, .T. ) ;
#3458 = ORIENTED_EDGE ( 'NONE', *, *, #2049, .F. ) ;
#3459 = UNCERTAINTY_MEASURE_WITH_UNIT (LENGTH_MEASURE( 1.000000000000000082E-05 ), #2547, 'distance_accuracy_value', 'NONE');
#3460 = CARTESIAN_POINT ( 'NONE',  ( -0.3499999999999999778, 0.2999999999999999889, 0.4999999999999997780 ) ) ;
#3461 = CARTESIAN_POINT ( 'NONE',  ( 0.7766671539914923317, 0.6000000000000000888, -0.7278727057233818076 ) ) ;
#3462 = DIRECTION ( 'NONE',  ( 0.000000000000000000, 0.000000000000000000, 1.000000000000000000 ) ) ;
#3463 = VERTEX_POINT ( 'NONE', #527 ) ;
#3464 = EDGE_CURVE ( 'NONE', #941, #4357, #3011, .T. ) ;
#3465 = PRESENTATION_STYLE_ASSIGNMENT (( #4571 ) ) ;
#3466 = VERTEX_POINT ( 'NONE', #605 ) ;
#3467 = CARTESIAN_POINT ( 'NONE',  ( -0.3499999999999998668, 0.000000000000000000, -0.7299999999999995381 ) ) ;
#3468 = DIRECTION ( 'NONE',  ( 0.000000000000000000, 0.000000000000000000, -1.000000000000000000 ) ) ;
#3469 =( NAMED_UNIT ( * ) PLANE_ANGLE_UNIT ( ) SI_UNIT ( $, .RADIAN. ) );
#3470 = CARTESIAN_POINT ( 'NONE',  ( 0.9034074173710933131, 0.2999999999999999334, -0.7741180954897476374 ) ) ;
#3471 = CARTESIAN_POINT ( 'NONE',  ( -0.3500000000000003109, 0.2999999999999999889, 0.7299999999999993161 ) ) ;
#3472 = CARTESIAN_POINT ( 'NONE',  ( -1.000000000000000000, 0.000000000000000000, 0.8000000000000001554 ) ) ;
#3473 = LINE ( 'NONE', #2342, #3820 ) ;
#3474 = VECTOR ( 'NONE', #2367, 1000.000000000000000 ) ;
#3475 = ORIENTED_EDGE ( 'NONE', *, *, #4082, .T. ) ;
#3476 = DIRECTION ( 'NONE',  ( -1.324493597220963820E-15, 0.000000000000000000, 1.000000000000000000 ) ) ;
#3477 = EDGE_LOOP ( 'NONE', ( #3786, #2184, #3203, #3187 ) ) ;
#3478 = CIRCLE ( 'NONE', #2226, 0.03999999999999999389 ) ;
#3479 = AXIS2_PLACEMENT_3D ( 'NONE', #765, #3586, #61 ) ;
#3480 = DIRECTION ( 'NONE',  ( 0.000000000000000000, 0.000000000000000000, 1.000000000000000000 ) ) ;
#3481 = CARTESIAN_POINT ( 'NONE',  ( 0.9741180954897482591, 0.000000000000000000, -0.7034074173710926914 ) ) ;
#3482 = CARTESIAN_POINT ( 'NONE',  ( -0.6999999999999998446, 0.5999999999999999778, -0.7399999999999999911 ) ) ;
#3483 = EDGE_LOOP ( 'NONE', ( #1155, #2155, #3604, #1458 ) ) ;
#3484 = VECTOR ( 'NONE', #1802, 1000.000000000000000 ) ;
#3485 = DIRECTION ( 'NONE',  ( -0.000000000000000000, 1.000000000000000000, 0.000000000000000000 ) ) ;
#3486 = PLANE ( 'NONE',  #1542 ) ;
#3487 = ORIENTED_EDGE ( 'NONE', *, *, #118, .F. ) ;
#3488 = DIRECTION ( 'NONE',  ( -1.000000000000000000, 0.000000000000000000, 0.000000000000000000 ) ) ;
#3489 = CARTESIAN_POINT ( 'NONE',  ( 0.9034074173710933131, 0.2999999999999999889, 0.7741180954897476374 ) ) ;
#3490 = CARTESIAN_POINT ( 'NONE',  ( 0.8592893218813458800, 0.3000000000000001554, 0.7299999999999998712 ) ) ;
#3491 =( BOUNDED_SURFACE ( )  B_SPLINE_SURFACE ( 2, 3, ( 
 ( #4001, #1891, #1530, #3018 ),
 ( #2615, #101, #2978, #4019 ),
 ( #1934, #3344, #2999, #857 ) ),
 .UNSPECIFIED., .F., .F., .F. ) 
 B_SPLINE_SURFACE_WITH_KNOTS ( ( 3, 3 ),
 ( 4, 4 ),
 ( 0.000000000000000000, 1.000000000000000000 ),
 ( 0.000000000000000000, 0.001399999999999999769 ),
 .UNSPECIFIED. ) 
 GEOMETRIC_REPRESENTATION_ITEM ( )  RATIONAL_B_SPLINE_SURFACE ( (
 ( 1.000000000000000000, 1.000000000000000000, 1.000000000000000000, 1.000000000000000000),
 ( 0.7071067811865475727, 0.7071067811865475727, 0.7071067811865475727, 0.7071067811865475727),
 ( 1.000000000000000000, 1.000000000000000000, 1.000000000000000000, 1.000000000000000000) ) ) 
 REPRESENTATION_ITEM ( '' )  SURFACE ( )  );
#3492 = EDGE_CURVE ( 'NONE', #1723, #152, #3042, .T. ) ;
#3493 = EDGE_CURVE ( 'NONE', #3212, #2446, #4453, .T. ) ;
#3494 = CARTESIAN_POINT ( 'NONE',  ( 0.8999999999999999112, 0.6700000000000025935, -0.5000000000000000000 ) ) ;
#3495 = DIRECTION ( 'NONE',  ( -0.000000000000000000, 1.000000000000000000, -0.000000000000000000 ) ) ;
#3496 = LINE ( 'NONE', #1673, #1045 ) ;
#3497 =( LENGTH_UNIT ( ) NAMED_UNIT ( * ) SI_UNIT ( .MILLI., .METRE. ) );
#3498 = ORIENTED_EDGE ( 'NONE', *, *, #286, .T. ) ;
#3499 = LINE ( 'NONE', #4485, #3889 ) ;
#3500 = COLOUR_RGB ( '',0.9686274509803921573, 0.8784313725490195957, 0.5999999999999999778 ) ;
#3501 = DIRECTION ( 'NONE',  ( -0.7071067811865457964, 0.000000000000000000, 0.7071067811865492381 ) ) ;
#3502 = ORIENTED_EDGE ( 'NONE', *, *, #2705, .T. ) ;
#3503 = EDGE_CURVE ( 'NONE', #1769, #1075, #3712, .T. ) ;
#3504 = VECTOR ( 'NONE', #2035, 1000.000000000000000 ) ;
#3505 = CARTESIAN_POINT ( 'NONE',  ( -0.8999999999999999112, 0.6000000000000000888, 0.1666666666666664631 ) ) ;
#3506 = CARTESIAN_POINT ( 'NONE',  ( -0.6999999999999999556, 0.7599999999999997868, 0.4999999999999998890 ) ) ;
#3507 = EDGE_CURVE ( 'NONE', #2797, #4245, #3054, .T. ) ;
#3508 = EDGE_CURVE ( 'NONE', #2865, #277, #4079, .T. ) ;
#3509 = ORIENTED_EDGE ( 'NONE', *, *, #1543, .F. ) ;
#3510 = ORIENTED_EDGE ( 'NONE', *, *, #206, .F. ) ;
#3511 = LINE ( 'NONE', #2498, #1387 ) ;
#3512 = VERTEX_POINT ( 'NONE', #3357 ) ;
#3513 =( LENGTH_UNIT ( ) NAMED_UNIT ( * ) SI_UNIT ( .MILLI., .METRE. ) );
#3514 = DIRECTION ( 'NONE',  ( -0.000000000000000000, 1.000000000000000000, -0.000000000000000000 ) ) ;
#3515 =( GEOMETRIC_REPRESENTATION_CONTEXT ( 3 ) GLOBAL_UNCERTAINTY_ASSIGNED_CONTEXT ( ( #1703 ) ) GLOBAL_UNIT_ASSIGNED_CONTEXT ( ( #1224, #4379, #3324 ) ) REPRESENTATION_CONTEXT ( 'NONE', 'WORKASPACE' ) );
#3516 = PRESENTATION_LAYER_ASSIGNMENT (  '', '', ( #790 ) ) ;
#3517 = FILL_AREA_STYLE ('',( #1784 ) ) ;
#3518 = SURFACE_STYLE_USAGE ( .BOTH. , #3842 ) ;
#3519 = EDGE_LOOP ( 'NONE', ( #3089, #198, #2894, #1933, #2375, #259, #2863, #3255 ) ) ;
#3520 = AXIS2_PLACEMENT_3D ( 'NONE', #3249, #2993, #1906 ) ;
#3521 = CARTESIAN_POINT ( 'NONE',  ( -0.8784452735923613531, 0.6000000000000000888, 0.6043974388822674904 ) ) ;
#3522 = CARTESIAN_POINT ( 'NONE',  ( -0.6999999999999999556, 0.6700000000000000400, 0.6699999999999999289 ) ) ;
#3523 = VECTOR ( 'NONE', #2568, 1000.000000000000000 ) ;
#3524 = AXIS2_PLACEMENT_3D ( 'NONE', #1391, #2804, #298 ) ;
#3525 = EDGE_CURVE ( 'NONE', #65, #1950, #2297, .T. ) ;
#3526 = MECHANICAL_DESIGN_GEOMETRIC_PRESENTATION_REPRESENTATION (  '', ( #3299 ), #2793 ) ;
#3527 = EDGE_CURVE ( 'NONE', #1905, #35, #373, .T. ) ;
#3528 = ORIENTED_EDGE ( 'NONE', *, *, #4519, .F. ) ;
#3529 = CARTESIAN_POINT ( 'NONE',  ( -0.1499999999999999944, 0.000000000000000000, -0.7399999999999998801 ) ) ;
#3530 = DIRECTION ( 'NONE',  ( 0.000000000000000000, -0.000000000000000000, -1.000000000000000000 ) ) ;
#3531 = ORIENTED_EDGE ( 'NONE', *, *, #3846, .F. ) ;
#3532 = CIRCLE ( 'NONE', #50, 0.1000000000000001582 ) ;
#3533 = DIRECTION ( 'NONE',  ( 0.000000000000000000, 1.000000000000000000, 0.000000000000000000 ) ) ;
#3534 = STYLED_ITEM ( 'NONE', ( #4133 ), #4504 ) ;
#3535 = LINE ( 'NONE', #1774, #4277 ) ;
#3536 = ORIENTED_EDGE ( 'NONE', *, *, #2741, .T. ) ;
#3537 = VERTEX_POINT ( 'NONE', #2318 ) ;
#3538 = FILL_AREA_STYLE ('',( #3906 ) ) ;
#3539 = ORIENTED_EDGE ( 'NONE', *, *, #365, .F. ) ;
#3540 = FACE_OUTER_BOUND ( 'NONE', #2975, .T. ) ;
#3541 = DIRECTION ( 'NONE',  ( 0.000000000000000000, 0.000000000000000000, 1.000000000000000000 ) ) ;
#3542 = AXIS2_PLACEMENT_3D ( 'NONE', #1907, #1150, #3250 ) ;
#3543 = PLANE ( 'NONE',  #2716 ) ;
#3544 = CARTESIAN_POINT ( 'NONE',  ( -0.3500000000000003109, 0.2999999999999999889, 0.7299999999999993161 ) ) ;
#3545 = CARTESIAN_POINT ( 'NONE',  ( 1.000000000000000000, 0.000000000000000000, -0.7999999999999999334 ) ) ;
#3546 = ORIENTED_EDGE ( 'NONE', *, *, #3828, .T. ) ;
#3547 = CARTESIAN_POINT ( 'NONE',  ( -0.8499999999999998668, 0.7000000000000000666, 0.4999999999999998890 ) ) ;
#3548 = DIRECTION ( 'NONE',  ( -0.7071067811865483499, 0.000000000000000000, 0.7071067811865465735 ) ) ;
#3549 = COLOUR_RGB ( '',0.9686274509803921573, 0.8784313725490195957, 0.5999999999999999778 ) ;
#3550 = VERTEX_POINT ( 'NONE', #3729 ) ;
#3551 =( NAMED_UNIT ( * ) PLANE_ANGLE_UNIT ( ) SI_UNIT ( $, .RADIAN. ) );
#3552 = CLOSED_SHELL ( 'NONE', ( #3403, #1541, #1397, #4322, #334, #181, #3787, #2816, #1688, #2578, #697, #4414, #4321, #2157, #3643, #826, #2592, #1771 ) ) ;
#3553 = EDGE_LOOP ( 'NONE', ( #1790, #1358, #2617, #2201 ) ) ;
#3554 = EDGE_CURVE ( 'NONE', #4316, #4168, #548, .T. ) ;
#3555 = EDGE_CURVE ( 'NONE', #2187, #1113, #3934, .T. ) ;
#3556 = EDGE_CURVE ( 'NONE', #2907, #1207, #2408, .T. ) ;
#3557 = CARTESIAN_POINT ( 'NONE',  ( -0.9300000000000004929, 0.000000000000000000, 0.6592893218813447032 ) ) ;
#3558 = CARTESIAN_POINT ( 'NONE',  ( -0.8592893218813456579, 0.000000000000000000, -0.7300000000000000933 ) ) ;
#3559 = CARTESIAN_POINT ( 'NONE',  ( -0.6999999999999998446, 0.7600000000000000089, -0.6099999999999996536 ) ) ;
#3560 = EDGE_LOOP ( 'NONE', ( #355, #3623, #1893, #4255 ) ) ;
#3561 = EDGE_CURVE ( 'NONE', #401, #1525, #2431, .T. ) ;
#3562 =( LENGTH_UNIT ( ) NAMED_UNIT ( * ) SI_UNIT ( .MILLI., .METRE. ) );
#3563 = ORIENTED_EDGE ( 'NONE', *, *, #123, .F. ) ;
#3564 = PLANE ( 'NONE',  #173 ) ;
#3565 =( LENGTH_UNIT ( ) NAMED_UNIT ( * ) SI_UNIT ( .MILLI., .METRE. ) );
#3566 = LINE ( 'NONE', #1461, #4104 ) ;
#3567 = VECTOR ( 'NONE', #707, 1000.000000000000000 ) ;
#3568 = DIRECTION ( 'NONE',  ( 0.000000000000000000, 0.000000000000000000, 1.000000000000000000 ) ) ;
#3569 = VERTEX_POINT ( 'NONE', #1049 ) ;
#3570 = DIRECTION ( 'NONE',  ( 1.000000000000000000, 0.000000000000000000, 0.000000000000000000 ) ) ;
#3571 = CYLINDRICAL_SURFACE ( 'NONE', #1092, 0.02999999999999997113 ) ;
#3572 = B_SPLINE_CURVE_WITH_KNOTS ( 'NONE', 3,
 ( #859, #4404, #133, #1205 ),
 .UNSPECIFIED., .F., .F.,
 ( 4, 4 ),
 ( 0.000000000000000000, 1.000000000000000000 ),
 .UNSPECIFIED. ) ;
#3573 = EDGE_LOOP ( 'NONE', ( #4497, #3691, #379, #3943 ) ) ;
#3574 =( NAMED_UNIT ( * ) SI_UNIT ( $, .STERADIAN. ) SOLID_ANGLE_UNIT ( ) );
#3575 = EDGE_LOOP ( 'NONE', ( #1767, #1644, #3743, #3156, #4354, #1067, #4122 ) ) ;
#3576 = COLOUR_RGB ( '',0.9686274509803921573, 0.8784313725490195957, 0.5999999999999999778 ) ;
#3577 = DIRECTION ( 'NONE',  ( -1.000000000000000000, 0.000000000000000000, -0.000000000000000000 ) ) ;
#3578 = CARTESIAN_POINT ( 'NONE',  ( 0.9034074173710933131, 0.2999999999999999334, -0.7741180954897476374 ) ) ;
#3579 = VERTEX_POINT ( 'NONE', #4254 ) ;
#3580 = VECTOR ( 'NONE', #1983, 1000.000000000000000 ) ;
#3581 = VECTOR ( 'NONE', #1820, 1000.000000000000000 ) ;
#3582 = VERTEX_POINT ( 'NONE', #1785 ) ;
#3583 =( NAMED_UNIT ( * ) PLANE_ANGLE_UNIT ( ) SI_UNIT ( $, .RADIAN. ) );
#3584 = ORIENTED_EDGE ( 'NONE', *, *, #4135, .F. ) ;
#3585 = FACE_OUTER_BOUND ( 'NONE', #2196, .T. ) ;
#3586 = DIRECTION ( 'NONE',  ( -0.7071067811865492381, 0.000000000000000000, 0.7071067811865457964 ) ) ;
#3587 = DIRECTION ( 'NONE',  ( -0.000000000000000000, 1.000000000000000000, 0.000000000000000000 ) ) ;
#3588 = CARTESIAN_POINT ( 'NONE',  ( 0.8592893218813458800, 0.2999999999999999334, -0.7299999999999998712 ) ) ;
#3589 = EDGE_LOOP ( 'NONE', ( #1815, #1191, #1570, #4489, #3169, #194, #1808, #4289 ) ) ;
#3590 = CYLINDRICAL_SURFACE ( 'NONE', #1122, 0.02999999999999997113 ) ;
#3591 = CARTESIAN_POINT ( 'NONE',  ( -0.8999999999999999112, 0.5999999999999999778, 0.8000000000000001554 ) ) ;
#3592 = STYLED_ITEM ( 'NONE', ( #2755 ), #1806 ) ;
#3593 = VECTOR ( 'NONE', #8, 1000.000000000000000 ) ;
#3594 = ADVANCED_FACE ( 'NONE', ( #2480 ), #326, .F. ) ;
#3595 = ORIENTED_EDGE ( 'NONE', *, *, #817, .T. ) ;
#3596 = UNCERTAINTY_MEASURE_WITH_UNIT (LENGTH_MEASURE( 1.000000000000000082E-05 ), #333, 'distance_accuracy_value', 'NONE');
#3597 = EDGE_LOOP ( 'NONE', ( #34, #2756, #370, #1124 ) ) ;
#3598 = VECTOR ( 'NONE', #4024, 1000.000000000000000 ) ;
#3599 = EDGE_CURVE ( 'NONE', #532, #2822, #2826, .T. ) ;
#3600 = CIRCLE ( 'NONE', #2272, 0.02999999999999997113 ) ;
#3601 = DIRECTION ( 'NONE',  ( 0.000000000000000000, 0.000000000000000000, 1.000000000000000000 ) ) ;
#3602 = VERTEX_POINT ( 'NONE', #369 ) ;
#3603 = STYLED_ITEM ( 'NONE', ( #3007 ), #4483 ) ;
#3604 = ORIENTED_EDGE ( 'NONE', *, *, #1716, .F. ) ;
#3605 = DIRECTION ( 'NONE',  ( 0.000000000000000000, 0.000000000000000000, 1.000000000000000000 ) ) ;
#3606 = VERTEX_POINT ( 'NONE', #387 ) ;
#3607 = FACE_OUTER_BOUND ( 'NONE', #3658, .T. ) ;
#3608 = ADVANCED_FACE ( 'NONE', ( #2849 ), #3125, .F. ) ;
#3609 = SURFACE_SIDE_STYLE ('',( #2128 ) ) ;
#3610 = DIRECTION ( 'NONE',  ( 1.084202172485504681E-16, -0.000000000000000000, 1.000000000000000000 ) ) ;
#3611 = AXIS2_PLACEMENT_3D ( 'NONE', #490, #893, #831 ) ;
#3612 = EDGE_LOOP ( 'NONE', ( #1172, #1779, #3880, #2242 ) ) ;
#3613 = FACE_OUTER_BOUND ( 'NONE', #2901, .T. ) ;
#3614 = CARTESIAN_POINT ( 'NONE',  ( -0.8099999999999999423, 0.7600000000000000089, 8.782037597132587148E-17 ) ) ;
#3615 = MECHANICAL_DESIGN_GEOMETRIC_PRESENTATION_REPRESENTATION (  '', ( #2435 ), #428 ) ;
#3616 = EDGE_LOOP ( 'NONE', ( #3177, #4042, #2586, #1501 ) ) ;
#3617 = AXIS2_PLACEMENT_3D ( 'NONE', #4089, #3027, #4425 ) ;
#3618 = FILL_AREA_STYLE ('',( #3228 ) ) ;
#3619 = DIRECTION ( 'NONE',  ( -0.000000000000000000, 1.000000000000000000, -0.000000000000000000 ) ) ;
#3620 = CARTESIAN_POINT ( 'NONE',  ( -1.000000000000000000, 0.2999999999999999889, 0.7999999999999999334 ) ) ;
#3621 = ORIENTED_EDGE ( 'NONE', *, *, #2534, .T. ) ;
#3622 = AXIS2_PLACEMENT_3D ( 'NONE', #284, #348, #655 ) ;
#3623 = ORIENTED_EDGE ( 'NONE', *, *, #3894, .F. ) ;
#3624 = ORIENTED_EDGE ( 'NONE', *, *, #1861, .F. ) ;
#3625 = DIRECTION ( 'NONE',  ( -1.000000000000000000, 0.000000000000000000, -0.000000000000000000 ) ) ;
#3626 = LINE ( 'NONE', #4251, #2338 ) ;
#3627 = UNCERTAINTY_MEASURE_WITH_UNIT (LENGTH_MEASURE( 1.000000000000000082E-05 ), #4433, 'distance_accuracy_value', 'NONE');
#3628 = CARTESIAN_POINT ( 'NONE',  ( 0.9741180954897482591, 0.2999999999999999889, 0.7034074173710926914 ) ) ;
#3629 = CARTESIAN_POINT ( 'NONE',  ( 0.9300000000000002709, 0.2999999999999999889, 0.6592893218813449252 ) ) ;
#3630 = VECTOR ( 'NONE', #411, 1000.000000000000000 ) ;
#3631 = ORIENTED_EDGE ( 'NONE', *, *, #2974, .T. ) ;
#3632 = PRESENTATION_LAYER_ASSIGNMENT (  '', '', ( #4286 ) ) ;
#3633 = CARTESIAN_POINT ( 'NONE',  ( -0.8699999999999999956, 0.6999999999999999556, -0.4999999999999998890 ) ) ;
#3634 = ADVANCED_FACE ( 'NONE', ( #3914 ), #3117, .T. ) ;
#3636 = EDGE_CURVE ( 'NONE', #4190, #941, #3856, .T. ) ;
#3635 = CARTESIAN_POINT ( 'NONE',  ( -0.8999999999999998002, 0.6000000000000000888, -0.4999999999999999445 ) ) ;
#3637 = PLANE ( 'NONE',  #465 ) ;
#3638 = AXIS2_PLACEMENT_3D ( 'NONE', #1094, #3495, #1443 ) ;
#3639 = CARTESIAN_POINT ( 'NONE',  ( 0.9299999999999999378, 0.000000000000000000, -0.2499999999999994171 ) ) ;
#3640 = CYLINDRICAL_SURFACE ( 'NONE', #4131, 0.1000000000000001582 ) ;
#3641 = ORIENTED_EDGE ( 'NONE', *, *, #1951, .F. ) ;
#3642 =( LENGTH_UNIT ( ) NAMED_UNIT ( * ) SI_UNIT ( .MILLI., .METRE. ) );
#3643 = ADVANCED_FACE ( 'NONE', ( #2810 ), #4292, .T. ) ;
#3644 = DIRECTION ( 'NONE',  ( 0.000000000000000000, 0.000000000000000000, 1.000000000000000000 ) ) ;
#3645 = DIRECTION ( 'NONE',  ( -2.648987194441927739E-16, -0.000000000000000000, -1.000000000000000000 ) ) ;
#3646 = EDGE_LOOP ( 'NONE', ( #1311, #3927, #3641, #3674 ) ) ;
#3647 = EDGE_CURVE ( 'NONE', #2801, #2392, #3866, .T. ) ;
#3648 = ORIENTED_EDGE ( 'NONE', *, *, #1251, .T. ) ;
#3649 = DIRECTION ( 'NONE',  ( 0.7071067811865479058, 0.000000000000000000, 0.7071067811865471286 ) ) ;
#3650 = EDGE_LOOP ( 'NONE', ( #2510, #785, #191, #1230 ) ) ;
#3651 = ADVANCED_FACE ( 'NONE', ( #2788 ), #4530, .F. ) ;
#3652 = CARTESIAN_POINT ( 'NONE',  ( -0.8592893218813456579, 1.114998880451716579, -0.7300000000000000933 ) ) ;
#3653 = CARTESIAN_POINT ( 'NONE',  ( 0.9034074173710933131, 0.000000000000000000, 0.7741180954897476374 ) ) ;
#3654 =( GEOMETRIC_REPRESENTATION_CONTEXT ( 3 ) GLOBAL_UNCERTAINTY_ASSIGNED_CONTEXT ( ( #2025 ) ) GLOBAL_UNIT_ASSIGNED_CONTEXT ( ( #368, #4293, #749 ) ) REPRESENTATION_CONTEXT ( 'NONE', 'WORKASPACE' ) );
#3655 = CIRCLE ( 'NONE', #2471, 0.1000000000000000472 ) ;
#3656 = CARTESIAN_POINT ( 'NONE',  ( 0.1499999999999999944, 0.5999999999999999778, -0.7999999999999998224 ) ) ;
#3657 = LINE ( 'NONE', #769, #3598 ) ;
#3658 = EDGE_LOOP ( 'NONE', ( #1732, #3225, #1897, #3648 ) ) ;
#3659 = DIRECTION ( 'NONE',  ( 1.000000000000000000, 0.000000000000000000, 0.000000000000000000 ) ) ;
#3660 = EDGE_LOOP ( 'NONE', ( #2869, #2261, #833, #2283 ) ) ;
#3661 = CARTESIAN_POINT ( 'NONE',  ( -0.7525068624277357898, 0.6000000000000101918, -0.6999999990504419678 ) ) ;
#3662 =( LENGTH_UNIT ( ) NAMED_UNIT ( * ) SI_UNIT ( .MILLI., .METRE. ) );
#3663 =( NAMED_UNIT ( * ) PLANE_ANGLE_UNIT ( ) SI_UNIT ( $, .RADIAN. ) );
#3664 = DIRECTION ( 'NONE',  ( 0.000000000000000000, 0.000000000000000000, 1.000000000000000000 ) ) ;
#3665 = ORIENTED_EDGE ( 'NONE', *, *, #2251, .F. ) ;
#3666 = EDGE_CURVE ( 'NONE', #846, #4287, #1024, .T. ) ;
#3667 = STYLED_ITEM ( 'NONE', ( #4400 ), #2678 ) ;
#3668 = MECHANICAL_DESIGN_GEOMETRIC_PRESENTATION_REPRESENTATION (  '', ( #3592 ), #2106 ) ;
#3669 =( NAMED_UNIT ( * ) PLANE_ANGLE_UNIT ( ) SI_UNIT ( $, .RADIAN. ) );
#3670 =( BOUNDED_SURFACE ( )  B_SPLINE_SURFACE ( 2, 3, ( 
 ( #4431, #233, #1190, #865, #3686, #2038 ),
 ( #3082, #1765, #4454, #3521, #3151, #1328 ),
 ( #2462, #3819, #4116, #961, #4557, #4208 ) ),
 .UNSPECIFIED., .F., .F., .T. ) 
 B_SPLINE_SURFACE_WITH_KNOTS ( ( 3, 3 ),
 ( 4, 2, 4 ),
 ( 0.000000000000000000, 1.000000000000000000 ),
 ( 3.141592653589793116, 3.926990816987241395, 4.712388980384689674 ),
 .UNSPECIFIED. ) 
 GEOMETRIC_REPRESENTATION_ITEM ( )  RATIONAL_B_SPLINE_SURFACE ( (
 ( 1.000000000000000000, 1.000000000000000000, 1.000000000000000000, 1.000000000000000000, 1.000000000000000000, 1.000000000000000000),
 ( 0.7071067811865465735, 0.7071067811865465735, 0.7071067811865462405, 0.7071067811865462405, 0.7071067811865465735, 0.7071067811865465735),
 ( 1.000000000000000000, 1.000000000000000000, 1.000000000000000000, 1.000000000000000000, 1.000000000000000000, 1.000000000000000000) ) ) 
 REPRESENTATION_ITEM ( '' )  SURFACE ( )  );
#3671 = PRESENTATION_LAYER_ASSIGNMENT (  '', '', ( #3449 ) ) ;
#3672 = CARTESIAN_POINT ( 'NONE',  ( 0.6999999999999998446, 0.6700000000000000400, 0.6699999999999998179 ) ) ;
#3673 = DIRECTION ( 'NONE',  ( -0.000000000000000000, -1.000000000000000000, -0.000000000000000000 ) ) ;
#3674 = ORIENTED_EDGE ( 'NONE', *, *, #2369, .F. ) ;
#3675 =( GEOMETRIC_REPRESENTATION_CONTEXT ( 3 ) GLOBAL_UNCERTAINTY_ASSIGNED_CONTEXT ( ( #2607 ) ) GLOBAL_UNIT_ASSIGNED_CONTEXT ( ( #2828, #2597, #427 ) ) REPRESENTATION_CONTEXT ( 'NONE', 'WORKASPACE' ) );
#3676 = ORIENTED_EDGE ( 'NONE', *, *, #870, .T. ) ;
#3677 = VECTOR ( 'NONE', #1180, 1000.000000000000000 ) ;
#3678 = ORIENTED_EDGE ( 'NONE', *, *, #2707, .F. ) ;
#3679 = SURFACE_STYLE_FILL_AREA ( #4063 ) ;
#3680 = DIRECTION ( 'NONE',  ( -0.000000000000000000, 1.000000000000000000, -0.000000000000000000 ) ) ;
#3681 = LINE ( 'NONE', #2619, #3744 ) ;
#3682 = ORIENTED_EDGE ( 'NONE', *, *, #539, .T. ) ;
#3683 = CARTESIAN_POINT ( 'NONE',  ( 0.8499999999999998668, -1.580350850198276369, 0.4999999999999998890 ) ) ;
#3684 = DIRECTION ( 'NONE',  ( 0.7071067811865457964, -0.000000000000000000, -0.7071067811865492381 ) ) ;
#3685 = DIRECTION ( 'NONE',  ( 0.000000000000000000, 0.000000000000000000, -1.000000000000000000 ) ) ;
#3686 = CARTESIAN_POINT ( 'NONE',  ( -0.9399999988605380885, 0.6000000000000000888, 0.5630082349132842223 ) ) ;
#3687 = ORIENTED_EDGE ( 'NONE', *, *, #206, .T. ) ;
#3688 = ADVANCED_FACE ( 'NONE', ( #2060 ), #305, .T. ) ;
#3689 = CARTESIAN_POINT ( 'NONE',  ( -0.9299999999999999378, 0.2999999999999999334, -0.2499999999999996392 ) ) ;
#3690 = EDGE_CURVE ( 'NONE', #4016, #2907, #105, .T. ) ;
#3691 = ORIENTED_EDGE ( 'NONE', *, *, #4434, .T. ) ;
#3692 = STYLED_ITEM ( 'NONE', ( #1451 ), #1055 ) ;
#3693 = ORIENTED_EDGE ( 'NONE', *, *, #1825, .T. ) ;
#3694 = DIRECTION ( 'NONE',  ( -0.000000000000000000, -1.000000000000000000, -0.000000000000000000 ) ) ;
#3695 = ORIENTED_EDGE ( 'NONE', *, *, #2251, .T. ) ;
#3696 = LINE ( 'NONE', #1557, #3356 ) ;
#3697 = CARTESIAN_POINT ( 'NONE',  ( 0.3500000000000000333, 0.2999999999999999889, -0.2499999999999995282 ) ) ;
#3698 = CIRCLE ( 'NONE', #589, 0.1000000000000001582 ) ;
#3699 = CARTESIAN_POINT ( 'NONE',  ( 0.2333333333333328929, 0.6700000000000000400, 0.6999999999999998446 ) ) ;
#3700 = FACE_OUTER_BOUND ( 'NONE', #2463, .T. ) ;
#3701 = VERTEX_POINT ( 'NONE', #1186 ) ;
#3702 = DIRECTION ( 'NONE',  ( 0.000000000000000000, -0.000000000000000000, 1.000000000000000000 ) ) ;
#3703 =( LENGTH_UNIT ( ) NAMED_UNIT ( * ) SI_UNIT ( .MILLI., .METRE. ) );
#3704 = FACE_OUTER_BOUND ( 'NONE', #2263, .T. ) ;
#3705 = LINE ( 'NONE', #1563, #4240 ) ;
#3706 = AXIS2_PLACEMENT_3D ( 'NONE', #1139, #3960, #2528 ) ;
#3707 = VECTOR ( 'NONE', #1403, 1000.000000000000000 ) ;
#3708 = PLANE ( 'NONE',  #1657 ) ;
#3709 = DIRECTION ( 'NONE',  ( -1.000000000000000000, -0.000000000000000000, 7.744301232039319147E-17 ) ) ;
#3710 = LINE ( 'NONE', #485, #2516 ) ;
#3711 = EDGE_CURVE ( 'NONE', #1510, #3701, #3817, .T. ) ;
#3712 = CIRCLE ( 'NONE', #235, 0.02999999999999997113 ) ;
#3713 = CARTESIAN_POINT ( 'NONE',  ( -0.9299999999999999378, 0.2999999999999999334, -0.2499999999999996392 ) ) ;
#3714 = EDGE_LOOP ( 'NONE', ( #735, #1118, #3873, #1288 ) ) ;
#3715 = DIRECTION ( 'NONE',  ( -1.000000000000000000, -0.000000000000000000, -0.000000000000000000 ) ) ;
#3716 = FACE_OUTER_BOUND ( 'NONE', #2850, .T. ) ;
#3717 = LINE ( 'NONE', #3697, #4170 ) ;
#3718 = ORIENTED_EDGE ( 'NONE', *, *, #4030, .T. ) ;
#3719 = EDGE_CURVE ( 'NONE', #2680, #1723, #3657, .T. ) ;
#3720 = DIRECTION ( 'NONE',  ( 0.7071067811865483499, 0.000000000000000000, -0.7071067811865466846 ) ) ;
#3721 = CARTESIAN_POINT ( 'NONE',  ( 1.000000000000000000, 0.000000000000000000, -0.7999999999999997113 ) ) ;
#3722 = ORIENTED_EDGE ( 'NONE', *, *, #507, .T. ) ;
#3723 = STYLED_ITEM ( 'NONE', ( #3433 ), #2186 ) ;
#3724 = DIRECTION ( 'NONE',  ( 0.000000000000000000, 1.000000000000000000, 0.000000000000000000 ) ) ;
#3725 = CARTESIAN_POINT ( 'NONE',  ( 0.2099999999999999090, 0.000000000000000000, 0.8000000000000001554 ) ) ;
#3726 = PRESENTATION_STYLE_ASSIGNMENT (( #545 ) ) ;
#3727 = SURFACE_STYLE_USAGE ( .BOTH. , #3396 ) ;
#3728 = VECTOR ( 'NONE', #4203, 1000.000000000000000 ) ;
#3729 = CARTESIAN_POINT ( 'NONE',  ( -0.8499999999999998668, 0.7599999999999997868, 0.4999999999999998890 ) ) ;
#3730 = FACE_OUTER_BOUND ( 'NONE', #1796, .T. ) ;
#3731 = CARTESIAN_POINT ( 'NONE',  ( 1.000000000000000000, 0.5999999999999999778, 0.6999999999999999556 ) ) ;
#3732 = ADVANCED_FACE ( 'NONE', ( #4315 ), #3285, .F. ) ;
#3733 = FILL_AREA_STYLE_COLOUR ( '', #1533 ) ;
#3734 = CARTESIAN_POINT ( 'NONE',  ( 0.9000000000000000222, 0.6700000000000000400, 0.5523598775598299593 ) ) ;
#3735 = FILL_AREA_STYLE ('',( #262 ) ) ;
#3736 = ORIENTED_EDGE ( 'NONE', *, *, #4180, .F. ) ;
#3737 =( GEOMETRIC_REPRESENTATION_CONTEXT ( 3 ) GLOBAL_UNCERTAINTY_ASSIGNED_CONTEXT ( ( #1834 ) ) GLOBAL_UNIT_ASSIGNED_CONTEXT ( ( #1243, #1220, #2633 ) ) REPRESENTATION_CONTEXT ( 'NONE', 'WORKASPACE' ) );
#3738 = MECHANICAL_DESIGN_GEOMETRIC_PRESENTATION_REPRESENTATION (  '', ( #3295 ), #340 ) ;
#3739 = FILL_AREA_STYLE ('',( #216 ) ) ;
#3740 = AXIS2_PLACEMENT_3D ( 'NONE', #2845, #426, #3981 ) ;
#3741 = CARTESIAN_POINT ( 'NONE',  ( 0.9399999988747529400, 0.6000000000000000888, -0.5622223859623601827 ) ) ;
#3742 = LINE ( 'NONE', #4543, #2922 ) ;
#3743 = ORIENTED_EDGE ( 'NONE', *, *, #3052, .T. ) ;
#3744 = VECTOR ( 'NONE', #3241, 1000.000000000000000 ) ;
#3745 = CARTESIAN_POINT ( 'NONE',  ( 0.8999999999999999112, 0.6700000000000000400, 0.1666666666666666852 ) ) ;
#3746 = CARTESIAN_POINT ( 'NONE',  ( -0.6800000000000000488, 0.8000000000000000444, 0.4800000000000001488 ) ) ;
#3747 = EDGE_LOOP ( 'NONE', ( #2874, #691, #2499, #709 ) ) ;
#3748 = CARTESIAN_POINT ( 'NONE',  ( -0.3499999999999999223, 0.000000000000000000, -0.2499999999999996392 ) ) ;
#3749 = LINE ( 'NONE', #3311, #2772 ) ;
#3750 = EDGE_CURVE ( 'NONE', #3115, #558, #2241, .T. ) ;
#3751 = AXIS2_PLACEMENT_3D ( 'NONE', #1554, #3999, #1112 ) ;
#3752 = EDGE_CURVE ( 'NONE', #4357, #3954, #3261, .T. ) ;
#3753 = CARTESIAN_POINT ( 'NONE',  ( -0.9034074173710935352, 0.2999999999999999889, 0.7741180954897474153 ) ) ;
#3754 = LINE ( 'NONE', #890, #2295 ) ;
#3755 = SURFACE_SIDE_STYLE ('',( #1970 ) ) ;
#3756 = EDGE_CURVE ( 'NONE', #1177, #1200, #2914, .T. ) ;
#3757 = DIRECTION ( 'NONE',  ( 0.000000000000000000, 1.000000000000000000, 0.000000000000000000 ) ) ;
#3758 = CARTESIAN_POINT ( 'NONE',  ( 0.8999999999999999112, 0.6700000000000001510, 0.5525068624343240087 ) ) ;
#3759 = ORIENTED_EDGE ( 'NONE', *, *, #3750, .T. ) ;
#3760 = CARTESIAN_POINT ( 'NONE',  ( 0.9300000000000002709, 0.2999999999999999889, -0.6592893218813449252 ) ) ;
#3761 = PLANE ( 'NONE',  #2954 ) ;
#3762 = CARTESIAN_POINT ( 'NONE',  ( 0.8499999999999998668, 0.7000000000000000666, 0.4999999999999998890 ) ) ;
#3763 = ORIENTED_EDGE ( 'NONE', *, *, #456, .T. ) ;
#3764 = VECTOR ( 'NONE', #2702, 1000.000000000000000 ) ;
#3765 = CARTESIAN_POINT ( 'NONE',  ( 0.9399999999999998357, 0.6000000000000000888, 0.1666666666666666852 ) ) ;
#3766 = LINE ( 'NONE', #2781, #413 ) ;
#3767 = EDGE_LOOP ( 'NONE', ( #1579, #347, #3142, #342 ) ) ;
#3768 = PLANE ( 'NONE',  #2286 ) ;
#3769 = AXIS2_PLACEMENT_3D ( 'NONE', #4373, #4056, #4412 ) ;
#3770 = CARTESIAN_POINT ( 'NONE',  ( 0.9399999999999998357, 0.5999999999999999778, 0.5000000000000000000 ) ) ;
#3771 = FILL_AREA_STYLE ('',( #2362 ) ) ;
#3772 = LINE ( 'NONE', #3470, #1878 ) ;
#3773 = DIRECTION ( 'NONE',  ( 0.000000000000000000, -1.000000000000000000, 0.000000000000000000 ) ) ;
#3774 = CARTESIAN_POINT ( 'NONE',  ( -1.000000000000000000, 0.000000000000000000, 0.7999999999999999334 ) ) ;
#3775 = DIRECTION ( 'NONE',  ( 0.7071067811865457964, 0.000000000000000000, -0.7071067811865492381 ) ) ;
#3776 = FILL_AREA_STYLE_COLOUR ( '', #2119 ) ;
#3777 = ORIENTED_EDGE ( 'NONE', *, *, #608, .T. ) ;
#3778 = CARTESIAN_POINT ( 'NONE',  ( -0.9300000000000004929, 0.2999999999999999889, 0.6592893218813447032 ) ) ;
#3779 = FILL_AREA_STYLE ('',( #4460 ) ) ;
#3780 = SURFACE_SIDE_STYLE ('',( #1655 ) ) ;
#3781 = VERTEX_POINT ( 'NONE', #3588 ) ;
#3782 = CARTESIAN_POINT ( 'NONE',  ( 0.8999999999999999112, 0.6700000000000000400, -0.1666666666666666852 ) ) ;
#3783 = B_SPLINE_CURVE_WITH_KNOTS ( 'NONE', 3,
 ( #3053, #1350, #959, #1023 ),
 .UNSPECIFIED., .F., .F.,
 ( 4, 4 ),
 ( 0.000000000000000000, 1.000000000000000000 ),
 .UNSPECIFIED. ) ;
#3784 = CARTESIAN_POINT ( 'NONE',  ( 0.7160022638161621655, 0.5999999999999998668, -0.7399999997106094796 ) ) ;
#3785 =( NAMED_UNIT ( * ) SI_UNIT ( $, .STERADIAN. ) SOLID_ANGLE_UNIT ( ) );
#3786 = ORIENTED_EDGE ( 'NONE', *, *, #2831, .F. ) ;
#3787 = ADVANCED_FACE ( 'NONE', ( #451 ), #2341, .T. ) ;
#3788 = FACE_OUTER_BOUND ( 'NONE', #1911, .T. ) ;
#3789 = LINE ( 'NONE', #624, #3001 ) ;
#3790 = ORIENTED_EDGE ( 'NONE', *, *, #2407, .F. ) ;
#3791 =( NAMED_UNIT ( * ) SI_UNIT ( $, .STERADIAN. ) SOLID_ANGLE_UNIT ( ) );
#3792 = LINE ( 'NONE', #4069, #1348 ) ;
#3793 = DIRECTION ( 'NONE',  ( 0.7071067811865457964, -0.000000000000000000, -0.7071067811865492381 ) ) ;
#3794 = EDGE_CURVE ( 'NONE', #1079, #2281, #2548, .T. ) ;
#3795 = AXIS2_PLACEMENT_3D ( 'NONE', #1235, #2670, #4372 ) ;
#3796 = CARTESIAN_POINT ( 'NONE',  ( 0.9399999997106097682, 0.6000000000000000888, 0.5160022638161513298 ) ) ;
#3797 = LINE ( 'NONE', #2812, #3254 ) ;
#3798 = FACE_OUTER_BOUND ( 'NONE', #1833, .T. ) ;
#3799 = VECTOR ( 'NONE', #2216, 1000.000000000000000 ) ;
#3800 = ORIENTED_EDGE ( 'NONE', *, *, #418, .T. ) ;
#3801 = DIRECTION ( 'NONE',  ( -0.000000000000000000, -1.000000000000000000, -0.000000000000000000 ) ) ;
#3802 = EDGE_CURVE ( 'NONE', #1177, #673, #1828, .T. ) ;
#3803 = EDGE_LOOP ( 'NONE', ( #1215, #1527, #2130, #1955 ) ) ;
#3804 = EDGE_CURVE ( 'NONE', #1113, #2472, #63, .T. ) ;
#3805 = DIRECTION ( 'NONE',  ( 1.000000000000000000, -0.000000000000000000, 1.414176746720226210E-15 ) ) ;
#3806 = UNCERTAINTY_MEASURE_WITH_UNIT (LENGTH_MEASURE( 1.000000000000000082E-05 ), #3703, 'distance_accuracy_value', 'NONE');
#3807 = FACE_OUTER_BOUND ( 'NONE', #3616, .T. ) ;
#3808 = DIRECTION ( 'NONE',  ( 1.000000000000000000, -0.000000000000000000, 0.000000000000000000 ) ) ;
#3809 = ORIENTED_EDGE ( 'NONE', *, *, #2419, .T. ) ;
#3810 = CIRCLE ( 'NONE', #2789, 0.03999999999999999389 ) ;
#3811 = AXIS2_PLACEMENT_3D ( 'NONE', #1197, #147, #1568 ) ;
#3812 = SURFACE_STYLE_USAGE ( .BOTH. , #1663 ) ;
#3813 = DIRECTION ( 'NONE',  ( 0.000000000000000000, -1.000000000000000000, 0.000000000000000000 ) ) ;
#3814 = ORIENTED_EDGE ( 'NONE', *, *, #3267, .T. ) ;
#3815 = DIRECTION ( 'NONE',  ( 0.000000000000000000, 0.000000000000000000, 1.000000000000000000 ) ) ;
#3816 = DIRECTION ( 'NONE',  ( -0.000000000000000000, -1.000000000000000000, -0.000000000000000000 ) ) ;
#3817 = CIRCLE ( 'NONE', #3450, 0.05999999999999994227 ) ;
#3818 = DIRECTION ( 'NONE',  ( 0.000000000000000000, 0.000000000000000000, 1.000000000000000000 ) ) ;
#3819 = CARTESIAN_POINT ( 'NONE',  ( -0.7525068624343227430, 0.6700000000000001510, 0.6999999999999998446 ) ) ;
#3820 = VECTOR ( 'NONE', #307, 1000.000000000000000 ) ;
#3821 = VECTOR ( 'NONE', #323, 1000.000000000000000 ) ;
#3822 = ORIENTED_EDGE ( 'NONE', *, *, #4533, .T. ) ;
#3823 = VERTEX_POINT ( 'NONE', #4365 ) ;
#3824 = DIRECTION ( 'NONE',  ( -1.000000000000000000, 0.000000000000000000, -1.324493597220963820E-15 ) ) ;
#3825 = DIRECTION ( 'NONE',  ( -1.000000000000000000, 0.000000000000000000, 0.000000000000000000 ) ) ;
#3826 = ORIENTED_EDGE ( 'NONE', *, *, #3525, .F. ) ;
#3827 = AXIS2_PLACEMENT_3D ( 'NONE', #3431, #4097, #2749 ) ;
#3828 = EDGE_CURVE ( 'NONE', #2540, #420, #3681, .T. ) ;
#3829 = DIRECTION ( 'NONE',  ( -1.000000000000000000, 0.000000000000000000, 0.000000000000000000 ) ) ;
#3830 = EDGE_CURVE ( 'NONE', #2915, #3887, #3958, .T. ) ;
#3831 = CARTESIAN_POINT ( 'NONE',  ( 0.9149733303841253163, 0.6000000000000001998, -0.6240135011518714858 ) ) ;
#3832 = ORIENTED_EDGE ( 'NONE', *, *, #513, .F. ) ;
#3833 = DIRECTION ( 'NONE',  ( 0.7071067811865483499, 0.000000000000000000, 0.7071067811865466846 ) ) ;
#3834 = ORIENTED_EDGE ( 'NONE', *, *, #2508, .T. ) ;
#3835 = CARTESIAN_POINT ( 'NONE',  ( 0.6999999999999999556, 0.7599999999999997868, -0.5000000000000000000 ) ) ;
#3836 =( LENGTH_UNIT ( ) NAMED_UNIT ( * ) SI_UNIT ( .MILLI., .METRE. ) );
#3837 = APPLICATION_PROTOCOL_DEFINITION ( 'draft international standard', 'automotive_design', 1998, #2442 ) ;
#3838 = VECTOR ( 'NONE', #300, 1000.000000000000000 ) ;
#3839 = COLOUR_RGB ( '',0.9686274509803921573, 0.8784313725490195957, 0.5999999999999999778 ) ;
#3840 = CIRCLE ( 'NONE', #2439, 0.06000000000000004635 ) ;
#3841 = FACE_OUTER_BOUND ( 'NONE', #3454, .T. ) ;
#3842 = SURFACE_SIDE_STYLE ('',( #2099 ) ) ;
#3843 = CARTESIAN_POINT ( 'NONE',  ( -0.9034074173710935352, 0.2999999999999999889, 0.7741180954897474153 ) ) ;
#3844 = CIRCLE ( 'NONE', #436, 0.1000000000000000472 ) ;
#3845 = EDGE_CURVE ( 'NONE', #4110, #2269, #156, .T. ) ;
#3846 = EDGE_CURVE ( 'NONE', #1014, #3167, #1578, .T. ) ;
#3847 = VERTEX_POINT ( 'NONE', #4294 ) ;
#3848 = LINE ( 'NONE', #3529, #3707 ) ;
#3849 = SURFACE_STYLE_USAGE ( .BOTH. , #1382 ) ;
#3850 = EDGE_LOOP ( 'NONE', ( #1569, #1553, #3809, #1144 ) ) ;
#3851 = AXIS2_PLACEMENT_3D ( 'NONE', #2432, #66, #90 ) ;
#3852 = CIRCLE ( 'NONE', #4367, 0.1499999999999998557 ) ;
#3853 = CARTESIAN_POINT ( 'NONE',  ( 0.3500000000000000333, 0.000000000000000000, 0.2499999999999995282 ) ) ;
#3854 = DIRECTION ( 'NONE',  ( 0.7071067811865466846, -0.000000000000000000, 0.7071067811865484609 ) ) ;
#3855 = ORIENTED_EDGE ( 'NONE', *, *, #800, .T. ) ;
#3856 = CIRCLE ( 'NONE', #1126, 0.1000000000000001582 ) ;
#3857 = VERTEX_POINT ( 'NONE', #901 ) ;
#3858 = DIRECTION ( 'NONE',  ( 0.000000000000000000, -1.000000000000000000, 0.000000000000000000 ) ) ;
#3859 = ORIENTED_EDGE ( 'NONE', *, *, #3503, .T. ) ;
#3860 = DIRECTION ( 'NONE',  ( 1.000000000000000000, 0.000000000000000000, 8.515412563376712390E-16 ) ) ;
#3861 = FACE_OUTER_BOUND ( 'NONE', #2997, .T. ) ;
#3862 = SURFACE_SIDE_STYLE ('',( #384 ) ) ;
#3863 = ADVANCED_FACE ( 'NONE', ( #3074 ), #4423, .T. ) ;
#3864 = EDGE_CURVE ( 'NONE', #335, #1200, #519, .T. ) ;
#3865 = DIRECTION ( 'NONE',  ( 0.000000000000000000, 0.000000000000000000, 1.000000000000000000 ) ) ;
#3866 = LINE ( 'NONE', #3471, #3484 ) ;
#3867 = EDGE_LOOP ( 'NONE', ( #98, #2160, #4197, #1745 ) ) ;
#3868 = DIRECTION ( 'NONE',  ( 0.000000000000000000, -1.000000000000000000, 0.000000000000000000 ) ) ;
#3869 = DIRECTION ( 'NONE',  ( 1.000000000000000000, 0.000000000000000000, -8.515412563376710418E-16 ) ) ;
#3870 = ORIENTED_EDGE ( 'NONE', *, *, #3935, .T. ) ;
#3871 = CARTESIAN_POINT ( 'NONE',  ( -0.6000000000000001998, 0.2999999999999999889, 0.2499999999999998890 ) ) ;
#3872 = AXIS2_PLACEMENT_3D ( 'NONE', #4410, #3313, #1260 ) ;
#3873 = ORIENTED_EDGE ( 'NONE', *, *, #1640, .F. ) ;
#3874 = EDGE_CURVE ( 'NONE', #2349, #1566, #4472, .T. ) ;
#3875 = VECTOR ( 'NONE', #139, 1000.000000000000000 ) ;
#3876 = FACE_OUTER_BOUND ( 'NONE', #2779, .T. ) ;
#3877 =( LENGTH_UNIT ( ) NAMED_UNIT ( * ) SI_UNIT ( .MILLI., .METRE. ) );
#3878 = DIRECTION ( 'NONE',  ( -0.000000000000000000, -1.000000000000000000, -0.000000000000000000 ) ) ;
#3879 = ORIENTED_EDGE ( 'NONE', *, *, #4361, .F. ) ;
#3880 = ORIENTED_EDGE ( 'NONE', *, *, #504, .F. ) ;
#3881 = CARTESIAN_POINT ( 'NONE',  ( 1.000000000000000000, 0.000000000000000000, 0.6999999999999999556 ) ) ;
#3882 = ORIENTED_EDGE ( 'NONE', *, *, #1534, .T. ) ;
#3883 = CARTESIAN_POINT ( 'NONE',  ( -0.1499999999999999944, 0.000000000000000000, -0.7399999999999998801 ) ) ;
#3884 = CARTESIAN_POINT ( 'NONE',  ( 1.000000000000000000, 1.114998880451716579, -0.7999999999999997113 ) ) ;
#3885 = STYLED_ITEM ( 'NONE', ( #3296 ), #2104 ) ;
#3886 = DIRECTION ( 'NONE',  ( 0.000000000000000000, 1.000000000000000000, 0.000000000000000000 ) ) ;
#3887 = VERTEX_POINT ( 'NONE', #3025 ) ;
#3888 = ADVANCED_FACE ( 'NONE', ( #3700 ), #2333, .F. ) ;
#3889 = VECTOR ( 'NONE', #4212, 1000.000000000000000 ) ;
#3890 = DIRECTION ( 'NONE',  ( 0.000000000000000000, -1.000000000000000000, 0.000000000000000000 ) ) ;
#3892 = ADVANCED_FACE ( 'NONE', ( #1621 ), #2288, .F. ) ;
#3891 = CARTESIAN_POINT ( 'NONE',  ( 0.9299999999999999378, 0.2999999999999999334, -0.2499999999999994171 ) ) ;
#3893 = EDGE_CURVE ( 'NONE', #1345, #3212, #1937, .T. ) ;
#3894 = EDGE_CURVE ( 'NONE', #1171, #1207, #2734, .T. ) ;
#3895 = MECHANICAL_DESIGN_GEOMETRIC_PRESENTATION_REPRESENTATION (  '', ( #4106 ), #2861 ) ;
#3896 = CIRCLE ( 'NONE', #4558, 0.03999999999999999389 ) ;
#3897 = CYLINDRICAL_SURFACE ( 'NONE', #2070, 0.03999999999999999389 ) ;
#3898 =( NAMED_UNIT ( * ) PLANE_ANGLE_UNIT ( ) SI_UNIT ( $, .RADIAN. ) );
#3899 = EDGE_CURVE ( 'NONE', #4160, #1803, #570, .T. ) ;
#3900 = PRODUCT_DEFINITION_SHAPE ( 'NONE', 'NONE',  #3432 ) ;
#3901 = ORIENTED_EDGE ( 'NONE', *, *, #4222, .T. ) ;
#3902 = CARTESIAN_POINT ( 'NONE',  ( 0.3500000000000000888, 0.000000000000000000, 0.7299999999999994271 ) ) ;
#3903 = DIRECTION ( 'NONE',  ( 7.744301232039319147E-17, 0.000000000000000000, 1.000000000000000000 ) ) ;
#3904 = VERTEX_POINT ( 'NONE', #3417 ) ;
#3905 = ORIENTED_EDGE ( 'NONE', *, *, #3508, .F. ) ;
#3906 = FILL_AREA_STYLE_COLOUR ( '', #1536 ) ;
#3907 = ORIENTED_EDGE ( 'NONE', *, *, #1433, .F. ) ;
#3908 = DIRECTION ( 'NONE',  ( -8.515412563376712390E-16, 0.000000000000000000, -1.000000000000000000 ) ) ;
#3909 = PLANE ( 'NONE',  #3479 ) ;
#3910 = FILL_AREA_STYLE ('',( #363 ) ) ;
#3911 = CIRCLE ( 'NONE', #4409, 0.1499999999999998557 ) ;
#3912 = CARTESIAN_POINT ( 'NONE',  ( 0.6999999999999997335, 0.5999999999999999778, 0.7399999999999998801 ) ) ;
#3913 = CARTESIAN_POINT ( 'NONE',  ( -0.9034074173710932021, 0.2999999999999999889, -0.7741180954897477484 ) ) ;
#3914 = FACE_OUTER_BOUND ( 'NONE', #1523, .T. ) ;
#3915 = ORIENTED_EDGE ( 'NONE', *, *, #2110, .F. ) ;
#3916 = CARTESIAN_POINT ( 'NONE',  ( -9.448047503087966154E-17, 0.7600000000000000089, -0.6099999999999997646 ) ) ;
#3917 = ORIENTED_EDGE ( 'NONE', *, *, #2692, .F. ) ;
#3918 = DIRECTION ( 'NONE',  ( 0.000000000000000000, 0.000000000000000000, 1.000000000000000000 ) ) ;
#3919 = VECTOR ( 'NONE', #270, 1000.000000000000000 ) ;
#3920 = ORIENTED_EDGE ( 'NONE', *, *, #2655, .F. ) ;
#3921 = CARTESIAN_POINT ( 'NONE',  ( 0.8999999999999999112, 0.6700000000000025935, -0.5000000000000000000 ) ) ;
#3922 = VECTOR ( 'NONE', #1545, 1000.000000000000000 ) ;
#3923 = ORIENTED_EDGE ( 'NONE', *, *, #4334, .T. ) ;
#3924 = CARTESIAN_POINT ( 'NONE',  ( 0.3500000000000000888, 0.2999999999999999889, 0.7299999999999994271 ) ) ;
#3925 = FILL_AREA_STYLE ('',( #2536 ) ) ;
#3926 = CARTESIAN_POINT ( 'NONE',  ( -0.9034074173710932021, 1.114998880451716579, -0.7741180954897477484 ) ) ;
#3927 = ORIENTED_EDGE ( 'NONE', *, *, #2553, .T. ) ;
#3928 = AXIS2_PLACEMENT_3D ( 'NONE', #3106, #4189, #636 ) ;
#3929 = VERTEX_POINT ( 'NONE', #1296 ) ;
#3930 =( NAMED_UNIT ( * ) SI_UNIT ( $, .STERADIAN. ) SOLID_ANGLE_UNIT ( ) );
#3931 = ORIENTED_EDGE ( 'NONE', *, *, #1006, .F. ) ;
#3932 = DIRECTION ( 'NONE',  ( -0.000000000000000000, 1.000000000000000000, 0.000000000000000000 ) ) ;
#3933 = CARTESIAN_POINT ( 'NONE',  ( -0.9034074173710932021, 0.000000000000000000, -0.7741180954897477484 ) ) ;
#3934 = CIRCLE ( 'NONE', #2530, 0.1000000000000001582 ) ;
#3935 = EDGE_CURVE ( 'NONE', #1960, #1003, #2041, .T. ) ;
#3936 = DIRECTION ( 'NONE',  ( 0.7071067811865492381, 0.000000000000000000, -0.7071067811865457964 ) ) ;
#3937 = ORIENTED_EDGE ( 'NONE', *, *, #2390, .T. ) ;
#3938 = CARTESIAN_POINT ( 'NONE',  ( 0.9741180954897482591, 0.000000000000000000, 0.7034074173710926914 ) ) ;
#3939 = CARTESIAN_POINT ( 'NONE',  ( -0.9299999999999999378, 0.2999999999999999334, 0.2499999999999991951 ) ) ;
#3940 = EDGE_CURVE ( 'NONE', #3582, #6, #597, .T. ) ;
#3941 = CARTESIAN_POINT ( 'NONE',  ( -0.8699999999999999956, 0.6999999999999999556, 0.4999999999999998890 ) ) ;
#3942 = EDGE_LOOP ( 'NONE', ( #3120, #662 ) ) ;
#3943 = ORIENTED_EDGE ( 'NONE', *, *, #1689, .F. ) ;
#3944 = VECTOR ( 'NONE', #1627, 1000.000000000000000 ) ;
#3945 = EDGE_CURVE ( 'NONE', #1502, #3976, #2858, .T. ) ;
#3946 = DIRECTION ( 'NONE',  ( 1.000000000000000000, 0.000000000000000000, -7.946961583325784695E-16 ) ) ;
#3947 = VECTOR ( 'NONE', #2668, 1000.000000000000000 ) ;
#3948 = EDGE_CURVE ( 'NONE', #971, #941, #3789, .T. ) ;
#3949 = VERTEX_POINT ( 'NONE', #4049 ) ;
#3950 = VECTOR ( 'NONE', #540, 1000.000000000000000 ) ;
#3951 = VECTOR ( 'NONE', #898, 1000.000000000000000 ) ;
#3952 = ORIENTED_EDGE ( 'NONE', *, *, #2695, .T. ) ;
#3953 = SURFACE_STYLE_USAGE ( .BOTH. , #2539 ) ;
#3954 = VERTEX_POINT ( 'NONE', #3442 ) ;
#3955 = LINE ( 'NONE', #1115, #1965 ) ;
#3956 = UNCERTAINTY_MEASURE_WITH_UNIT (LENGTH_MEASURE( 1.000000000000000082E-05 ), #3877, 'distance_accuracy_value', 'NONE');
#3957 = DIRECTION ( 'NONE',  ( 0.000000000000000000, -0.000000000000000000, 1.000000000000000000 ) ) ;
#3958 = LINE ( 'NONE', #3330, #1169 ) ;
#3959 = VERTEX_POINT ( 'NONE', #1600 ) ;
#3960 = DIRECTION ( 'NONE',  ( -0.000000000000000000, 1.000000000000000000, -0.000000000000000000 ) ) ;
#3961 = CARTESIAN_POINT ( 'NONE',  ( -0.6999999999999998446, 0.6700000000000001510, -0.6999999999999999556 ) ) ;
#3962 = MECHANICAL_DESIGN_GEOMETRIC_PRESENTATION_REPRESENTATION (  '', ( #790 ), #1234 ) ;
#3963 = STYLED_ITEM ( 'NONE', ( #1734 ), #1552 ) ;
#3964 = LINE ( 'NONE', #801, #367 ) ;
#3965 =( BOUNDED_SURFACE ( )  B_SPLINE_SURFACE ( 2, 3, ( 
 ( #807, #1176, #2583, #3996, #2233, #464 ),
 ( #4077, #3382, #914, #1638, #586, #211 ),
 ( #1998, #3758, #2374, #2348, #1283, #3409 ) ),
 .UNSPECIFIED., .F., .F., .F. ) 
 B_SPLINE_SURFACE_WITH_KNOTS ( ( 3, 3 ),
 ( 4, 2, 4 ),
 ( 0.000000000000000000, 1.000000000000000000 ),
 ( 1.570796326794897002, 2.356194490192345281, 3.141592653589793560 ),
 .UNSPECIFIED. ) 
 GEOMETRIC_REPRESENTATION_ITEM ( )  RATIONAL_B_SPLINE_SURFACE ( (
 ( 1.000000000000000000, 1.000000000000000000, 1.000000000000000000, 1.000000000000000000, 1.000000000000000000, 1.000000000000000000),
 ( 0.7071067811865465735, 0.7071067811865465735, 0.7071067811865473507, 0.7071067811865473507, 0.7071067811865465735, 0.7071067811865465735),
 ( 1.000000000000000000, 1.000000000000000000, 1.000000000000000000, 1.000000000000000000, 1.000000000000000000, 1.000000000000000000) ) ) 
 REPRESENTATION_ITEM ( '' )  SURFACE ( )  );
#3966 = ORIENTED_EDGE ( 'NONE', *, *, #3988, .F. ) ;
#3967 = VECTOR ( 'NONE', #3307, 1000.000000000000000 ) ;
#3968 = PRESENTATION_STYLE_ASSIGNMENT (( #2156 ) ) ;
#3969 = CARTESIAN_POINT ( 'NONE',  ( -1.000000000000000000, 0.000000000000000000, 0.8000000000000001554 ) ) ;
#3970 = VECTOR ( 'NONE', #1788, 1000.000000000000000 ) ;
#3971 = CARTESIAN_POINT ( 'NONE',  ( 0.9399999999999998357, 0.5999999999999999778, 0.5000000000000000000 ) ) ;
#3972 = VERTEX_POINT ( 'NONE', #1272 ) ;
#3973 = EDGE_CURVE ( 'NONE', #3887, #4316, #4087, .T. ) ;
#3974 = PRESENTATION_LAYER_ASSIGNMENT (  '', '', ( #3162 ) ) ;
#3975 = EDGE_CURVE ( 'NONE', #4045, #612, #3003, .T. ) ;
#3976 = VERTEX_POINT ( 'NONE', #4066 ) ;
#3977 = CARTESIAN_POINT ( 'NONE',  ( 0.6999999999999999556, 0.7599999999999997868, 0.6099999999999997646 ) ) ;
#3978 = ORIENTED_EDGE ( 'NONE', *, *, #2088, .T. ) ;
#3979 = UNCERTAINTY_MEASURE_WITH_UNIT (LENGTH_MEASURE( 1.000000000000000082E-05 ), #1324, 'distance_accuracy_value', 'NONE');
#3980 =( LENGTH_UNIT ( ) NAMED_UNIT ( * ) SI_UNIT ( .MILLI., .METRE. ) );
#3981 = DIRECTION ( 'NONE',  ( -1.000000000000000000, 0.000000000000000000, 1.869314090492249305E-16 ) ) ;
#3982 = CARTESIAN_POINT ( 'NONE',  ( 0.9300000000000002709, 1.114998880451716579, 0.6592893218813449252 ) ) ;
#3983 = DIRECTION ( 'NONE',  ( -0.7071067811865457964, 0.000000000000000000, -0.7071067811865492381 ) ) ;
#3984 = VECTOR ( 'NONE', #3995, 1000.000000000000000 ) ;
#3985 = ORIENTED_EDGE ( 'NONE', *, *, #3899, .T. ) ;
#3986 = CARTESIAN_POINT ( 'NONE',  ( -0.9034074173710935352, 0.2999999999999999334, 0.7741180954897474153 ) ) ;
#3987 = FACE_OUTER_BOUND ( 'NONE', #3767, .T. ) ;
#3988 = EDGE_CURVE ( 'NONE', #3972, #1539, #866, .T. ) ;
#3989 = CARTESIAN_POINT ( 'NONE',  ( 0.3500000000000000888, 0.2999999999999999889, 0.7299999999999994271 ) ) ;
#3990 = ORIENTED_EDGE ( 'NONE', *, *, #669, .T. ) ;
#3991 = VECTOR ( 'NONE', #2072, 1000.000000000000000 ) ;
#3992 = EDGE_CURVE ( 'NONE', #3243, #1017, #1647, .T. ) ;
#3993 = EDGE_CURVE ( 'NONE', #2814, #1453, #3766, .T. ) ;
#3994 = COLOUR_RGB ( '',0.9686274509803921573, 0.8784313725490195957, 0.5999999999999999778 ) ;
#3995 = DIRECTION ( 'NONE',  ( 1.129377263005734114E-16, 0.000000000000000000, -1.000000000000000000 ) ) ;
#3996 = CARTESIAN_POINT ( 'NONE',  ( 0.8252769266587155483, 0.6000000000000000888, 0.7141343283108269047 ) ) ;
#3997 = ORIENTED_EDGE ( 'NONE', *, *, #2692, .T. ) ;
#3998 = ORIENTED_EDGE ( 'NONE', *, *, #1482, .F. ) ;
#3999 = DIRECTION ( 'NONE',  ( 0.000000000000000000, -1.000000000000000000, 0.000000000000000000 ) ) ;
#4000 = ORIENTED_EDGE ( 'NONE', *, *, #617, .T. ) ;
#4001 = CARTESIAN_POINT ( 'NONE',  ( -0.6999999999999998446, 0.6000000000000000888, -0.7399999999999998801 ) ) ;
#4002 = SURFACE_STYLE_USAGE ( .BOTH. , #4420 ) ;
#4003 = CARTESIAN_POINT ( 'NONE',  ( 0.2333333333333328929, 0.6000000000000000888, 0.7399999999999998801 ) ) ;
#4004 = VERTEX_POINT ( 'NONE', #2821 ) ;
#4005 = AXIS2_PLACEMENT_3D ( 'NONE', #2888, #3932, #2522 ) ;
#4006 =( NAMED_UNIT ( * ) SI_UNIT ( $, .STERADIAN. ) SOLID_ANGLE_UNIT ( ) );
#4007 = CARTESIAN_POINT ( 'NONE',  ( -0.9399999999999999467, 0.5999999999999999778, -0.5000000000000000000 ) ) ;
#4008 = EDGE_CURVE ( 'NONE', #3167, #150, #3119, .T. ) ;
#4009 = EDGE_CURVE ( 'NONE', #3512, #65, #1012, .T. ) ;
#4010 = CARTESIAN_POINT ( 'NONE',  ( 0.1499999999999999944, 0.5999999999999999778, -0.7399999999999997691 ) ) ;
#4011 = ORIENTED_EDGE ( 'NONE', *, *, #998, .T. ) ;
#4012 =( LENGTH_UNIT ( ) NAMED_UNIT ( * ) SI_UNIT ( .MILLI., .METRE. ) );
#4013 = DIRECTION ( 'NONE',  ( 0.000000000000000000, 1.000000000000000000, 0.000000000000000000 ) ) ;
#4014 = ORIENTED_EDGE ( 'NONE', *, *, #1881, .T. ) ;
#4015 = VECTOR ( 'NONE', #483, 1000.000000000000000 ) ;
#4016 = VERTEX_POINT ( 'NONE', #4198 ) ;
#4017 = CARTESIAN_POINT ( 'NONE',  ( 0.3500000000000000333, 1.114998880451716579, 0.2499999999999995282 ) ) ;
#4018 = ORIENTED_EDGE ( 'NONE', *, *, #3940, .T. ) ;
#4019 = CARTESIAN_POINT ( 'NONE',  ( 0.7000000000000001776, 0.6000000000000000888, -0.6999999999999998446 ) ) ;
#4020 = DIRECTION ( 'NONE',  ( -0.000000000000000000, 1.000000000000000000, -0.000000000000000000 ) ) ;
#4021 = VECTOR ( 'NONE', #4065, 1000.000000000000000 ) ;
#4022 = STYLED_ITEM ( 'NONE', ( #1768 ), #1335 ) ;
#4023 = DIRECTION ( 'NONE',  ( 0.7071067811865483499, -0.000000000000000000, 0.7071067811865466846 ) ) ;
#4024 = DIRECTION ( 'NONE',  ( 0.000000000000000000, -1.000000000000000000, 0.000000000000000000 ) ) ;
#4025 = ORIENTED_EDGE ( 'NONE', *, *, #3975, .T. ) ;
#4026 = EDGE_LOOP ( 'NONE', ( #378, #4261, #742, #2898 ) ) ;
#4027 = CARTESIAN_POINT ( 'NONE',  ( -0.8099999999999998312, 0.7599999999999997868, 0.4999999999999998890 ) ) ;
#4028 = CARTESIAN_POINT ( 'NONE',  ( -0.3500000000000003109, 0.2999999999999999889, 0.7299999999999993161 ) ) ;
#4029 = EDGE_CURVE ( 'NONE', #2704, #246, #320, .T. ) ;
#4030 = EDGE_CURVE ( 'NONE', #1075, #1402, #657, .T. ) ;
#4031 =( NAMED_UNIT ( * ) SI_UNIT ( $, .STERADIAN. ) SOLID_ANGLE_UNIT ( ) );
#4032 = VERTEX_POINT ( 'NONE', #3881 ) ;
#4033 = PRESENTATION_LAYER_ASSIGNMENT (  '', '', ( #3293 ) ) ;
#4034 = AXIS2_PLACEMENT_3D ( 'NONE', #2002, #1661, #3462 ) ;
#4035 = DIRECTION ( 'NONE',  ( 0.000000000000000000, 0.000000000000000000, 1.000000000000000000 ) ) ;
#4036 = PRESENTATION_STYLE_ASSIGNMENT (( #1862 ) ) ;
#4037 = VERTEX_POINT ( 'NONE', #1690 ) ;
#4038 = AXIS2_PLACEMENT_3D ( 'NONE', #2573, #3936, #3983 ) ;
#4039 = ORIENTED_EDGE ( 'NONE', *, *, #1809, .T. ) ;
#4040 = CARTESIAN_POINT ( 'NONE',  ( -0.8499999999999999778, 0.7000000000000000666, -0.4999999999999998890 ) ) ;
#4041 = COLOUR_RGB ( '',0.9686274509803921573, 0.8784313725490195957, 0.5999999999999999778 ) ;
#4042 = ORIENTED_EDGE ( 'NONE', *, *, #3561, .F. ) ;
#4043 = FACE_OUTER_BOUND ( 'NONE', #4524, .T. ) ;
#4044 = DIRECTION ( 'NONE',  ( 0.7071067811865492381, 0.000000000000000000, 0.7071067811865457964 ) ) ;
#4045 = VERTEX_POINT ( 'NONE', #3095 ) ;
#4046 = VECTOR ( 'NONE', #1782, 1000.000000000000000 ) ;
#4047 = ADVANCED_FACE ( 'NONE', ( #692 ), #3486, .T. ) ;
#4048 = CARTESIAN_POINT ( 'NONE',  ( 0.6999999999999998446, 0.6000000000000000888, 0.6999999999999998446 ) ) ;
#4049 = CARTESIAN_POINT ( 'NONE',  ( 0.6999999999999999556, 0.8000000000000000444, 0.6099999999999996536 ) ) ;
#4050 = ORIENTED_EDGE ( 'NONE', *, *, #2328, .F. ) ;
#4051 = CARTESIAN_POINT ( 'NONE',  ( -0.3499999999999999223, 0.2999999999999999889, -0.2499999999999996392 ) ) ;
#4052 = SURFACE_SIDE_STYLE ('',( #1855 ) ) ;
#4053 = CARTESIAN_POINT ( 'NONE',  ( -0.8999999999999999112, 0.6700000000000001510, -0.5525068624343226764 ) ) ;
#4054 = CARTESIAN_POINT ( 'NONE',  ( -0.8999999999999999112, 0.6700000000000000400, 0.5523598775598297372 ) ) ;
#4055 = DIRECTION ( 'NONE',  ( 1.000000000000000000, 0.000000000000000000, 0.000000000000000000 ) ) ;
#4056 = DIRECTION ( 'NONE',  ( 0.7071067811865466846, 0.000000000000000000, -0.7071067811865483499 ) ) ;
#4057 = DIRECTION ( 'NONE',  ( 0.000000000000000000, 0.000000000000000000, 1.000000000000000000 ) ) ;
#4058 = CARTESIAN_POINT ( 'NONE',  ( 0.2333333333333332260, 0.6700000000000000400, 0.6999999999999998446 ) ) ;
#4059 = EDGE_CURVE ( 'NONE', #2466, #1003, #3511, .T. ) ;
#4060 = ORIENTED_EDGE ( 'NONE', *, *, #3411, .T. ) ;
#4061 = LINE ( 'NONE', #2729, #1956 ) ;
#4062 = LINE ( 'NONE', #2238, #3951 ) ;
#4063 = FILL_AREA_STYLE ('',( #1269 ) ) ;
#4064 = CLOSED_SHELL ( 'NONE', ( #910, #1725, #2365, #1033, #4080, #559, #670, #4469, #3153, #2104 ) ) ;
#4065 = DIRECTION ( 'NONE',  ( 0.000000000000000000, -1.000000000000000000, 0.000000000000000000 ) ) ;
#4066 = CARTESIAN_POINT ( 'NONE',  ( -0.6800000000000000488, 0.7900000000000000355, 0.4200000000000002620 ) ) ;
#4067 = ORIENTED_EDGE ( 'NONE', *, *, #2924, .T. ) ;
#4068 = DIRECTION ( 'NONE',  ( 1.324493597220963820E-15, 0.000000000000000000, -1.000000000000000000 ) ) ;
#4069 = CARTESIAN_POINT ( 'NONE',  ( -0.6000000000000001998, 0.2999999999999999334, 0.2499999999999998890 ) ) ;
#4070 = SURFACE_STYLE_FILL_AREA ( #1988 ) ;
#4071 = ADVANCED_FACE ( 'NONE', ( #3143 ), #4549, .F. ) ;
#4072 = PRESENTATION_LAYER_ASSIGNMENT (  '', '', ( #3335 ) ) ;
#4073 = CARTESIAN_POINT ( 'NONE',  ( 0.9300000000000002709, 0.000000000000000000, 0.6592893218813449252 ) ) ;
#4074 = CARTESIAN_POINT ( 'NONE',  ( -0.8592893218813461020, 0.2999999999999999889, 0.7299999999999996492 ) ) ;
#4075 = AXIS2_PLACEMENT_3D ( 'NONE', #45, #1463, #1719 ) ;
#4076 = CARTESIAN_POINT ( 'NONE',  ( 0.6999999999999999556, -1.580350850198276369, 0.4999999999999998890 ) ) ;
#4077 = CARTESIAN_POINT ( 'NONE',  ( 0.8999999999999998002, 0.6000000000000000888, 0.5000000000000000000 ) ) ;
#4078 = ORIENTED_EDGE ( 'NONE', *, *, #1674, .T. ) ;
#4079 =( BOUNDED_CURVE ( )  B_SPLINE_CURVE ( 2, ( #1943, #960, #1351 ),
 .UNSPECIFIED., .F., .F. ) 
 B_SPLINE_CURVE_WITH_KNOTS ( ( 3, 3 ),
 ( 0.000000000000000000, 1.000000000000000000 ),
 .UNSPECIFIED. ) 
 CURVE ( )  GEOMETRIC_REPRESENTATION_ITEM ( )  RATIONAL_B_SPLINE_CURVE ( ( 1.000000000000000000, 0.7071067811865465735, 1.000000000000000000 ) ) 
 REPRESENTATION_ITEM ( '' )  );
#4080 = ADVANCED_FACE ( 'NONE', ( #1042 ), #343, .T. ) ;
#4081 = DIRECTION ( 'NONE',  ( 1.000000000000000000, 0.000000000000000000, -7.946961583325783709E-16 ) ) ;
#4082 = EDGE_CURVE ( 'NONE', #3823, #2304, #855, .T. ) ;
#4083 = EDGE_CURVE ( 'NONE', #1198, #2349, #380, .T. ) ;
#4084 = DIRECTION ( 'NONE',  ( -1.000000000000000000, 0.000000000000000000, 0.000000000000000000 ) ) ;
#4085 = CARTESIAN_POINT ( 'NONE',  ( 0.8999999999999998002, 0.6000000000000000888, -0.5000000000000000000 ) ) ;
#4086 = ORIENTED_EDGE ( 'NONE', *, *, #1740, .T. ) ;
#4087 = LINE ( 'NONE', #2982, #2717 ) ;
#4088 = ORIENTED_EDGE ( 'NONE', *, *, #954, .T. ) ;
#4089 = CARTESIAN_POINT ( 'NONE',  ( -0.6800000000000000488, 0.7900000000000000355, 0.4800000000000001488 ) ) ;
#4090 = EDGE_CURVE ( 'NONE', #376, #3606, #99, .T. ) ;
#4091 =( NAMED_UNIT ( * ) PLANE_ANGLE_UNIT ( ) SI_UNIT ( $, .RADIAN. ) );
#4092 = DIRECTION ( 'NONE',  ( 1.000000000000000000, 0.000000000000000000, -0.000000000000000000 ) ) ;
#4093 = PLANE ( 'NONE',  #4377 ) ;
#4094 = DIRECTION ( 'NONE',  ( 0.000000000000000000, 0.000000000000000000, 1.000000000000000000 ) ) ;
#4095 = CARTESIAN_POINT ( 'NONE',  ( -1.000000000000000000, 0.000000000000000000, -0.7999999999999999334 ) ) ;
#4096 = CARTESIAN_POINT ( 'NONE',  ( 0.9034074173710933131, 0.2999999999999999889, -0.7741180954897476374 ) ) ;
#4097 = DIRECTION ( 'NONE',  ( 1.000000000000000000, -0.000000000000000000, 0.000000000000000000 ) ) ;
#4098 = FACE_OUTER_BOUND ( 'NONE', #3660, .T. ) ;
#4100 = ORIENTED_EDGE ( 'NONE', *, *, #1051, .F. ) ;
#4099 = VECTOR ( 'NONE', #1267, 1000.000000000000000 ) ;
#4101 = VECTOR ( 'NONE', #1705, 1000.000000000000000 ) ;
#4102 = CARTESIAN_POINT ( 'NONE',  ( 0.3500000000000000333, 1.114998880451716579, -0.2499999999999995282 ) ) ;
#4103 = EDGE_LOOP ( 'NONE', ( #1780, #4237, #781, #1757 ) ) ;
#4104 = VECTOR ( 'NONE', #3240, 1000.000000000000000 ) ;
#4105 = CARTESIAN_POINT ( 'NONE',  ( -0.6999999999999998446, -1.580350850198276369, -0.4999999999999998890 ) ) ;
#4106 = STYLED_ITEM ( 'NONE', ( #3168 ), #4080 ) ;
#4107 = VERTEX_POINT ( 'NONE', #1867 ) ;
#4108 = LINE ( 'NONE', #4127, #4169 ) ;
#4109 = DIRECTION ( 'NONE',  ( -2.648987194441927739E-16, -0.000000000000000000, -1.000000000000000000 ) ) ;
#4110 = VERTEX_POINT ( 'NONE', #1503 ) ;
#4111 =( NAMED_UNIT ( * ) PLANE_ANGLE_UNIT ( ) SI_UNIT ( $, .RADIAN. ) );
#4112 = DIRECTION ( 'NONE',  ( 0.000000000000000000, 0.000000000000000000, 1.000000000000000000 ) ) ;
#4113 = CARTESIAN_POINT ( 'NONE',  ( 0.9034074173710933131, 0.000000000000000000, -0.7741180954897476374 ) ) ;
#4114 = VECTOR ( 'NONE', #208, 1000.000000000000000 ) ;
#4115 = FILL_AREA_STYLE ('',( #1583 ) ) ;
#4116 = CARTESIAN_POINT ( 'NONE',  ( -0.8043974388822645594, 0.6700000000000001510, 0.6784452735923545141 ) ) ;
#4117 = FACE_OUTER_BOUND ( 'NONE', #667, .T. ) ;
#4118 = ORIENTED_EDGE ( 'NONE', *, *, #504, .T. ) ;
#4119 = COLOUR_RGB ( '',0.9686274509803921573, 0.8784313725490195957, 0.5999999999999999778 ) ;
#4120 = CARTESIAN_POINT ( 'NONE',  ( 0.6999999999999998446, 0.6700000000000025935, 0.6999999999999998446 ) ) ;
#4121 =( NAMED_UNIT ( * ) PLANE_ANGLE_UNIT ( ) SI_UNIT ( $, .RADIAN. ) );
#4122 = ORIENTED_EDGE ( 'NONE', *, *, #240, .T. ) ;
#4123 = EDGE_CURVE ( 'NONE', #1706, #3949, #3896, .T. ) ;
#4124 = DIRECTION ( 'NONE',  ( -7.946961583325783709E-16, 0.000000000000000000, -1.000000000000000000 ) ) ;
#4125 = CARTESIAN_POINT ( 'NONE',  ( -0.6999999999999998446, 0.7599999999999997868, -0.4999999999999998890 ) ) ;
#4126 = ORIENTED_EDGE ( 'NONE', *, *, #3210, .T. ) ;
#4127 = CARTESIAN_POINT ( 'NONE',  ( -0.9299999999999999378, 0.000000000000000000, -0.2499999999999996392 ) ) ;
#4128 = CARTESIAN_POINT ( 'NONE',  ( 0.3500000000000000333, 0.2999999999999999889, 0.2499999999999995282 ) ) ;
#4129 = VERTEX_POINT ( 'NONE', #36 ) ;
#4130 = SURFACE_STYLE_USAGE ( .BOTH. , #1346 ) ;
#4131 = AXIS2_PLACEMENT_3D ( 'NONE', #4349, #2629, #3664 ) ;
#4132 = CARTESIAN_POINT ( 'NONE',  ( -0.9299999999999999378, 0.000000000000000000, 0.2499999999999991951 ) ) ;
#4133 = PRESENTATION_STYLE_ASSIGNMENT (( #1668 ) ) ;
#4134 = CARTESIAN_POINT ( 'NONE',  ( 0.9087953169278115695, 0.6000000000000000888, 0.6221261090923019266 ) ) ;
#4135 = EDGE_CURVE ( 'NONE', #3115, #352, #4288, .T. ) ;
#4136 = CARTESIAN_POINT ( 'NONE',  ( 0.9299999999999999378, 0.2999999999999999334, 0.2499999999999994171 ) ) ;
#4137 =( NAMED_UNIT ( * ) PLANE_ANGLE_UNIT ( ) SI_UNIT ( $, .RADIAN. ) );
#4138 = ADVANCED_FACE ( 'NONE', ( #836 ), #4266, .F. ) ;
#4139 = VERTEX_POINT ( 'NONE', #3301 ) ;
#4140 = VECTOR ( 'NONE', #523, 1000.000000000000000 ) ;
#4141 = CARTESIAN_POINT ( 'NONE',  ( -0.6999999999999999556, -1.580350850198276369, 0.4999999999999998890 ) ) ;
#4142 = EDGE_LOOP ( 'NONE', ( #3531, #4473, #1572, #3275 ) ) ;
#4143 = UNCERTAINTY_MEASURE_WITH_UNIT (LENGTH_MEASURE( 1.000000000000000082E-05 ), #2230, 'distance_accuracy_value', 'NONE');
#4144 = CARTESIAN_POINT ( 'NONE',  ( 0.9299999999999999378, 0.000000000000000000, 0.2499999999999994171 ) ) ;
#4145 = CARTESIAN_POINT ( 'NONE',  ( 0.000000000000000000, 0.000000000000000000, 0.000000000000000000 ) ) ;
#4146 = ORIENTED_EDGE ( 'NONE', *, *, #1433, .T. ) ;
#4147 = DIRECTION ( 'NONE',  ( -0.7071067811865457964, 0.000000000000000000, -0.7071067811865492381 ) ) ;
#4148 = VERTEX_POINT ( 'NONE', #1156 ) ;
#4149 = DIRECTION ( 'NONE',  ( -0.000000000000000000, -1.000000000000000000, -0.000000000000000000 ) ) ;
#4150 = LINE ( 'NONE', #2712, #1928 ) ;
#4151 = LINE ( 'NONE', #976, #2912 ) ;
#4152 = MECHANICAL_DESIGN_GEOMETRIC_PRESENTATION_REPRESENTATION (  '', ( #1142 ), #3654 ) ;
#4153 = CARTESIAN_POINT ( 'NONE',  ( -1.000000000000000000, 0.5999999999999999778, 0.8000000000000001554 ) ) ;
#4154 = DIRECTION ( 'NONE',  ( -0.000000000000000000, 1.000000000000000000, -0.000000000000000000 ) ) ;
#4155 = PLANE ( 'NONE',  #2370 ) ;
#4156 = DIRECTION ( 'NONE',  ( 0.000000000000000000, 0.000000000000000000, 1.000000000000000000 ) ) ;
#4157 = VECTOR ( 'NONE', #1253, 1000.000000000000000 ) ;
#4158 = CIRCLE ( 'NONE', #2356, 0.1000000000000001582 ) ;
#4159 = EDGE_CURVE ( 'NONE', #136, #3190, #3256, .T. ) ;
#4160 = VERTEX_POINT ( 'NONE', #1526 ) ;
#4161 = SURFACE_SIDE_STYLE ('',( #2770 ) ) ;
#4162 = ORIENTED_EDGE ( 'NONE', *, *, #3527, .F. ) ;
#4163 = B_SPLINE_CURVE_WITH_KNOTS ( 'NONE', 3,
 ( #96, #1590, #4058, #2206 ),
 .UNSPECIFIED., .F., .F.,
 ( 4, 4 ),
 ( 0.000000000000000000, 1.000000000000000000 ),
 .UNSPECIFIED. ) ;
#4164 = DIRECTION ( 'NONE',  ( 0.000000000000000000, 0.000000000000000000, 1.000000000000000000 ) ) ;
#4165 = UNCERTAINTY_MEASURE_WITH_UNIT (LENGTH_MEASURE( 1.000000000000000082E-05 ), #3565, 'distance_accuracy_value', 'NONE');
#4166 = LINE ( 'NONE', #1291, #3991 ) ;
#4167 = FILL_AREA_STYLE ('',( #245 ) ) ;
#4168 = VERTEX_POINT ( 'NONE', #128 ) ;
#4169 = VECTOR ( 'NONE', #3715, 1000.000000000000000 ) ;
#4170 = VECTOR ( 'NONE', #2285, 1000.000000000000000 ) ;
#4171 =( NAMED_UNIT ( * ) PLANE_ANGLE_UNIT ( ) SI_UNIT ( $, .RADIAN. ) );
#4172 = CARTESIAN_POINT ( 'NONE',  ( 0.6999999999999998446, 0.6700000000000009281, -0.6999999999999998446 ) ) ;
#4173 = ORIENTED_EDGE ( 'NONE', *, *, #3175, .F. ) ;
#4174 = FILL_AREA_STYLE ('',( #1369 ) ) ;
#4175 =( NAMED_UNIT ( * ) PLANE_ANGLE_UNIT ( ) SI_UNIT ( $, .RADIAN. ) );
#4176 = DIRECTION ( 'NONE',  ( -0.000000000000000000, -1.000000000000000000, -0.000000000000000000 ) ) ;
#4177 = SURFACE_SIDE_STYLE ('',( #1370 ) ) ;
#4178 = EDGE_CURVE ( 'NONE', #718, #3904, #1462, .T. ) ;
#4179 = AXIS2_PLACEMENT_3D ( 'NONE', #2686, #1959, #197 ) ;
#4180 = EDGE_CURVE ( 'NONE', #486, #136, #1901, .T. ) ;
#4181 =( NAMED_UNIT ( * ) PLANE_ANGLE_UNIT ( ) SI_UNIT ( $, .RADIAN. ) );
#4182 = FILL_AREA_STYLE ('',( #1373 ) ) ;
#4183 = CARTESIAN_POINT ( 'NONE',  ( 0.1499999999999999944, 0.000000000000000000, -0.7399999999999997691 ) ) ;
#4184 = MECHANICAL_DESIGN_GEOMETRIC_PRESENTATION_REPRESENTATION (  '', ( #349 ), #2046 ) ;
#4185 = FACE_OUTER_BOUND ( 'NONE', #828, .T. ) ;
#4186 =( GEOMETRIC_REPRESENTATION_CONTEXT ( 3 ) GLOBAL_UNCERTAINTY_ASSIGNED_CONTEXT ( ( #1195 ) ) GLOBAL_UNIT_ASSIGNED_CONTEXT ( ( #3980, #815, #2979 ) ) REPRESENTATION_CONTEXT ( 'NONE', 'WORKASPACE' ) );
#4187 = PRESENTATION_LAYER_ASSIGNMENT (  '', '', ( #3603 ) ) ;
#4188 = VERTEX_POINT ( 'NONE', #2613 ) ;
#4189 = DIRECTION ( 'NONE',  ( -0.000000000000000000, 1.000000000000000000, -0.000000000000000000 ) ) ;
#4190 = VERTEX_POINT ( 'NONE', #402 ) ;
#4191 = AXIS2_PLACEMENT_3D ( 'NONE', #4076, #966, #3408 ) ;
#4192 = DIRECTION ( 'NONE',  ( 0.000000000000000000, 0.000000000000000000, -1.000000000000000000 ) ) ;
#4193 = EDGE_CURVE ( 'NONE', #466, #2235, #1130, .T. ) ;
#4194 = CYLINDRICAL_SURFACE ( 'NONE', #2813, 0.1000000000000000472 ) ;
#4195 = CARTESIAN_POINT ( 'NONE',  ( -0.6800000000000000488, 0.6202943725152287868, 0.4800000000000001488 ) ) ;
#4196 = ORIENTED_EDGE ( 'NONE', *, *, #3271, .F. ) ;
#4197 = ORIENTED_EDGE ( 'NONE', *, *, #3211, .F. ) ;
#4198 = CARTESIAN_POINT ( 'NONE',  ( 0.8592893218813458800, 0.000000000000000000, 0.7299999999999998712 ) ) ;
#4199 = ORIENTED_EDGE ( 'NONE', *, *, #3312, .F. ) ;
#4200 = CARTESIAN_POINT ( 'NONE',  ( -0.6999999999999998446, 0.6700000000000000400, -0.6699999999999999289 ) ) ;
#4201 = PRESENTATION_STYLE_ASSIGNMENT (( #1070 ) ) ;
#4202 = AXIS2_PLACEMENT_3D ( 'NONE', #745, #4228, #382 ) ;
#4203 = DIRECTION ( 'NONE',  ( -1.000000000000000000, -0.000000000000000000, -0.000000000000000000 ) ) ;
#4204 = CIRCLE ( 'NONE', #2215, 0.1499999999999998557 ) ;
#4205 = PRESENTATION_STYLE_ASSIGNMENT (( #2763 ) ) ;
#4206 = DIRECTION ( 'NONE',  ( 0.000000000000000000, 1.000000000000000000, 0.000000000000000000 ) ) ;
#4207 = ORIENTED_EDGE ( 'NONE', *, *, #1851, .F. ) ;
#4208 = CARTESIAN_POINT ( 'NONE',  ( -0.9000000000000000222, 0.6700000000000001510, 0.4999999999999995559 ) ) ;
#4209 = ADVANCED_FACE ( 'NONE', ( #4356 ), #4482, .T. ) ;
#4210 = PRESENTATION_STYLE_ASSIGNMENT (( #3128 ) ) ;
#4211 = EDGE_LOOP ( 'NONE', ( #1128, #4233, #264, #3917, #2538, #1363, #854, #2073, #3246, #2630, #2843, #3429, #3257, #106, #1866, #1028, #3383, #3563, #1043, #3, #1223, #756, #1318, #2588, #4239, #2767, #2701, #3096, #2537, #501, #4544, #990, #2771, #878, #2505, #964, #2371, #3105, #2647, #2497, #925, #442, #852, #2211, #2584 ) ) ;
#4212 = DIRECTION ( 'NONE',  ( -1.000000000000000000, 0.000000000000000000, 1.548860246407863829E-16 ) ) ;
#4213 = PLANE ( 'NONE',  #330 ) ;
#4214 = EDGE_LOOP ( 'NONE', ( #4538, #2747, #2665, #2710, #217, #3978, #2973, #2906 ) ) ;
#4215 = VECTOR ( 'NONE', #2506, 1000.000000000000000 ) ;
#4216 = VECTOR ( 'NONE', #2900, 1000.000000000000000 ) ;
#4217 = CARTESIAN_POINT ( 'NONE',  ( -0.8999999999999999112, 0.6000000000000000888, -0.5000000000000000000 ) ) ;
#4218 =( LENGTH_UNIT ( ) NAMED_UNIT ( * ) SI_UNIT ( .MILLI., .METRE. ) );
#4219 = LINE ( 'NONE', #3926, #3294 ) ;
#4220 = EDGE_LOOP ( 'NONE', ( #2045, #1179, #2977, #645 ) ) ;
#4221 = VECTOR ( 'NONE', #578, 1000.000000000000000 ) ;
#4222 = EDGE_CURVE ( 'NONE', #2178, #1079, #3056, .T. ) ;
#4223 = ADVANCED_FACE ( 'NONE', ( #1281 ), #2016, .F. ) ;
#4224 = ADVANCED_FACE ( 'NONE', ( #3798 ), #934, .F. ) ;
#4225 = EDGE_LOOP ( 'NONE', ( #1355, #129, #1471, #2383 ) ) ;
#4226 = DIRECTION ( 'NONE',  ( 0.000000000000000000, -1.000000000000000000, 0.000000000000000000 ) ) ;
#4227 = ORIENTED_EDGE ( 'NONE', *, *, #4193, .T. ) ;
#4228 = DIRECTION ( 'NONE',  ( 1.000000000000000000, -0.000000000000000000, 7.946961583325783709E-16 ) ) ;
#4229 = CARTESIAN_POINT ( 'NONE',  ( -0.9299999999999999378, 0.000000000000000000, -0.2499999999999996392 ) ) ;
#4230 = CYLINDRICAL_SURFACE ( 'NONE', #1162, 0.1000000000000001582 ) ;
#4231 = EDGE_CURVE ( 'NONE', #4247, #2228, #3532, .T. ) ;
#4232 = DIRECTION ( 'NONE',  ( -0.000000000000000000, 1.000000000000000000, -0.000000000000000000 ) ) ;
#4233 = ORIENTED_EDGE ( 'NONE', *, *, #3251, .F. ) ;
#4234 = DIRECTION ( 'NONE',  ( 0.000000000000000000, 0.000000000000000000, 1.000000000000000000 ) ) ;
#4235 = CARTESIAN_POINT ( 'NONE',  ( -0.3499999999999998668, 1.114998880451716579, -0.7299999999999995381 ) ) ;
#4236 = COLOUR_RGB ( '',0.9686274509803921573, 0.8784313725490195957, 0.5999999999999999778 ) ;
#4237 = ORIENTED_EDGE ( 'NONE', *, *, #242, .T. ) ;
#4238 = FILL_AREA_STYLE_COLOUR ( '', #2301 ) ;
#4239 = ORIENTED_EDGE ( 'NONE', *, *, #4302, .F. ) ;
#4240 = VECTOR ( 'NONE', #160, 1000.000000000000000 ) ;
#4241 = CARTESIAN_POINT ( 'NONE',  ( 0.8999999999999999112, 0.6700000000000025935, -0.5000000000000000000 ) ) ;
#4242 = SURFACE_STYLE_USAGE ( .BOTH. , #688 ) ;
#4243 = SURFACE_SIDE_STYLE ('',( #3231 ) ) ;
#4244 = ORIENTED_EDGE ( 'NONE', *, *, #1396, .T. ) ;
#4245 = VERTEX_POINT ( 'NONE', #2673 ) ;
#4246 = DIRECTION ( 'NONE',  ( 0.000000000000000000, -1.000000000000000000, 0.000000000000000000 ) ) ;
#4247 = VERTEX_POINT ( 'NONE', #3731 ) ;
#4248 = SURFACE_STYLE_USAGE ( .BOTH. , #2426 ) ;
#4249 = CARTESIAN_POINT ( 'NONE',  ( -0.3499999999999999223, 0.000000000000000000, -0.2499999999999996392 ) ) ;
#4250 = CARTESIAN_POINT ( 'NONE',  ( -0.8699999999999999956, 0.6700000000000000400, 0.4999999999999998890 ) ) ;
#4251 = CARTESIAN_POINT ( 'NONE',  ( -0.3499999999999999778, 0.2999999999999999889, 0.4999999999999997780 ) ) ;
#4252 = AXIS2_PLACEMENT_3D ( 'NONE', #4102, #3385, #4464 ) ;
#4253 = FILL_AREA_STYLE ('',( #386 ) ) ;
#4254 = CARTESIAN_POINT ( 'NONE',  ( 0.6999999999999999556, 0.8000000000000000444, -0.6099999999999998757 ) ) ;
#4255 = ORIENTED_EDGE ( 'NONE', *, *, #79, .T. ) ;
#4256 = CIRCLE ( 'NONE', #3150, 0.1699999999999999012 ) ;
#4257 = LINE ( 'NONE', #3332, #3110 ) ;
#4258 = DIRECTION ( 'NONE',  ( -1.000000000000000000, 0.000000000000000000, -1.064426570422089147E-15 ) ) ;
#4259 = VECTOR ( 'NONE', #276, 1000.000000000000000 ) ;
#4260 = VERTEX_POINT ( 'NONE', #285 ) ;
#4261 = ORIENTED_EDGE ( 'NONE', *, *, #1192, .F. ) ;
#4262 = EDGE_CURVE ( 'NONE', #4168, #1058, #234, .T. ) ;
#4263 = CARTESIAN_POINT ( 'NONE',  ( -0.9300000000000004929, 0.2999999999999999889, 0.6592893218813447032 ) ) ;
#4264 = ORIENTED_EDGE ( 'NONE', *, *, #786, .T. ) ;
#4265 = EDGE_LOOP ( 'NONE', ( #3595, #3232, #3070, #583 ) ) ;
#4266 = PLANE ( 'NONE',  #116 ) ;
#4267 = ORIENTED_EDGE ( 'NONE', *, *, #1473, .F. ) ;
#4268 = EDGE_CURVE ( 'NONE', #741, #2835, #3473, .T. ) ;
#4269 = DIRECTION ( 'NONE',  ( -1.000000000000000000, -0.000000000000000000, -0.000000000000000000 ) ) ;
#4270 = DIRECTION ( 'NONE',  ( -0.000000000000000000, 1.000000000000000000, -0.000000000000000000 ) ) ;
#4271 = CARTESIAN_POINT ( 'NONE',  ( -0.3500000000000003109, 0.2999999999999999334, 0.7299999999999993161 ) ) ;
#4272 =( GEOMETRIC_REPRESENTATION_CONTEXT ( 3 ) GLOBAL_UNCERTAINTY_ASSIGNED_CONTEXT ( ( #1507 ) ) GLOBAL_UNIT_ASSIGNED_CONTEXT ( ( #2711, #4111, #3791 ) ) REPRESENTATION_CONTEXT ( 'NONE', 'WORKASPACE' ) );
#4273 = ORIENTED_EDGE ( 'NONE', *, *, #1073, .F. ) ;
#4274 = DIRECTION ( 'NONE',  ( 0.000000000000000000, -1.000000000000000000, 0.000000000000000000 ) ) ;
#4275 = DIRECTION ( 'NONE',  ( -1.000000000000000000, 0.000000000000000000, 0.000000000000000000 ) ) ;
#4276 = EDGE_CURVE ( 'NONE', #1995, #1960, #550, .T. ) ;
#4277 = VECTOR ( 'NONE', #3577, 1000.000000000000000 ) ;
#4278 = EDGE_LOOP ( 'NONE', ( #3443, #2161, #495, #3321 ) ) ;
#4279 = CIRCLE ( 'NONE', #2441, 0.03999999999999999389 ) ;
#4280 = UNCERTAINTY_MEASURE_WITH_UNIT (LENGTH_MEASURE( 1.000000000000000082E-05 ), #1425, 'distance_accuracy_value', 'NONE');
#4281 = ORIENTED_EDGE ( 'NONE', *, *, #1739, .T. ) ;
#4282 = CARTESIAN_POINT ( 'NONE',  ( -0.9399999999999999467, 0.5999999999999999778, -0.5000000000000000000 ) ) ;
#4283 = PRESENTATION_STYLE_ASSIGNMENT (( #32 ) ) ;
#4284 = SURFACE_STYLE_USAGE ( .BOTH. , #4243 ) ;
#4285 = ORIENTED_EDGE ( 'NONE', *, *, #4262, .T. ) ;
#4286 = STYLED_ITEM ( 'NONE', ( #2144 ), #3384 ) ;
#4287 = VERTEX_POINT ( 'NONE', #1651 ) ;
#4288 = LINE ( 'NONE', #3277, #2570 ) ;
#4289 = ORIENTED_EDGE ( 'NONE', *, *, #4533, .F. ) ;
#4290 = FACE_OUTER_BOUND ( 'NONE', #3646, .T. ) ;
#4291 = FACE_OUTER_BOUND ( 'NONE', #2153, .T. ) ;
#4292 = TOROIDAL_SURFACE ( 'NONE', #903, 0.1699999999999998734, 0.02999999999999999889 ) ;
#4293 =( NAMED_UNIT ( * ) PLANE_ANGLE_UNIT ( ) SI_UNIT ( $, .RADIAN. ) );
#4294 = CARTESIAN_POINT ( 'NONE',  ( -0.3499999999999999778, 0.000000000000000000, 0.4999999999999997780 ) ) ;
#4295 = VERTEX_POINT ( 'NONE', #1631 ) ;
#4296 = LINE ( 'NONE', #1804, #834 ) ;
#4297 = CARTESIAN_POINT ( 'NONE',  ( 0.9299999999999999378, 0.2999999999999999889, -0.2499999999999994171 ) ) ;
#4298 = ORIENTED_EDGE ( 'NONE', *, *, #1851, .T. ) ;
#4299 = DIRECTION ( 'NONE',  ( 0.000000000000000000, -1.000000000000000000, 0.000000000000000000 ) ) ;
#4300 = ORIENTED_EDGE ( 'NONE', *, *, #3874, .F. ) ;
#4301 = ADVANCED_FACE ( 'NONE', ( #4117 ), #962, .T. ) ;
#4302 = EDGE_CURVE ( 'NONE', #985, #3537, #2151, .T. ) ;
#4303 = VECTOR ( 'NONE', #1902, 1000.000000000000000 ) ;
#4304 = SURFACE_STYLE_USAGE ( .BOTH. , #1883 ) ;
#4305 = CARTESIAN_POINT ( 'NONE',  ( -1.000000000000000000, 0.2999999999999999889, 0.7999999999999999334 ) ) ;
#4306 = DIRECTION ( 'NONE',  ( 0.000000000000000000, 0.000000000000000000, 1.000000000000000000 ) ) ;
#4307 = MECHANICAL_DESIGN_GEOMETRIC_PRESENTATION_REPRESENTATION (  '', ( #1912 ), #3057 ) ;
#4308 = ORIENTED_EDGE ( 'NONE', *, *, #3077, .F. ) ;
#4309 = EDGE_LOOP ( 'NONE', ( #1225, #621, #3048, #1448 ) ) ;
#4310 =( LENGTH_UNIT ( ) NAMED_UNIT ( * ) SI_UNIT ( .MILLI., .METRE. ) );
#4311 = VERTEX_POINT ( 'NONE', #704 ) ;
#4312 = CARTESIAN_POINT ( 'NONE',  ( 1.000000000000000000, 0.000000000000000000, -0.7999999999999999334 ) ) ;
#4313 = UNCERTAINTY_MEASURE_WITH_UNIT (LENGTH_MEASURE( 1.000000000000000082E-05 ), #3513, 'distance_accuracy_value', 'NONE');
#4314 = CARTESIAN_POINT ( 'NONE',  ( 0.9034074173710932021, 0.2999999999999999889, -0.7741180954897475264 ) ) ;
#4315 = FACE_OUTER_BOUND ( 'NONE', #3207, .T. ) ;
#4316 = VERTEX_POINT ( 'NONE', #3891 ) ;
#4317 = CARTESIAN_POINT ( 'NONE',  ( -0.6000000000000001998, 0.2999999999999999889, 0.2499999999999998890 ) ) ;
#4318 = CARTESIAN_POINT ( 'NONE',  ( -0.8999999990504384817, 0.5999999999999863221, -0.5525068624277387208 ) ) ;
#4319 = CARTESIAN_POINT ( 'NONE',  ( 1.000000000000000000, 0.000000000000000000, -0.7999999999999997113 ) ) ;
#4320 = AXIS2_PLACEMENT_3D ( 'NONE', #2074, #3485, #1646 ) ;
#4321 = ADVANCED_FACE ( 'NONE', ( #2871 ), #3571, .T. ) ;
#4322 = ADVANCED_FACE ( 'NONE', ( #3220 ), #5, .T. ) ;
#4323 = VECTOR ( 'NONE', #593, 1000.000000000000000 ) ;
#4324 = MECHANICAL_DESIGN_GEOMETRIC_PRESENTATION_REPRESENTATION (  '', ( #3449 ), #2715 ) ;
#4325 = CARTESIAN_POINT ( 'NONE',  ( -0.8499999999999998668, 0.7599999999999997868, -0.4999999999999998890 ) ) ;
#4326 = ORIENTED_EDGE ( 'NONE', *, *, #3845, .F. ) ;
#4327 = VECTOR ( 'NONE', #249, 1000.000000000000000 ) ;
#4328 = LINE ( 'NONE', #1148, #1383 ) ;
#4329 = CARTESIAN_POINT ( 'NONE',  ( 0.6999999999999999556, 0.7599999999999997868, -0.5000000000000000000 ) ) ;
#4330 = AXIS2_PLACEMENT_3D ( 'NONE', #2933, #81, #1201 ) ;
#4331 = DIRECTION ( 'NONE',  ( 0.7071067811865483499, -0.000000000000000000, 0.7071067811865466846 ) ) ;
#4332 = ORIENTED_EDGE ( 'NONE', *, *, #2390, .F. ) ;
#4333 = AXIS2_PLACEMENT_3D ( 'NONE', #798, #2552, #2649 ) ;
#4334 = EDGE_CURVE ( 'NONE', #1294, #4037, #3600, .T. ) ;
#4335 = ORIENTED_EDGE ( 'NONE', *, *, #3402, .T. ) ;
#4336 = DIRECTION ( 'NONE',  ( 0.000000000000000000, -1.000000000000000000, 0.000000000000000000 ) ) ;
#4337 = ORIENTED_EDGE ( 'NONE', *, *, #180, .F. ) ;
#4338 = ADVANCED_FACE ( 'NONE', ( #4185 ), #1026, .T. ) ;
#4339 = DIRECTION ( 'NONE',  ( 0.000000000000000000, 0.000000000000000000, 1.000000000000000000 ) ) ;
#4340 = LINE ( 'NONE', #3653, #2183 ) ;
#4341 = CARTESIAN_POINT ( 'NONE',  ( -0.6999999999999999556, -1.580350850198276369, 0.6499999999999998002 ) ) ;
#4342 = CARTESIAN_POINT ( 'NONE',  ( -0.6000000000000001998, 0.2999999999999999889, 0.2499999999999998890 ) ) ;
#4343 = AXIS2_PLACEMENT_3D ( 'NONE', #4319, #1404, #3530 ) ;
#4344 = ORIENTED_EDGE ( 'NONE', *, *, #2989, .T. ) ;
#4345 = CARTESIAN_POINT ( 'NONE',  ( 0.6999999999999998446, 0.6999999999999999556, 0.6699999999999998179 ) ) ;
#4346 =( NAMED_UNIT ( * ) SI_UNIT ( $, .STERADIAN. ) SOLID_ANGLE_UNIT ( ) );
#4347 = CARTESIAN_POINT ( 'NONE',  ( -1.000000000000000000, 0.2999999999999999334, 0.7999999999999999334 ) ) ;
#4348 = DIRECTION ( 'NONE',  ( -0.000000000000000000, 0.000000000000000000, 1.000000000000000000 ) ) ;
#4349 = CARTESIAN_POINT ( 'NONE',  ( -1.000000000000000000, 0.000000000000000000, 0.8000000000000001554 ) ) ;
#4350 = ORIENTED_EDGE ( 'NONE', *, *, #4030, .F. ) ;
#4351 = AXIS2_PLACEMENT_3D ( 'NONE', #4105, #2777, #4439 ) ;
#4352 = CLOSED_SHELL ( 'NONE', ( #3688, #1055, #2636, #1806, #2232, #2186, #4301, #2343, #1099 ) ) ;
#4353 = CYLINDRICAL_SURFACE ( 'NONE', #3811, 0.05999999999999994227 ) ;
#4354 = ORIENTED_EDGE ( 'NONE', *, *, #4083, .T. ) ;
#4355 = ORIENTED_EDGE ( 'NONE', *, *, #3846, .T. ) ;
#4356 = FACE_OUTER_BOUND ( 'NONE', #3325, .T. ) ;
#4357 = VERTEX_POINT ( 'NONE', #1447 ) ;
#4358 = DIRECTION ( 'NONE',  ( -0.000000000000000000, 1.000000000000000000, -0.000000000000000000 ) ) ;
#4359 = LINE ( 'NONE', #1935, #2792 ) ;
#4360 = VERTEX_POINT ( 'NONE', #3939 ) ;
#4361 = EDGE_CURVE ( 'NONE', #4378, #2472, #3009, .T. ) ;
#4362 = ADVANCED_FACE ( 'NONE', ( #350 ), #23, .F. ) ;
#4363 = EDGE_CURVE ( 'NONE', #1555, #3904, #772, .T. ) ;
#4364 = LINE ( 'NONE', #1185, #536 ) ;
#4365 = CARTESIAN_POINT ( 'NONE',  ( 0.3500000000000000333, 0.2999999999999999334, 0.2499999999999995282 ) ) ;
#4366 = ORIENTED_EDGE ( 'NONE', *, *, #3893, .F. ) ;
#4367 = AXIS2_PLACEMENT_3D ( 'NONE', #1323, #2689, #1939 ) ;
#4368 = SURFACE_STYLE_FILL_AREA ( #1561 ) ;
#4369 = PLANE ( 'NONE',  #1831 ) ;
#4370 = LINE ( 'NONE', #3353, #3947 ) ;
#4371 = EDGE_CURVE ( 'NONE', #1062, #1615, #2175, .T. ) ;
#4372 = DIRECTION ( 'NONE',  ( 1.129377263005734361E-16, 0.000000000000000000, -1.000000000000000000 ) ) ;
#4373 = CARTESIAN_POINT ( 'NONE',  ( 0.9741180954897482591, 1.114998880451716579, 0.7034074173710926914 ) ) ;
#4374 = ORIENTED_EDGE ( 'NONE', *, *, #4403, .F. ) ;
#4375 = PLANE ( 'NONE',  #2133 ) ;
#4376 = EDGE_LOOP ( 'NONE', ( #896, #1488, #3985, #445 ) ) ;
#4377 = AXIS2_PLACEMENT_3D ( 'NONE', #4479, #3773, #231 ) ;
#4378 = VERTEX_POINT ( 'NONE', #3591 ) ;
#4379 =( NAMED_UNIT ( * ) PLANE_ANGLE_UNIT ( ) SI_UNIT ( $, .RADIAN. ) );
#4380 = ORIENTED_EDGE ( 'NONE', *, *, #3508, .T. ) ;
#4381 = FACE_OUTER_BOUND ( 'NONE', #3714, .T. ) ;
#4382 = CARTESIAN_POINT ( 'NONE',  ( 0.7525068624277386764, 0.6000000000000000888, -0.6999999990504383041 ) ) ;
#4383 = AXIS2_PLACEMENT_3D ( 'NONE', #623, #3416, #4147 ) ;
#4384 = AXIS2_PLACEMENT_3D ( 'NONE', #170, #3280, #1573 ) ;
#4385 = CARTESIAN_POINT ( 'NONE',  ( -1.000000000000000000, 0.5999999999999999778, 0.6999999999999999556 ) ) ;
#4386 = DIRECTION ( 'NONE',  ( 2.648987194441927739E-16, 0.000000000000000000, 1.000000000000000000 ) ) ;
#4387 = ORIENTED_EDGE ( 'NONE', *, *, #1342, .T. ) ;
#4388 = DIRECTION ( 'NONE',  ( 0.000000000000000000, 1.000000000000000000, 0.000000000000000000 ) ) ;
#4389 = DIRECTION ( 'NONE',  ( 0.000000000000000000, 0.000000000000000000, -1.000000000000000000 ) ) ;
#4390 = DIRECTION ( 'NONE',  ( 0.7071067811865483499, 0.000000000000000000, -0.7071067811865466846 ) ) ;
#4391 = DIRECTION ( 'NONE',  ( 0.000000000000000000, -1.000000000000000000, 0.000000000000000000 ) ) ;
#4392 = DIRECTION ( 'NONE',  ( -0.000000000000000000, -1.000000000000000000, -0.000000000000000000 ) ) ;
#4393 = CIRCLE ( 'NONE', #3520, 0.1000000000000001582 ) ;
#4394 = SURFACE_STYLE_FILL_AREA ( #938 ) ;
#4395 = CARTESIAN_POINT ( 'NONE',  ( -1.000000000000000000, 0.000000000000000000, 0.6999999999999999556 ) ) ;
#4396 = CARTESIAN_POINT ( 'NONE',  ( 0.6999999999999999556, 0.8000000000000000444, 0.4999999999999998890 ) ) ;
#4397 = ORIENTED_EDGE ( 'NONE', *, *, #1434, .F. ) ;
#4398 = VECTOR ( 'NONE', #3610, 1000.000000000000000 ) ;
#4399 = ADVANCED_FACE ( 'NONE', ( #2434 ), #680, .F. ) ;
#4400 = PRESENTATION_STYLE_ASSIGNMENT (( #3364 ) ) ;
#4401 = LINE ( 'NONE', #1247, #780 ) ;
#4402 = CARTESIAN_POINT ( 'NONE',  ( 0.6999999999999998446, 0.6999999999999999556, -0.6699999999999999289 ) ) ;
#4403 = EDGE_CURVE ( 'NONE', #4295, #721, #1875, .T. ) ;
#4404 = CARTESIAN_POINT ( 'NONE',  ( -0.2333333333333332260, 0.5999999999999999778, -0.7399999999999998801 ) ) ;
#4405 = DIRECTION ( 'NONE',  ( 1.064426570422088950E-15, 0.000000000000000000, -1.000000000000000000 ) ) ;
#4406 = ORIENTED_EDGE ( 'NONE', *, *, #2448, .T. ) ;
#4407 = DIRECTION ( 'NONE',  ( -1.000000000000000000, 0.000000000000000000, -2.135549733683570822E-15 ) ) ;
#4408 = CARTESIAN_POINT ( 'NONE',  ( -0.9000000000000000222, 0.6700000000000009281, 0.4999999999999998890 ) ) ;
#4409 = AXIS2_PLACEMENT_3D ( 'NONE', #2394, #3801, #1700 ) ;
#4410 = CARTESIAN_POINT ( 'NONE',  ( 0.1499999999999999944, 0.000000000000000000, 0.8000000000000000444 ) ) ;
#4411 = CARTESIAN_POINT ( 'NONE',  ( 0.8240135011518577857, 0.6000000000000001998, 0.7149733303841457888 ) ) ;
#4412 = DIRECTION ( 'NONE',  ( -0.7071067811865483499, 0.000000000000000000, -0.7071067811865466846 ) ) ;
#4413 = EDGE_CURVE ( 'NONE', #3550, #2269, #804, .T. ) ;
#4414 = ADVANCED_FACE ( 'NONE', ( #431 ), #3198, .T. ) ;
#4415 = PRESENTATION_LAYER_ASSIGNMENT (  '', '', ( #2591 ) ) ;
#4416 = CARTESIAN_POINT ( 'NONE',  ( 0.3500000000000000333, 0.000000000000000000, 0.2499999999999995282 ) ) ;
#4417 = ORIENTED_EDGE ( 'NONE', *, *, #3647, .T. ) ;
#4418 = VECTOR ( 'NONE', #1623, 1000.000000000000000 ) ;
#4419 = LINE ( 'NONE', #151, #4099 ) ;
#4420 = SURFACE_SIDE_STYLE ('',( #3679 ) ) ;
#4421 = CIRCLE ( 'NONE', #2882, 0.05999999999999994227 ) ;
#4422 = CARTESIAN_POINT ( 'NONE',  ( 0.8999999999999999112, 0.6000000000000000888, -0.1666666666666666852 ) ) ;
#4423 = CYLINDRICAL_SURFACE ( 'NONE', #1239, 0.03999999999999999389 ) ;
#4424 = ORIENTED_EDGE ( 'NONE', *, *, #3116, .T. ) ;
#4425 = DIRECTION ( 'NONE',  ( 0.000000000000000000, -0.000000000000000000, 1.000000000000000000 ) ) ;
#4426 = LINE ( 'NONE', #178, #4140 ) ;
#4427 = CARTESIAN_POINT ( 'NONE',  ( -0.6999999999999999556, 0.6700000000000025935, 0.6999999999999998446 ) ) ;
#4428 = STYLED_ITEM ( 'NONE', ( #613 ), #3126 ) ;
#4429 = CARTESIAN_POINT ( 'NONE',  ( 0.8999999999999999112, 0.6700000000000009281, 0.4999999999999998890 ) ) ;
#4430 = LINE ( 'NONE', #3753, #2897 ) ;
#4431 = CARTESIAN_POINT ( 'NONE',  ( -0.6999999999999999556, 0.6000000000000000888, 0.7399999999999998801 ) ) ;
#4432 = CARTESIAN_POINT ( 'NONE',  ( -0.6999999999999999556, 0.6999999999999999556, 0.4999999999999998890 ) ) ;
#4433 =( LENGTH_UNIT ( ) NAMED_UNIT ( * ) SI_UNIT ( .MILLI., .METRE. ) );
#4434 = EDGE_CURVE ( 'NONE', #2143, #3972, #1188, .T. ) ;
#4435 = EDGE_CURVE ( 'NONE', #2187, #2905, #3264, .T. ) ;
#4436 =( LENGTH_UNIT ( ) NAMED_UNIT ( * ) SI_UNIT ( .MILLI., .METRE. ) );
#4437 = ORIENTED_EDGE ( 'NONE', *, *, #656, .T. ) ;
#4438 = CARTESIAN_POINT ( 'NONE',  ( -0.8099999999999999423, 0.7600000000000000089, -0.4999999999999998890 ) ) ;
#4439 = DIRECTION ( 'NONE',  ( 0.000000000000000000, 0.000000000000000000, 1.000000000000000000 ) ) ;
#4440 = DIRECTION ( 'NONE',  ( -1.000000000000000000, 0.000000000000000000, 2.648987194441928232E-16 ) ) ;
#4441 = ORIENTED_EDGE ( 'NONE', *, *, #2677, .T. ) ;
#4442 = DIRECTION ( 'NONE',  ( 0.000000000000000000, -0.000000000000000000, -1.000000000000000000 ) ) ;
#4443 = CARTESIAN_POINT ( 'NONE',  ( -1.000000000000000000, 0.000000000000000000, 0.8000000000000001554 ) ) ;
#4444 = ORIENTED_EDGE ( 'NONE', *, *, #2065, .F. ) ;
#4445 = AXIS2_PLACEMENT_3D ( 'NONE', #844, #3685, #2652 ) ;
#4446 = DIRECTION ( 'NONE',  ( -1.000000000000000000, 0.000000000000000000, 1.084202172485504681E-16 ) ) ;
#4447 = CARTESIAN_POINT ( 'NONE',  ( -0.3499999999999998668, 0.2999999999999999889, -0.7299999999999995381 ) ) ;
#4448 = DIRECTION ( 'NONE',  ( -0.7071067811865466846, 0.000000000000000000, -0.7071067811865483499 ) ) ;
#4449 = FACE_OUTER_BOUND ( 'NONE', #3477, .T. ) ;
#4450 = EDGE_CURVE ( 'NONE', #693, #1062, #195, .T. ) ;
#4451 = COLOUR_RGB ( '',0.9686274509803921573, 0.8784313725490195957, 0.5999999999999999778 ) ;
#4452 = FACE_OUTER_BOUND ( 'NONE', #452, .T. ) ;
#4453 = LINE ( 'NONE', #1671, #1931 ) ;
#4454 = CARTESIAN_POINT ( 'NONE',  ( -0.8043974388822575650, 0.6000000000000000888, 0.6784452735923508504 ) ) ;
#4455 = ADVANCED_FACE ( 'NONE', ( #3987 ), #1899, .T. ) ;
#4456 = FILL_AREA_STYLE_COLOUR ( '', #4041 ) ;
#4457 = EDGE_CURVE ( 'NONE', #3190, #1244, #3305, .T. ) ;
#4458 = VERTEX_POINT ( 'NONE', #4007 ) ;
#4459 = SURFACE_STYLE_FILL_AREA ( #3059 ) ;
#4460 = FILL_AREA_STYLE_COLOUR ( '', #1027 ) ;
#4461 = VERTEX_POINT ( 'NONE', #4297 ) ;
#4462 = MECHANICAL_DESIGN_GEOMETRIC_PRESENTATION_REPRESENTATION (  '', ( #3885 ), #3737 ) ;
#4463 = COLOUR_RGB ( '',0.9686274509803921573, 0.8784313725490195957, 0.5999999999999999778 ) ;
#4464 = DIRECTION ( 'NONE',  ( -1.129377263005734361E-16, 0.000000000000000000, 1.000000000000000000 ) ) ;
#4465 = AXIS2_PLACEMENT_3D ( 'NONE', #102, #4044, #2266 ) ;
#4466 = CARTESIAN_POINT ( 'NONE',  ( 0.7629264067310317365, 0.5999999999999999778, -0.7319320382108106537 ) ) ;
#4467 = DIRECTION ( 'NONE',  ( 0.000000000000000000, 0.000000000000000000, 1.000000000000000000 ) ) ;
#4468 = ORIENTED_EDGE ( 'NONE', *, *, #461, .T. ) ;
#4469 = ADVANCED_FACE ( 'NONE', ( #3704 ), #4369, .T. ) ;
#4470 = AXIS2_PLACEMENT_3D ( 'NONE', #1354, #1675, #2389 ) ;
#4471 = EDGE_CURVE ( 'NONE', #2829, #2143, #1613, .T. ) ;
#4472 = LINE ( 'NONE', #1320, #4327 ) ;
#4473 = ORIENTED_EDGE ( 'NONE', *, *, #2253, .T. ) ;
#4474 = CARTESIAN_POINT ( 'NONE',  ( -0.3499999999999998668, 0.000000000000000000, -0.7299999999999995381 ) ) ;
#4475 = CARTESIAN_POINT ( 'NONE',  ( -0.3500000000000003109, 0.2999999999999999334, 0.7299999999999993161 ) ) ;
#4476 = SURFACE_STYLE_FILL_AREA ( #2667 ) ;
#4477 = DIRECTION ( 'NONE',  ( 0.7071067811865466846, 0.000000000000000000, 0.7071067811865483499 ) ) ;
#4478 = STYLED_ITEM ( 'NONE', ( #4201 ), #4527 ) ;
#4479 = CARTESIAN_POINT ( 'NONE',  ( -1.000000000000000000, 0.2999999999999999889, 0.7999999999999999334 ) ) ;
#4480 = CARTESIAN_POINT ( 'NONE',  ( 0.9319320382108151612, 0.6000000000000000888, 0.5629264067310222330 ) ) ;
#4481 = DIRECTION ( 'NONE',  ( -1.000000000000000000, 0.000000000000000000, 1.869314090492249798E-16 ) ) ;
#4482 = PLANE ( 'NONE',  #2344 ) ;
#4483 = MANIFOLD_SOLID_BREP ( 'Boss-Extrude5[4]', #4064 ) ;
#4484 = ORIENTED_EDGE ( 'NONE', *, *, #4471, .F. ) ;
#4485 = CARTESIAN_POINT ( 'NONE',  ( -9.448047503087966154E-17, 0.8000000000000000444, -0.6099999999999997646 ) ) ;
#4486 = PRESENTATION_LAYER_ASSIGNMENT (  '', '', ( #1912 ) ) ;
#4487 = CARTESIAN_POINT ( 'NONE',  ( 1.000000000000000000, 0.2999999999999999889, 0.7999999999999997113 ) ) ;
#4488 = DIRECTION ( 'NONE',  ( -1.000000000000000000, 0.000000000000000000, 8.515412563376710418E-16 ) ) ;
#4489 = ORIENTED_EDGE ( 'NONE', *, *, #242, .F. ) ;
#4490 = MANIFOLD_SOLID_BREP ( 'Split1[1]', #3552 ) ;
#4491 = CARTESIAN_POINT ( 'NONE',  ( -0.9399999999999999467, 0.6000000000000000888, -0.5000000000000000000 ) ) ;
#4492 = CARTESIAN_POINT ( 'NONE',  ( 0.8999999999999999112, 0.5999999999999999778, -0.7999999999999999334 ) ) ;
#4493 = LINE ( 'NONE', #2800, #1452 ) ;
#4494 = ORIENTED_EDGE ( 'NONE', *, *, #2695, .F. ) ;
#4495 = MECHANICAL_DESIGN_GEOMETRIC_PRESENTATION_REPRESENTATION (  '', ( #2512 ), #433 ) ;
#4496 = FILL_AREA_STYLE_COLOUR ( '', #2168 ) ;
#4497 = ORIENTED_EDGE ( 'NONE', *, *, #1518, .F. ) ;
#4498 = DIRECTION ( 'NONE',  ( -1.324493597220964017E-15, 0.000000000000000000, 1.000000000000000000 ) ) ;
#4499 = VECTOR ( 'NONE', #3314, 1000.000000000000000 ) ;
#4500 = CARTESIAN_POINT ( 'NONE',  ( -0.9299999999999999378, 0.2999999999999999334, 0.2499999999999991951 ) ) ;
#4501 = CARTESIAN_POINT ( 'NONE',  ( -0.9741180954897484812, 1.114998880451716579, 0.7034074173710924693 ) ) ;
#4502 = CARTESIAN_POINT ( 'NONE',  ( -0.6800000000000000488, 0.8000000000000000444, 0.5400000000000001465 ) ) ;
#4503 = EDGE_CURVE ( 'NONE', #4032, #424, #1684, .T. ) ;
#4504 = ADVANCED_FACE ( 'NONE', ( #2690 ), #952, .T. ) ;
#4505 = ADVANCED_BREP_SHAPE_REPRESENTATION ( 'S118025T-12.000-R.SLDPRT', ( #4490, #2992, #3032, #4527, #1476, #2966, #2971, #4483, #802 ), #494 ) ;
#4506 = PRESENTATION_STYLE_ASSIGNMENT (( #604 ) ) ;
#4507 = DIRECTION ( 'NONE',  ( -0.000000000000000000, 1.000000000000000000, -0.000000000000000000 ) ) ;
#4508 = DIRECTION ( 'NONE',  ( -0.000000000000000000, 1.000000000000000000, -0.000000000000000000 ) ) ;
#4509 =( NAMED_UNIT ( * ) SI_UNIT ( $, .STERADIAN. ) SOLID_ANGLE_UNIT ( ) );
#4510 = VECTOR ( 'NONE', #3514, 1000.000000000000000 ) ;
#4511 = ORIENTED_EDGE ( 'NONE', *, *, #955, .T. ) ;
#4512 = DIRECTION ( 'NONE',  ( 1.000000000000000000, 0.000000000000000000, 2.135549733683570822E-15 ) ) ;
#4513 = VECTOR ( 'NONE', #4154, 1000.000000000000000 ) ;
#4514 = PLANE ( 'NONE',  #4343 ) ;
#4515 = VERTEX_POINT ( 'NONE', #4553 ) ;
#4516 = UNCERTAINTY_MEASURE_WITH_UNIT (LENGTH_MEASURE( 1.000000000000000082E-05 ), #2296, 'distance_accuracy_value', 'NONE');
#4517 = LINE ( 'NONE', #2026, #2996 ) ;
#4518 =( NAMED_UNIT ( * ) SI_UNIT ( $, .STERADIAN. ) SOLID_ANGLE_UNIT ( ) );
#4519 = EDGE_CURVE ( 'NONE', #4148, #2634, #2944, .T. ) ;
#4520 = PLANE ( 'NONE',  #110 ) ;
#4521 = ORIENTED_EDGE ( 'NONE', *, *, #3405, .F. ) ;
#4522 = CARTESIAN_POINT ( 'NONE',  ( -0.9299999999999999378, 1.114998880451716579, -0.2499999999999996392 ) ) ;
#4523 = DIRECTION ( 'NONE',  ( -0.000000000000000000, 1.000000000000000000, 0.000000000000000000 ) ) ;
#4524 = EDGE_LOOP ( 'NONE', ( #3718, #737, #4335, #2120 ) ) ;
#4525 = DIRECTION ( 'NONE',  ( 0.000000000000000000, -0.000000000000000000, 1.000000000000000000 ) ) ;
#4526 = PLANE ( 'NONE',  #1309 ) ;
#4527 = MANIFOLD_SOLID_BREP ( 'Cut-Extrude5', #1847 ) ;
#4528 = PRESENTATION_LAYER_ASSIGNMENT (  '', '', ( #3350 ) ) ;
#4529 = CARTESIAN_POINT ( 'NONE',  ( 0.9299999999999999378, 1.114998880451716579, 0.2499999999999994171 ) ) ;
#4530 = PLANE ( 'NONE',  #4075 ) ;
#4531 = CARTESIAN_POINT ( 'NONE',  ( -0.9741180954897480371, 0.000000000000000000, -0.7034074173710929134 ) ) ;
#4532 = VECTOR ( 'NONE', #3374, 1000.000000000000000 ) ;
#4533 = EDGE_CURVE ( 'NONE', #4045, #2815, #650, .T. ) ;
#4534 = ORIENTED_EDGE ( 'NONE', *, *, #1635, .F. ) ;
#4535 = ORIENTED_EDGE ( 'NONE', *, *, #125, .F. ) ;
#4536 = DIRECTION ( 'NONE',  ( -0.7071067811865457964, 0.000000000000000000, -0.7071067811865492381 ) ) ;
#4537 = CARTESIAN_POINT ( 'NONE',  ( -1.000000000000000000, 0.5999999999999999778, -0.6999999999999997335 ) ) ;
#4538 = ORIENTED_EDGE ( 'NONE', *, *, #3065, .T. ) ;
#4539 = FACE_OUTER_BOUND ( 'NONE', #2452, .T. ) ;
#4540 = UNCERTAINTY_MEASURE_WITH_UNIT (LENGTH_MEASURE( 1.000000000000000082E-05 ), #4012, 'distance_accuracy_value', 'NONE');
#4541 = AXIS2_PLACEMENT_3D ( 'NONE', #1952, #4081, #4124 ) ;
#4542 = FILL_AREA_STYLE_COLOUR ( '', #3549 ) ;
#4543 = CARTESIAN_POINT ( 'NONE',  ( 0.9741180954897482591, 0.000000000000000000, -0.7034074173710926914 ) ) ;
#4544 = ORIENTED_EDGE ( 'NONE', *, *, #921, .F. ) ;
#4545 = AXIS2_PLACEMENT_3D ( 'NONE', #3339, #2320, #4057 ) ;
#4546 = ADVANCED_FACE ( 'NONE', ( #1798 ), #2125, .F. ) ;
#4547 = AXIS2_PLACEMENT_3D ( 'NONE', #1484, #2214, #1845 ) ;
#4548 = VERTEX_POINT ( 'NONE', #4229 ) ;
#4549 = PLANE ( 'NONE',  #3524 ) ;
#4550 = ORIENTED_EDGE ( 'NONE', *, *, #1492, .F. ) ;
#4551 = DIRECTION ( 'NONE',  ( -1.000000000000000000, 0.000000000000000000, -1.324493597220964017E-15 ) ) ;
#4552 = SURFACE_SIDE_STYLE ('',( #301 ) ) ;
#4553 = CARTESIAN_POINT ( 'NONE',  ( 0.9299999999999999378, 0.000000000000000000, -0.2499999999999994171 ) ) ;
#4554 = FACE_OUTER_BOUND ( 'NONE', #1751, .T. ) ;
#4555 = DIRECTION ( 'NONE',  ( 0.000000000000000000, -1.000000000000000000, 0.000000000000000000 ) ) ;
#4556 = ORIENTED_EDGE ( 'NONE', *, *, #2021, .F. ) ;
#4557 = CARTESIAN_POINT ( 'NONE',  ( -0.9000000000000001332, 0.6700000000000001510, 0.5525068624343227874 ) ) ;
#4558 = AXIS2_PLACEMENT_3D ( 'NONE', #3977, #1842, #3605 ) ;
#4559 = DIRECTION ( 'NONE',  ( -0.7071067811865466846, 0.000000000000000000, -0.7071067811865484609 ) ) ;
#4560 = EDGE_LOOP ( 'NONE', ( #982, #2935, #82, #1888 ) ) ;
#4561 = ORIENTED_EDGE ( 'NONE', *, *, #2832, .T. ) ;
#4562 = EDGE_CURVE ( 'NONE', #638, #3345, #2476, .T. ) ;
#4563 = EDGE_CURVE ( 'NONE', #344, #401, #3193, .T. ) ;
#4564 = VECTOR ( 'NONE', #2044, 1000.000000000000000 ) ;
#4565 = CARTESIAN_POINT ( 'NONE',  ( -0.1499999999999999944, 0.000000000000000000, 0.8000000000000000444 ) ) ;
#4566 = DIRECTION ( 'NONE',  ( 0.000000000000000000, 0.000000000000000000, 1.000000000000000000 ) ) ;
#4567 = CARTESIAN_POINT ( 'NONE',  ( 0.9300000000000002709, 0.2999999999999999334, 0.6592893218813449252 ) ) ;
#4568 = ORIENTED_EDGE ( 'NONE', *, *, #3166, .T. ) ;
#4569 = EDGE_CURVE ( 'NONE', #6, #318, #1759, .T. ) ;
#4570 = ORIENTED_EDGE ( 'NONE', *, *, #1110, .T. ) ;
#4571 = SURFACE_STYLE_USAGE ( .BOTH. , #1708 ) ;
#4572 = EDGE_LOOP ( 'NONE', ( #4088, #1517, #3026, #1819, #1414, #1455, #658 ) ) ;
#4573 = CARTESIAN_POINT ( 'NONE',  ( 0.9741180954897482591, 0.2999999999999999889, 0.7034074173710926914 ) ) ;
#4574 = DIRECTION ( 'NONE',  ( 1.000000000000000000, 0.000000000000000000, 0.000000000000000000 ) ) ;
#4575 = PLANE ( 'NONE',  #1515 ) ;
ENDSEC;
END-ISO-10303-21;
